"longitude","latitude","cropland_2arcmin_mean","built_mean","wc2.1_2.5m_elev_mean","tree_loss_mean","trees_mean","wildareas-v3-2009-human-footprint_mean","maximum_temperature_mean_mean","built_mean","cropland_mean","forestlandcover_mean","layer_mean","extinct_species_group","binomial_name","presence","habitat_breadth","diet_breadth","body_mass_g","body_size_mm","trophic_level","global_range_size_km2","extinct"
-110.059563873,27.9786470350001,0.0533742755651474,0.00532973371446133,217.263885498047,0.00187616189941764,0.0656240582466125,7.91484975814819,32.8935928344727,0.00347222224809229,0.0590277761220932,0,NA,"Craugastor_omoaensis","Leptodactylus_melanonotus",1,"generalist","",NA,58,"",NA,0
-109.059563873,27.9786470350001,0.00667197396978736,0.000795224390458316,900.740966796875,0.00264137354679406,0.589772820472717,3.97193908691406,30.2148323059082,6.21430808678269e-05,0.00105643237475306,0,NA,"Craugastor_omoaensis","Leptodactylus_melanonotus",1,"generalist","",NA,58,"",NA,0
-100.059563873,27.9786470350001,0.00333817233331501,0.0051797041669488,220.293106079102,0.00578697258606553,0.016337912529707,5.99903297424316,29.9238014221191,0,0,0,1,"Craugastor_omoaensis","Rhinella_horribilis",1,"generalist","specialist",106.25,241,"",NA,0
-99.0595638729999,27.9786470350001,0.00847315508872271,0.0126747665926814,154.168746948242,0.0142366997897625,0.196626558899879,5.70506000518799,29.0930252075195,0.0119352769106627,0,0,NA,"Craugastor_omoaensis","Hypopachus_variolosus",1,"generalist","specialist",NA,53,"carnivore",NA,0
-99.0595638729999,27.9786470350001,0.00847315508872271,0.0126747665926814,154.168746948242,0.0142366997897625,0.196626558899879,5.70506000518799,29.0930252075195,0.0119352769106627,0,0,NA,"Craugastor_omoaensis","Rhinella_horribilis",1,"generalist","specialist",106.25,241,"",NA,0
-98.0595638729999,27.9786470350001,0.242443442344666,0.0119044911116362,74.8279647827148,0.00855286233127117,0.315424054861069,7.24830150604248,28.5805435180664,0.000217500768485479,0.245525702834129,0,NA,"Craugastor_omoaensis","Hypopachus_variolosus",1,"generalist","specialist",NA,53,"carnivore",NA,0
-97.0595638729999,27.9786470350001,0.115678414702415,0.0197249632328749,12.205864906311,0.00676621729508042,0.109832420945168,4.84422445297241,-3904.36303710938,0.0255755931138992,0.0880212411284447,0,1,"Craugastor_omoaensis","Hypopachus_variolosus",1,"generalist","specialist",NA,53,"carnivore",NA,0
-110.059563873,26.9786470350001,0.275769382715225,0.00845928583294153,27.7229690551758,0.000455722300102934,0.00950843654572964,5.44541168212891,-5039.044921875,7.05336860846728e-05,0.269932478666306,0,NA,"Craugastor_omoaensis","Leptodactylus_melanonotus",1,"generalist","",NA,58,"",NA,0
-110.059563873,26.9786470350001,0.275769382715225,0.00845928583294153,27.7229690551758,0.000455722300102934,0.00950843654572964,5.44541168212891,-5039.044921875,7.05336860846728e-05,0.269932478666306,0,NA,"Craugastor_omoaensis","Rhinella_horribilis",1,"generalist","specialist",106.25,241,"",NA,0
-109.059563873,26.9786470350001,0.0572400279343128,0.00531454849988222,329.564819335938,0.00810103118419647,0.297336727380753,6.3808422088623,-430.714447021484,0.00167166627943516,0.0683063864707947,0,1,"Craugastor_omoaensis","Hypopachus_variolosus",1,"generalist","specialist",NA,53,"carnivore",NA,0
-109.059563873,26.9786470350001,0.0572400279343128,0.00531454849988222,329.564819335938,0.00810103118419647,0.297336727380753,6.3808422088623,-430.714447021484,0.00167166627943516,0.0683063864707947,0,1,"Craugastor_omoaensis","Leptodactylus_melanonotus",1,"generalist","",NA,58,"",NA,0
-109.059563873,26.9786470350001,0.0572400279343128,0.00531454849988222,329.564819335938,0.00810103118419647,0.297336727380753,6.3808422088623,-430.714447021484,0.00167166627943516,0.0683063864707947,0,1,"Craugastor_omoaensis","Rhinella_horribilis",1,"generalist","specialist",106.25,241,"",NA,0
-109.059563873,26.9786470350001,0.0572400279343128,0.00531454849988222,329.564819335938,0.00810103118419647,0.297336727380753,6.3808422088623,-430.714447021484,0.00167166627943516,0.0683063864707947,0,1,"Craugastor_omoaensis","Smilisca_baudinii",1,"generalist","",NA,90,"",NA,0
-108.059563873,26.9786470350001,0.0156800784170628,0.0017158763948828,1180.84741210938,0.00669764308258891,0.6225825548172,4.57772254943848,21.7061023712158,3.04403602058301e-05,0.0262127928435802,0.01677330955863,1,"Craugastor_omoaensis","Leptodactylus_melanonotus",1,"generalist","",NA,58,"",NA,0
-108.059563873,26.9786470350001,0.0156800784170628,0.0017158763948828,1180.84741210938,0.00669764308258891,0.6225825548172,4.57772254943848,21.7061023712158,3.04403602058301e-05,0.0262127928435802,0.01677330955863,1,"Craugastor_omoaensis","Rhinella_horribilis",1,"generalist","specialist",106.25,241,"",NA,0
-108.059563873,26.9786470350001,0.0156800784170628,0.0017158763948828,1180.84741210938,0.00669764308258891,0.6225825548172,4.57772254943848,21.7061023712158,3.04403602058301e-05,0.0262127928435802,0.01677330955863,1,"Craugastor_omoaensis","Smilisca_baudinii",1,"generalist","",NA,90,"",NA,0
-101.059563873,26.9786470350001,0.00704735470935702,0.00847417116165161,642.313720703125,0.00234941765666008,0.014544784091413,6.49026107788086,29.6048812866211,0.00835201982408762,0,1.26235590869328e-06,1,"Craugastor_omoaensis","Rhinella_horribilis",1,"generalist","specialist",106.25,241,"",NA,0
-100.059563873,26.9786470350001,0.0136832231655717,0.00481216749176383,270.147033691406,0.0101946098729968,0.028833732008934,6.68524694442749,30.21630859375,0.000152201799210161,0,0.00167040387168527,1,"Craugastor_omoaensis","Hypopachus_variolosus",1,"generalist","specialist",NA,53,"carnivore",NA,0
-100.059563873,26.9786470350001,0.0136832231655717,0.00481216749176383,270.147033691406,0.0101946098729968,0.028833732008934,6.68524694442749,30.21630859375,0.000152201799210161,0,0.00167040387168527,1,"Craugastor_omoaensis","Rhinella_horribilis",1,"generalist","specialist",106.25,241,"",NA,0
-99.0595638729999,26.9786470350001,0.0125483246520162,0.00576920667663217,149.73030090332,0.00752384541556239,0.112362585961819,5.51654481887817,29.7588214874268,0.000242449663346633,0.00334080774337053,3.04403602058301e-05,NA,"Craugastor_omoaensis","Hypopachus_variolosus",1,"generalist","specialist",NA,53,"carnivore",NA,0
-99.0595638729999,26.9786470350001,0.0125483246520162,0.00576920667663217,149.73030090332,0.00752384541556239,0.112362585961819,5.51654481887817,29.7588214874268,0.000242449663346633,0.00334080774337053,3.04403602058301e-05,NA,"Craugastor_omoaensis","Leptodactylus_fragilis",1,"generalist","",NA,43,"",NA,0
-99.0595638729999,26.9786470350001,0.0125483246520162,0.00576920667663217,149.73030090332,0.00752384541556239,0.112362585961819,5.51654481887817,29.7588214874268,0.000242449663346633,0.00334080774337053,3.04403602058301e-05,NA,"Craugastor_omoaensis","Rhinella_horribilis",1,"generalist","specialist",106.25,241,"",NA,0
-99.0595638729999,26.9786470350001,0.0125483246520162,0.00576920667663217,149.73030090332,0.00752384541556239,0.112362585961819,5.51654481887817,29.7588214874268,0.000242449663346633,0.00334080774337053,3.04403602058301e-05,NA,"Craugastor_omoaensis","Smilisca_baudinii",1,"generalist","",NA,90,"",NA,0
-98.0595638729999,26.9786470350001,0.0805459842085838,0.00435301661491394,44.2501831054688,0.00603282218798995,0.172993779182434,4.23725700378418,-5.80102491378784,4.41824568042648e-06,0.0635125562548637,0,NA,"Craugastor_omoaensis","Hypopachus_variolosus",1,"generalist","specialist",NA,53,"carnivore",NA,0
-98.0595638729999,26.9786470350001,0.0805459842085838,0.00435301661491394,44.2501831054688,0.00603282218798995,0.172993779182434,4.23725700378418,-5.80102491378784,4.41824568042648e-06,0.0635125562548637,0,NA,"Craugastor_omoaensis","Leptodactylus_fragilis",1,"generalist","",NA,43,"",NA,0
-98.0595638729999,26.9786470350001,0.0805459842085838,0.00435301661491394,44.2501831054688,0.00603282218798995,0.172993779182434,4.23725700378418,-5.80102491378784,4.41824568042648e-06,0.0635125562548637,0,NA,"Craugastor_omoaensis","Rhinella_horribilis",1,"generalist","specialist",106.25,241,"",NA,0
-98.0595638729999,26.9786470350001,0.0805459842085838,0.00435301661491394,44.2501831054688,0.00603282218798995,0.172993779182434,4.23725700378418,-5.80102491378784,4.41824568042648e-06,0.0635125562548637,0,NA,"Craugastor_omoaensis","Rhinophrynus_dorsalis",1,"specialist","specialist",90,89,"carnivore",NA,0
-98.0595638729999,26.9786470350001,0.0805459842085838,0.00435301661491394,44.2501831054688,0.00603282218798995,0.172993779182434,4.23725700378418,-5.80102491378784,4.41824568042648e-06,0.0635125562548637,0,NA,"Craugastor_omoaensis","Smilisca_baudinii",1,"generalist","",NA,90,"",NA,0
-97.0595638729999,26.9786470350001,0.00486337067559361,0.000882812542840838,5.08902215957642,0.00113479129504412,0.0235094390809536,0.405660092830658,-7957.26708984375,0.000519534980412573,0.00285344989970326,0,1,"Craugastor_omoaensis","Hypopachus_variolosus",1,"generalist","specialist",NA,53,"carnivore",NA,0
-97.0595638729999,26.9786470350001,0.00486337067559361,0.000882812542840838,5.08902215957642,0.00113479129504412,0.0235094390809536,0.405660092830658,-7957.26708984375,0.000519534980412573,0.00285344989970326,0,1,"Craugastor_omoaensis","Rhinophrynus_dorsalis",1,"specialist","specialist",90,89,"carnivore",NA,0
-109.059563873,25.9786470350001,0.291743367910385,0.0123026296496391,51.0066337585449,0.00772825349122286,0.0659636929631233,9.06766319274902,-2131.17529296875,0.00838665477931499,0.360552728176117,0,1,"Craugastor_omoaensis","Leptodactylus_melanonotus",1,"generalist","",NA,58,"",NA,0
-109.059563873,25.9786470350001,0.291743367910385,0.0123026296496391,51.0066337585449,0.00772825349122286,0.0659636929631233,9.06766319274902,-2131.17529296875,0.00838665477931499,0.360552728176117,0,1,"Craugastor_omoaensis","Rhinella_horribilis",1,"generalist","specialist",106.25,241,"",NA,0
-109.059563873,25.9786470350001,0.291743367910385,0.0123026296496391,51.0066337585449,0.00772825349122286,0.0659636929631233,9.06766319274902,-2131.17529296875,0.00838665477931499,0.360552728176117,0,1,"Craugastor_omoaensis","Smilisca_baudinii",1,"generalist","",NA,90,"",NA,0
-108.059563873,25.9786470350001,0.190556198358536,0.00681576924398541,514.765380859375,0.00969781819730997,0.594483733177185,7.237389087677,-3.33602809906006,0.00516404490917921,0.26098957657814,0.122285842895508,1,"Craugastor_omoaensis","Leptodactylus_melanonotus",1,"generalist","",NA,58,"",NA,0
-108.059563873,25.9786470350001,0.190556198358536,0.00681576924398541,514.765380859375,0.00969781819730997,0.594483733177185,7.237389087677,-3.33602809906006,0.00516404490917921,0.26098957657814,0.122285842895508,1,"Craugastor_omoaensis","Rhinella_horribilis",1,"generalist","specialist",106.25,241,"",NA,0
-108.059563873,25.9786470350001,0.190556198358536,0.00681576924398541,514.765380859375,0.00969781819730997,0.594483733177185,7.237389087677,-3.33602809906006,0.00516404490917921,0.26098957657814,0.122285842895508,1,"Craugastor_omoaensis","Smilisca_baudinii",1,"generalist","",NA,90,"",NA,0
-107.059563873,25.9786470350001,0.00777252484112978,0.000993452267721295,1834.18054199219,0.00629716087132692,0.837506592273712,3.66244196891785,26.6045017242432,9.13210824364796e-05,0.00463640270754695,0.0556813813745975,1,"Craugastor_omoaensis","Leptodactylus_melanonotus",1,"generalist","",NA,58,"",NA,0
-107.059563873,25.9786470350001,0.00777252484112978,0.000993452267721295,1834.18054199219,0.00629716087132692,0.837506592273712,3.66244196891785,26.6045017242432,9.13210824364796e-05,0.00463640270754695,0.0556813813745975,1,"Craugastor_omoaensis","Rhinella_horribilis",1,"generalist","specialist",106.25,241,"",NA,0
-107.059563873,25.9786470350001,0.00777252484112978,0.000993452267721295,1834.18054199219,0.00629716087132692,0.837506592273712,3.66244196891785,26.6045017242432,9.13210824364796e-05,0.00463640270754695,0.0556813813745975,1,"Craugastor_omoaensis","Smilisca_baudinii",1,"generalist","",NA,90,"",NA,0
-101.059563873,25.9786470350001,0.00825267843902111,0.0106078423559666,1131.93029785156,0.00100575701799244,0.0215562768280506,6.36773109436035,28.0343055725098,0.00518439011648297,3.04403602058301e-05,0,1,"Craugastor_omoaensis","Rhinella_horribilis",1,"generalist","specialist",106.25,241,"",NA,0
-101.059563873,25.9786470350001,0.00825267843902111,0.0106078423559666,1131.93029785156,0.00100575701799244,0.0215562768280506,6.36773109436035,28.0343055725098,0.00518439011648297,3.04403602058301e-05,0,1,"Craugastor_omoaensis","Smilisca_baudinii",1,"generalist","",NA,90,"",NA,0
-100.059563873,25.9786470350001,0.0297030881047249,0.0637206509709358,549.558410644531,0.0346442125737667,0.179298132658005,11.1971673965454,29.5762271881104,0.0435249768197536,0.0267264619469643,0.0351131185889244,1,"Craugastor_omoaensis","Hypopachus_variolosus",1,"generalist","specialist",NA,53,"carnivore",NA,0
-100.059563873,25.9786470350001,0.0297030881047249,0.0637206509709358,549.558410644531,0.0346442125737667,0.179298132658005,11.1971673965454,29.5762271881104,0.0435249768197536,0.0267264619469643,0.0351131185889244,1,"Craugastor_omoaensis","Rhinella_horribilis",1,"generalist","specialist",106.25,241,"",NA,0
-100.059563873,25.9786470350001,0.0297030881047249,0.0637206509709358,549.558410644531,0.0346442125737667,0.179298132658005,11.1971673965454,29.5762271881104,0.0435249768197536,0.0267264619469643,0.0351131185889244,1,"Craugastor_omoaensis","Smilisca_baudinii",1,"generalist","",NA,90,"",NA,0
-99.0595638729999,25.9786470350001,0.0617434084415436,0.0082452604547143,137.269348144531,0.0195386931300163,0.13237676024437,6.4944953918457,30.5987682342529,0.00413225730881095,0.0406460091471672,0.000639878737274557,1,"Craugastor_omoaensis","Hypopachus_variolosus",1,"generalist","specialist",NA,53,"carnivore",NA,0
-99.0595638729999,25.9786470350001,0.0617434084415436,0.0082452604547143,137.269348144531,0.0195386931300163,0.13237676024437,6.4944953918457,30.5987682342529,0.00413225730881095,0.0406460091471672,0.000639878737274557,1,"Craugastor_omoaensis","Leptodactylus_fragilis",1,"generalist","",NA,43,"",NA,0
-99.0595638729999,25.9786470350001,0.0617434084415436,0.0082452604547143,137.269348144531,0.0195386931300163,0.13237676024437,6.4944953918457,30.5987682342529,0.00413225730881095,0.0406460091471672,0.000639878737274557,1,"Craugastor_omoaensis","Rhinella_horribilis",1,"generalist","specialist",106.25,241,"",NA,0
-99.0595638729999,25.9786470350001,0.0617434084415436,0.0082452604547143,137.269348144531,0.0195386931300163,0.13237676024437,6.4944953918457,30.5987682342529,0.00413225730881095,0.0406460091471672,0.000639878737274557,1,"Craugastor_omoaensis","Smilisca_baudinii",1,"generalist","",NA,90,"",NA,0
-98.0595638729999,25.9786470350001,0.558714985847473,0.0478450283408165,42.6865119934082,0.00954265333712101,0.103390373289585,14.0521049499512,29.3187980651855,0.03012815117836,0.539814114570618,0,1,"Craugastor_omoaensis","Hypopachus_variolosus",1,"generalist","specialist",NA,53,"carnivore",NA,0
-98.0595638729999,25.9786470350001,0.558714985847473,0.0478450283408165,42.6865119934082,0.00954265333712101,0.103390373289585,14.0521049499512,29.3187980651855,0.03012815117836,0.539814114570618,0,1,"Craugastor_omoaensis","Leptodactylus_fragilis",1,"generalist","",NA,43,"",NA,0
-98.0595638729999,25.9786470350001,0.558714985847473,0.0478450283408165,42.6865119934082,0.00954265333712101,0.103390373289585,14.0521049499512,29.3187980651855,0.03012815117836,0.539814114570618,0,1,"Craugastor_omoaensis","Rhinella_horribilis",1,"generalist","specialist",106.25,241,"",NA,0
-98.0595638729999,25.9786470350001,0.558714985847473,0.0478450283408165,42.6865119934082,0.00954265333712101,0.103390373289585,14.0521049499512,29.3187980651855,0.03012815117836,0.539814114570618,0,1,"Craugastor_omoaensis","Rhinophrynus_dorsalis",1,"specialist","specialist",90,89,"carnivore",NA,0
-98.0595638729999,25.9786470350001,0.558714985847473,0.0478450283408165,42.6865119934082,0.00954265333712101,0.103390373289585,14.0521049499512,29.3187980651855,0.03012815117836,0.539814114570618,0,1,"Craugastor_omoaensis","Smilisca_baudinii",1,"generalist","",NA,90,"",NA,0
-97.0595638729999,25.9786470350001,0.0633661672472954,0.0174866765737534,6.16601228713989,0.00135492498520762,0.0356175005435944,3.54538297653198,-6453.47705078125,0.0172519646584988,0.028198329731822,0,1,"Craugastor_omoaensis","Hypopachus_variolosus",1,"generalist","specialist",NA,53,"carnivore",NA,0
-97.0595638729999,25.9786470350001,0.0633661672472954,0.0174866765737534,6.16601228713989,0.00135492498520762,0.0356175005435944,3.54538297653198,-6453.47705078125,0.0172519646584988,0.028198329731822,0,1,"Craugastor_omoaensis","Leptodactylus_fragilis",1,"generalist","",NA,43,"",NA,0
-97.0595638729999,25.9786470350001,0.0633661672472954,0.0174866765737534,6.16601228713989,0.00135492498520762,0.0356175005435944,3.54538297653198,-6453.47705078125,0.0172519646584988,0.028198329731822,0,1,"Craugastor_omoaensis","Rhinella_horribilis",1,"generalist","specialist",106.25,241,"",NA,0
-97.0595638729999,25.9786470350001,0.0633661672472954,0.0174866765737534,6.16601228713989,0.00135492498520762,0.0356175005435944,3.54538297653198,-6453.47705078125,0.0172519646584988,0.028198329731822,0,1,"Craugastor_omoaensis","Rhinophrynus_dorsalis",1,"specialist","specialist",90,89,"carnivore",NA,0
-97.0595638729999,25.9786470350001,0.0633661672472954,0.0174866765737534,6.16601228713989,0.00135492498520762,0.0356175005435944,3.54538297653198,-6453.47705078125,0.0172519646584988,0.028198329731822,0,1,"Craugastor_omoaensis","Smilisca_baudinii",1,"generalist","",NA,90,"",NA,0
-109.059563873,24.9786470350001,0.0247656144201756,0.000528454489540309,5.27771425247192,0.000216563959838822,0.002551682991907,0.40856060385704,-9375.4150390625,0.000173178326804191,0.0141282835975289,0,1,"Craugastor_omoaensis","Leptodactylus_melanonotus",1,"generalist","",NA,58,"",NA,0
-109.059563873,24.9786470350001,0.0247656144201756,0.000528454489540309,5.27771425247192,0.000216563959838822,0.002551682991907,0.40856060385704,-9375.4150390625,0.000173178326804191,0.0141282835975289,0,1,"Craugastor_omoaensis","Rhinella_horribilis",1,"generalist","specialist",106.25,241,"",NA,0
-109.059563873,24.9786470350001,0.0247656144201756,0.000528454489540309,5.27771425247192,0.000216563959838822,0.002551682991907,0.40856060385704,-9375.4150390625,0.000173178326804191,0.0141282835975289,0,1,"Craugastor_omoaensis","Smilisca_baudinii",1,"generalist","",NA,90,"",NA,0
-108.059563873,24.9786470350001,0.263614982366562,0.00868166331201792,72.5737838745117,0.00391656765714288,0.12325943261385,6.13889646530151,-3288.1708984375,0.000107062885945197,0.403078228235245,0.0142212305217981,1,"Craugastor_omoaensis","Leptodactylus_melanonotus",1,"generalist","",NA,58,"",NA,0
-108.059563873,24.9786470350001,0.263614982366562,0.00868166331201792,72.5737838745117,0.00391656765714288,0.12325943261385,6.13889646530151,-3288.1708984375,0.000107062885945197,0.403078228235245,0.0142212305217981,1,"Craugastor_omoaensis","Rhinella_horribilis",1,"generalist","specialist",106.25,241,"",NA,0
-108.059563873,24.9786470350001,0.263614982366562,0.00868166331201792,72.5737838745117,0.00391656765714288,0.12325943261385,6.13889646530151,-3288.1708984375,0.000107062885945197,0.403078228235245,0.0142212305217981,1,"Craugastor_omoaensis","Smilisca_baudinii",1,"generalist","",NA,90,"",NA,0
-107.059563873,24.9786470350001,0.0933365076780319,0.0125486776232719,634.249145507812,0.0169621985405684,0.73089599609375,5.66360521316528,-25.8402996063232,0.0100243166089058,0.13262103497982,0.255268901586533,1,"Craugastor_omoaensis","Hypopachus_variolosus",1,"generalist","specialist",NA,53,"carnivore",NA,0
-107.059563873,24.9786470350001,0.0933365076780319,0.0125486776232719,634.249145507812,0.0169621985405684,0.73089599609375,5.66360521316528,-25.8402996063232,0.0100243166089058,0.13262103497982,0.255268901586533,1,"Craugastor_omoaensis","Leptodactylus_melanonotus",1,"generalist","",NA,58,"",NA,0
-107.059563873,24.9786470350001,0.0933365076780319,0.0125486776232719,634.249145507812,0.0169621985405684,0.73089599609375,5.66360521316528,-25.8402996063232,0.0100243166089058,0.13262103497982,0.255268901586533,1,"Craugastor_omoaensis","Rhinella_horribilis",1,"generalist","specialist",106.25,241,"",NA,0
-107.059563873,24.9786470350001,0.0933365076780319,0.0125486776232719,634.249145507812,0.0169621985405684,0.73089599609375,5.66360521316528,-25.8402996063232,0.0100243166089058,0.13262103497982,0.255268901586533,1,"Craugastor_omoaensis","Smilisca_baudinii",1,"generalist","",NA,90,"",NA,0
-106.059563873,24.9786470350001,0.00472204340621829,0.00134982902090997,2060.71069335938,0.00625254074111581,0.731848120689392,2.86535549163818,25.8560771942139,0.000182642164872959,0.0022830271627754,0.0246919803321362,1,"Craugastor_omoaensis","Rhinella_horribilis",1,"generalist","specialist",106.25,241,"",NA,0
-106.059563873,24.9786470350001,0.00472204340621829,0.00134982902090997,2060.71069335938,0.00625254074111581,0.731848120689392,2.86535549163818,25.8560771942139,0.000182642164872959,0.0022830271627754,0.0246919803321362,1,"Craugastor_omoaensis","Smilisca_baudinii",1,"generalist","",NA,90,"",NA,0
-101.059563873,24.9786470350001,0.0611080303788185,0.0123184956610203,1981.03454589844,0.00346282729879022,0.0663373097777367,6.91511106491089,25.5643558502197,0.0101263308897614,0.00501184305176139,0,1,"Craugastor_omoaensis","Rhinella_horribilis",1,"generalist","specialist",106.25,241,"",NA,0
-101.059563873,24.9786470350001,0.0611080303788185,0.0123184956610203,1981.03454589844,0.00346282729879022,0.0663373097777367,6.91511106491089,25.5643558502197,0.0101263308897614,0.00501184305176139,0,1,"Craugastor_omoaensis","Smilisca_baudinii",1,"generalist","",NA,90,"",NA,0
-100.059563873,24.9786470350001,0.0292119700461626,0.00904574245214462,1404.74377441406,0.0462756492197514,0.380717188119888,5.71286249160767,27.3071537017822,0.00108506297692657,0.0140087231993675,0.0642026960849762,1,"Craugastor_omoaensis","Hypopachus_variolosus",1,"generalist","specialist",NA,53,"carnivore",NA,0
-100.059563873,24.9786470350001,0.0292119700461626,0.00904574245214462,1404.74377441406,0.0462756492197514,0.380717188119888,5.71286249160767,27.3071537017822,0.00108506297692657,0.0140087231993675,0.0642026960849762,1,"Craugastor_omoaensis","Rhinella_horribilis",1,"generalist","specialist",106.25,241,"",NA,0
-100.059563873,24.9786470350001,0.0292119700461626,0.00904574245214462,1404.74377441406,0.0462756492197514,0.380717188119888,5.71286249160767,27.3071537017822,0.00108506297692657,0.0140087231993675,0.0642026960849762,1,"Craugastor_omoaensis","Smilisca_baudinii",1,"generalist","",NA,90,"",NA,0
-99.0595638729999,24.9786470350001,0.0509739518165588,0.00185957923531532,317.811218261719,0.0407514311373234,0.210931435227394,5.40171480178833,30.5777587890625,8.5681960626971e-05,0.00275528151541948,0.0345780663192272,1,"Craugastor_omoaensis","Hypopachus_variolosus",1,"generalist","specialist",NA,53,"carnivore",NA,0
-99.0595638729999,24.9786470350001,0.0509739518165588,0.00185957923531532,317.811218261719,0.0407514311373234,0.210931435227394,5.40171480178833,30.5777587890625,8.5681960626971e-05,0.00275528151541948,0.0345780663192272,1,"Craugastor_omoaensis","Leptodactylus_fragilis",1,"generalist","",NA,43,"",NA,0
-99.0595638729999,24.9786470350001,0.0509739518165588,0.00185957923531532,317.811218261719,0.0407514311373234,0.210931435227394,5.40171480178833,30.5777587890625,8.5681960626971e-05,0.00275528151541948,0.0345780663192272,1,"Craugastor_omoaensis","Rhinella_horribilis",1,"generalist","specialist",106.25,241,"",NA,0
-99.0595638729999,24.9786470350001,0.0509739518165588,0.00185957923531532,317.811218261719,0.0407514311373234,0.210931435227394,5.40171480178833,30.5777587890625,8.5681960626971e-05,0.00275528151541948,0.0345780663192272,1,"Craugastor_omoaensis","Smilisca_baudinii",1,"generalist","",NA,90,"",NA,0
-98.0595638729999,24.9786470350001,0.251475244760513,0.00391669059172273,66.6946411132812,0.0306134931743145,0.0868541449308395,5.07443046569824,-913.757873535156,0.000624704349320382,0.0245615039020777,0.000608807196840644,1,"Craugastor_omoaensis","Hypopachus_variolosus",1,"generalist","specialist",NA,53,"carnivore",NA,0
-98.0595638729999,24.9786470350001,0.251475244760513,0.00391669059172273,66.6946411132812,0.0306134931743145,0.0868541449308395,5.07443046569824,-913.757873535156,0.000624704349320382,0.0245615039020777,0.000608807196840644,1,"Craugastor_omoaensis","Leptodactylus_fragilis",1,"generalist","",NA,43,"",NA,0
-98.0595638729999,24.9786470350001,0.251475244760513,0.00391669059172273,66.6946411132812,0.0306134931743145,0.0868541449308395,5.07443046569824,-913.757873535156,0.000624704349320382,0.0245615039020777,0.000608807196840644,1,"Craugastor_omoaensis","Rhinella_horribilis",1,"generalist","specialist",106.25,241,"",NA,0
-98.0595638729999,24.9786470350001,0.251475244760513,0.00391669059172273,66.6946411132812,0.0306134931743145,0.0868541449308395,5.07443046569824,-913.757873535156,0.000624704349320382,0.0245615039020777,0.000608807196840644,1,"Craugastor_omoaensis","Rhinophrynus_dorsalis",1,"specialist","specialist",90,89,"carnivore",NA,0
-98.0595638729999,24.9786470350001,0.251475244760513,0.00391669059172273,66.6946411132812,0.0306134931743145,0.0868541449308395,5.07443046569824,-913.757873535156,0.000624704349320382,0.0245615039020777,0.000608807196840644,1,"Craugastor_omoaensis","Smilisca_baudinii",1,"generalist","",NA,90,"",NA,0
-97.0595638729999,24.9786470350001,0.00570176867768168,0.000821497931610793,4.29037284851074,0.000589684641454369,0.00640443945303559,0.300501316785812,-9223.228515625,0.000357717857696116,0.000827754498459399,0,1,"Craugastor_omoaensis","Leptodactylus_fragilis",1,"generalist","",NA,43,"",NA,0
-97.0595638729999,24.9786470350001,0.00570176867768168,0.000821497931610793,4.29037284851074,0.000589684641454369,0.00640443945303559,0.300501316785812,-9223.228515625,0.000357717857696116,0.000827754498459399,0,1,"Craugastor_omoaensis","Rhinella_horribilis",1,"generalist","specialist",106.25,241,"",NA,0
-97.0595638729999,24.9786470350001,0.00570176867768168,0.000821497931610793,4.29037284851074,0.000589684641454369,0.00640443945303559,0.300501316785812,-9223.228515625,0.000357717857696116,0.000827754498459399,0,1,"Craugastor_omoaensis","Rhinophrynus_dorsalis",1,"specialist","specialist",90,89,"carnivore",NA,0
-97.0595638729999,24.9786470350001,0.00570176867768168,0.000821497931610793,4.29037284851074,0.000589684641454369,0.00640443945303559,0.300501316785812,-9223.228515625,0.000357717857696116,0.000827754498459399,0,1,"Craugastor_omoaensis","Smilisca_baudinii",1,"generalist","",NA,90,"",NA,0
-108.059563873,23.9786470350001,0.00538424402475357,0.000228518561925739,5.17318153381348,8.03363000159152e-05,0.00470296991989017,0.19571952521801,-9734.0234375,0,0.00824581272900105,0.000242449663346633,1,"Craugastor_omoaensis","Hypopachus_variolosus",1,"generalist","specialist",NA,53,"carnivore",NA,0
-108.059563873,23.9786470350001,0.00538424402475357,0.000228518561925739,5.17318153381348,8.03363000159152e-05,0.00470296991989017,0.19571952521801,-9734.0234375,0,0.00824581272900105,0.000242449663346633,1,"Craugastor_omoaensis","Leptodactylus_melanonotus",1,"generalist","",NA,58,"",NA,0
-108.059563873,23.9786470350001,0.00538424402475357,0.000228518561925739,5.17318153381348,8.03363000159152e-05,0.00470296991989017,0.19571952521801,-9734.0234375,0,0.00824581272900105,0.000242449663346633,1,"Craugastor_omoaensis","Rhinella_horribilis",1,"generalist","specialist",106.25,241,"",NA,0
-108.059563873,23.9786470350001,0.00538424402475357,0.000228518561925739,5.17318153381348,8.03363000159152e-05,0.00470296991989017,0.19571952521801,-9734.0234375,0,0.00824581272900105,0.000242449663346633,1,"Craugastor_omoaensis","Smilisca_baudinii",1,"generalist","",NA,90,"",NA,0
-107.059563873,23.9786470350001,0.150627344846725,0.00520966108888388,168.825042724609,0.00808744039386511,0.281631201505661,3.58553743362427,-4412.88720703125,0.000207813995075412,0.208207577466965,0.103822872042656,1,"Craugastor_omoaensis","Hypopachus_variolosus",1,"generalist","specialist",NA,53,"carnivore",NA,0
-107.059563873,23.9786470350001,0.150627344846725,0.00520966108888388,168.825042724609,0.00808744039386511,0.281631201505661,3.58553743362427,-4412.88720703125,0.000207813995075412,0.208207577466965,0.103822872042656,1,"Craugastor_omoaensis","Leptodactylus_melanonotus",1,"generalist","",NA,58,"",NA,0
-107.059563873,23.9786470350001,0.150627344846725,0.00520966108888388,168.825042724609,0.00808744039386511,0.281631201505661,3.58553743362427,-4412.88720703125,0.000207813995075412,0.208207577466965,0.103822872042656,1,"Craugastor_omoaensis","Rhinella_horribilis",1,"generalist","specialist",106.25,241,"",NA,0
-107.059563873,23.9786470350001,0.150627344846725,0.00520966108888388,168.825042724609,0.00808744039386511,0.281631201505661,3.58553743362427,-4412.88720703125,0.000207813995075412,0.208207577466965,0.103822872042656,1,"Craugastor_omoaensis","Smilisca_baudinii",1,"generalist","",NA,90,"",NA,0
-106.059563873,23.9786470350001,0.00876948889344931,0.00112187839113176,1296.18139648438,0.0120887383818626,0.852407932281494,3.93756246566772,-48.8146629333496,3.78706772607984e-06,0.0037915026769042,0.366455614566803,1,"Craugastor_omoaensis","Hypopachus_variolosus",1,"generalist","specialist",NA,53,"carnivore",NA,0
-106.059563873,23.9786470350001,0.00876948889344931,0.00112187839113176,1296.18139648438,0.0120887383818626,0.852407932281494,3.93756246566772,-48.8146629333496,3.78706772607984e-06,0.0037915026769042,0.366455614566803,1,"Craugastor_omoaensis","Leptodactylus_melanonotus",1,"generalist","",NA,58,"",NA,0
-106.059563873,23.9786470350001,0.00876948889344931,0.00112187839113176,1296.18139648438,0.0120887383818626,0.852407932281494,3.93756246566772,-48.8146629333496,3.78706772607984e-06,0.0037915026769042,0.366455614566803,1,"Craugastor_omoaensis","Rhinella_horribilis",1,"generalist","specialist",106.25,241,"",NA,0
-106.059563873,23.9786470350001,0.00876948889344931,0.00112187839113176,1296.18139648438,0.0120887383818626,0.852407932281494,3.93756246566772,-48.8146629333496,3.78706772607984e-06,0.0037915026769042,0.366455614566803,1,"Craugastor_omoaensis","Smilisca_baudinii",1,"generalist","",NA,90,"",NA,0
-105.059563873,23.9786470350001,0.0571770705282688,0.010702034458518,2345.77905273438,0.0071065416559577,0.583188414573669,6.94110250473022,26.44260597229,0.0050112116150558,0.0120391836389899,0.00998438056558371,1,"Craugastor_omoaensis","Rhinella_horribilis",1,"generalist","specialist",106.25,241,"",NA,0
-100.059563873,23.9786470350001,0.0230567455291748,0.00357928592711687,1843.34509277344,0.013411951251328,0.235485434532166,3.91194939613342,26.3519611358643,3.78706772607984e-06,0.000278978841379285,0.0514282733201981,1,"Craugastor_omoaensis","Hypopachus_variolosus",1,"generalist","specialist",NA,53,"carnivore",NA,0
-100.059563873,23.9786470350001,0.0230567455291748,0.00357928592711687,1843.34509277344,0.013411951251328,0.235485434532166,3.91194939613342,26.3519611358643,3.78706772607984e-06,0.000278978841379285,0.0514282733201981,1,"Craugastor_omoaensis","Rhinella_horribilis",1,"generalist","specialist",106.25,241,"",NA,0
-100.059563873,23.9786470350001,0.0230567455291748,0.00357928592711687,1843.34509277344,0.013411951251328,0.235485434532166,3.91194939613342,26.3519611358643,3.78706772607984e-06,0.000278978841379285,0.0514282733201981,1,"Craugastor_omoaensis","Smilisca_baudinii",1,"generalist","",NA,90,"",NA,0
-99.0595638729999,23.9786470350001,0.109034389257431,0.00807200185954571,459.541931152344,0.0423890240490437,0.271487891674042,6.0944561958313,30.3877964019775,0.00334080774337053,3.96850882680155e-05,0.173681512475014,1,"Craugastor_omoaensis","Hypopachus_variolosus",1,"generalist","specialist",NA,53,"carnivore",NA,0
-99.0595638729999,23.9786470350001,0.109034389257431,0.00807200185954571,459.541931152344,0.0423890240490437,0.271487891674042,6.0944561958313,30.3877964019775,0.00334080774337053,3.96850882680155e-05,0.173681512475014,1,"Craugastor_omoaensis","Leptodactylus_fragilis",1,"generalist","",NA,43,"",NA,0
-99.0595638729999,23.9786470350001,0.109034389257431,0.00807200185954571,459.541931152344,0.0423890240490437,0.271487891674042,6.0944561958313,30.3877964019775,0.00334080774337053,3.96850882680155e-05,0.173681512475014,1,"Craugastor_omoaensis","Rhinella_horribilis",1,"generalist","specialist",106.25,241,"",NA,0
-99.0595638729999,23.9786470350001,0.109034389257431,0.00807200185954571,459.541931152344,0.0423890240490437,0.271487891674042,6.0944561958313,30.3877964019775,0.00334080774337053,3.96850882680155e-05,0.173681512475014,1,"Craugastor_omoaensis","Smilisca_baudinii",1,"generalist","",NA,90,"",NA,0
-98.0595638729999,23.9786470350001,0.0667766854166985,0.00183355307672173,119.229927062988,0.0524948611855507,0.207974463701248,4.16248178482056,-1556.74267578125,6.08807204116601e-05,0.000277716491837054,0.098361000418663,1,"Craugastor_omoaensis","Hypopachus_variolosus",1,"generalist","specialist",NA,53,"carnivore",NA,0
-98.0595638729999,23.9786470350001,0.0667766854166985,0.00183355307672173,119.229927062988,0.0524948611855507,0.207974463701248,4.16248178482056,-1556.74267578125,6.08807204116601e-05,0.000277716491837054,0.098361000418663,1,"Craugastor_omoaensis","Leptodactylus_fragilis",1,"generalist","",NA,43,"",NA,0
-98.0595638729999,23.9786470350001,0.0667766854166985,0.00183355307672173,119.229927062988,0.0524948611855507,0.207974463701248,4.16248178482056,-1556.74267578125,6.08807204116601e-05,0.000277716491837054,0.098361000418663,1,"Craugastor_omoaensis","Rhinella_horribilis",1,"generalist","specialist",106.25,241,"",NA,0
-98.0595638729999,23.9786470350001,0.0667766854166985,0.00183355307672173,119.229927062988,0.0524948611855507,0.207974463701248,4.16248178482056,-1556.74267578125,6.08807204116601e-05,0.000277716491837054,0.098361000418663,1,"Craugastor_omoaensis","Rhinophrynus_dorsalis",1,"specialist","specialist",90,89,"carnivore",NA,0
-98.0595638729999,23.9786470350001,0.0667766854166985,0.00183355307672173,119.229927062988,0.0524948611855507,0.207974463701248,4.16248178482056,-1556.74267578125,6.08807204116601e-05,0.000277716491837054,0.098361000418663,1,"Craugastor_omoaensis","Smilisca_baudinii",1,"generalist","",NA,90,"",NA,0
-107.059563873,22.9786470350001,0.00741557544097304,0.000231320533202961,8.85123538970947,0.00019722236902453,0.010613570921123,0.0860890001058578,-9843.6533203125,0,0.00426018703728914,0.00204350426793098,1,"Craugastor_omoaensis","Hypopachus_variolosus",1,"generalist","specialist",NA,53,"carnivore",NA,0
-107.059563873,22.9786470350001,0.00741557544097304,0.000231320533202961,8.85123538970947,0.00019722236902453,0.010613570921123,0.0860890001058578,-9843.6533203125,0,0.00426018703728914,0.00204350426793098,1,"Craugastor_omoaensis","Leptodactylus_melanonotus",1,"generalist","",NA,58,"",NA,0
-107.059563873,22.9786470350001,0.00741557544097304,0.000231320533202961,8.85123538970947,0.00019722236902453,0.010613570921123,0.0860890001058578,-9843.6533203125,0,0.00426018703728914,0.00204350426793098,1,"Craugastor_omoaensis","Rhinella_horribilis",1,"generalist","specialist",106.25,241,"",NA,0
-107.059563873,22.9786470350001,0.00741557544097304,0.000231320533202961,8.85123538970947,0.00019722236902453,0.010613570921123,0.0860890001058578,-9843.6533203125,0,0.00426018703728914,0.00204350426793098,1,"Craugastor_omoaensis","Smilisca_baudinii",1,"generalist","",NA,90,"",NA,0
-106.059563873,22.9786470350001,0.0663490444421768,0.00995757430791855,259.474822998047,0.015018024481833,0.389983832836151,4.28340864181519,-3719.40893554688,0.00167040387168527,0.198855698108673,0.229751527309418,1,"Craugastor_omoaensis","Hypopachus_variolosus",1,"generalist","specialist",NA,53,"carnivore",NA,0
-106.059563873,22.9786470350001,0.0663490444421768,0.00995757430791855,259.474822998047,0.015018024481833,0.389983832836151,4.28340864181519,-3719.40893554688,0.00167040387168527,0.198855698108673,0.229751527309418,1,"Craugastor_omoaensis","Leptodactylus_melanonotus",1,"generalist","",NA,58,"",NA,0
-106.059563873,22.9786470350001,0.0663490444421768,0.00995757430791855,259.474822998047,0.015018024481833,0.389983832836151,4.28340864181519,-3719.40893554688,0.00167040387168527,0.198855698108673,0.229751527309418,1,"Craugastor_omoaensis","Rhinella_horribilis",1,"generalist","specialist",106.25,241,"",NA,0
-106.059563873,22.9786470350001,0.0663490444421768,0.00995757430791855,259.474822998047,0.015018024481833,0.389983832836151,4.28340864181519,-3719.40893554688,0.00167040387168527,0.198855698108673,0.229751527309418,1,"Craugastor_omoaensis","Smilisca_baudinii",1,"generalist","",NA,90,"",NA,0
-106.059563873,22.9786470350001,0.0663490444421768,0.00995757430791855,259.474822998047,0.015018024481833,0.389983832836151,4.28340864181519,-3719.40893554688,0.00167040387168527,0.198855698108673,0.229751527309418,1,"Craugastor_omoaensis","Trachycephalus_vermiculatus",1,"generalist","specialist",56.9,105,"",NA,0
-105.059563873,22.9786470350001,0.0149220628663898,0.00122997257858515,1412.23303222656,0.00536045106127858,0.730531692504883,2.81811904907227,-35.8550338745117,0.000134347355924547,0.0272505078464746,0.104479670524597,1,"Craugastor_omoaensis","Hypopachus_variolosus",1,"generalist","specialist",NA,53,"carnivore",NA,0
-105.059563873,22.9786470350001,0.0149220628663898,0.00122997257858515,1412.23303222656,0.00536045106127858,0.730531692504883,2.81811904907227,-35.8550338745117,0.000134347355924547,0.0272505078464746,0.104479670524597,1,"Craugastor_omoaensis","Leptodactylus_melanonotus",1,"generalist","",NA,58,"",NA,0
-105.059563873,22.9786470350001,0.0149220628663898,0.00122997257858515,1412.23303222656,0.00536045106127858,0.730531692504883,2.81811904907227,-35.8550338745117,0.000134347355924547,0.0272505078464746,0.104479670524597,1,"Craugastor_omoaensis","Rhinella_horribilis",1,"generalist","specialist",106.25,241,"",NA,0
-105.059563873,22.9786470350001,0.0149220628663898,0.00122997257858515,1412.23303222656,0.00536045106127858,0.730531692504883,2.81811904907227,-35.8550338745117,0.000134347355924547,0.0272505078464746,0.104479670524597,1,"Craugastor_omoaensis","Smilisca_baudinii",1,"generalist","",NA,90,"",NA,0
-105.059563873,22.9786470350001,0.0149220628663898,0.00122997257858515,1412.23303222656,0.00536045106127858,0.730531692504883,2.81811904907227,-35.8550338745117,0.000134347355924547,0.0272505078464746,0.104479670524597,1,"Craugastor_omoaensis","Trachycephalus_vermiculatus",1,"generalist","specialist",56.9,105,"",NA,0
-104.059563873,22.9786470350001,0.0290673673152924,0.0022745612077415,2076.09008789062,0.000478007073979825,0.397893816232681,4.26658630371094,26.7281589508057,1.89353386303992e-06,0.0284653082489967,0.00182768399827182,1,"Craugastor_omoaensis","Leptodactylus_melanonotus",1,"generalist","",NA,58,"",NA,0
-104.059563873,22.9786470350001,0.0290673673152924,0.0022745612077415,2076.09008789062,0.000478007073979825,0.397893816232681,4.26658630371094,26.7281589508057,1.89353386303992e-06,0.0284653082489967,0.00182768399827182,1,"Craugastor_omoaensis","Rhinella_horribilis",1,"generalist","specialist",106.25,241,"",NA,0
-100.059563873,22.9786470350001,0.0267956834286451,0.00413531437516212,1480.02075195312,0.00667093181982636,0.111917704343796,4.70348930358887,27.9179382324219,0,0,0.0828888639807701,1,"Craugastor_omoaensis","Rhinella_horribilis",1,"generalist","specialist",106.25,241,"",NA,0
-100.059563873,22.9786470350001,0.0267956834286451,0.00413531437516212,1480.02075195312,0.00667093181982636,0.111917704343796,4.70348930358887,27.9179382324219,0,0,0.0828888639807701,1,"Craugastor_omoaensis","Smilisca_baudinii",1,"generalist","",NA,90,"",NA,0
-99.0595638729999,22.9786470350001,0.146193012595177,0.00593909760937095,494.613616943359,0.0283664856106043,0.376545071601868,5.57230043411255,30.6629867553711,6.92713292664848e-05,0.0484417118132114,0.314102709293365,1,"Craugastor_omoaensis","Hypopachus_variolosus",1,"generalist","specialist",NA,53,"carnivore",NA,0
-99.0595638729999,22.9786470350001,0.146193012595177,0.00593909760937095,494.613616943359,0.0283664856106043,0.376545071601868,5.57230043411255,30.6629867553711,6.92713292664848e-05,0.0484417118132114,0.314102709293365,1,"Craugastor_omoaensis","Leptodactylus_fragilis",1,"generalist","",NA,43,"",NA,0
-99.0595638729999,22.9786470350001,0.146193012595177,0.00593909760937095,494.613616943359,0.0283664856106043,0.376545071601868,5.57230043411255,30.6629867553711,6.92713292664848e-05,0.0484417118132114,0.314102709293365,1,"Craugastor_omoaensis","Rhinella_horribilis",1,"generalist","specialist",106.25,241,"",NA,0
-99.0595638729999,22.9786470350001,0.146193012595177,0.00593909760937095,494.613616943359,0.0283664856106043,0.376545071601868,5.57230043411255,30.6629867553711,6.92713292664848e-05,0.0484417118132114,0.314102709293365,1,"Craugastor_omoaensis","Smilisca_baudinii",1,"generalist","",NA,90,"",NA,0
-99.0595638729999,22.9786470350001,0.146193012595177,0.00593909760937095,494.613616943359,0.0283664856106043,0.376545071601868,5.57230043411255,30.6629867553711,6.92713292664848e-05,0.0484417118132114,0.314102709293365,1,"Craugastor_omoaensis","Trachycephalus_vermiculatus",1,"generalist","specialist",56.9,105,"",NA,0
-98.0595638729999,22.9786470350001,0.118550509214401,0.00332294963300228,213.945602416992,0.0341835543513298,0.245474144816399,4.43486833572388,-2231.81201171875,1.26235590869328e-06,0.000882770458701998,0.131280601024628,1,"Craugastor_omoaensis","Hypopachus_variolosus",1,"generalist","specialist",NA,53,"carnivore",NA,0
-98.0595638729999,22.9786470350001,0.118550509214401,0.00332294963300228,213.945602416992,0.0341835543513298,0.245474144816399,4.43486833572388,-2231.81201171875,1.26235590869328e-06,0.000882770458701998,0.131280601024628,1,"Craugastor_omoaensis","Leptodactylus_fragilis",1,"generalist","",NA,43,"",NA,0
-98.0595638729999,22.9786470350001,0.118550509214401,0.00332294963300228,213.945602416992,0.0341835543513298,0.245474144816399,4.43486833572388,-2231.81201171875,1.26235590869328e-06,0.000882770458701998,0.131280601024628,1,"Craugastor_omoaensis","Leptodactylus_melanonotus",1,"generalist","",NA,58,"",NA,0
-98.0595638729999,22.9786470350001,0.118550509214401,0.00332294963300228,213.945602416992,0.0341835543513298,0.245474144816399,4.43486833572388,-2231.81201171875,1.26235590869328e-06,0.000882770458701998,0.131280601024628,1,"Craugastor_omoaensis","Rhinella_horribilis",1,"generalist","specialist",106.25,241,"",NA,0
-98.0595638729999,22.9786470350001,0.118550509214401,0.00332294963300228,213.945602416992,0.0341835543513298,0.245474144816399,4.43486833572388,-2231.81201171875,1.26235590869328e-06,0.000882770458701998,0.131280601024628,1,"Craugastor_omoaensis","Rhinophrynus_dorsalis",1,"specialist","specialist",90,89,"carnivore",NA,0
-98.0595638729999,22.9786470350001,0.118550509214401,0.00332294963300228,213.945602416992,0.0341835543513298,0.245474144816399,4.43486833572388,-2231.81201171875,1.26235590869328e-06,0.000882770458701998,0.131280601024628,1,"Craugastor_omoaensis","Smilisca_baudinii",1,"generalist","",NA,90,"",NA,0
-98.0595638729999,22.9786470350001,0.118550509214401,0.00332294963300228,213.945602416992,0.0341835543513298,0.245474144816399,4.43486833572388,-2231.81201171875,1.26235590869328e-06,0.000882770458701998,0.131280601024628,1,"Craugastor_omoaensis","Trachycephalus_vermiculatus",1,"generalist","specialist",56.9,105,"",NA,0
-107.059563873,21.9786470350001,0.000100199475127738,0.000288326962618157,123.065742492676,0.00019889090617653,0.031322505325079,0.109289184212685,-9797.240234375,0,0,0.00668161548674107,1,"Craugastor_omoaensis","Hypopachus_variolosus",1,"generalist","specialist",NA,53,"carnivore",NA,0
-106.059563873,21.9786470350001,0.0122672915458679,0.000527213152963668,23.767972946167,0.0021214047446847,0.0179093442857265,0.636511206626892,-8979.9521484375,3.46356646332424e-05,0.0174848753958941,0.00639870902523398,1,"Craugastor_omoaensis","Hypopachus_variolosus",1,"generalist","specialist",NA,53,"carnivore",NA,0
-106.059563873,21.9786470350001,0.0122672915458679,0.000527213152963668,23.767972946167,0.0021214047446847,0.0179093442857265,0.636511206626892,-8979.9521484375,3.46356646332424e-05,0.0174848753958941,0.00639870902523398,1,"Craugastor_omoaensis","Leptodactylus_melanonotus",1,"generalist","",NA,58,"",NA,0
-106.059563873,21.9786470350001,0.0122672915458679,0.000527213152963668,23.767972946167,0.0021214047446847,0.0179093442857265,0.636511206626892,-8979.9521484375,3.46356646332424e-05,0.0174848753958941,0.00639870902523398,1,"Craugastor_omoaensis","Rhinella_horribilis",1,"generalist","specialist",106.25,241,"",NA,0
-106.059563873,21.9786470350001,0.0122672915458679,0.000527213152963668,23.767972946167,0.0021214047446847,0.0179093442857265,0.636511206626892,-8979.9521484375,3.46356646332424e-05,0.0174848753958941,0.00639870902523398,1,"Craugastor_omoaensis","Smilisca_baudinii",1,"generalist","",NA,90,"",NA,0
-106.059563873,21.9786470350001,0.0122672915458679,0.000527213152963668,23.767972946167,0.0021214047446847,0.0179093442857265,0.636511206626892,-8979.9521484375,3.46356646332424e-05,0.0174848753958941,0.00639870902523398,1,"Craugastor_omoaensis","Trachycephalus_vermiculatus",1,"generalist","specialist",56.9,105,"",NA,0
-105.059563873,21.9786470350001,0.132317036390305,0.00859114713966846,507.670684814453,0.0302816294133663,0.507344782352448,6.51382446289062,-537.8369140625,0.00334143894724548,0.261386543512344,0.216004222631454,1,"Craugastor_omoaensis","Hypopachus_variolosus",1,"generalist","specialist",NA,53,"carnivore",NA,0
-105.059563873,21.9786470350001,0.132317036390305,0.00859114713966846,507.670684814453,0.0302816294133663,0.507344782352448,6.51382446289062,-537.8369140625,0.00334143894724548,0.261386543512344,0.216004222631454,1,"Craugastor_omoaensis","Leptodactylus_melanonotus",1,"generalist","",NA,58,"",NA,0
-105.059563873,21.9786470350001,0.132317036390305,0.00859114713966846,507.670684814453,0.0302816294133663,0.507344782352448,6.51382446289062,-537.8369140625,0.00334143894724548,0.261386543512344,0.216004222631454,1,"Craugastor_omoaensis","Rhinella_horribilis",1,"generalist","specialist",106.25,241,"",NA,0
-105.059563873,21.9786470350001,0.132317036390305,0.00859114713966846,507.670684814453,0.0302816294133663,0.507344782352448,6.51382446289062,-537.8369140625,0.00334143894724548,0.261386543512344,0.216004222631454,1,"Craugastor_omoaensis","Smilisca_baudinii",1,"generalist","",NA,90,"",NA,0
-105.059563873,21.9786470350001,0.132317036390305,0.00859114713966846,507.670684814453,0.0302816294133663,0.507344782352448,6.51382446289062,-537.8369140625,0.00334143894724548,0.261386543512344,0.216004222631454,1,"Craugastor_omoaensis","Trachycephalus_vermiculatus",1,"generalist","specialist",56.9,105,"",NA,0
-104.059563873,21.9786470350001,0.0144445048645139,0.0019723882433027,1582.36083984375,0.00208482728339732,0.397381752729416,3.86515855789185,21.6292953491211,6.08807204116601e-05,0.0119586838409305,0.0223086792975664,1,"Craugastor_omoaensis","Hypopachus_variolosus",1,"generalist","specialist",NA,53,"carnivore",NA,0
-104.059563873,21.9786470350001,0.0144445048645139,0.0019723882433027,1582.36083984375,0.00208482728339732,0.397381752729416,3.86515855789185,21.6292953491211,6.08807204116601e-05,0.0119586838409305,0.0223086792975664,1,"Craugastor_omoaensis","Leptodactylus_melanonotus",1,"generalist","",NA,58,"",NA,0
-104.059563873,21.9786470350001,0.0144445048645139,0.0019723882433027,1582.36083984375,0.00208482728339732,0.397381752729416,3.86515855789185,21.6292953491211,6.08807204116601e-05,0.0119586838409305,0.0223086792975664,1,"Craugastor_omoaensis","Rhinella_horribilis",1,"generalist","specialist",106.25,241,"",NA,0
-104.059563873,21.9786470350001,0.0144445048645139,0.0019723882433027,1582.36083984375,0.00208482728339732,0.397381752729416,3.86515855789185,21.6292953491211,6.08807204116601e-05,0.0119586838409305,0.0223086792975664,1,"Craugastor_omoaensis","Smilisca_baudinii",1,"generalist","",NA,90,"",NA,0
-103.059563873,21.9786470350001,0.0880859941244125,0.00715112825855613,2010.52941894531,0.000636715500149876,0.0869425013661385,6.58480215072632,26.8207035064697,0.000103906997537706,0.107644736766815,0.00033484396408312,1,"Craugastor_omoaensis","Hypopachus_variolosus",1,"generalist","specialist",NA,53,"carnivore",NA,0
-102.059563873,21.9786470350001,0.309511870145798,0.028994970023632,2093.212890625,0.000571267621126026,0.0110695725306869,9.85478687286377,26.0857162475586,0.0100243166089058,0.310733646154404,0,1,"Craugastor_omoaensis","Hypopachus_variolosus",1,"generalist","specialist",NA,53,"carnivore",NA,0
-100.059563873,21.9786470350001,0.0524140484631062,0.00717530446127057,1340.84912109375,0.0048638335429132,0.119457222521305,6.31450843811035,28.3693943023682,0.000365284329745919,0.00100453186314553,0.0937824472784996,1,"Craugastor_omoaensis","Rhinella_horribilis",1,"generalist","specialist",106.25,241,"",NA,0
-100.059563873,21.9786470350001,0.0524140484631062,0.00717530446127057,1340.84912109375,0.0048638335429132,0.119457222521305,6.31450843811035,28.3693943023682,0.000365284329745919,0.00100453186314553,0.0937824472784996,1,"Craugastor_omoaensis","Smilisca_baudinii",1,"generalist","",NA,90,"",NA,0
-99.0595638729999,21.9786470350001,0.114386707544327,0.00582981016486883,415.912048339844,0.077150858938694,0.466230303049088,7.44511795043945,31.0004177093506,0.00167040387168527,0.0861950367689133,0.263684540987015,1,"Craugastor_omoaensis","Hypopachus_variolosus",1,"generalist","specialist",NA,53,"carnivore",NA,0
-99.0595638729999,21.9786470350001,0.114386707544327,0.00582981016486883,415.912048339844,0.077150858938694,0.466230303049088,7.44511795043945,31.0004177093506,0.00167040387168527,0.0861950367689133,0.263684540987015,1,"Craugastor_omoaensis","Leptodactylus_fragilis",1,"generalist","",NA,43,"",NA,0
-99.0595638729999,21.9786470350001,0.114386707544327,0.00582981016486883,415.912048339844,0.077150858938694,0.466230303049088,7.44511795043945,31.0004177093506,0.00167040387168527,0.0861950367689133,0.263684540987015,1,"Craugastor_omoaensis","Rhinella_horribilis",1,"generalist","specialist",106.25,241,"",NA,0
-99.0595638729999,21.9786470350001,0.114386707544327,0.00582981016486883,415.912048339844,0.077150858938694,0.466230303049088,7.44511795043945,31.0004177093506,0.00167040387168527,0.0861950367689133,0.263684540987015,1,"Craugastor_omoaensis","Scinax_staufferi",1,"generalist","",29,32,"",NA,0
-99.0595638729999,21.9786470350001,0.114386707544327,0.00582981016486883,415.912048339844,0.077150858938694,0.466230303049088,7.44511795043945,31.0004177093506,0.00167040387168527,0.0861950367689133,0.263684540987015,1,"Craugastor_omoaensis","Smilisca_baudinii",1,"generalist","",NA,90,"",NA,0
-99.0595638729999,21.9786470350001,0.114386707544327,0.00582981016486883,415.912048339844,0.077150858938694,0.466230303049088,7.44511795043945,31.0004177093506,0.00167040387168527,0.0861950367689133,0.263684540987015,1,"Craugastor_omoaensis","Trachycephalus_vermiculatus",1,"generalist","specialist",56.9,105,"",NA,0
-98.0595638729999,21.9786470350001,0.11202085763216,0.0122469160705805,40.6689071655273,0.0882566794753075,0.140834748744965,7.75862693786621,-1260.18981933594,0.01506407558918,0.0667165145277977,0.00733718229457736,1,"Craugastor_omoaensis","Hypopachus_variolosus",1,"generalist","specialist",NA,53,"carnivore",NA,0
-98.0595638729999,21.9786470350001,0.11202085763216,0.0122469160705805,40.6689071655273,0.0882566794753075,0.140834748744965,7.75862693786621,-1260.18981933594,0.01506407558918,0.0667165145277977,0.00733718229457736,1,"Craugastor_omoaensis","Leptodactylus_fragilis",1,"generalist","",NA,43,"",NA,0
-98.0595638729999,21.9786470350001,0.11202085763216,0.0122469160705805,40.6689071655273,0.0882566794753075,0.140834748744965,7.75862693786621,-1260.18981933594,0.01506407558918,0.0667165145277977,0.00733718229457736,1,"Craugastor_omoaensis","Leptodactylus_melanonotus",1,"generalist","",NA,58,"",NA,0
-98.0595638729999,21.9786470350001,0.11202085763216,0.0122469160705805,40.6689071655273,0.0882566794753075,0.140834748744965,7.75862693786621,-1260.18981933594,0.01506407558918,0.0667165145277977,0.00733718229457736,1,"Craugastor_omoaensis","Rhinella_horribilis",1,"generalist","specialist",106.25,241,"",NA,0
-98.0595638729999,21.9786470350001,0.11202085763216,0.0122469160705805,40.6689071655273,0.0882566794753075,0.140834748744965,7.75862693786621,-1260.18981933594,0.01506407558918,0.0667165145277977,0.00733718229457736,1,"Craugastor_omoaensis","Rhinophrynus_dorsalis",1,"specialist","specialist",90,89,"carnivore",NA,0
-98.0595638729999,21.9786470350001,0.11202085763216,0.0122469160705805,40.6689071655273,0.0882566794753075,0.140834748744965,7.75862693786621,-1260.18981933594,0.01506407558918,0.0667165145277977,0.00733718229457736,1,"Craugastor_omoaensis","Smilisca_baudinii",1,"generalist","",NA,90,"",NA,0
-98.0595638729999,21.9786470350001,0.11202085763216,0.0122469160705805,40.6689071655273,0.0882566794753075,0.140834748744965,7.75862693786621,-1260.18981933594,0.01506407558918,0.0667165145277977,0.00733718229457736,1,"Craugastor_omoaensis","Trachycephalus_vermiculatus",1,"generalist","specialist",56.9,105,"",NA,0
-97.0595638729999,21.9786470350001,0.00200401851907372,0.000314609438646585,5.49111557006836,0.00322876684367657,0.0250351876020432,0.297096163034439,-9381.173828125,0.000273963232757524,0.00118717411532998,0.00338751496747136,1,"Craugastor_omoaensis","Hypopachus_variolosus",1,"generalist","specialist",NA,53,"carnivore",NA,0
-97.0595638729999,21.9786470350001,0.00200401851907372,0.000314609438646585,5.49111557006836,0.00322876684367657,0.0250351876020432,0.297096163034439,-9381.173828125,0.000273963232757524,0.00118717411532998,0.00338751496747136,1,"Craugastor_omoaensis","Leptodactylus_fragilis",1,"generalist","",NA,43,"",NA,0
-97.0595638729999,21.9786470350001,0.00200401851907372,0.000314609438646585,5.49111557006836,0.00322876684367657,0.0250351876020432,0.297096163034439,-9381.173828125,0.000273963232757524,0.00118717411532998,0.00338751496747136,1,"Craugastor_omoaensis","Leptodactylus_melanonotus",1,"generalist","",NA,58,"",NA,0
-97.0595638729999,21.9786470350001,0.00200401851907372,0.000314609438646585,5.49111557006836,0.00322876684367657,0.0250351876020432,0.297096163034439,-9381.173828125,0.000273963232757524,0.00118717411532998,0.00338751496747136,1,"Craugastor_omoaensis","Rhinella_horribilis",1,"generalist","specialist",106.25,241,"",NA,0
-97.0595638729999,21.9786470350001,0.00200401851907372,0.000314609438646585,5.49111557006836,0.00322876684367657,0.0250351876020432,0.297096163034439,-9381.173828125,0.000273963232757524,0.00118717411532998,0.00338751496747136,1,"Craugastor_omoaensis","Rhinophrynus_dorsalis",1,"specialist","specialist",90,89,"carnivore",NA,0
-97.0595638729999,21.9786470350001,0.00200401851907372,0.000314609438646585,5.49111557006836,0.00322876684367657,0.0250351876020432,0.297096163034439,-9381.173828125,0.000273963232757524,0.00118717411532998,0.00338751496747136,1,"Craugastor_omoaensis","Smilisca_baudinii",1,"generalist","",NA,90,"",NA,0
-97.0595638729999,21.9786470350001,0.00200401851907372,0.000314609438646585,5.49111557006836,0.00322876684367657,0.0250351876020432,0.297096163034439,-9381.173828125,0.000273963232757524,0.00118717411532998,0.00338751496747136,1,"Craugastor_omoaensis","Trachycephalus_vermiculatus",1,"generalist","specialist",56.9,105,"",NA,0
-89.0595638729999,21.9786470350001,5.64885740459431e-05,9.61221189754724e-07,4.7142858505249,0.000115929782623425,0.000733441906049848,0.0368130281567574,-9881.6142578125,0,0,0,1,"Craugastor_omoaensis","Hypopachus_variolosus",1,"generalist","specialist",NA,53,"carnivore",NA,0
-89.0595638729999,21.9786470350001,5.64885740459431e-05,9.61221189754724e-07,4.7142858505249,0.000115929782623425,0.000733441906049848,0.0368130281567574,-9881.6142578125,0,0,0,1,"Craugastor_omoaensis","Incilius_valliceps",1,"specialist","",60,125,"",NA,0
-89.0595638729999,21.9786470350001,5.64885740459431e-05,9.61221189754724e-07,4.7142858505249,0.000115929782623425,0.000733441906049848,0.0368130281567574,-9881.6142578125,0,0,0,1,"Craugastor_omoaensis","Leptodactylus_fragilis",1,"generalist","",NA,43,"",NA,0
-89.0595638729999,21.9786470350001,5.64885740459431e-05,9.61221189754724e-07,4.7142858505249,0.000115929782623425,0.000733441906049848,0.0368130281567574,-9881.6142578125,0,0,0,1,"Craugastor_omoaensis","Leptodactylus_melanonotus",1,"generalist","",NA,58,"",NA,0
-89.0595638729999,21.9786470350001,5.64885740459431e-05,9.61221189754724e-07,4.7142858505249,0.000115929782623425,0.000733441906049848,0.0368130281567574,-9881.6142578125,0,0,0,1,"Craugastor_omoaensis","Lithobates_brownorum",1,"generalist","specialist",NA,NA,"",NA,0
-89.0595638729999,21.9786470350001,5.64885740459431e-05,9.61221189754724e-07,4.7142858505249,0.000115929782623425,0.000733441906049848,0.0368130281567574,-9881.6142578125,0,0,0,1,"Craugastor_omoaensis","Rhinella_horribilis",1,"generalist","specialist",106.25,241,"",NA,0
-89.0595638729999,21.9786470350001,5.64885740459431e-05,9.61221189754724e-07,4.7142858505249,0.000115929782623425,0.000733441906049848,0.0368130281567574,-9881.6142578125,0,0,0,1,"Craugastor_omoaensis","Rhinophrynus_dorsalis",1,"specialist","specialist",90,89,"carnivore",NA,0
-89.0595638729999,21.9786470350001,5.64885740459431e-05,9.61221189754724e-07,4.7142858505249,0.000115929782623425,0.000733441906049848,0.0368130281567574,-9881.6142578125,0,0,0,1,"Craugastor_omoaensis","Smilisca_baudinii",1,"generalist","",NA,90,"",NA,0
-89.0595638729999,21.9786470350001,5.64885740459431e-05,9.61221189754724e-07,4.7142858505249,0.000115929782623425,0.000733441906049848,0.0368130281567574,-9881.6142578125,0,0,0,1,"Craugastor_omoaensis","Trachycephalus_vermiculatus",1,"generalist","specialist",56.9,105,"",NA,0
-88.0595638729999,21.9786470350001,0.000460692594060674,0.000398565141949803,4.32144451141357,0.00258496729657054,0.0396384485065937,0.44263568520546,-8700.9404296875,0,0,0.0050112116150558,1,"Craugastor_omoaensis","Agalychnis_callidryas",1,"generalist","",12,77.2,"",NA,0
-88.0595638729999,21.9786470350001,0.000460692594060674,0.000398565141949803,4.32144451141357,0.00258496729657054,0.0396384485065937,0.44263568520546,-8700.9404296875,0,0,0.0050112116150558,1,"Craugastor_omoaensis","Dendropsophus_microcephalus",1,"generalist","",28,32,"",NA,0
-88.0595638729999,21.9786470350001,0.000460692594060674,0.000398565141949803,4.32144451141357,0.00258496729657054,0.0396384485065937,0.44263568520546,-8700.9404296875,0,0,0.0050112116150558,1,"Craugastor_omoaensis","Hypopachus_variolosus",1,"generalist","specialist",NA,53,"carnivore",NA,0
-88.0595638729999,21.9786470350001,0.000460692594060674,0.000398565141949803,4.32144451141357,0.00258496729657054,0.0396384485065937,0.44263568520546,-8700.9404296875,0,0,0.0050112116150558,1,"Craugastor_omoaensis","Incilius_valliceps",1,"specialist","",60,125,"",NA,0
-88.0595638729999,21.9786470350001,0.000460692594060674,0.000398565141949803,4.32144451141357,0.00258496729657054,0.0396384485065937,0.44263568520546,-8700.9404296875,0,0,0.0050112116150558,1,"Craugastor_omoaensis","Leptodactylus_fragilis",1,"generalist","",NA,43,"",NA,0
-88.0595638729999,21.9786470350001,0.000460692594060674,0.000398565141949803,4.32144451141357,0.00258496729657054,0.0396384485065937,0.44263568520546,-8700.9404296875,0,0,0.0050112116150558,1,"Craugastor_omoaensis","Leptodactylus_melanonotus",1,"generalist","",NA,58,"",NA,0
-88.0595638729999,21.9786470350001,0.000460692594060674,0.000398565141949803,4.32144451141357,0.00258496729657054,0.0396384485065937,0.44263568520546,-8700.9404296875,0,0,0.0050112116150558,1,"Craugastor_omoaensis","Lithobates_brownorum",1,"generalist","specialist",NA,NA,"",NA,0
-88.0595638729999,21.9786470350001,0.000460692594060674,0.000398565141949803,4.32144451141357,0.00258496729657054,0.0396384485065937,0.44263568520546,-8700.9404296875,0,0,0.0050112116150558,1,"Craugastor_omoaensis","Rhinella_horribilis",1,"generalist","specialist",106.25,241,"",NA,0
-88.0595638729999,21.9786470350001,0.000460692594060674,0.000398565141949803,4.32144451141357,0.00258496729657054,0.0396384485065937,0.44263568520546,-8700.9404296875,0,0,0.0050112116150558,1,"Craugastor_omoaensis","Rhinophrynus_dorsalis",1,"specialist","specialist",90,89,"carnivore",NA,0
-88.0595638729999,21.9786470350001,0.000460692594060674,0.000398565141949803,4.32144451141357,0.00258496729657054,0.0396384485065937,0.44263568520546,-8700.9404296875,0,0,0.0050112116150558,1,"Craugastor_omoaensis","Smilisca_baudinii",1,"generalist","",NA,90,"",NA,0
-88.0595638729999,21.9786470350001,0.000460692594060674,0.000398565141949803,4.32144451141357,0.00258496729657054,0.0396384485065937,0.44263568520546,-8700.9404296875,0,0,0.0050112116150558,1,"Craugastor_omoaensis","Tlalocohyla_loquax",1,"generalist","",NA,77,"",NA,0
-88.0595638729999,21.9786470350001,0.000460692594060674,0.000398565141949803,4.32144451141357,0.00258496729657054,0.0396384485065937,0.44263568520546,-8700.9404296875,0,0,0.0050112116150558,1,"Craugastor_omoaensis","Trachycephalus_vermiculatus",1,"generalist","specialist",56.9,105,"",NA,0
-87.0595638729999,21.9786470350001,1.09837155832793e-05,0.00020454813784454,3.46993231773376,0.000226005868171342,0.0258037075400352,0.226716637611389,-9390.4375,0,0,0.00677293678745627,1,"Craugastor_omoaensis","Agalychnis_callidryas",1,"generalist","",12,77.2,"",NA,0
-87.0595638729999,21.9786470350001,1.09837155832793e-05,0.00020454813784454,3.46993231773376,0.000226005868171342,0.0258037075400352,0.226716637611389,-9390.4375,0,0,0.00677293678745627,1,"Craugastor_omoaensis","Dendropsophus_microcephalus",1,"generalist","",28,32,"",NA,0
-87.0595638729999,21.9786470350001,1.09837155832793e-05,0.00020454813784454,3.46993231773376,0.000226005868171342,0.0258037075400352,0.226716637611389,-9390.4375,0,0,0.00677293678745627,1,"Craugastor_omoaensis","Hypopachus_variolosus",1,"generalist","specialist",NA,53,"carnivore",NA,0
-87.0595638729999,21.9786470350001,1.09837155832793e-05,0.00020454813784454,3.46993231773376,0.000226005868171342,0.0258037075400352,0.226716637611389,-9390.4375,0,0,0.00677293678745627,1,"Craugastor_omoaensis","Incilius_valliceps",1,"specialist","",60,125,"",NA,0
-87.0595638729999,21.9786470350001,1.09837155832793e-05,0.00020454813784454,3.46993231773376,0.000226005868171342,0.0258037075400352,0.226716637611389,-9390.4375,0,0,0.00677293678745627,1,"Craugastor_omoaensis","Leptodactylus_fragilis",1,"generalist","",NA,43,"",NA,0
-87.0595638729999,21.9786470350001,1.09837155832793e-05,0.00020454813784454,3.46993231773376,0.000226005868171342,0.0258037075400352,0.226716637611389,-9390.4375,0,0,0.00677293678745627,1,"Craugastor_omoaensis","Leptodactylus_melanonotus",1,"generalist","",NA,58,"",NA,0
-87.0595638729999,21.9786470350001,1.09837155832793e-05,0.00020454813784454,3.46993231773376,0.000226005868171342,0.0258037075400352,0.226716637611389,-9390.4375,0,0,0.00677293678745627,1,"Craugastor_omoaensis","Lithobates_brownorum",1,"generalist","specialist",NA,NA,"",NA,0
-87.0595638729999,21.9786470350001,1.09837155832793e-05,0.00020454813784454,3.46993231773376,0.000226005868171342,0.0258037075400352,0.226716637611389,-9390.4375,0,0,0.00677293678745627,1,"Craugastor_omoaensis","Rhinella_horribilis",1,"generalist","specialist",106.25,241,"",NA,0
-87.0595638729999,21.9786470350001,1.09837155832793e-05,0.00020454813784454,3.46993231773376,0.000226005868171342,0.0258037075400352,0.226716637611389,-9390.4375,0,0,0.00677293678745627,1,"Craugastor_omoaensis","Rhinophrynus_dorsalis",1,"specialist","specialist",90,89,"carnivore",NA,0
-87.0595638729999,21.9786470350001,1.09837155832793e-05,0.00020454813784454,3.46993231773376,0.000226005868171342,0.0258037075400352,0.226716637611389,-9390.4375,0,0,0.00677293678745627,1,"Craugastor_omoaensis","Smilisca_baudinii",1,"generalist","",NA,90,"",NA,0
-87.0595638729999,21.9786470350001,1.09837155832793e-05,0.00020454813784454,3.46993231773376,0.000226005868171342,0.0258037075400352,0.226716637611389,-9390.4375,0,0,0.00677293678745627,1,"Craugastor_omoaensis","Tlalocohyla_loquax",1,"generalist","",NA,77,"",NA,0
-87.0595638729999,21.9786470350001,1.09837155832793e-05,0.00020454813784454,3.46993231773376,0.000226005868171342,0.0258037075400352,0.226716637611389,-9390.4375,0,0,0.00677293678745627,1,"Craugastor_omoaensis","Trachycephalus_vermiculatus",1,"generalist","specialist",56.9,105,"",NA,0
-106.059563873,20.9786470350001,0.000225965777644888,7.12375403963961e-05,141.530899047852,0.000192593535757624,0.0102800214663148,0.067927323281765,-9795.7431640625,0,0.000277085317065939,0.00170756434090436,1,"Craugastor_omoaensis","Hypopachus_variolosus",1,"generalist","specialist",NA,53,"carnivore",NA,0
-106.059563873,20.9786470350001,0.000225965777644888,7.12375403963961e-05,141.530899047852,0.000192593535757624,0.0102800214663148,0.067927323281765,-9795.7431640625,0,0.000277085317065939,0.00170756434090436,1,"Craugastor_omoaensis","Leptodactylus_melanonotus",1,"generalist","",NA,58,"",NA,0
-106.059563873,20.9786470350001,0.000225965777644888,7.12375403963961e-05,141.530899047852,0.000192593535757624,0.0102800214663148,0.067927323281765,-9795.7431640625,0,0.000277085317065939,0.00170756434090436,1,"Craugastor_omoaensis","Rhinella_horribilis",1,"generalist","specialist",106.25,241,"",NA,0
-106.059563873,20.9786470350001,0.000225965777644888,7.12375403963961e-05,141.530899047852,0.000192593535757624,0.0102800214663148,0.067927323281765,-9795.7431640625,0,0.000277085317065939,0.00170756434090436,1,"Craugastor_omoaensis","Smilisca_baudinii",1,"generalist","",NA,90,"",NA,0
-106.059563873,20.9786470350001,0.000225965777644888,7.12375403963961e-05,141.530899047852,0.000192593535757624,0.0102800214663148,0.067927323281765,-9795.7431640625,0,0.000277085317065939,0.00170756434090436,1,"Craugastor_omoaensis","Trachycephalus_vermiculatus",1,"generalist","specialist",56.9,105,"",NA,0
-105.059563873,20.9786470350001,0.051115620881319,0.00924361869692802,821.2890625,0.015919666737318,0.542131721973419,5.49709510803223,-2076.45751953125,0.00508048292249441,0.122336484491825,0.326852381229401,1,"Craugastor_omoaensis","Hypopachus_variolosus",1,"generalist","specialist",NA,53,"carnivore",NA,0
-105.059563873,20.9786470350001,0.051115620881319,0.00924361869692802,821.2890625,0.015919666737318,0.542131721973419,5.49709510803223,-2076.45751953125,0.00508048292249441,0.122336484491825,0.326852381229401,1,"Craugastor_omoaensis","Leptodactylus_melanonotus",1,"generalist","",NA,58,"",NA,0
-105.059563873,20.9786470350001,0.051115620881319,0.00924361869692802,821.2890625,0.015919666737318,0.542131721973419,5.49709510803223,-2076.45751953125,0.00508048292249441,0.122336484491825,0.326852381229401,1,"Craugastor_omoaensis","Rhinella_horribilis",1,"generalist","specialist",106.25,241,"",NA,0
-105.059563873,20.9786470350001,0.051115620881319,0.00924361869692802,821.2890625,0.015919666737318,0.542131721973419,5.49709510803223,-2076.45751953125,0.00508048292249441,0.122336484491825,0.326852381229401,1,"Craugastor_omoaensis","Smilisca_baudinii",1,"generalist","",NA,90,"",NA,0
-105.059563873,20.9786470350001,0.051115620881319,0.00924361869692802,821.2890625,0.015919666737318,0.542131721973419,5.49709510803223,-2076.45751953125,0.00508048292249441,0.122336484491825,0.326852381229401,1,"Craugastor_omoaensis","Trachycephalus_vermiculatus",1,"generalist","specialist",56.9,105,"",NA,0
-104.059563873,20.9786470350001,0.10620142519474,0.0096724322065711,1419.74890136719,0.00406839372590184,0.427037060260773,7.41782331466675,-6.1400671005249,9.25834392546676e-05,0.204486697912216,0.098208986222744,1,"Craugastor_omoaensis","Hypopachus_variolosus",1,"generalist","specialist",NA,53,"carnivore",NA,0
-104.059563873,20.9786470350001,0.10620142519474,0.0096724322065711,1419.74890136719,0.00406839372590184,0.427037060260773,7.41782331466675,-6.1400671005249,9.25834392546676e-05,0.204486697912216,0.098208986222744,1,"Craugastor_omoaensis","Leptodactylus_melanonotus",1,"generalist","",NA,58,"",NA,0
-104.059563873,20.9786470350001,0.10620142519474,0.0096724322065711,1419.74890136719,0.00406839372590184,0.427037060260773,7.41782331466675,-6.1400671005249,9.25834392546676e-05,0.204486697912216,0.098208986222744,1,"Craugastor_omoaensis","Rhinella_horribilis",1,"generalist","specialist",106.25,241,"",NA,0
-104.059563873,20.9786470350001,0.10620142519474,0.0096724322065711,1419.74890136719,0.00406839372590184,0.427037060260773,7.41782331466675,-6.1400671005249,9.25834392546676e-05,0.204486697912216,0.098208986222744,1,"Craugastor_omoaensis","Smilisca_baudinii",1,"generalist","",NA,90,"",NA,0
-103.059563873,20.9786470350001,0.214423507452011,0.0555997081100941,1740.15173339844,0.00226271664723754,0.169439077377319,11.3919277191162,27.7910709381104,0.0317376740276814,0.505284011363983,0.00168116285931319,1,"Craugastor_omoaensis","Hypopachus_variolosus",1,"generalist","specialist",NA,53,"carnivore",NA,0
-103.059563873,20.9786470350001,0.214423507452011,0.0555997081100941,1740.15173339844,0.00226271664723754,0.169439077377319,11.3919277191162,27.7910709381104,0.0317376740276814,0.505284011363983,0.00168116285931319,1,"Craugastor_omoaensis","Leptodactylus_melanonotus",1,"generalist","",NA,58,"",NA,0
-103.059563873,20.9786470350001,0.214423507452011,0.0555997081100941,1740.15173339844,0.00226271664723754,0.169439077377319,11.3919277191162,27.7910709381104,0.0317376740276814,0.505284011363983,0.00168116285931319,1,"Craugastor_omoaensis","Rhinella_horribilis",1,"generalist","specialist",106.25,241,"",NA,0
-103.059563873,20.9786470350001,0.214423507452011,0.0555997081100941,1740.15173339844,0.00226271664723754,0.169439077377319,11.3919277191162,27.7910709381104,0.0317376740276814,0.505284011363983,0.00168116285931319,1,"Craugastor_omoaensis","Smilisca_baudinii",1,"generalist","",NA,90,"",NA,0
-102.059563873,20.9786470350001,0.330233097076416,0.0388360321521759,1932.08996582031,0.00269853929057717,0.0813632979989052,10.7303743362427,26.8392925262451,0.0124790081754327,0.449818789958954,0,1,"Craugastor_omoaensis","Hypopachus_variolosus",1,"generalist","specialist",NA,53,"carnivore",NA,0
-100.059563873,20.9786470350001,0.126876398921013,0.0401974394917488,1945.16333007812,0.00194870738778263,0.124055162072182,10.5612878799438,25.85671043396,0.0119743645191193,0.0591660998761654,0.0236246306449175,1,"Craugastor_omoaensis","Engystomops_pustulosus",1,"generalist","",NA,48.2,"",NA,0
-100.059563873,20.9786470350001,0.126876398921013,0.0401974394917488,1945.16333007812,0.00194870738778263,0.124055162072182,10.5612878799438,25.85671043396,0.0119743645191193,0.0591660998761654,0.0236246306449175,1,"Craugastor_omoaensis","Rhinella_horribilis",1,"generalist","specialist",106.25,241,"",NA,0
-100.059563873,20.9786470350001,0.126876398921013,0.0401974394917488,1945.16333007812,0.00194870738778263,0.124055162072182,10.5612878799438,25.85671043396,0.0119743645191193,0.0591660998761654,0.0236246306449175,1,"Craugastor_omoaensis","Smilisca_baudinii",1,"generalist","",NA,90,"",NA,0
-99.0595638729999,20.9786470350001,0.0230962373316288,0.0105377985164523,1317.60461425781,0.0542832389473915,0.469555467367172,7.6978816986084,27.028715133667,0.000247718184255064,0.00775172235444188,0.112635545432568,1,"Craugastor_omoaensis","Hypopachus_variolosus",1,"generalist","specialist",NA,53,"carnivore",NA,0
-99.0595638729999,20.9786470350001,0.0230962373316288,0.0105377985164523,1317.60461425781,0.0542832389473915,0.469555467367172,7.6978816986084,27.028715133667,0.000247718184255064,0.00775172235444188,0.112635545432568,1,"Craugastor_omoaensis","Rhinella_horribilis",1,"generalist","specialist",106.25,241,"",NA,0
-99.0595638729999,20.9786470350001,0.0230962373316288,0.0105377985164523,1317.60461425781,0.0542832389473915,0.469555467367172,7.6978816986084,27.028715133667,0.000247718184255064,0.00775172235444188,0.112635545432568,1,"Craugastor_omoaensis","Scinax_staufferi",1,"generalist","",29,32,"",NA,0
-99.0595638729999,20.9786470350001,0.0230962373316288,0.0105377985164523,1317.60461425781,0.0542832389473915,0.469555467367172,7.6978816986084,27.028715133667,0.000247718184255064,0.00775172235444188,0.112635545432568,1,"Craugastor_omoaensis","Smilisca_baudinii",1,"generalist","",NA,90,"",NA,0
-99.0595638729999,20.9786470350001,0.0230962373316288,0.0105377985164523,1317.60461425781,0.0542832389473915,0.469555467367172,7.6978816986084,27.028715133667,0.000247718184255064,0.00775172235444188,0.112635545432568,1,"Craugastor_omoaensis","Trachycephalus_vermiculatus",1,"generalist","specialist",56.9,105,"",NA,0
-98.0595638729999,20.9786470350001,0.010183765552938,0.00694222655147314,350.759338378906,0.177217409014702,0.623098731040955,9.59102630615234,3.41545534133911,0.000312352174660191,0.0449048019945621,0.0438048504292965,1,"Craugastor_omoaensis","Hypopachus_variolosus",1,"generalist","specialist",NA,53,"carnivore",NA,0
-98.0595638729999,20.9786470350001,0.010183765552938,0.00694222655147314,350.759338378906,0.177217409014702,0.623098731040955,9.59102630615234,3.41545534133911,0.000312352174660191,0.0449048019945621,0.0438048504292965,1,"Craugastor_omoaensis","Leptodactylus_fragilis",1,"generalist","",NA,43,"",NA,0
-98.0595638729999,20.9786470350001,0.010183765552938,0.00694222655147314,350.759338378906,0.177217409014702,0.623098731040955,9.59102630615234,3.41545534133911,0.000312352174660191,0.0449048019945621,0.0438048504292965,1,"Craugastor_omoaensis","Leptodactylus_melanonotus",1,"generalist","",NA,58,"",NA,0
-98.0595638729999,20.9786470350001,0.010183765552938,0.00694222655147314,350.759338378906,0.177217409014702,0.623098731040955,9.59102630615234,3.41545534133911,0.000312352174660191,0.0449048019945621,0.0438048504292965,1,"Craugastor_omoaensis","Rhinella_horribilis",1,"generalist","specialist",106.25,241,"",NA,0
-98.0595638729999,20.9786470350001,0.010183765552938,0.00694222655147314,350.759338378906,0.177217409014702,0.623098731040955,9.59102630615234,3.41545534133911,0.000312352174660191,0.0449048019945621,0.0438048504292965,1,"Craugastor_omoaensis","Rhinophrynus_dorsalis",1,"specialist","specialist",90,89,"carnivore",NA,0
-98.0595638729999,20.9786470350001,0.010183765552938,0.00694222655147314,350.759338378906,0.177217409014702,0.623098731040955,9.59102630615234,3.41545534133911,0.000312352174660191,0.0449048019945621,0.0438048504292965,1,"Craugastor_omoaensis","Scinax_staufferi",1,"generalist","",29,32,"",NA,0
-98.0595638729999,20.9786470350001,0.010183765552938,0.00694222655147314,350.759338378906,0.177217409014702,0.623098731040955,9.59102630615234,3.41545534133911,0.000312352174660191,0.0449048019945621,0.0438048504292965,1,"Craugastor_omoaensis","Smilisca_baudinii",1,"generalist","",NA,90,"",NA,0
-98.0595638729999,20.9786470350001,0.010183765552938,0.00694222655147314,350.759338378906,0.177217409014702,0.623098731040955,9.59102630615234,3.41545534133911,0.000312352174660191,0.0449048019945621,0.0438048504292965,1,"Craugastor_omoaensis","Trachycephalus_vermiculatus",1,"generalist","specialist",56.9,105,"",NA,0
-97.0595638729999,20.9786470350001,0.0030805729329586,0.00812862254679203,48.9825897216797,0.0316323563456535,0.162095367908478,3.73746562004089,-6978.12939453125,0.00668729608878493,0.0125088924542069,0.00417108833789825,1,"Craugastor_omoaensis","Hypopachus_variolosus",1,"generalist","specialist",NA,53,"carnivore",NA,0
-97.0595638729999,20.9786470350001,0.0030805729329586,0.00812862254679203,48.9825897216797,0.0316323563456535,0.162095367908478,3.73746562004089,-6978.12939453125,0.00668729608878493,0.0125088924542069,0.00417108833789825,1,"Craugastor_omoaensis","Leptodactylus_fragilis",1,"generalist","",NA,43,"",NA,0
-97.0595638729999,20.9786470350001,0.0030805729329586,0.00812862254679203,48.9825897216797,0.0316323563456535,0.162095367908478,3.73746562004089,-6978.12939453125,0.00668729608878493,0.0125088924542069,0.00417108833789825,1,"Craugastor_omoaensis","Leptodactylus_melanonotus",1,"generalist","",NA,58,"",NA,0
-97.0595638729999,20.9786470350001,0.0030805729329586,0.00812862254679203,48.9825897216797,0.0316323563456535,0.162095367908478,3.73746562004089,-6978.12939453125,0.00668729608878493,0.0125088924542069,0.00417108833789825,1,"Craugastor_omoaensis","Rhinella_horribilis",1,"generalist","specialist",106.25,241,"",NA,0
-97.0595638729999,20.9786470350001,0.0030805729329586,0.00812862254679203,48.9825897216797,0.0316323563456535,0.162095367908478,3.73746562004089,-6978.12939453125,0.00668729608878493,0.0125088924542069,0.00417108833789825,1,"Craugastor_omoaensis","Rhinophrynus_dorsalis",1,"specialist","specialist",90,89,"carnivore",NA,0
-97.0595638729999,20.9786470350001,0.0030805729329586,0.00812862254679203,48.9825897216797,0.0316323563456535,0.162095367908478,3.73746562004089,-6978.12939453125,0.00668729608878493,0.0125088924542069,0.00417108833789825,1,"Craugastor_omoaensis","Scinax_staufferi",1,"generalist","",29,32,"",NA,0
-97.0595638729999,20.9786470350001,0.0030805729329586,0.00812862254679203,48.9825897216797,0.0316323563456535,0.162095367908478,3.73746562004089,-6978.12939453125,0.00668729608878493,0.0125088924542069,0.00417108833789825,1,"Craugastor_omoaensis","Smilisca_baudinii",1,"generalist","",NA,90,"",NA,0
-97.0595638729999,20.9786470350001,0.0030805729329586,0.00812862254679203,48.9825897216797,0.0316323563456535,0.162095367908478,3.73746562004089,-6978.12939453125,0.00668729608878493,0.0125088924542069,0.00417108833789825,1,"Craugastor_omoaensis","Trachycephalus_vermiculatus",1,"generalist","specialist",56.9,105,"",NA,0
-90.0595638729999,20.9786470350001,0.00166393036488444,0.01994046010077,9.73177051544189,0.054155383259058,0.407179743051529,6.13412666320801,-3510.88232421875,0.0233856551349163,0,0.285639077425003,1,"Craugastor_omoaensis","Hypopachus_variolosus",1,"generalist","specialist",NA,53,"carnivore",NA,0
-90.0595638729999,20.9786470350001,0.00166393036488444,0.01994046010077,9.73177051544189,0.054155383259058,0.407179743051529,6.13412666320801,-3510.88232421875,0.0233856551349163,0,0.285639077425003,1,"Craugastor_omoaensis","Incilius_valliceps",1,"specialist","",60,125,"",NA,0
-90.0595638729999,20.9786470350001,0.00166393036488444,0.01994046010077,9.73177051544189,0.054155383259058,0.407179743051529,6.13412666320801,-3510.88232421875,0.0233856551349163,0,0.285639077425003,1,"Craugastor_omoaensis","Leptodactylus_fragilis",1,"generalist","",NA,43,"",NA,0
-90.0595638729999,20.9786470350001,0.00166393036488444,0.01994046010077,9.73177051544189,0.054155383259058,0.407179743051529,6.13412666320801,-3510.88232421875,0.0233856551349163,0,0.285639077425003,1,"Craugastor_omoaensis","Leptodactylus_melanonotus",1,"generalist","",NA,58,"",NA,0
-90.0595638729999,20.9786470350001,0.00166393036488444,0.01994046010077,9.73177051544189,0.054155383259058,0.407179743051529,6.13412666320801,-3510.88232421875,0.0233856551349163,0,0.285639077425003,1,"Craugastor_omoaensis","Lithobates_brownorum",1,"generalist","specialist",NA,NA,"",NA,0
-90.0595638729999,20.9786470350001,0.00166393036488444,0.01994046010077,9.73177051544189,0.054155383259058,0.407179743051529,6.13412666320801,-3510.88232421875,0.0233856551349163,0,0.285639077425003,1,"Craugastor_omoaensis","Rhinella_horribilis",1,"generalist","specialist",106.25,241,"",NA,0
-90.0595638729999,20.9786470350001,0.00166393036488444,0.01994046010077,9.73177051544189,0.054155383259058,0.407179743051529,6.13412666320801,-3510.88232421875,0.0233856551349163,0,0.285639077425003,1,"Craugastor_omoaensis","Rhinophrynus_dorsalis",1,"specialist","specialist",90,89,"carnivore",NA,0
-90.0595638729999,20.9786470350001,0.00166393036488444,0.01994046010077,9.73177051544189,0.054155383259058,0.407179743051529,6.13412666320801,-3510.88232421875,0.0233856551349163,0,0.285639077425003,1,"Craugastor_omoaensis","Smilisca_baudinii",1,"generalist","",NA,90,"",NA,0
-90.0595638729999,20.9786470350001,0.00166393036488444,0.01994046010077,9.73177051544189,0.054155383259058,0.407179743051529,6.13412666320801,-3510.88232421875,0.0233856551349163,0,0.285639077425003,1,"Craugastor_omoaensis","Trachycephalus_vermiculatus",1,"generalist","specialist",56.9,105,"",NA,0
-89.0595638729999,20.9786470350001,0.00135586212854832,0.00563737004995346,15.477668762207,0.154632300138474,0.670057117938995,6.90529727935791,-796.832092285156,0.000426165061071515,0,0.516348898410797,1,"Craugastor_omoaensis","Dendropsophus_microcephalus",1,"generalist","",28,32,"",NA,0
-89.0595638729999,20.9786470350001,0.00135586212854832,0.00563737004995346,15.477668762207,0.154632300138474,0.670057117938995,6.90529727935791,-796.832092285156,0.000426165061071515,0,0.516348898410797,1,"Craugastor_omoaensis","Hypopachus_variolosus",1,"generalist","specialist",NA,53,"carnivore",NA,0
-89.0595638729999,20.9786470350001,0.00135586212854832,0.00563737004995346,15.477668762207,0.154632300138474,0.670057117938995,6.90529727935791,-796.832092285156,0.000426165061071515,0,0.516348898410797,1,"Craugastor_omoaensis","Incilius_valliceps",1,"specialist","",60,125,"",NA,0
-89.0595638729999,20.9786470350001,0.00135586212854832,0.00563737004995346,15.477668762207,0.154632300138474,0.670057117938995,6.90529727935791,-796.832092285156,0.000426165061071515,0,0.516348898410797,1,"Craugastor_omoaensis","Leptodactylus_fragilis",1,"generalist","",NA,43,"",NA,0
-89.0595638729999,20.9786470350001,0.00135586212854832,0.00563737004995346,15.477668762207,0.154632300138474,0.670057117938995,6.90529727935791,-796.832092285156,0.000426165061071515,0,0.516348898410797,1,"Craugastor_omoaensis","Leptodactylus_melanonotus",1,"generalist","",NA,58,"",NA,0
-89.0595638729999,20.9786470350001,0.00135586212854832,0.00563737004995346,15.477668762207,0.154632300138474,0.670057117938995,6.90529727935791,-796.832092285156,0.000426165061071515,0,0.516348898410797,1,"Craugastor_omoaensis","Lithobates_brownorum",1,"generalist","specialist",NA,NA,"",NA,0
-89.0595638729999,20.9786470350001,0.00135586212854832,0.00563737004995346,15.477668762207,0.154632300138474,0.670057117938995,6.90529727935791,-796.832092285156,0.000426165061071515,0,0.516348898410797,1,"Craugastor_omoaensis","Rhinella_horribilis",1,"generalist","specialist",106.25,241,"",NA,0
-89.0595638729999,20.9786470350001,0.00135586212854832,0.00563737004995346,15.477668762207,0.154632300138474,0.670057117938995,6.90529727935791,-796.832092285156,0.000426165061071515,0,0.516348898410797,1,"Craugastor_omoaensis","Rhinophrynus_dorsalis",1,"specialist","specialist",90,89,"carnivore",NA,0
-89.0595638729999,20.9786470350001,0.00135586212854832,0.00563737004995346,15.477668762207,0.154632300138474,0.670057117938995,6.90529727935791,-796.832092285156,0.000426165061071515,0,0.516348898410797,1,"Craugastor_omoaensis","Smilisca_baudinii",1,"generalist","",NA,90,"",NA,0
-89.0595638729999,20.9786470350001,0.00135586212854832,0.00563737004995346,15.477668762207,0.154632300138474,0.670057117938995,6.90529727935791,-796.832092285156,0.000426165061071515,0,0.516348898410797,1,"Craugastor_omoaensis","Tlalocohyla_loquax",1,"generalist","",NA,77,"",NA,0
-89.0595638729999,20.9786470350001,0.00135586212854832,0.00563737004995346,15.477668762207,0.154632300138474,0.670057117938995,6.90529727935791,-796.832092285156,0.000426165061071515,0,0.516348898410797,1,"Craugastor_omoaensis","Trachycephalus_vermiculatus",1,"generalist","specialist",56.9,105,"",NA,0
-88.0595638729999,20.9786470350001,0.00612600520253181,0.00278373691253364,20.5918350219727,0.201716989278793,0.726739227771759,5.62237167358398,-155.763153076172,0,0.00334080774337053,0.62913852930069,1,"Craugastor_omoaensis","Agalychnis_callidryas",1,"generalist","",12,77.2,"",NA,0
-88.0595638729999,20.9786470350001,0.00612600520253181,0.00278373691253364,20.5918350219727,0.201716989278793,0.726739227771759,5.62237167358398,-155.763153076172,0,0.00334080774337053,0.62913852930069,1,"Craugastor_omoaensis","Dendropsophus_microcephalus",1,"generalist","",28,32,"",NA,0
-88.0595638729999,20.9786470350001,0.00612600520253181,0.00278373691253364,20.5918350219727,0.201716989278793,0.726739227771759,5.62237167358398,-155.763153076172,0,0.00334080774337053,0.62913852930069,1,"Craugastor_omoaensis","Hypopachus_variolosus",1,"generalist","specialist",NA,53,"carnivore",NA,0
-88.0595638729999,20.9786470350001,0.00612600520253181,0.00278373691253364,20.5918350219727,0.201716989278793,0.726739227771759,5.62237167358398,-155.763153076172,0,0.00334080774337053,0.62913852930069,1,"Craugastor_omoaensis","Incilius_valliceps",1,"specialist","",60,125,"",NA,0
-88.0595638729999,20.9786470350001,0.00612600520253181,0.00278373691253364,20.5918350219727,0.201716989278793,0.726739227771759,5.62237167358398,-155.763153076172,0,0.00334080774337053,0.62913852930069,1,"Craugastor_omoaensis","Leptodactylus_fragilis",1,"generalist","",NA,43,"",NA,0
-88.0595638729999,20.9786470350001,0.00612600520253181,0.00278373691253364,20.5918350219727,0.201716989278793,0.726739227771759,5.62237167358398,-155.763153076172,0,0.00334080774337053,0.62913852930069,1,"Craugastor_omoaensis","Leptodactylus_melanonotus",1,"generalist","",NA,58,"",NA,0
-88.0595638729999,20.9786470350001,0.00612600520253181,0.00278373691253364,20.5918350219727,0.201716989278793,0.726739227771759,5.62237167358398,-155.763153076172,0,0.00334080774337053,0.62913852930069,1,"Craugastor_omoaensis","Lithobates_brownorum",1,"generalist","specialist",NA,NA,"",NA,0
-88.0595638729999,20.9786470350001,0.00612600520253181,0.00278373691253364,20.5918350219727,0.201716989278793,0.726739227771759,5.62237167358398,-155.763153076172,0,0.00334080774337053,0.62913852930069,1,"Craugastor_omoaensis","Rhinella_horribilis",1,"generalist","specialist",106.25,241,"",NA,0
-88.0595638729999,20.9786470350001,0.00612600520253181,0.00278373691253364,20.5918350219727,0.201716989278793,0.726739227771759,5.62237167358398,-155.763153076172,0,0.00334080774337053,0.62913852930069,1,"Craugastor_omoaensis","Rhinophrynus_dorsalis",1,"specialist","specialist",90,89,"carnivore",NA,0
-88.0595638729999,20.9786470350001,0.00612600520253181,0.00278373691253364,20.5918350219727,0.201716989278793,0.726739227771759,5.62237167358398,-155.763153076172,0,0.00334080774337053,0.62913852930069,1,"Craugastor_omoaensis","Smilisca_baudinii",1,"generalist","",NA,90,"",NA,0
-88.0595638729999,20.9786470350001,0.00612600520253181,0.00278373691253364,20.5918350219727,0.201716989278793,0.726739227771759,5.62237167358398,-155.763153076172,0,0.00334080774337053,0.62913852930069,1,"Craugastor_omoaensis","Tlalocohyla_loquax",1,"generalist","",NA,77,"",NA,0
-88.0595638729999,20.9786470350001,0.00612600520253181,0.00278373691253364,20.5918350219727,0.201716989278793,0.726739227771759,5.62237167358398,-155.763153076172,0,0.00334080774337053,0.62913852930069,1,"Craugastor_omoaensis","Trachycephalus_vermiculatus",1,"generalist","specialist",56.9,105,"",NA,0
-87.0595638729999,20.9786470350001,0.000209879959584214,0.0115997418761253,13.281421661377,0.133090332150459,0.526007771492004,3.91400551795959,-3104.61938476562,0.00334080774337053,6.08807204116601e-05,0.562667071819305,1,"Craugastor_omoaensis","Agalychnis_callidryas",1,"generalist","",12,77.2,"",NA,0
-87.0595638729999,20.9786470350001,0.000209879959584214,0.0115997418761253,13.281421661377,0.133090332150459,0.526007771492004,3.91400551795959,-3104.61938476562,0.00334080774337053,6.08807204116601e-05,0.562667071819305,1,"Craugastor_omoaensis","Dendropsophus_microcephalus",1,"generalist","",28,32,"",NA,0
-87.0595638729999,20.9786470350001,0.000209879959584214,0.0115997418761253,13.281421661377,0.133090332150459,0.526007771492004,3.91400551795959,-3104.61938476562,0.00334080774337053,6.08807204116601e-05,0.562667071819305,1,"Craugastor_omoaensis","Hypopachus_variolosus",1,"generalist","specialist",NA,53,"carnivore",NA,0
-87.0595638729999,20.9786470350001,0.000209879959584214,0.0115997418761253,13.281421661377,0.133090332150459,0.526007771492004,3.91400551795959,-3104.61938476562,0.00334080774337053,6.08807204116601e-05,0.562667071819305,1,"Craugastor_omoaensis","Incilius_valliceps",1,"specialist","",60,125,"",NA,0
-87.0595638729999,20.9786470350001,0.000209879959584214,0.0115997418761253,13.281421661377,0.133090332150459,0.526007771492004,3.91400551795959,-3104.61938476562,0.00334080774337053,6.08807204116601e-05,0.562667071819305,1,"Craugastor_omoaensis","Leptodactylus_fragilis",1,"generalist","",NA,43,"",NA,0
-87.0595638729999,20.9786470350001,0.000209879959584214,0.0115997418761253,13.281421661377,0.133090332150459,0.526007771492004,3.91400551795959,-3104.61938476562,0.00334080774337053,6.08807204116601e-05,0.562667071819305,1,"Craugastor_omoaensis","Leptodactylus_melanonotus",1,"generalist","",NA,58,"",NA,0
-87.0595638729999,20.9786470350001,0.000209879959584214,0.0115997418761253,13.281421661377,0.133090332150459,0.526007771492004,3.91400551795959,-3104.61938476562,0.00334080774337053,6.08807204116601e-05,0.562667071819305,1,"Craugastor_omoaensis","Lithobates_brownorum",1,"generalist","specialist",NA,NA,"",NA,0
-87.0595638729999,20.9786470350001,0.000209879959584214,0.0115997418761253,13.281421661377,0.133090332150459,0.526007771492004,3.91400551795959,-3104.61938476562,0.00334080774337053,6.08807204116601e-05,0.562667071819305,1,"Craugastor_omoaensis","Rhinella_horribilis",1,"generalist","specialist",106.25,241,"",NA,0
-87.0595638729999,20.9786470350001,0.000209879959584214,0.0115997418761253,13.281421661377,0.133090332150459,0.526007771492004,3.91400551795959,-3104.61938476562,0.00334080774337053,6.08807204116601e-05,0.562667071819305,1,"Craugastor_omoaensis","Rhinophrynus_dorsalis",1,"specialist","specialist",90,89,"carnivore",NA,0
-87.0595638729999,20.9786470350001,0.000209879959584214,0.0115997418761253,13.281421661377,0.133090332150459,0.526007771492004,3.91400551795959,-3104.61938476562,0.00334080774337053,6.08807204116601e-05,0.562667071819305,1,"Craugastor_omoaensis","Scinax_staufferi",1,"generalist","",29,32,"",NA,0
-87.0595638729999,20.9786470350001,0.000209879959584214,0.0115997418761253,13.281421661377,0.133090332150459,0.526007771492004,3.91400551795959,-3104.61938476562,0.00334080774337053,6.08807204116601e-05,0.562667071819305,1,"Craugastor_omoaensis","Smilisca_baudinii",1,"generalist","",NA,90,"",NA,0
-87.0595638729999,20.9786470350001,0.000209879959584214,0.0115997418761253,13.281421661377,0.133090332150459,0.526007771492004,3.91400551795959,-3104.61938476562,0.00334080774337053,6.08807204116601e-05,0.562667071819305,1,"Craugastor_omoaensis","Tlalocohyla_loquax",1,"generalist","",NA,77,"",NA,0
-87.0595638729999,20.9786470350001,0.000209879959584214,0.0115997418761253,13.281421661377,0.133090332150459,0.526007771492004,3.91400551795959,-3104.61938476562,0.00334080774337053,6.08807204116601e-05,0.562667071819305,1,"Craugastor_omoaensis","Trachycephalus_vermiculatus",1,"generalist","specialist",56.9,105,"",NA,0
-106.059563873,19.9786470350001,0.000329107599100098,0.000148926352267154,179.597518920898,0.00121225276961923,0.0767595842480659,0.126890882849693,-9659.142578125,0,0,0.0200794823467731,1,"Craugastor_omoaensis","Hypopachus_variolosus",1,"generalist","specialist",NA,53,"carnivore",NA,0
-106.059563873,19.9786470350001,0.000329107599100098,0.000148926352267154,179.597518920898,0.00121225276961923,0.0767595842480659,0.126890882849693,-9659.142578125,0,0,0.0200794823467731,1,"Craugastor_omoaensis","Leptodactylus_melanonotus",1,"generalist","",NA,58,"",NA,0
-106.059563873,19.9786470350001,0.000329107599100098,0.000148926352267154,179.597518920898,0.00121225276961923,0.0767595842480659,0.126890882849693,-9659.142578125,0,0,0.0200794823467731,1,"Craugastor_omoaensis","Rhinella_horribilis",1,"generalist","specialist",106.25,241,"",NA,0
-106.059563873,19.9786470350001,0.000329107599100098,0.000148926352267154,179.597518920898,0.00121225276961923,0.0767595842480659,0.126890882849693,-9659.142578125,0,0,0.0200794823467731,1,"Craugastor_omoaensis","Smilisca_baudinii",1,"generalist","",NA,90,"",NA,0
-106.059563873,19.9786470350001,0.000329107599100098,0.000148926352267154,179.597518920898,0.00121225276961923,0.0767595842480659,0.126890882849693,-9659.142578125,0,0,0.0200794823467731,1,"Craugastor_omoaensis","Trachycephalus_vermiculatus",1,"generalist","specialist",56.9,105,"",NA,0
-105.059563873,19.9786470350001,0.0133483065292239,0.00210777902975678,664.772827148438,0.0330251939594746,0.65027904510498,4.43984222412109,-1404.50769042969,0.000103906997537706,0.0375029779970646,0.289348870515823,1,"Craugastor_omoaensis","Hypopachus_variolosus",1,"generalist","specialist",NA,53,"carnivore",NA,0
-105.059563873,19.9786470350001,0.0133483065292239,0.00210777902975678,664.772827148438,0.0330251939594746,0.65027904510498,4.43984222412109,-1404.50769042969,0.000103906997537706,0.0375029779970646,0.289348870515823,1,"Craugastor_omoaensis","Leptodactylus_melanonotus",1,"generalist","",NA,58,"",NA,0
-105.059563873,19.9786470350001,0.0133483065292239,0.00210777902975678,664.772827148438,0.0330251939594746,0.65027904510498,4.43984222412109,-1404.50769042969,0.000103906997537706,0.0375029779970646,0.289348870515823,1,"Craugastor_omoaensis","Rhinella_horribilis",1,"generalist","specialist",106.25,241,"",NA,0
-105.059563873,19.9786470350001,0.0133483065292239,0.00210777902975678,664.772827148438,0.0330251939594746,0.65027904510498,4.43984222412109,-1404.50769042969,0.000103906997537706,0.0375029779970646,0.289348870515823,1,"Craugastor_omoaensis","Smilisca_baudinii",1,"generalist","",NA,90,"",NA,0
-105.059563873,19.9786470350001,0.0133483065292239,0.00210777902975678,664.772827148438,0.0330251939594746,0.65027904510498,4.43984222412109,-1404.50769042969,0.000103906997537706,0.0375029779970646,0.289348870515823,1,"Craugastor_omoaensis","Trachycephalus_vermiculatus",1,"generalist","specialist",56.9,105,"",NA,0
-104.059563873,19.9786470350001,0.0965304002165794,0.00978864077478647,1510.85424804688,0.0171668138355017,0.482373207807541,7.02099609375,5.23029851913452,0.0016722974833101,0.186948373913765,0.224323704838753,1,"Craugastor_omoaensis","Hypopachus_variolosus",1,"generalist","specialist",NA,53,"carnivore",NA,0
-104.059563873,19.9786470350001,0.0965304002165794,0.00978864077478647,1510.85424804688,0.0171668138355017,0.482373207807541,7.02099609375,5.23029851913452,0.0016722974833101,0.186948373913765,0.224323704838753,1,"Craugastor_omoaensis","Leptodactylus_melanonotus",1,"generalist","",NA,58,"",NA,0
-104.059563873,19.9786470350001,0.0965304002165794,0.00978864077478647,1510.85424804688,0.0171668138355017,0.482373207807541,7.02099609375,5.23029851913452,0.0016722974833101,0.186948373913765,0.224323704838753,1,"Craugastor_omoaensis","Rhinella_horribilis",1,"generalist","specialist",106.25,241,"",NA,0
-104.059563873,19.9786470350001,0.0965304002165794,0.00978864077478647,1510.85424804688,0.0171668138355017,0.482373207807541,7.02099609375,5.23029851913452,0.0016722974833101,0.186948373913765,0.224323704838753,1,"Craugastor_omoaensis","Smilisca_baudinii",1,"generalist","",NA,90,"",NA,0
-104.059563873,19.9786470350001,0.0965304002165794,0.00978864077478647,1510.85424804688,0.0171668138355017,0.482373207807541,7.02099609375,5.23029851913452,0.0016722974833101,0.186948373913765,0.224323704838753,1,"Craugastor_omoaensis","Trachycephalus_vermiculatus",1,"generalist","specialist",56.9,105,"",NA,0
-103.059563873,19.9786470350001,0.158014327287674,0.0201063249260187,1624.10949707031,0.0199403539299965,0.368247389793396,9.18174934387207,28.3257751464844,0.000688517990056425,0.294378280639648,0.16936194896698,1,"Craugastor_omoaensis","Hypopachus_variolosus",1,"generalist","specialist",NA,53,"carnivore",NA,0
-103.059563873,19.9786470350001,0.158014327287674,0.0201063249260187,1624.10949707031,0.0199403539299965,0.368247389793396,9.18174934387207,28.3257751464844,0.000688517990056425,0.294378280639648,0.16936194896698,1,"Craugastor_omoaensis","Leptodactylus_fragilis",1,"generalist","",NA,43,"",NA,0
-103.059563873,19.9786470350001,0.158014327287674,0.0201063249260187,1624.10949707031,0.0199403539299965,0.368247389793396,9.18174934387207,28.3257751464844,0.000688517990056425,0.294378280639648,0.16936194896698,1,"Craugastor_omoaensis","Leptodactylus_melanonotus",1,"generalist","",NA,58,"",NA,0
-103.059563873,19.9786470350001,0.158014327287674,0.0201063249260187,1624.10949707031,0.0199403539299965,0.368247389793396,9.18174934387207,28.3257751464844,0.000688517990056425,0.294378280639648,0.16936194896698,1,"Craugastor_omoaensis","Rhinella_horribilis",1,"generalist","specialist",106.25,241,"",NA,0
-103.059563873,19.9786470350001,0.158014327287674,0.0201063249260187,1624.10949707031,0.0199403539299965,0.368247389793396,9.18174934387207,28.3257751464844,0.000688517990056425,0.294378280639648,0.16936194896698,1,"Craugastor_omoaensis","Smilisca_baudinii",1,"generalist","",NA,90,"",NA,0
-102.059563873,19.9786470350001,0.290918976068497,0.0283201541751623,1961.02917480469,0.0250840745866299,0.311046838760376,10.4214973449707,26.870059967041,0.00693605747073889,0.390148848295212,0.0998970195651054,1,"Craugastor_omoaensis","Hypopachus_variolosus",1,"generalist","specialist",NA,53,"carnivore",NA,0
-102.059563873,19.9786470350001,0.290918976068497,0.0283201541751623,1961.02917480469,0.0250840745866299,0.311046838760376,10.4214973449707,26.870059967041,0.00693605747073889,0.390148848295212,0.0998970195651054,1,"Craugastor_omoaensis","Leptodactylus_fragilis",1,"generalist","",NA,43,"",NA,0
-102.059563873,19.9786470350001,0.290918976068497,0.0283201541751623,1961.02917480469,0.0250840745866299,0.311046838760376,10.4214973449707,26.870059967041,0.00693605747073889,0.390148848295212,0.0998970195651054,1,"Craugastor_omoaensis","Rhinella_horribilis",1,"generalist","specialist",106.25,241,"",NA,0
-102.059563873,19.9786470350001,0.290918976068497,0.0283201541751623,1961.02917480469,0.0250840745866299,0.311046838760376,10.4214973449707,26.870059967041,0.00693605747073889,0.390148848295212,0.0998970195651054,1,"Craugastor_omoaensis","Smilisca_baudinii",1,"generalist","",NA,90,"",NA,0
-101.059563873,19.9786470350001,0.237126275897026,0.0362515039741993,2053.6875,0.0136488685384393,0.335635244846344,11.6439332962036,25.868968963623,0.0171419400721788,0.411046177148819,0.160453915596008,1,"Craugastor_omoaensis","Rhinella_horribilis",1,"generalist","specialist",106.25,241,"",NA,0
-101.059563873,19.9786470350001,0.237126275897026,0.0362515039741993,2053.6875,0.0136488685384393,0.335635244846344,11.6439332962036,25.868968963623,0.0171419400721788,0.411046177148819,0.160453915596008,1,"Craugastor_omoaensis","Smilisca_baudinii",1,"generalist","",NA,90,"",NA,0
-100.059563873,19.9786470350001,0.325062811374664,0.0348704867064953,2452.23608398438,0.00500074541196227,0.23437137901783,11.8920087814331,24.0744934082031,0.00222293776459992,0.47284346818924,0.0768398717045784,1,"Craugastor_omoaensis","Smilisca_baudinii",1,"generalist","",NA,90,"",NA,0
-99.0595638729999,19.9786470350001,0.229982361197472,0.112610466778278,2324.44677734375,0.00418091611936688,0.136600762605667,17.6505813598633,23.7126293182373,0.0668510124087334,0.173956513404846,0.0620284005999565,1,"Craugastor_omoaensis","Rhinella_horribilis",1,"generalist","specialist",106.25,241,"",NA,0
-99.0595638729999,19.9786470350001,0.229982361197472,0.112610466778278,2324.44677734375,0.00418091611936688,0.136600762605667,17.6505813598633,23.7126293182373,0.0668510124087334,0.173956513404846,0.0620284005999565,1,"Craugastor_omoaensis","Scinax_staufferi",1,"generalist","",29,32,"",NA,0
-98.0595638729999,19.9786470350001,0.227944418787956,0.023169094696641,1947.56518554688,0.0481214113533497,0.503525733947754,10.8665761947632,24.1083164215088,0.00121761439368129,0.219398126006126,0.110547952353954,1,"Craugastor_omoaensis","Hypopachus_variolosus",1,"generalist","specialist",NA,53,"carnivore",NA,0
-98.0595638729999,19.9786470350001,0.227944418787956,0.023169094696641,1947.56518554688,0.0481214113533497,0.503525733947754,10.8665761947632,24.1083164215088,0.00121761439368129,0.219398126006126,0.110547952353954,1,"Craugastor_omoaensis","Leptodactylus_fragilis",1,"generalist","",NA,43,"",NA,0
-98.0595638729999,19.9786470350001,0.227944418787956,0.023169094696641,1947.56518554688,0.0481214113533497,0.503525733947754,10.8665761947632,24.1083164215088,0.00121761439368129,0.219398126006126,0.110547952353954,1,"Craugastor_omoaensis","Rhinella_horribilis",1,"generalist","specialist",106.25,241,"",NA,0
-98.0595638729999,19.9786470350001,0.227944418787956,0.023169094696641,1947.56518554688,0.0481214113533497,0.503525733947754,10.8665761947632,24.1083164215088,0.00121761439368129,0.219398126006126,0.110547952353954,1,"Craugastor_omoaensis","Scinax_staufferi",1,"generalist","",29,32,"",NA,0
-98.0595638729999,19.9786470350001,0.227944418787956,0.023169094696641,1947.56518554688,0.0481214113533497,0.503525733947754,10.8665761947632,24.1083164215088,0.00121761439368129,0.219398126006126,0.110547952353954,1,"Craugastor_omoaensis","Smilisca_baudinii",1,"generalist","",NA,90,"",NA,0
-98.0595638729999,19.9786470350001,0.227944418787956,0.023169094696641,1947.56518554688,0.0481214113533497,0.503525733947754,10.8665761947632,24.1083164215088,0.00121761439368129,0.219398126006126,0.110547952353954,1,"Craugastor_omoaensis","Trachycephalus_vermiculatus",1,"generalist","specialist",56.9,105,"",NA,0
-97.0595638729999,19.9786470350001,0.0444364845752716,0.0174695216119289,906.715393066406,0.0564545914530754,0.500181496143341,10.3037824630737,-1008.91058349609,0.00849056243896484,0.0526273809373379,0.0872542709112167,1,"Craugastor_omoaensis","Hyalinobatrachium_viridissimum",1,"specialist","",NA,NA,"",NA,0
-97.0595638729999,19.9786470350001,0.0444364845752716,0.0174695216119289,906.715393066406,0.0564545914530754,0.500181496143341,10.3037824630737,-1008.91058349609,0.00849056243896484,0.0526273809373379,0.0872542709112167,1,"Craugastor_omoaensis","Hypopachus_variolosus",1,"generalist","specialist",NA,53,"carnivore",NA,0
-97.0595638729999,19.9786470350001,0.0444364845752716,0.0174695216119289,906.715393066406,0.0564545914530754,0.500181496143341,10.3037824630737,-1008.91058349609,0.00849056243896484,0.0526273809373379,0.0872542709112167,1,"Craugastor_omoaensis","Incilius_valliceps",1,"specialist","",60,125,"",NA,0
-97.0595638729999,19.9786470350001,0.0444364845752716,0.0174695216119289,906.715393066406,0.0564545914530754,0.500181496143341,10.3037824630737,-1008.91058349609,0.00849056243896484,0.0526273809373379,0.0872542709112167,1,"Craugastor_omoaensis","Leptodactylus_fragilis",1,"generalist","",NA,43,"",NA,0
-97.0595638729999,19.9786470350001,0.0444364845752716,0.0174695216119289,906.715393066406,0.0564545914530754,0.500181496143341,10.3037824630737,-1008.91058349609,0.00849056243896484,0.0526273809373379,0.0872542709112167,1,"Craugastor_omoaensis","Leptodactylus_melanonotus",1,"generalist","",NA,58,"",NA,0
-97.0595638729999,19.9786470350001,0.0444364845752716,0.0174695216119289,906.715393066406,0.0564545914530754,0.500181496143341,10.3037824630737,-1008.91058349609,0.00849056243896484,0.0526273809373379,0.0872542709112167,1,"Craugastor_omoaensis","Rhinella_horribilis",1,"generalist","specialist",106.25,241,"",NA,0
-97.0595638729999,19.9786470350001,0.0444364845752716,0.0174695216119289,906.715393066406,0.0564545914530754,0.500181496143341,10.3037824630737,-1008.91058349609,0.00849056243896484,0.0526273809373379,0.0872542709112167,1,"Craugastor_omoaensis","Rhinophrynus_dorsalis",1,"specialist","specialist",90,89,"carnivore",NA,0
-97.0595638729999,19.9786470350001,0.0444364845752716,0.0174695216119289,906.715393066406,0.0564545914530754,0.500181496143341,10.3037824630737,-1008.91058349609,0.00849056243896484,0.0526273809373379,0.0872542709112167,1,"Craugastor_omoaensis","Scinax_staufferi",1,"generalist","",29,32,"",NA,0
-97.0595638729999,19.9786470350001,0.0444364845752716,0.0174695216119289,906.715393066406,0.0564545914530754,0.500181496143341,10.3037824630737,-1008.91058349609,0.00849056243896484,0.0526273809373379,0.0872542709112167,1,"Craugastor_omoaensis","Smilisca_baudinii",1,"generalist","",NA,90,"",NA,0
-97.0595638729999,19.9786470350001,0.0444364845752716,0.0174695216119289,906.715393066406,0.0564545914530754,0.500181496143341,10.3037824630737,-1008.91058349609,0.00849056243896484,0.0526273809373379,0.0872542709112167,1,"Craugastor_omoaensis","Trachycephalus_vermiculatus",1,"generalist","specialist",56.9,105,"",NA,0
-96.0595638729999,19.9786470350001,0.0188502445816994,0.00155111937783659,157.896606445312,0.00243307487107813,0.095862478017807,0.853518307209015,-9081.4111328125,0.000154726512846537,0.0226024389266968,0.00155372079461813,1,"Craugastor_omoaensis","Hyalinobatrachium_viridissimum",1,"specialist","",NA,NA,"",NA,0
-96.0595638729999,19.9786470350001,0.0188502445816994,0.00155111937783659,157.896606445312,0.00243307487107813,0.095862478017807,0.853518307209015,-9081.4111328125,0.000154726512846537,0.0226024389266968,0.00155372079461813,1,"Craugastor_omoaensis","Hypopachus_variolosus",1,"generalist","specialist",NA,53,"carnivore",NA,0
-96.0595638729999,19.9786470350001,0.0188502445816994,0.00155111937783659,157.896606445312,0.00243307487107813,0.095862478017807,0.853518307209015,-9081.4111328125,0.000154726512846537,0.0226024389266968,0.00155372079461813,1,"Craugastor_omoaensis","Incilius_valliceps",1,"specialist","",60,125,"",NA,0
-96.0595638729999,19.9786470350001,0.0188502445816994,0.00155111937783659,157.896606445312,0.00243307487107813,0.095862478017807,0.853518307209015,-9081.4111328125,0.000154726512846537,0.0226024389266968,0.00155372079461813,1,"Craugastor_omoaensis","Leptodactylus_fragilis",1,"generalist","",NA,43,"",NA,0
-96.0595638729999,19.9786470350001,0.0188502445816994,0.00155111937783659,157.896606445312,0.00243307487107813,0.095862478017807,0.853518307209015,-9081.4111328125,0.000154726512846537,0.0226024389266968,0.00155372079461813,1,"Craugastor_omoaensis","Leptodactylus_melanonotus",1,"generalist","",NA,58,"",NA,0
-96.0595638729999,19.9786470350001,0.0188502445816994,0.00155111937783659,157.896606445312,0.00243307487107813,0.095862478017807,0.853518307209015,-9081.4111328125,0.000154726512846537,0.0226024389266968,0.00155372079461813,1,"Craugastor_omoaensis","Rhinella_horribilis",1,"generalist","specialist",106.25,241,"",NA,0
-96.0595638729999,19.9786470350001,0.0188502445816994,0.00155111937783659,157.896606445312,0.00243307487107813,0.095862478017807,0.853518307209015,-9081.4111328125,0.000154726512846537,0.0226024389266968,0.00155372079461813,1,"Craugastor_omoaensis","Rhinophrynus_dorsalis",1,"specialist","specialist",90,89,"carnivore",NA,0
-96.0595638729999,19.9786470350001,0.0188502445816994,0.00155111937783659,157.896606445312,0.00243307487107813,0.095862478017807,0.853518307209015,-9081.4111328125,0.000154726512846537,0.0226024389266968,0.00155372079461813,1,"Craugastor_omoaensis","Scinax_staufferi",1,"generalist","",29,32,"",NA,0
-96.0595638729999,19.9786470350001,0.0188502445816994,0.00155111937783659,157.896606445312,0.00243307487107813,0.095862478017807,0.853518307209015,-9081.4111328125,0.000154726512846537,0.0226024389266968,0.00155372079461813,1,"Craugastor_omoaensis","Smilisca_baudinii",1,"generalist","",NA,90,"",NA,0
-96.0595638729999,19.9786470350001,0.0188502445816994,0.00155111937783659,157.896606445312,0.00243307487107813,0.095862478017807,0.853518307209015,-9081.4111328125,0.000154726512846537,0.0226024389266968,0.00155372079461813,1,"Craugastor_omoaensis","Trachycephalus_vermiculatus",1,"generalist","specialist",56.9,105,"",NA,0
-91.0595638729999,19.9786470350001,0.0160257238894701,0.00298164575360715,27.8823089599609,0.00534753920510411,0.0981972143054008,0.413864612579346,-9446.52734375,0,0.00835201982408762,0.0451009050011635,1,"Craugastor_omoaensis","Hypopachus_variolosus",1,"generalist","specialist",NA,53,"carnivore",NA,0
-91.0595638729999,19.9786470350001,0.0160257238894701,0.00298164575360715,27.8823089599609,0.00534753920510411,0.0981972143054008,0.413864612579346,-9446.52734375,0,0.00835201982408762,0.0451009050011635,1,"Craugastor_omoaensis","Incilius_valliceps",1,"specialist","",60,125,"",NA,0
-91.0595638729999,19.9786470350001,0.0160257238894701,0.00298164575360715,27.8823089599609,0.00534753920510411,0.0981972143054008,0.413864612579346,-9446.52734375,0,0.00835201982408762,0.0451009050011635,1,"Craugastor_omoaensis","Leptodactylus_fragilis",1,"generalist","",NA,43,"",NA,0
-91.0595638729999,19.9786470350001,0.0160257238894701,0.00298164575360715,27.8823089599609,0.00534753920510411,0.0981972143054008,0.413864612579346,-9446.52734375,0,0.00835201982408762,0.0451009050011635,1,"Craugastor_omoaensis","Leptodactylus_melanonotus",1,"generalist","",NA,58,"",NA,0
-91.0595638729999,19.9786470350001,0.0160257238894701,0.00298164575360715,27.8823089599609,0.00534753920510411,0.0981972143054008,0.413864612579346,-9446.52734375,0,0.00835201982408762,0.0451009050011635,1,"Craugastor_omoaensis","Lithobates_brownorum",1,"generalist","specialist",NA,NA,"",NA,0
-91.0595638729999,19.9786470350001,0.0160257238894701,0.00298164575360715,27.8823089599609,0.00534753920510411,0.0981972143054008,0.413864612579346,-9446.52734375,0,0.00835201982408762,0.0451009050011635,1,"Craugastor_omoaensis","Rhinella_horribilis",1,"generalist","specialist",106.25,241,"",NA,0
-91.0595638729999,19.9786470350001,0.0160257238894701,0.00298164575360715,27.8823089599609,0.00534753920510411,0.0981972143054008,0.413864612579346,-9446.52734375,0,0.00835201982408762,0.0451009050011635,1,"Craugastor_omoaensis","Rhinophrynus_dorsalis",1,"specialist","specialist",90,89,"carnivore",NA,0
-91.0595638729999,19.9786470350001,0.0160257238894701,0.00298164575360715,27.8823089599609,0.00534753920510411,0.0981972143054008,0.413864612579346,-9446.52734375,0,0.00835201982408762,0.0451009050011635,1,"Craugastor_omoaensis","Scinax_staufferi",1,"generalist","",29,32,"",NA,0
-91.0595638729999,19.9786470350001,0.0160257238894701,0.00298164575360715,27.8823089599609,0.00534753920510411,0.0981972143054008,0.413864612579346,-9446.52734375,0,0.00835201982408762,0.0451009050011635,1,"Craugastor_omoaensis","Smilisca_baudinii",1,"generalist","",NA,90,"",NA,0
-91.0595638729999,19.9786470350001,0.0160257238894701,0.00298164575360715,27.8823089599609,0.00534753920510411,0.0981972143054008,0.413864612579346,-9446.52734375,0,0.00835201982408762,0.0451009050011635,1,"Craugastor_omoaensis","Trachycephalus_vermiculatus",1,"generalist","specialist",56.9,105,"",NA,0
-90.0595638729999,19.9786470350001,0.0900940448045731,0.00545841921120882,61.5249519348145,0.162106528878212,0.690421104431152,6.17601680755615,-425.248291015625,0.00215530325658619,0.00182260572910309,0.765107989311218,1,"Craugastor_omoaensis","Dendropsophus_microcephalus",1,"generalist","",28,32,"",NA,0
-90.0595638729999,19.9786470350001,0.0900940448045731,0.00545841921120882,61.5249519348145,0.162106528878212,0.690421104431152,6.17601680755615,-425.248291015625,0.00215530325658619,0.00182260572910309,0.765107989311218,1,"Craugastor_omoaensis","Hypopachus_variolosus",1,"generalist","specialist",NA,53,"carnivore",NA,0
-90.0595638729999,19.9786470350001,0.0900940448045731,0.00545841921120882,61.5249519348145,0.162106528878212,0.690421104431152,6.17601680755615,-425.248291015625,0.00215530325658619,0.00182260572910309,0.765107989311218,1,"Craugastor_omoaensis","Incilius_valliceps",1,"specialist","",60,125,"",NA,0
-90.0595638729999,19.9786470350001,0.0900940448045731,0.00545841921120882,61.5249519348145,0.162106528878212,0.690421104431152,6.17601680755615,-425.248291015625,0.00215530325658619,0.00182260572910309,0.765107989311218,1,"Craugastor_omoaensis","Leptodactylus_fragilis",1,"generalist","",NA,43,"",NA,0
-90.0595638729999,19.9786470350001,0.0900940448045731,0.00545841921120882,61.5249519348145,0.162106528878212,0.690421104431152,6.17601680755615,-425.248291015625,0.00215530325658619,0.00182260572910309,0.765107989311218,1,"Craugastor_omoaensis","Leptodactylus_melanonotus",1,"generalist","",NA,58,"",NA,0
-90.0595638729999,19.9786470350001,0.0900940448045731,0.00545841921120882,61.5249519348145,0.162106528878212,0.690421104431152,6.17601680755615,-425.248291015625,0.00215530325658619,0.00182260572910309,0.765107989311218,1,"Craugastor_omoaensis","Lithobates_brownorum",1,"generalist","specialist",NA,NA,"",NA,0
-90.0595638729999,19.9786470350001,0.0900940448045731,0.00545841921120882,61.5249519348145,0.162106528878212,0.690421104431152,6.17601680755615,-425.248291015625,0.00215530325658619,0.00182260572910309,0.765107989311218,1,"Craugastor_omoaensis","Rhinella_horribilis",1,"generalist","specialist",106.25,241,"",NA,0
-90.0595638729999,19.9786470350001,0.0900940448045731,0.00545841921120882,61.5249519348145,0.162106528878212,0.690421104431152,6.17601680755615,-425.248291015625,0.00215530325658619,0.00182260572910309,0.765107989311218,1,"Craugastor_omoaensis","Rhinophrynus_dorsalis",1,"specialist","specialist",90,89,"carnivore",NA,0
-90.0595638729999,19.9786470350001,0.0900940448045731,0.00545841921120882,61.5249519348145,0.162106528878212,0.690421104431152,6.17601680755615,-425.248291015625,0.00215530325658619,0.00182260572910309,0.765107989311218,1,"Craugastor_omoaensis","Scinax_staufferi",1,"generalist","",29,32,"",NA,0
-90.0595638729999,19.9786470350001,0.0900940448045731,0.00545841921120882,61.5249519348145,0.162106528878212,0.690421104431152,6.17601680755615,-425.248291015625,0.00215530325658619,0.00182260572910309,0.765107989311218,1,"Craugastor_omoaensis","Smilisca_baudinii",1,"generalist","",NA,90,"",NA,0
-90.0595638729999,19.9786470350001,0.0900940448045731,0.00545841921120882,61.5249519348145,0.162106528878212,0.690421104431152,6.17601680755615,-425.248291015625,0.00215530325658619,0.00182260572910309,0.765107989311218,1,"Craugastor_omoaensis","Tlalocohyla_loquax",1,"generalist","",NA,77,"",NA,0
-90.0595638729999,19.9786470350001,0.0900940448045731,0.00545841921120882,61.5249519348145,0.162106528878212,0.690421104431152,6.17601680755615,-425.248291015625,0.00215530325658619,0.00182260572910309,0.765107989311218,1,"Craugastor_omoaensis","Trachycephalus_vermiculatus",1,"generalist","specialist",56.9,105,"",NA,0
-89.0595638729999,19.9786470350001,0.0153955901041627,0.00273321266286075,66.1017379760742,0.213787987828255,0.895933926105499,5.36849641799927,14.2717123031616,3.92768524761777e-05,3.04403602058301e-05,0.936566889286041,1,"Craugastor_omoaensis","Agalychnis_callidryas",1,"generalist","",12,77.2,"",NA,0
-89.0595638729999,19.9786470350001,0.0153955901041627,0.00273321266286075,66.1017379760742,0.213787987828255,0.895933926105499,5.36849641799927,14.2717123031616,3.92768524761777e-05,3.04403602058301e-05,0.936566889286041,1,"Craugastor_omoaensis","Dendropsophus_microcephalus",1,"generalist","",28,32,"",NA,0
-89.0595638729999,19.9786470350001,0.0153955901041627,0.00273321266286075,66.1017379760742,0.213787987828255,0.895933926105499,5.36849641799927,14.2717123031616,3.92768524761777e-05,3.04403602058301e-05,0.936566889286041,1,"Craugastor_omoaensis","Hypopachus_variolosus",1,"generalist","specialist",NA,53,"carnivore",NA,0
-89.0595638729999,19.9786470350001,0.0153955901041627,0.00273321266286075,66.1017379760742,0.213787987828255,0.895933926105499,5.36849641799927,14.2717123031616,3.92768524761777e-05,3.04403602058301e-05,0.936566889286041,1,"Craugastor_omoaensis","Incilius_valliceps",1,"specialist","",60,125,"",NA,0
-89.0595638729999,19.9786470350001,0.0153955901041627,0.00273321266286075,66.1017379760742,0.213787987828255,0.895933926105499,5.36849641799927,14.2717123031616,3.92768524761777e-05,3.04403602058301e-05,0.936566889286041,1,"Craugastor_omoaensis","Leptodactylus_fragilis",1,"generalist","",NA,43,"",NA,0
-89.0595638729999,19.9786470350001,0.0153955901041627,0.00273321266286075,66.1017379760742,0.213787987828255,0.895933926105499,5.36849641799927,14.2717123031616,3.92768524761777e-05,3.04403602058301e-05,0.936566889286041,1,"Craugastor_omoaensis","Leptodactylus_melanonotus",1,"generalist","",NA,58,"",NA,0
-89.0595638729999,19.9786470350001,0.0153955901041627,0.00273321266286075,66.1017379760742,0.213787987828255,0.895933926105499,5.36849641799927,14.2717123031616,3.92768524761777e-05,3.04403602058301e-05,0.936566889286041,1,"Craugastor_omoaensis","Lithobates_brownorum",1,"generalist","specialist",NA,NA,"",NA,0
-89.0595638729999,19.9786470350001,0.0153955901041627,0.00273321266286075,66.1017379760742,0.213787987828255,0.895933926105499,5.36849641799927,14.2717123031616,3.92768524761777e-05,3.04403602058301e-05,0.936566889286041,1,"Craugastor_omoaensis","Rhinella_horribilis",1,"generalist","specialist",106.25,241,"",NA,0
-89.0595638729999,19.9786470350001,0.0153955901041627,0.00273321266286075,66.1017379760742,0.213787987828255,0.895933926105499,5.36849641799927,14.2717123031616,3.92768524761777e-05,3.04403602058301e-05,0.936566889286041,1,"Craugastor_omoaensis","Rhinophrynus_dorsalis",1,"specialist","specialist",90,89,"carnivore",NA,0
-89.0595638729999,19.9786470350001,0.0153955901041627,0.00273321266286075,66.1017379760742,0.213787987828255,0.895933926105499,5.36849641799927,14.2717123031616,3.92768524761777e-05,3.04403602058301e-05,0.936566889286041,1,"Craugastor_omoaensis","Smilisca_baudinii",1,"generalist","",NA,90,"",NA,0
-89.0595638729999,19.9786470350001,0.0153955901041627,0.00273321266286075,66.1017379760742,0.213787987828255,0.895933926105499,5.36849641799927,14.2717123031616,3.92768524761777e-05,3.04403602058301e-05,0.936566889286041,1,"Craugastor_omoaensis","Tlalocohyla_loquax",1,"generalist","",NA,77,"",NA,0
-89.0595638729999,19.9786470350001,0.0153955901041627,0.00273321266286075,66.1017379760742,0.213787987828255,0.895933926105499,5.36849641799927,14.2717123031616,3.92768524761777e-05,3.04403602058301e-05,0.936566889286041,1,"Craugastor_omoaensis","Trachycephalus_vermiculatus",1,"generalist","specialist",56.9,105,"",NA,0
-88.0595638729999,19.9786470350001,0.000616572971921414,0.000778598594479263,22.9777565002441,0.141221672296524,0.87525337934494,3.6054220199585,-105.475051879883,0,6.92713292664848e-05,0.894932627677917,1,"Craugastor_omoaensis","Agalychnis_callidryas",1,"generalist","",12,77.2,"",NA,0
-88.0595638729999,19.9786470350001,0.000616572971921414,0.000778598594479263,22.9777565002441,0.141221672296524,0.87525337934494,3.6054220199585,-105.475051879883,0,6.92713292664848e-05,0.894932627677917,1,"Craugastor_omoaensis","Dendropsophus_microcephalus",1,"generalist","",28,32,"",NA,0
-88.0595638729999,19.9786470350001,0.000616572971921414,0.000778598594479263,22.9777565002441,0.141221672296524,0.87525337934494,3.6054220199585,-105.475051879883,0,6.92713292664848e-05,0.894932627677917,1,"Craugastor_omoaensis","Hypopachus_variolosus",1,"generalist","specialist",NA,53,"carnivore",NA,0
-88.0595638729999,19.9786470350001,0.000616572971921414,0.000778598594479263,22.9777565002441,0.141221672296524,0.87525337934494,3.6054220199585,-105.475051879883,0,6.92713292664848e-05,0.894932627677917,1,"Craugastor_omoaensis","Incilius_valliceps",1,"specialist","",60,125,"",NA,0
-88.0595638729999,19.9786470350001,0.000616572971921414,0.000778598594479263,22.9777565002441,0.141221672296524,0.87525337934494,3.6054220199585,-105.475051879883,0,6.92713292664848e-05,0.894932627677917,1,"Craugastor_omoaensis","Leptodactylus_fragilis",1,"generalist","",NA,43,"",NA,0
-88.0595638729999,19.9786470350001,0.000616572971921414,0.000778598594479263,22.9777565002441,0.141221672296524,0.87525337934494,3.6054220199585,-105.475051879883,0,6.92713292664848e-05,0.894932627677917,1,"Craugastor_omoaensis","Leptodactylus_melanonotus",1,"generalist","",NA,58,"",NA,0
-88.0595638729999,19.9786470350001,0.000616572971921414,0.000778598594479263,22.9777565002441,0.141221672296524,0.87525337934494,3.6054220199585,-105.475051879883,0,6.92713292664848e-05,0.894932627677917,1,"Craugastor_omoaensis","Lithobates_brownorum",1,"generalist","specialist",NA,NA,"",NA,0
-88.0595638729999,19.9786470350001,0.000616572971921414,0.000778598594479263,22.9777565002441,0.141221672296524,0.87525337934494,3.6054220199585,-105.475051879883,0,6.92713292664848e-05,0.894932627677917,1,"Craugastor_omoaensis","Rhinella_horribilis",1,"generalist","specialist",106.25,241,"",NA,0
-88.0595638729999,19.9786470350001,0.000616572971921414,0.000778598594479263,22.9777565002441,0.141221672296524,0.87525337934494,3.6054220199585,-105.475051879883,0,6.92713292664848e-05,0.894932627677917,1,"Craugastor_omoaensis","Rhinophrynus_dorsalis",1,"specialist","specialist",90,89,"carnivore",NA,0
-88.0595638729999,19.9786470350001,0.000616572971921414,0.000778598594479263,22.9777565002441,0.141221672296524,0.87525337934494,3.6054220199585,-105.475051879883,0,6.92713292664848e-05,0.894932627677917,1,"Craugastor_omoaensis","Smilisca_baudinii",1,"generalist","",NA,90,"",NA,0
-88.0595638729999,19.9786470350001,0.000616572971921414,0.000778598594479263,22.9777565002441,0.141221672296524,0.87525337934494,3.6054220199585,-105.475051879883,0,6.92713292664848e-05,0.894932627677917,1,"Craugastor_omoaensis","Tlalocohyla_loquax",1,"generalist","",NA,77,"",NA,0
-88.0595638729999,19.9786470350001,0.000616572971921414,0.000778598594479263,22.9777565002441,0.141221672296524,0.87525337934494,3.6054220199585,-105.475051879883,0,6.92713292664848e-05,0.894932627677917,1,"Craugastor_omoaensis","Trachycephalus_vermiculatus",1,"generalist","specialist",56.9,105,"",NA,0
-87.0595638729999,19.9786470350001,8.71186330186902e-06,0.00158392800949514,8.5086784362793,0.0131558962166309,0.138929456472397,0.670028150081635,-8114.53125,6.92713292664848e-05,1.26235590869328e-06,0.129326686263084,1,"Craugastor_omoaensis","Agalychnis_callidryas",1,"generalist","",12,77.2,"",NA,0
-87.0595638729999,19.9786470350001,8.71186330186902e-06,0.00158392800949514,8.5086784362793,0.0131558962166309,0.138929456472397,0.670028150081635,-8114.53125,6.92713292664848e-05,1.26235590869328e-06,0.129326686263084,1,"Craugastor_omoaensis","Dendropsophus_microcephalus",1,"generalist","",28,32,"",NA,0
-87.0595638729999,19.9786470350001,8.71186330186902e-06,0.00158392800949514,8.5086784362793,0.0131558962166309,0.138929456472397,0.670028150081635,-8114.53125,6.92713292664848e-05,1.26235590869328e-06,0.129326686263084,1,"Craugastor_omoaensis","Hypopachus_variolosus",1,"generalist","specialist",NA,53,"carnivore",NA,0
-87.0595638729999,19.9786470350001,8.71186330186902e-06,0.00158392800949514,8.5086784362793,0.0131558962166309,0.138929456472397,0.670028150081635,-8114.53125,6.92713292664848e-05,1.26235590869328e-06,0.129326686263084,1,"Craugastor_omoaensis","Incilius_valliceps",1,"specialist","",60,125,"",NA,0
-87.0595638729999,19.9786470350001,8.71186330186902e-06,0.00158392800949514,8.5086784362793,0.0131558962166309,0.138929456472397,0.670028150081635,-8114.53125,6.92713292664848e-05,1.26235590869328e-06,0.129326686263084,1,"Craugastor_omoaensis","Leptodactylus_fragilis",1,"generalist","",NA,43,"",NA,0
-87.0595638729999,19.9786470350001,8.71186330186902e-06,0.00158392800949514,8.5086784362793,0.0131558962166309,0.138929456472397,0.670028150081635,-8114.53125,6.92713292664848e-05,1.26235590869328e-06,0.129326686263084,1,"Craugastor_omoaensis","Leptodactylus_melanonotus",1,"generalist","",NA,58,"",NA,0
-87.0595638729999,19.9786470350001,8.71186330186902e-06,0.00158392800949514,8.5086784362793,0.0131558962166309,0.138929456472397,0.670028150081635,-8114.53125,6.92713292664848e-05,1.26235590869328e-06,0.129326686263084,1,"Craugastor_omoaensis","Lithobates_brownorum",1,"generalist","specialist",NA,NA,"",NA,0
-87.0595638729999,19.9786470350001,8.71186330186902e-06,0.00158392800949514,8.5086784362793,0.0131558962166309,0.138929456472397,0.670028150081635,-8114.53125,6.92713292664848e-05,1.26235590869328e-06,0.129326686263084,1,"Craugastor_omoaensis","Rhinella_horribilis",1,"generalist","specialist",106.25,241,"",NA,0
-87.0595638729999,19.9786470350001,8.71186330186902e-06,0.00158392800949514,8.5086784362793,0.0131558962166309,0.138929456472397,0.670028150081635,-8114.53125,6.92713292664848e-05,1.26235590869328e-06,0.129326686263084,1,"Craugastor_omoaensis","Scinax_staufferi",1,"generalist","",29,32,"",NA,0
-87.0595638729999,19.9786470350001,8.71186330186902e-06,0.00158392800949514,8.5086784362793,0.0131558962166309,0.138929456472397,0.670028150081635,-8114.53125,6.92713292664848e-05,1.26235590869328e-06,0.129326686263084,1,"Craugastor_omoaensis","Smilisca_baudinii",1,"generalist","",NA,90,"",NA,0
-87.0595638729999,19.9786470350001,8.71186330186902e-06,0.00158392800949514,8.5086784362793,0.0131558962166309,0.138929456472397,0.670028150081635,-8114.53125,6.92713292664848e-05,1.26235590869328e-06,0.129326686263084,1,"Craugastor_omoaensis","Tlalocohyla_loquax",1,"generalist","",NA,77,"",NA,0
-87.0595638729999,19.9786470350001,8.71186330186902e-06,0.00158392800949514,8.5086784362793,0.0131558962166309,0.138929456472397,0.670028150081635,-8114.53125,6.92713292664848e-05,1.26235590869328e-06,0.129326686263084,1,"Craugastor_omoaensis","Trachycephalus_vermiculatus",1,"generalist","specialist",56.9,105,"",NA,0
-105.059563873,18.9786470350001,0.00805713795125484,0.002739965217188,210.306121826172,0.00471690809354186,0.179446965456009,0.852056741714478,-8683.8759765625,0,0.0191017910838127,0.055973120033741,1,"Craugastor_omoaensis","Hypopachus_variolosus",1,"generalist","specialist",NA,53,"carnivore",NA,0
-105.059563873,18.9786470350001,0.00805713795125484,0.002739965217188,210.306121826172,0.00471690809354186,0.179446965456009,0.852056741714478,-8683.8759765625,0,0.0191017910838127,0.055973120033741,1,"Craugastor_omoaensis","Leptodactylus_melanonotus",1,"generalist","",NA,58,"",NA,0
-105.059563873,18.9786470350001,0.00805713795125484,0.002739965217188,210.306121826172,0.00471690809354186,0.179446965456009,0.852056741714478,-8683.8759765625,0,0.0191017910838127,0.055973120033741,1,"Craugastor_omoaensis","Rhinella_horribilis",1,"generalist","specialist",106.25,241,"",NA,0
-105.059563873,18.9786470350001,0.00805713795125484,0.002739965217188,210.306121826172,0.00471690809354186,0.179446965456009,0.852056741714478,-8683.8759765625,0,0.0191017910838127,0.055973120033741,1,"Craugastor_omoaensis","Smilisca_baudinii",1,"generalist","",NA,90,"",NA,0
-105.059563873,18.9786470350001,0.00805713795125484,0.002739965217188,210.306121826172,0.00471690809354186,0.179446965456009,0.852056741714478,-8683.8759765625,0,0.0191017910838127,0.055973120033741,1,"Craugastor_omoaensis","Trachycephalus_vermiculatus",1,"generalist","specialist",56.9,105,"",NA,0
-104.059563873,18.9786470350001,0.0425927750766277,0.0120815541595221,507.131500244141,0.0133422836661339,0.424521654844284,5.4287281036377,-3807.71459960938,0.0133978668600321,0.114370040595531,0.267775923013687,1,"Craugastor_omoaensis","Hypopachus_variolosus",1,"generalist","specialist",NA,53,"carnivore",NA,0
-104.059563873,18.9786470350001,0.0425927750766277,0.0120815541595221,507.131500244141,0.0133422836661339,0.424521654844284,5.4287281036377,-3807.71459960938,0.0133978668600321,0.114370040595531,0.267775923013687,1,"Craugastor_omoaensis","Leptodactylus_fragilis",1,"generalist","",NA,43,"",NA,0
-104.059563873,18.9786470350001,0.0425927750766277,0.0120815541595221,507.131500244141,0.0133422836661339,0.424521654844284,5.4287281036377,-3807.71459960938,0.0133978668600321,0.114370040595531,0.267775923013687,1,"Craugastor_omoaensis","Leptodactylus_melanonotus",1,"generalist","",NA,58,"",NA,0
-104.059563873,18.9786470350001,0.0425927750766277,0.0120815541595221,507.131500244141,0.0133422836661339,0.424521654844284,5.4287281036377,-3807.71459960938,0.0133978668600321,0.114370040595531,0.267775923013687,1,"Craugastor_omoaensis","Rhinella_horribilis",1,"generalist","specialist",106.25,241,"",NA,0
-104.059563873,18.9786470350001,0.0425927750766277,0.0120815541595221,507.131500244141,0.0133422836661339,0.424521654844284,5.4287281036377,-3807.71459960938,0.0133978668600321,0.114370040595531,0.267775923013687,1,"Craugastor_omoaensis","Smilisca_baudinii",1,"generalist","",NA,90,"",NA,0
-104.059563873,18.9786470350001,0.0425927750766277,0.0120815541595221,507.131500244141,0.0133422836661339,0.424521654844284,5.4287281036377,-3807.71459960938,0.0133978668600321,0.114370040595531,0.267775923013687,1,"Craugastor_omoaensis","Trachycephalus_vermiculatus",1,"generalist","specialist",56.9,105,"",NA,0
-103.059563873,18.9786470350001,0.0426405407488346,0.00391534110531211,1016.95483398438,0.0241528004407883,0.482138723134995,6.07332801818848,-36.4061431884766,0.000244154070969671,0.0864056348800659,0.360745340585709,1,"Craugastor_omoaensis","Hypopachus_variolosus",1,"generalist","specialist",NA,53,"carnivore",NA,0
-103.059563873,18.9786470350001,0.0426405407488346,0.00391534110531211,1016.95483398438,0.0241528004407883,0.482138723134995,6.07332801818848,-36.4061431884766,0.000244154070969671,0.0864056348800659,0.360745340585709,1,"Craugastor_omoaensis","Leptodactylus_fragilis",1,"generalist","",NA,43,"",NA,0
-103.059563873,18.9786470350001,0.0426405407488346,0.00391534110531211,1016.95483398438,0.0241528004407883,0.482138723134995,6.07332801818848,-36.4061431884766,0.000244154070969671,0.0864056348800659,0.360745340585709,1,"Craugastor_omoaensis","Leptodactylus_melanonotus",1,"generalist","",NA,58,"",NA,0
-103.059563873,18.9786470350001,0.0426405407488346,0.00391534110531211,1016.95483398438,0.0241528004407883,0.482138723134995,6.07332801818848,-36.4061431884766,0.000244154070969671,0.0864056348800659,0.360745340585709,1,"Craugastor_omoaensis","Rhinella_horribilis",1,"generalist","specialist",106.25,241,"",NA,0
-103.059563873,18.9786470350001,0.0426405407488346,0.00391534110531211,1016.95483398438,0.0241528004407883,0.482138723134995,6.07332801818848,-36.4061431884766,0.000244154070969671,0.0864056348800659,0.360745340585709,1,"Craugastor_omoaensis","Smilisca_baudinii",1,"generalist","",NA,90,"",NA,0
-102.059563873,18.9786470350001,0.0599080473184586,0.0122054545208812,967.96435546875,0.0193034708499908,0.395808398723602,7.63693380355835,31.2053241729736,0.00514975422993302,0.0761459171772003,0.0769808292388916,1,"Craugastor_omoaensis","Hypopachus_variolosus",1,"generalist","specialist",NA,53,"carnivore",NA,0
-102.059563873,18.9786470350001,0.0599080473184586,0.0122054545208812,967.96435546875,0.0193034708499908,0.395808398723602,7.63693380355835,31.2053241729736,0.00514975422993302,0.0761459171772003,0.0769808292388916,1,"Craugastor_omoaensis","Leptodactylus_fragilis",1,"generalist","",NA,43,"",NA,0
-102.059563873,18.9786470350001,0.0599080473184586,0.0122054545208812,967.96435546875,0.0193034708499908,0.395808398723602,7.63693380355835,31.2053241729736,0.00514975422993302,0.0761459171772003,0.0769808292388916,1,"Craugastor_omoaensis","Rhinella_horribilis",1,"generalist","specialist",106.25,241,"",NA,0
-102.059563873,18.9786470350001,0.0599080473184586,0.0122054545208812,967.96435546875,0.0193034708499908,0.395808398723602,7.63693380355835,31.2053241729736,0.00514975422993302,0.0761459171772003,0.0769808292388916,1,"Craugastor_omoaensis","Smilisca_baudinii",1,"generalist","",NA,90,"",NA,0
-101.059563873,18.9786470350001,0.0427195802330971,0.00448972778394818,952.967102050781,0.0120774358510971,0.417817831039429,6.54546737670898,30.4640369415283,0.000440202449681237,0.124860785901546,0.0780728235840797,1,"Craugastor_omoaensis","Leptodactylus_fragilis",1,"generalist","",NA,43,"",NA,0
-101.059563873,18.9786470350001,0.0427195802330971,0.00448972778394818,952.967102050781,0.0120774358510971,0.417817831039429,6.54546737670898,30.4640369415283,0.000440202449681237,0.124860785901546,0.0780728235840797,1,"Craugastor_omoaensis","Rhinella_horribilis",1,"generalist","specialist",106.25,241,"",NA,0
-101.059563873,18.9786470350001,0.0427195802330971,0.00448972778394818,952.967102050781,0.0120774358510971,0.417817831039429,6.54546737670898,30.4640369415283,0.000440202449681237,0.124860785901546,0.0780728235840797,1,"Craugastor_omoaensis","Smilisca_baudinii",1,"generalist","",NA,90,"",NA,0
-100.059563873,18.9786470350001,0.10875491052866,0.0337240323424339,1857.91064453125,0.0114560257643461,0.394400775432587,10.8790836334229,26.7863464355469,0.00839296728372574,0.163886070251465,0.17163410782814,1,"Craugastor_omoaensis","Rhinella_horribilis",1,"generalist","specialist",106.25,241,"",NA,0
-100.059563873,18.9786470350001,0.10875491052866,0.0337240323424339,1857.91064453125,0.0114560257643461,0.394400775432587,10.8790836334229,26.7863464355469,0.00839296728372574,0.163886070251465,0.17163410782814,1,"Craugastor_omoaensis","Smilisca_baudinii",1,"generalist","",NA,90,"",NA,0
-99.0595638729999,18.9786470350001,0.191237017512321,0.0986554175615311,2063.32983398438,0.00522779999300838,0.335981041193008,18.6849918365479,25.9409408569336,0.0783768370747566,0.378874540328979,0.223137408494949,1,"Craugastor_omoaensis","Rhinella_horribilis",1,"generalist","specialist",106.25,241,"",NA,0
-99.0595638729999,18.9786470350001,0.191237017512321,0.0986554175615311,2063.32983398438,0.00522779999300838,0.335981041193008,18.6849918365479,25.9409408569336,0.0783768370747566,0.378874540328979,0.223137408494949,1,"Craugastor_omoaensis","Smilisca_baudinii",1,"generalist","",NA,90,"",NA,0
-98.0595638729999,18.9786470350001,0.303170800209045,0.0776913315057755,2113.28369140625,0.00375904119573534,0.131766065955162,15.3802900314331,24.9105110168457,0.0448560044169426,0.372125923633575,0.0296467505395412,1,"Craugastor_omoaensis","Rhinella_horribilis",1,"generalist","specialist",106.25,241,"",NA,0
-98.0595638729999,18.9786470350001,0.303170800209045,0.0776913315057755,2113.28369140625,0.00375904119573534,0.131766065955162,15.3802900314331,24.9105110168457,0.0448560044169426,0.372125923633575,0.0296467505395412,1,"Craugastor_omoaensis","Scinax_staufferi",1,"generalist","",29,32,"",NA,0
-97.0595638729999,18.9786470350001,0.135872930288315,0.0266804303973913,1551.19287109375,0.0302624646574259,0.518940508365631,11.2596044540405,7.3856463432312,0.00931664742529392,0.191405400633812,0.219386115670204,1,"Craugastor_omoaensis","Agalychnis_callidryas",1,"generalist","",12,77.2,"",NA,0
-97.0595638729999,18.9786470350001,0.135872930288315,0.0266804303973913,1551.19287109375,0.0302624646574259,0.518940508365631,11.2596044540405,7.3856463432312,0.00931664742529392,0.191405400633812,0.219386115670204,1,"Craugastor_omoaensis","Dendropsophus_microcephalus",1,"generalist","",28,32,"",NA,0
-97.0595638729999,18.9786470350001,0.135872930288315,0.0266804303973913,1551.19287109375,0.0302624646574259,0.518940508365631,11.2596044540405,7.3856463432312,0.00931664742529392,0.191405400633812,0.219386115670204,1,"Craugastor_omoaensis","Hyalinobatrachium_viridissimum",1,"specialist","",NA,NA,"",NA,0
-97.0595638729999,18.9786470350001,0.135872930288315,0.0266804303973913,1551.19287109375,0.0302624646574259,0.518940508365631,11.2596044540405,7.3856463432312,0.00931664742529392,0.191405400633812,0.219386115670204,1,"Craugastor_omoaensis","Hypopachus_variolosus",1,"generalist","specialist",NA,53,"carnivore",NA,0
-97.0595638729999,18.9786470350001,0.135872930288315,0.0266804303973913,1551.19287109375,0.0302624646574259,0.518940508365631,11.2596044540405,7.3856463432312,0.00931664742529392,0.191405400633812,0.219386115670204,1,"Craugastor_omoaensis","Incilius_valliceps",1,"specialist","",60,125,"",NA,0
-97.0595638729999,18.9786470350001,0.135872930288315,0.0266804303973913,1551.19287109375,0.0302624646574259,0.518940508365631,11.2596044540405,7.3856463432312,0.00931664742529392,0.191405400633812,0.219386115670204,1,"Craugastor_omoaensis","Leptodactylus_fragilis",1,"generalist","",NA,43,"",NA,0
-97.0595638729999,18.9786470350001,0.135872930288315,0.0266804303973913,1551.19287109375,0.0302624646574259,0.518940508365631,11.2596044540405,7.3856463432312,0.00931664742529392,0.191405400633812,0.219386115670204,1,"Craugastor_omoaensis","Leptodactylus_melanonotus",1,"generalist","",NA,58,"",NA,0
-97.0595638729999,18.9786470350001,0.135872930288315,0.0266804303973913,1551.19287109375,0.0302624646574259,0.518940508365631,11.2596044540405,7.3856463432312,0.00931664742529392,0.191405400633812,0.219386115670204,1,"Craugastor_omoaensis","Lithobates_brownorum",1,"generalist","specialist",NA,NA,"",NA,0
-97.0595638729999,18.9786470350001,0.135872930288315,0.0266804303973913,1551.19287109375,0.0302624646574259,0.518940508365631,11.2596044540405,7.3856463432312,0.00931664742529392,0.191405400633812,0.219386115670204,1,"Craugastor_omoaensis","Rhinella_horribilis",1,"generalist","specialist",106.25,241,"",NA,0
-97.0595638729999,18.9786470350001,0.135872930288315,0.0266804303973913,1551.19287109375,0.0302624646574259,0.518940508365631,11.2596044540405,7.3856463432312,0.00931664742529392,0.191405400633812,0.219386115670204,1,"Craugastor_omoaensis","Rhinophrynus_dorsalis",1,"specialist","specialist",90,89,"carnivore",NA,0
-97.0595638729999,18.9786470350001,0.135872930288315,0.0266804303973913,1551.19287109375,0.0302624646574259,0.518940508365631,11.2596044540405,7.3856463432312,0.00931664742529392,0.191405400633812,0.219386115670204,1,"Craugastor_omoaensis","Scinax_staufferi",1,"generalist","",29,32,"",NA,0
-97.0595638729999,18.9786470350001,0.135872930288315,0.0266804303973913,1551.19287109375,0.0302624646574259,0.518940508365631,11.2596044540405,7.3856463432312,0.00931664742529392,0.191405400633812,0.219386115670204,1,"Craugastor_omoaensis","Smilisca_baudinii",1,"generalist","",NA,90,"",NA,0
-97.0595638729999,18.9786470350001,0.135872930288315,0.0266804303973913,1551.19287109375,0.0302624646574259,0.518940508365631,11.2596044540405,7.3856463432312,0.00931664742529392,0.191405400633812,0.219386115670204,1,"Craugastor_omoaensis","Trachycephalus_vermiculatus",1,"generalist","specialist",56.9,105,"",NA,0
-96.0595638729999,18.9786470350001,0.0912333652377129,0.0159783940762281,73.8134689331055,0.0254601687192917,0.16508261859417,6.90934419631958,-3525.83056640625,0.0101777808740735,0.130767703056335,0.00398943712934852,1,"Craugastor_omoaensis","Agalychnis_callidryas",1,"generalist","",12,77.2,"",NA,0
-96.0595638729999,18.9786470350001,0.0912333652377129,0.0159783940762281,73.8134689331055,0.0254601687192917,0.16508261859417,6.90934419631958,-3525.83056640625,0.0101777808740735,0.130767703056335,0.00398943712934852,1,"Craugastor_omoaensis","Dendropsophus_microcephalus",1,"generalist","",28,32,"",NA,0
-96.0595638729999,18.9786470350001,0.0912333652377129,0.0159783940762281,73.8134689331055,0.0254601687192917,0.16508261859417,6.90934419631958,-3525.83056640625,0.0101777808740735,0.130767703056335,0.00398943712934852,1,"Craugastor_omoaensis","Engystomops_pustulosus",1,"generalist","",NA,48.2,"",NA,0
-96.0595638729999,18.9786470350001,0.0912333652377129,0.0159783940762281,73.8134689331055,0.0254601687192917,0.16508261859417,6.90934419631958,-3525.83056640625,0.0101777808740735,0.130767703056335,0.00398943712934852,1,"Craugastor_omoaensis","Hyalinobatrachium_viridissimum",1,"specialist","",NA,NA,"",NA,0
-96.0595638729999,18.9786470350001,0.0912333652377129,0.0159783940762281,73.8134689331055,0.0254601687192917,0.16508261859417,6.90934419631958,-3525.83056640625,0.0101777808740735,0.130767703056335,0.00398943712934852,1,"Craugastor_omoaensis","Hypopachus_variolosus",1,"generalist","specialist",NA,53,"carnivore",NA,0
-96.0595638729999,18.9786470350001,0.0912333652377129,0.0159783940762281,73.8134689331055,0.0254601687192917,0.16508261859417,6.90934419631958,-3525.83056640625,0.0101777808740735,0.130767703056335,0.00398943712934852,1,"Craugastor_omoaensis","Incilius_valliceps",1,"specialist","",60,125,"",NA,0
-96.0595638729999,18.9786470350001,0.0912333652377129,0.0159783940762281,73.8134689331055,0.0254601687192917,0.16508261859417,6.90934419631958,-3525.83056640625,0.0101777808740735,0.130767703056335,0.00398943712934852,1,"Craugastor_omoaensis","Leptodactylus_fragilis",1,"generalist","",NA,43,"",NA,0
-96.0595638729999,18.9786470350001,0.0912333652377129,0.0159783940762281,73.8134689331055,0.0254601687192917,0.16508261859417,6.90934419631958,-3525.83056640625,0.0101777808740735,0.130767703056335,0.00398943712934852,1,"Craugastor_omoaensis","Leptodactylus_melanonotus",1,"generalist","",NA,58,"",NA,0
-96.0595638729999,18.9786470350001,0.0912333652377129,0.0159783940762281,73.8134689331055,0.0254601687192917,0.16508261859417,6.90934419631958,-3525.83056640625,0.0101777808740735,0.130767703056335,0.00398943712934852,1,"Craugastor_omoaensis","Lithobates_brownorum",1,"generalist","specialist",NA,NA,"",NA,0
-96.0595638729999,18.9786470350001,0.0912333652377129,0.0159783940762281,73.8134689331055,0.0254601687192917,0.16508261859417,6.90934419631958,-3525.83056640625,0.0101777808740735,0.130767703056335,0.00398943712934852,1,"Craugastor_omoaensis","Lithobates_vaillanti",1,NA,NA,NA,NA,NA,NA,NA
-96.0595638729999,18.9786470350001,0.0912333652377129,0.0159783940762281,73.8134689331055,0.0254601687192917,0.16508261859417,6.90934419631958,-3525.83056640625,0.0101777808740735,0.130767703056335,0.00398943712934852,1,"Craugastor_omoaensis","Rhinella_horribilis",1,"generalist","specialist",106.25,241,"",NA,0
-96.0595638729999,18.9786470350001,0.0912333652377129,0.0159783940762281,73.8134689331055,0.0254601687192917,0.16508261859417,6.90934419631958,-3525.83056640625,0.0101777808740735,0.130767703056335,0.00398943712934852,1,"Craugastor_omoaensis","Rhinophrynus_dorsalis",1,"specialist","specialist",90,89,"carnivore",NA,0
-96.0595638729999,18.9786470350001,0.0912333652377129,0.0159783940762281,73.8134689331055,0.0254601687192917,0.16508261859417,6.90934419631958,-3525.83056640625,0.0101777808740735,0.130767703056335,0.00398943712934852,1,"Craugastor_omoaensis","Scinax_staufferi",1,"generalist","",29,32,"",NA,0
-96.0595638729999,18.9786470350001,0.0912333652377129,0.0159783940762281,73.8134689331055,0.0254601687192917,0.16508261859417,6.90934419631958,-3525.83056640625,0.0101777808740735,0.130767703056335,0.00398943712934852,1,"Craugastor_omoaensis","Smilisca_baudinii",1,"generalist","",NA,90,"",NA,0
-96.0595638729999,18.9786470350001,0.0912333652377129,0.0159783940762281,73.8134689331055,0.0254601687192917,0.16508261859417,6.90934419631958,-3525.83056640625,0.0101777808740735,0.130767703056335,0.00398943712934852,1,"Craugastor_omoaensis","Trachycephalus_vermiculatus",1,"generalist","specialist",56.9,105,"",NA,0
-95.0595638729999,18.9786470350001,0.0174413789063692,0.00207023741677403,226.371444702148,0.00398027431219816,0.117528654634953,1.47379910945892,-8233.6611328125,0.000182642164872959,0.00566248036921024,0.0133632309734821,1,"Craugastor_omoaensis","Agalychnis_callidryas",1,"generalist","",12,77.2,"",NA,0
-95.0595638729999,18.9786470350001,0.0174413789063692,0.00207023741677403,226.371444702148,0.00398027431219816,0.117528654634953,1.47379910945892,-8233.6611328125,0.000182642164872959,0.00566248036921024,0.0133632309734821,1,"Craugastor_omoaensis","Dendropsophus_microcephalus",1,"generalist","",28,32,"",NA,0
-95.0595638729999,18.9786470350001,0.0174413789063692,0.00207023741677403,226.371444702148,0.00398027431219816,0.117528654634953,1.47379910945892,-8233.6611328125,0.000182642164872959,0.00566248036921024,0.0133632309734821,1,"Craugastor_omoaensis","Engystomops_pustulosus",1,"generalist","",NA,48.2,"",NA,0
-95.0595638729999,18.9786470350001,0.0174413789063692,0.00207023741677403,226.371444702148,0.00398027431219816,0.117528654634953,1.47379910945892,-8233.6611328125,0.000182642164872959,0.00566248036921024,0.0133632309734821,1,"Craugastor_omoaensis","Hypopachus_variolosus",1,"generalist","specialist",NA,53,"carnivore",NA,0
-95.0595638729999,18.9786470350001,0.0174413789063692,0.00207023741677403,226.371444702148,0.00398027431219816,0.117528654634953,1.47379910945892,-8233.6611328125,0.000182642164872959,0.00566248036921024,0.0133632309734821,1,"Craugastor_omoaensis","Incilius_valliceps",1,"specialist","",60,125,"",NA,0
-95.0595638729999,18.9786470350001,0.0174413789063692,0.00207023741677403,226.371444702148,0.00398027431219816,0.117528654634953,1.47379910945892,-8233.6611328125,0.000182642164872959,0.00566248036921024,0.0133632309734821,1,"Craugastor_omoaensis","Leptodactylus_fragilis",1,"generalist","",NA,43,"",NA,0
-95.0595638729999,18.9786470350001,0.0174413789063692,0.00207023741677403,226.371444702148,0.00398027431219816,0.117528654634953,1.47379910945892,-8233.6611328125,0.000182642164872959,0.00566248036921024,0.0133632309734821,1,"Craugastor_omoaensis","Leptodactylus_melanonotus",1,"generalist","",NA,58,"",NA,0
-95.0595638729999,18.9786470350001,0.0174413789063692,0.00207023741677403,226.371444702148,0.00398027431219816,0.117528654634953,1.47379910945892,-8233.6611328125,0.000182642164872959,0.00566248036921024,0.0133632309734821,1,"Craugastor_omoaensis","Lithobates_brownorum",1,"generalist","specialist",NA,NA,"",NA,0
-95.0595638729999,18.9786470350001,0.0174413789063692,0.00207023741677403,226.371444702148,0.00398027431219816,0.117528654634953,1.47379910945892,-8233.6611328125,0.000182642164872959,0.00566248036921024,0.0133632309734821,1,"Craugastor_omoaensis","Lithobates_vaillanti",1,NA,NA,NA,NA,NA,NA,NA
-95.0595638729999,18.9786470350001,0.0174413789063692,0.00207023741677403,226.371444702148,0.00398027431219816,0.117528654634953,1.47379910945892,-8233.6611328125,0.000182642164872959,0.00566248036921024,0.0133632309734821,1,"Craugastor_omoaensis","Rhinella_horribilis",1,"generalist","specialist",106.25,241,"",NA,0
-95.0595638729999,18.9786470350001,0.0174413789063692,0.00207023741677403,226.371444702148,0.00398027431219816,0.117528654634953,1.47379910945892,-8233.6611328125,0.000182642164872959,0.00566248036921024,0.0133632309734821,1,"Craugastor_omoaensis","Rhinophrynus_dorsalis",1,"specialist","specialist",90,89,"carnivore",NA,0
-95.0595638729999,18.9786470350001,0.0174413789063692,0.00207023741677403,226.371444702148,0.00398027431219816,0.117528654634953,1.47379910945892,-8233.6611328125,0.000182642164872959,0.00566248036921024,0.0133632309734821,1,"Craugastor_omoaensis","Scinax_staufferi",1,"generalist","",29,32,"",NA,0
-95.0595638729999,18.9786470350001,0.0174413789063692,0.00207023741677403,226.371444702148,0.00398027431219816,0.117528654634953,1.47379910945892,-8233.6611328125,0.000182642164872959,0.00566248036921024,0.0133632309734821,1,"Craugastor_omoaensis","Smilisca_baudinii",1,"generalist","",NA,90,"",NA,0
-95.0595638729999,18.9786470350001,0.0174413789063692,0.00207023741677403,226.371444702148,0.00398027431219816,0.117528654634953,1.47379910945892,-8233.6611328125,0.000182642164872959,0.00566248036921024,0.0133632309734821,1,"Craugastor_omoaensis","Tlalocohyla_loquax",1,"generalist","",NA,77,"",NA,0
-95.0595638729999,18.9786470350001,0.0174413789063692,0.00207023741677403,226.371444702148,0.00398027431219816,0.117528654634953,1.47379910945892,-8233.6611328125,0.000182642164872959,0.00566248036921024,0.0133632309734821,1,"Craugastor_omoaensis","Trachycephalus_vermiculatus",1,"generalist","specialist",56.9,105,"",NA,0
-93.0595638729999,18.9786470350001,1.04310738606728e-05,0.000897354679182172,2.30434775352478,0.00242214347235858,0.0100852893665433,0.374357551336288,-9552.1103515625,0,0,0,1,"Craugastor_omoaensis","Agalychnis_callidryas",1,"generalist","",12,77.2,"",NA,0
-93.0595638729999,18.9786470350001,1.04310738606728e-05,0.000897354679182172,2.30434775352478,0.00242214347235858,0.0100852893665433,0.374357551336288,-9552.1103515625,0,0,0,1,"Craugastor_omoaensis","Dendropsophus_microcephalus",1,"generalist","",28,32,"",NA,0
-93.0595638729999,18.9786470350001,1.04310738606728e-05,0.000897354679182172,2.30434775352478,0.00242214347235858,0.0100852893665433,0.374357551336288,-9552.1103515625,0,0,0,1,"Craugastor_omoaensis","Engystomops_pustulosus",1,"generalist","",NA,48.2,"",NA,0
-93.0595638729999,18.9786470350001,1.04310738606728e-05,0.000897354679182172,2.30434775352478,0.00242214347235858,0.0100852893665433,0.374357551336288,-9552.1103515625,0,0,0,1,"Craugastor_omoaensis","Hypopachus_variolosus",1,"generalist","specialist",NA,53,"carnivore",NA,0
-93.0595638729999,18.9786470350001,1.04310738606728e-05,0.000897354679182172,2.30434775352478,0.00242214347235858,0.0100852893665433,0.374357551336288,-9552.1103515625,0,0,0,1,"Craugastor_omoaensis","Incilius_valliceps",1,"specialist","",60,125,"",NA,0
-93.0595638729999,18.9786470350001,1.04310738606728e-05,0.000897354679182172,2.30434775352478,0.00242214347235858,0.0100852893665433,0.374357551336288,-9552.1103515625,0,0,0,1,"Craugastor_omoaensis","Leptodactylus_fragilis",1,"generalist","",NA,43,"",NA,0
-93.0595638729999,18.9786470350001,1.04310738606728e-05,0.000897354679182172,2.30434775352478,0.00242214347235858,0.0100852893665433,0.374357551336288,-9552.1103515625,0,0,0,1,"Craugastor_omoaensis","Leptodactylus_melanonotus",1,"generalist","",NA,58,"",NA,0
-93.0595638729999,18.9786470350001,1.04310738606728e-05,0.000897354679182172,2.30434775352478,0.00242214347235858,0.0100852893665433,0.374357551336288,-9552.1103515625,0,0,0,1,"Craugastor_omoaensis","Lithobates_brownorum",1,"generalist","specialist",NA,NA,"",NA,0
-93.0595638729999,18.9786470350001,1.04310738606728e-05,0.000897354679182172,2.30434775352478,0.00242214347235858,0.0100852893665433,0.374357551336288,-9552.1103515625,0,0,0,1,"Craugastor_omoaensis","Lithobates_vaillanti",1,NA,NA,NA,NA,NA,NA,NA
-93.0595638729999,18.9786470350001,1.04310738606728e-05,0.000897354679182172,2.30434775352478,0.00242214347235858,0.0100852893665433,0.374357551336288,-9552.1103515625,0,0,0,1,"Craugastor_omoaensis","Rhinella_horribilis",1,"generalist","specialist",106.25,241,"",NA,0
-93.0595638729999,18.9786470350001,1.04310738606728e-05,0.000897354679182172,2.30434775352478,0.00242214347235858,0.0100852893665433,0.374357551336288,-9552.1103515625,0,0,0,1,"Craugastor_omoaensis","Rhinophrynus_dorsalis",1,"specialist","specialist",90,89,"carnivore",NA,0
-93.0595638729999,18.9786470350001,1.04310738606728e-05,0.000897354679182172,2.30434775352478,0.00242214347235858,0.0100852893665433,0.374357551336288,-9552.1103515625,0,0,0,1,"Craugastor_omoaensis","Scinax_staufferi",1,"generalist","",29,32,"",NA,0
-93.0595638729999,18.9786470350001,1.04310738606728e-05,0.000897354679182172,2.30434775352478,0.00242214347235858,0.0100852893665433,0.374357551336288,-9552.1103515625,0,0,0,1,"Craugastor_omoaensis","Smilisca_baudinii",1,"generalist","",NA,90,"",NA,0
-93.0595638729999,18.9786470350001,1.04310738606728e-05,0.000897354679182172,2.30434775352478,0.00242214347235858,0.0100852893665433,0.374357551336288,-9552.1103515625,0,0,0,1,"Craugastor_omoaensis","Tlalocohyla_loquax",1,"generalist","",NA,77,"",NA,0
-93.0595638729999,18.9786470350001,1.04310738606728e-05,0.000897354679182172,2.30434775352478,0.00242214347235858,0.0100852893665433,0.374357551336288,-9552.1103515625,0,0,0,1,"Craugastor_omoaensis","Trachycephalus_vermiculatus",1,"generalist","specialist",56.9,105,"",NA,0
-92.0595638729999,18.9786470350001,0.000102503196103498,0.00343422195874155,4.30220127105713,0.00482391938567162,0.0093888770788908,0.968456208705902,-7996.65576171875,0,0,0.0400896929204464,1,"Craugastor_omoaensis","Agalychnis_callidryas",1,"generalist","",12,77.2,"",NA,0
-92.0595638729999,18.9786470350001,0.000102503196103498,0.00343422195874155,4.30220127105713,0.00482391938567162,0.0093888770788908,0.968456208705902,-7996.65576171875,0,0,0.0400896929204464,1,"Craugastor_omoaensis","Dendropsophus_microcephalus",1,"generalist","",28,32,"",NA,0
-92.0595638729999,18.9786470350001,0.000102503196103498,0.00343422195874155,4.30220127105713,0.00482391938567162,0.0093888770788908,0.968456208705902,-7996.65576171875,0,0,0.0400896929204464,1,"Craugastor_omoaensis","Engystomops_pustulosus",1,"generalist","",NA,48.2,"",NA,0
-92.0595638729999,18.9786470350001,0.000102503196103498,0.00343422195874155,4.30220127105713,0.00482391938567162,0.0093888770788908,0.968456208705902,-7996.65576171875,0,0,0.0400896929204464,1,"Craugastor_omoaensis","Hypopachus_variolosus",1,"generalist","specialist",NA,53,"carnivore",NA,0
-92.0595638729999,18.9786470350001,0.000102503196103498,0.00343422195874155,4.30220127105713,0.00482391938567162,0.0093888770788908,0.968456208705902,-7996.65576171875,0,0,0.0400896929204464,1,"Craugastor_omoaensis","Incilius_valliceps",1,"specialist","",60,125,"",NA,0
-92.0595638729999,18.9786470350001,0.000102503196103498,0.00343422195874155,4.30220127105713,0.00482391938567162,0.0093888770788908,0.968456208705902,-7996.65576171875,0,0,0.0400896929204464,1,"Craugastor_omoaensis","Leptodactylus_fragilis",1,"generalist","",NA,43,"",NA,0
-92.0595638729999,18.9786470350001,0.000102503196103498,0.00343422195874155,4.30220127105713,0.00482391938567162,0.0093888770788908,0.968456208705902,-7996.65576171875,0,0,0.0400896929204464,1,"Craugastor_omoaensis","Leptodactylus_melanonotus",1,"generalist","",NA,58,"",NA,0
-92.0595638729999,18.9786470350001,0.000102503196103498,0.00343422195874155,4.30220127105713,0.00482391938567162,0.0093888770788908,0.968456208705902,-7996.65576171875,0,0,0.0400896929204464,1,"Craugastor_omoaensis","Lithobates_brownorum",1,"generalist","specialist",NA,NA,"",NA,0
-92.0595638729999,18.9786470350001,0.000102503196103498,0.00343422195874155,4.30220127105713,0.00482391938567162,0.0093888770788908,0.968456208705902,-7996.65576171875,0,0,0.0400896929204464,1,"Craugastor_omoaensis","Lithobates_vaillanti",1,NA,NA,NA,NA,NA,NA,NA
-92.0595638729999,18.9786470350001,0.000102503196103498,0.00343422195874155,4.30220127105713,0.00482391938567162,0.0093888770788908,0.968456208705902,-7996.65576171875,0,0,0.0400896929204464,1,"Craugastor_omoaensis","Rhinella_horribilis",1,"generalist","specialist",106.25,241,"",NA,0
-92.0595638729999,18.9786470350001,0.000102503196103498,0.00343422195874155,4.30220127105713,0.00482391938567162,0.0093888770788908,0.968456208705902,-7996.65576171875,0,0,0.0400896929204464,1,"Craugastor_omoaensis","Rhinophrynus_dorsalis",1,"specialist","specialist",90,89,"carnivore",NA,0
-92.0595638729999,18.9786470350001,0.000102503196103498,0.00343422195874155,4.30220127105713,0.00482391938567162,0.0093888770788908,0.968456208705902,-7996.65576171875,0,0,0.0400896929204464,1,"Craugastor_omoaensis","Scinax_staufferi",1,"generalist","",29,32,"",NA,0
-92.0595638729999,18.9786470350001,0.000102503196103498,0.00343422195874155,4.30220127105713,0.00482391938567162,0.0093888770788908,0.968456208705902,-7996.65576171875,0,0,0.0400896929204464,1,"Craugastor_omoaensis","Smilisca_baudinii",1,"generalist","",NA,90,"",NA,0
-92.0595638729999,18.9786470350001,0.000102503196103498,0.00343422195874155,4.30220127105713,0.00482391938567162,0.0093888770788908,0.968456208705902,-7996.65576171875,0,0,0.0400896929204464,1,"Craugastor_omoaensis","Tlalocohyla_loquax",1,"generalist","",NA,77,"",NA,0
-92.0595638729999,18.9786470350001,0.000102503196103498,0.00343422195874155,4.30220127105713,0.00482391938567162,0.0093888770788908,0.968456208705902,-7996.65576171875,0,0,0.0400896929204464,1,"Craugastor_omoaensis","Trachycephalus_vermiculatus",1,"generalist","specialist",56.9,105,"",NA,0
-91.0595638729999,18.9786470350001,0.00836923345923424,0.0024306729901582,29.8132610321045,0.139856994152069,0.309946537017822,3.21278738975525,-3765.10888671875,0,0.00184358225669712,0.253896713256836,1,"Craugastor_omoaensis","Agalychnis_callidryas",1,"generalist","",12,77.2,"",NA,0
-91.0595638729999,18.9786470350001,0.00836923345923424,0.0024306729901582,29.8132610321045,0.139856994152069,0.309946537017822,3.21278738975525,-3765.10888671875,0,0.00184358225669712,0.253896713256836,1,"Craugastor_omoaensis","Dendropsophus_microcephalus",1,"generalist","",28,32,"",NA,0
-91.0595638729999,18.9786470350001,0.00836923345923424,0.0024306729901582,29.8132610321045,0.139856994152069,0.309946537017822,3.21278738975525,-3765.10888671875,0,0.00184358225669712,0.253896713256836,1,"Craugastor_omoaensis","Engystomops_pustulosus",1,"generalist","",NA,48.2,"",NA,0
-91.0595638729999,18.9786470350001,0.00836923345923424,0.0024306729901582,29.8132610321045,0.139856994152069,0.309946537017822,3.21278738975525,-3765.10888671875,0,0.00184358225669712,0.253896713256836,1,"Craugastor_omoaensis","Hypopachus_variolosus",1,"generalist","specialist",NA,53,"carnivore",NA,0
-91.0595638729999,18.9786470350001,0.00836923345923424,0.0024306729901582,29.8132610321045,0.139856994152069,0.309946537017822,3.21278738975525,-3765.10888671875,0,0.00184358225669712,0.253896713256836,1,"Craugastor_omoaensis","Incilius_valliceps",1,"specialist","",60,125,"",NA,0
-91.0595638729999,18.9786470350001,0.00836923345923424,0.0024306729901582,29.8132610321045,0.139856994152069,0.309946537017822,3.21278738975525,-3765.10888671875,0,0.00184358225669712,0.253896713256836,1,"Craugastor_omoaensis","Leptodactylus_fragilis",1,"generalist","",NA,43,"",NA,0
-91.0595638729999,18.9786470350001,0.00836923345923424,0.0024306729901582,29.8132610321045,0.139856994152069,0.309946537017822,3.21278738975525,-3765.10888671875,0,0.00184358225669712,0.253896713256836,1,"Craugastor_omoaensis","Leptodactylus_melanonotus",1,"generalist","",NA,58,"",NA,0
-91.0595638729999,18.9786470350001,0.00836923345923424,0.0024306729901582,29.8132610321045,0.139856994152069,0.309946537017822,3.21278738975525,-3765.10888671875,0,0.00184358225669712,0.253896713256836,1,"Craugastor_omoaensis","Lithobates_brownorum",1,"generalist","specialist",NA,NA,"",NA,0
-91.0595638729999,18.9786470350001,0.00836923345923424,0.0024306729901582,29.8132610321045,0.139856994152069,0.309946537017822,3.21278738975525,-3765.10888671875,0,0.00184358225669712,0.253896713256836,1,"Craugastor_omoaensis","Lithobates_vaillanti",1,NA,NA,NA,NA,NA,NA,NA
-91.0595638729999,18.9786470350001,0.00836923345923424,0.0024306729901582,29.8132610321045,0.139856994152069,0.309946537017822,3.21278738975525,-3765.10888671875,0,0.00184358225669712,0.253896713256836,1,"Craugastor_omoaensis","Rhinella_horribilis",1,"generalist","specialist",106.25,241,"",NA,0
-91.0595638729999,18.9786470350001,0.00836923345923424,0.0024306729901582,29.8132610321045,0.139856994152069,0.309946537017822,3.21278738975525,-3765.10888671875,0,0.00184358225669712,0.253896713256836,1,"Craugastor_omoaensis","Rhinophrynus_dorsalis",1,"specialist","specialist",90,89,"carnivore",NA,0
-91.0595638729999,18.9786470350001,0.00836923345923424,0.0024306729901582,29.8132610321045,0.139856994152069,0.309946537017822,3.21278738975525,-3765.10888671875,0,0.00184358225669712,0.253896713256836,1,"Craugastor_omoaensis","Scinax_staufferi",1,"generalist","",29,32,"",NA,0
-91.0595638729999,18.9786470350001,0.00836923345923424,0.0024306729901582,29.8132610321045,0.139856994152069,0.309946537017822,3.21278738975525,-3765.10888671875,0,0.00184358225669712,0.253896713256836,1,"Craugastor_omoaensis","Smilisca_baudinii",1,"generalist","",NA,90,"",NA,0
-91.0595638729999,18.9786470350001,0.00836923345923424,0.0024306729901582,29.8132610321045,0.139856994152069,0.309946537017822,3.21278738975525,-3765.10888671875,0,0.00184358225669712,0.253896713256836,1,"Craugastor_omoaensis","Tlalocohyla_loquax",1,"generalist","",NA,77,"",NA,0
-91.0595638729999,18.9786470350001,0.00836923345923424,0.0024306729901582,29.8132610321045,0.139856994152069,0.309946537017822,3.21278738975525,-3765.10888671875,0,0.00184358225669712,0.253896713256836,1,"Craugastor_omoaensis","Trachycephalus_vermiculatus",1,"generalist","specialist",56.9,105,"",NA,0
-90.0595638729999,18.9786470350001,0.0341064855456352,0.00074136012699455,120.239433288574,0.200969189405441,0.802153944969177,3.89147257804871,-40.6376495361328,3.46356646332424e-05,0.030135503038764,0.912333786487579,1,"Craugastor_omoaensis","Agalychnis_callidryas",1,"generalist","",12,77.2,"",NA,0
-90.0595638729999,18.9786470350001,0.0341064855456352,0.00074136012699455,120.239433288574,0.200969189405441,0.802153944969177,3.89147257804871,-40.6376495361328,3.46356646332424e-05,0.030135503038764,0.912333786487579,1,"Craugastor_omoaensis","Dendropsophus_microcephalus",1,"generalist","",28,32,"",NA,0
-90.0595638729999,18.9786470350001,0.0341064855456352,0.00074136012699455,120.239433288574,0.200969189405441,0.802153944969177,3.89147257804871,-40.6376495361328,3.46356646332424e-05,0.030135503038764,0.912333786487579,1,"Craugastor_omoaensis","Hypopachus_variolosus",1,"generalist","specialist",NA,53,"carnivore",NA,0
-90.0595638729999,18.9786470350001,0.0341064855456352,0.00074136012699455,120.239433288574,0.200969189405441,0.802153944969177,3.89147257804871,-40.6376495361328,3.46356646332424e-05,0.030135503038764,0.912333786487579,1,"Craugastor_omoaensis","Incilius_valliceps",1,"specialist","",60,125,"",NA,0
-90.0595638729999,18.9786470350001,0.0341064855456352,0.00074136012699455,120.239433288574,0.200969189405441,0.802153944969177,3.89147257804871,-40.6376495361328,3.46356646332424e-05,0.030135503038764,0.912333786487579,1,"Craugastor_omoaensis","Leptodactylus_fragilis",1,"generalist","",NA,43,"",NA,0
-90.0595638729999,18.9786470350001,0.0341064855456352,0.00074136012699455,120.239433288574,0.200969189405441,0.802153944969177,3.89147257804871,-40.6376495361328,3.46356646332424e-05,0.030135503038764,0.912333786487579,1,"Craugastor_omoaensis","Leptodactylus_melanonotus",1,"generalist","",NA,58,"",NA,0
-90.0595638729999,18.9786470350001,0.0341064855456352,0.00074136012699455,120.239433288574,0.200969189405441,0.802153944969177,3.89147257804871,-40.6376495361328,3.46356646332424e-05,0.030135503038764,0.912333786487579,1,"Craugastor_omoaensis","Lithobates_brownorum",1,"generalist","specialist",NA,NA,"",NA,0
-90.0595638729999,18.9786470350001,0.0341064855456352,0.00074136012699455,120.239433288574,0.200969189405441,0.802153944969177,3.89147257804871,-40.6376495361328,3.46356646332424e-05,0.030135503038764,0.912333786487579,1,"Craugastor_omoaensis","Rhinella_horribilis",1,"generalist","specialist",106.25,241,"",NA,0
-90.0595638729999,18.9786470350001,0.0341064855456352,0.00074136012699455,120.239433288574,0.200969189405441,0.802153944969177,3.89147257804871,-40.6376495361328,3.46356646332424e-05,0.030135503038764,0.912333786487579,1,"Craugastor_omoaensis","Rhinophrynus_dorsalis",1,"specialist","specialist",90,89,"carnivore",NA,0
-90.0595638729999,18.9786470350001,0.0341064855456352,0.00074136012699455,120.239433288574,0.200969189405441,0.802153944969177,3.89147257804871,-40.6376495361328,3.46356646332424e-05,0.030135503038764,0.912333786487579,1,"Craugastor_omoaensis","Scinax_staufferi",1,"generalist","",29,32,"",NA,0
-90.0595638729999,18.9786470350001,0.0341064855456352,0.00074136012699455,120.239433288574,0.200969189405441,0.802153944969177,3.89147257804871,-40.6376495361328,3.46356646332424e-05,0.030135503038764,0.912333786487579,1,"Craugastor_omoaensis","Smilisca_baudinii",1,"generalist","",NA,90,"",NA,0
-90.0595638729999,18.9786470350001,0.0341064855456352,0.00074136012699455,120.239433288574,0.200969189405441,0.802153944969177,3.89147257804871,-40.6376495361328,3.46356646332424e-05,0.030135503038764,0.912333786487579,1,"Craugastor_omoaensis","Tlalocohyla_loquax",1,"generalist","",NA,77,"",NA,0
-90.0595638729999,18.9786470350001,0.0341064855456352,0.00074136012699455,120.239433288574,0.200969189405441,0.802153944969177,3.89147257804871,-40.6376495361328,3.46356646332424e-05,0.030135503038764,0.912333786487579,1,"Craugastor_omoaensis","Trachycephalus_vermiculatus",1,"generalist","specialist",56.9,105,"",NA,0
-89.0595638729999,18.9786470350001,0.0157889761030674,0.000766866432968527,124.631607055664,0.231765955686569,0.849464476108551,3.63877272605896,30.4911270141602,6.3117795434664e-07,0.0122413849458098,0.960856556892395,1,"Craugastor_omoaensis","Agalychnis_callidryas",1,"generalist","",12,77.2,"",NA,0
-89.0595638729999,18.9786470350001,0.0157889761030674,0.000766866432968527,124.631607055664,0.231765955686569,0.849464476108551,3.63877272605896,30.4911270141602,6.3117795434664e-07,0.0122413849458098,0.960856556892395,1,"Craugastor_omoaensis","Dendropsophus_microcephalus",1,"generalist","",28,32,"",NA,0
-89.0595638729999,18.9786470350001,0.0157889761030674,0.000766866432968527,124.631607055664,0.231765955686569,0.849464476108551,3.63877272605896,30.4911270141602,6.3117795434664e-07,0.0122413849458098,0.960856556892395,1,"Craugastor_omoaensis","Engystomops_pustulosus",1,"generalist","",NA,48.2,"",NA,0
-89.0595638729999,18.9786470350001,0.0157889761030674,0.000766866432968527,124.631607055664,0.231765955686569,0.849464476108551,3.63877272605896,30.4911270141602,6.3117795434664e-07,0.0122413849458098,0.960856556892395,1,"Craugastor_omoaensis","Hypopachus_variolosus",1,"generalist","specialist",NA,53,"carnivore",NA,0
-89.0595638729999,18.9786470350001,0.0157889761030674,0.000766866432968527,124.631607055664,0.231765955686569,0.849464476108551,3.63877272605896,30.4911270141602,6.3117795434664e-07,0.0122413849458098,0.960856556892395,1,"Craugastor_omoaensis","Incilius_valliceps",1,"specialist","",60,125,"",NA,0
-89.0595638729999,18.9786470350001,0.0157889761030674,0.000766866432968527,124.631607055664,0.231765955686569,0.849464476108551,3.63877272605896,30.4911270141602,6.3117795434664e-07,0.0122413849458098,0.960856556892395,1,"Craugastor_omoaensis","Leptodactylus_fragilis",1,"generalist","",NA,43,"",NA,0
-89.0595638729999,18.9786470350001,0.0157889761030674,0.000766866432968527,124.631607055664,0.231765955686569,0.849464476108551,3.63877272605896,30.4911270141602,6.3117795434664e-07,0.0122413849458098,0.960856556892395,1,"Craugastor_omoaensis","Leptodactylus_melanonotus",1,"generalist","",NA,58,"",NA,0
-89.0595638729999,18.9786470350001,0.0157889761030674,0.000766866432968527,124.631607055664,0.231765955686569,0.849464476108551,3.63877272605896,30.4911270141602,6.3117795434664e-07,0.0122413849458098,0.960856556892395,1,"Craugastor_omoaensis","Lithobates_brownorum",1,"generalist","specialist",NA,NA,"",NA,0
-89.0595638729999,18.9786470350001,0.0157889761030674,0.000766866432968527,124.631607055664,0.231765955686569,0.849464476108551,3.63877272605896,30.4911270141602,6.3117795434664e-07,0.0122413849458098,0.960856556892395,1,"Craugastor_omoaensis","Rhinella_horribilis",1,"generalist","specialist",106.25,241,"",NA,0
-89.0595638729999,18.9786470350001,0.0157889761030674,0.000766866432968527,124.631607055664,0.231765955686569,0.849464476108551,3.63877272605896,30.4911270141602,6.3117795434664e-07,0.0122413849458098,0.960856556892395,1,"Craugastor_omoaensis","Rhinophrynus_dorsalis",1,"specialist","specialist",90,89,"carnivore",NA,0
-89.0595638729999,18.9786470350001,0.0157889761030674,0.000766866432968527,124.631607055664,0.231765955686569,0.849464476108551,3.63877272605896,30.4911270141602,6.3117795434664e-07,0.0122413849458098,0.960856556892395,1,"Craugastor_omoaensis","Scinax_staufferi",1,"generalist","",29,32,"",NA,0
-89.0595638729999,18.9786470350001,0.0157889761030674,0.000766866432968527,124.631607055664,0.231765955686569,0.849464476108551,3.63877272605896,30.4911270141602,6.3117795434664e-07,0.0122413849458098,0.960856556892395,1,"Craugastor_omoaensis","Smilisca_baudinii",1,"generalist","",NA,90,"",NA,0
-89.0595638729999,18.9786470350001,0.0157889761030674,0.000766866432968527,124.631607055664,0.231765955686569,0.849464476108551,3.63877272605896,30.4911270141602,6.3117795434664e-07,0.0122413849458098,0.960856556892395,1,"Craugastor_omoaensis","Tlalocohyla_loquax",1,"generalist","",NA,77,"",NA,0
-89.0595638729999,18.9786470350001,0.0157889761030674,0.000766866432968527,124.631607055664,0.231765955686569,0.849464476108551,3.63877272605896,30.4911270141602,6.3117795434664e-07,0.0122413849458098,0.960856556892395,1,"Craugastor_omoaensis","Trachycephalus_vermiculatus",1,"generalist","specialist",56.9,105,"",NA,0
-88.0595638729999,18.9786470350001,0.00579699873924255,0.00321032549254596,16.1881713867188,0.102563090622425,0.561406970024109,3.89197683334351,-1120.22961425781,0.00334080774337053,0.00188348640222102,0.62814325094223,1,"Craugastor_omoaensis","Agalychnis_callidryas",1,"generalist","",12,77.2,"",NA,0
-88.0595638729999,18.9786470350001,0.00579699873924255,0.00321032549254596,16.1881713867188,0.102563090622425,0.561406970024109,3.89197683334351,-1120.22961425781,0.00334080774337053,0.00188348640222102,0.62814325094223,1,"Craugastor_omoaensis","Dendropsophus_microcephalus",1,"generalist","",28,32,"",NA,0
-88.0595638729999,18.9786470350001,0.00579699873924255,0.00321032549254596,16.1881713867188,0.102563090622425,0.561406970024109,3.89197683334351,-1120.22961425781,0.00334080774337053,0.00188348640222102,0.62814325094223,1,"Craugastor_omoaensis","Engystomops_pustulosus",1,"generalist","",NA,48.2,"",NA,0
-88.0595638729999,18.9786470350001,0.00579699873924255,0.00321032549254596,16.1881713867188,0.102563090622425,0.561406970024109,3.89197683334351,-1120.22961425781,0.00334080774337053,0.00188348640222102,0.62814325094223,1,"Craugastor_omoaensis","Hypopachus_variolosus",1,"generalist","specialist",NA,53,"carnivore",NA,0
-88.0595638729999,18.9786470350001,0.00579699873924255,0.00321032549254596,16.1881713867188,0.102563090622425,0.561406970024109,3.89197683334351,-1120.22961425781,0.00334080774337053,0.00188348640222102,0.62814325094223,1,"Craugastor_omoaensis","Incilius_valliceps",1,"specialist","",60,125,"",NA,0
-88.0595638729999,18.9786470350001,0.00579699873924255,0.00321032549254596,16.1881713867188,0.102563090622425,0.561406970024109,3.89197683334351,-1120.22961425781,0.00334080774337053,0.00188348640222102,0.62814325094223,1,"Craugastor_omoaensis","Leptodactylus_fragilis",1,"generalist","",NA,43,"",NA,0
-88.0595638729999,18.9786470350001,0.00579699873924255,0.00321032549254596,16.1881713867188,0.102563090622425,0.561406970024109,3.89197683334351,-1120.22961425781,0.00334080774337053,0.00188348640222102,0.62814325094223,1,"Craugastor_omoaensis","Leptodactylus_melanonotus",1,"generalist","",NA,58,"",NA,0
-88.0595638729999,18.9786470350001,0.00579699873924255,0.00321032549254596,16.1881713867188,0.102563090622425,0.561406970024109,3.89197683334351,-1120.22961425781,0.00334080774337053,0.00188348640222102,0.62814325094223,1,"Craugastor_omoaensis","Lithobates_brownorum",1,"generalist","specialist",NA,NA,"",NA,0
-88.0595638729999,18.9786470350001,0.00579699873924255,0.00321032549254596,16.1881713867188,0.102563090622425,0.561406970024109,3.89197683334351,-1120.22961425781,0.00334080774337053,0.00188348640222102,0.62814325094223,1,"Craugastor_omoaensis","Rhinella_horribilis",1,"generalist","specialist",106.25,241,"",NA,0
-88.0595638729999,18.9786470350001,0.00579699873924255,0.00321032549254596,16.1881713867188,0.102563090622425,0.561406970024109,3.89197683334351,-1120.22961425781,0.00334080774337053,0.00188348640222102,0.62814325094223,1,"Craugastor_omoaensis","Rhinophrynus_dorsalis",1,"specialist","specialist",90,89,"carnivore",NA,0
-88.0595638729999,18.9786470350001,0.00579699873924255,0.00321032549254596,16.1881713867188,0.102563090622425,0.561406970024109,3.89197683334351,-1120.22961425781,0.00334080774337053,0.00188348640222102,0.62814325094223,1,"Craugastor_omoaensis","Scinax_staufferi",1,"generalist","",29,32,"",NA,0
-88.0595638729999,18.9786470350001,0.00579699873924255,0.00321032549254596,16.1881713867188,0.102563090622425,0.561406970024109,3.89197683334351,-1120.22961425781,0.00334080774337053,0.00188348640222102,0.62814325094223,1,"Craugastor_omoaensis","Smilisca_baudinii",1,"generalist","",NA,90,"",NA,0
-88.0595638729999,18.9786470350001,0.00579699873924255,0.00321032549254596,16.1881713867188,0.102563090622425,0.561406970024109,3.89197683334351,-1120.22961425781,0.00334080774337053,0.00188348640222102,0.62814325094223,1,"Craugastor_omoaensis","Tlalocohyla_loquax",1,"generalist","",NA,77,"",NA,0
-88.0595638729999,18.9786470350001,0.00579699873924255,0.00321032549254596,16.1881713867188,0.102563090622425,0.561406970024109,3.89197683334351,-1120.22961425781,0.00334080774337053,0.00188348640222102,0.62814325094223,1,"Craugastor_omoaensis","Trachycephalus_vermiculatus",1,"generalist","specialist",56.9,105,"",NA,0
-87.0595638729999,18.9786470350001,0.000100829951406922,9.00406012078747e-05,3.37219166755676,0.00197769142687321,0.0154535314068198,0.11747108399868,-9601.93359375,6.08807204116601e-05,3.04403602058301e-05,0.0165868625044823,1,"Craugastor_omoaensis","Agalychnis_callidryas",1,"generalist","",12,77.2,"",NA,0
-87.0595638729999,18.9786470350001,0.000100829951406922,9.00406012078747e-05,3.37219166755676,0.00197769142687321,0.0154535314068198,0.11747108399868,-9601.93359375,6.08807204116601e-05,3.04403602058301e-05,0.0165868625044823,1,"Craugastor_omoaensis","Dendropsophus_microcephalus",1,"generalist","",28,32,"",NA,0
-87.0595638729999,18.9786470350001,0.000100829951406922,9.00406012078747e-05,3.37219166755676,0.00197769142687321,0.0154535314068198,0.11747108399868,-9601.93359375,6.08807204116601e-05,3.04403602058301e-05,0.0165868625044823,1,"Craugastor_omoaensis","Hypopachus_variolosus",1,"generalist","specialist",NA,53,"carnivore",NA,0
-87.0595638729999,18.9786470350001,0.000100829951406922,9.00406012078747e-05,3.37219166755676,0.00197769142687321,0.0154535314068198,0.11747108399868,-9601.93359375,6.08807204116601e-05,3.04403602058301e-05,0.0165868625044823,1,"Craugastor_omoaensis","Incilius_valliceps",1,"specialist","",60,125,"",NA,0
-87.0595638729999,18.9786470350001,0.000100829951406922,9.00406012078747e-05,3.37219166755676,0.00197769142687321,0.0154535314068198,0.11747108399868,-9601.93359375,6.08807204116601e-05,3.04403602058301e-05,0.0165868625044823,1,"Craugastor_omoaensis","Leptodactylus_fragilis",1,"generalist","",NA,43,"",NA,0
-87.0595638729999,18.9786470350001,0.000100829951406922,9.00406012078747e-05,3.37219166755676,0.00197769142687321,0.0154535314068198,0.11747108399868,-9601.93359375,6.08807204116601e-05,3.04403602058301e-05,0.0165868625044823,1,"Craugastor_omoaensis","Leptodactylus_melanonotus",1,"generalist","",NA,58,"",NA,0
-87.0595638729999,18.9786470350001,0.000100829951406922,9.00406012078747e-05,3.37219166755676,0.00197769142687321,0.0154535314068198,0.11747108399868,-9601.93359375,6.08807204116601e-05,3.04403602058301e-05,0.0165868625044823,1,"Craugastor_omoaensis","Lithobates_brownorum",1,"generalist","specialist",NA,NA,"",NA,0
-87.0595638729999,18.9786470350001,0.000100829951406922,9.00406012078747e-05,3.37219166755676,0.00197769142687321,0.0154535314068198,0.11747108399868,-9601.93359375,6.08807204116601e-05,3.04403602058301e-05,0.0165868625044823,1,"Craugastor_omoaensis","Rhinella_horribilis",1,"generalist","specialist",106.25,241,"",NA,0
-87.0595638729999,18.9786470350001,0.000100829951406922,9.00406012078747e-05,3.37219166755676,0.00197769142687321,0.0154535314068198,0.11747108399868,-9601.93359375,6.08807204116601e-05,3.04403602058301e-05,0.0165868625044823,1,"Craugastor_omoaensis","Rhinophrynus_dorsalis",1,"specialist","specialist",90,89,"carnivore",NA,0
-87.0595638729999,18.9786470350001,0.000100829951406922,9.00406012078747e-05,3.37219166755676,0.00197769142687321,0.0154535314068198,0.11747108399868,-9601.93359375,6.08807204116601e-05,3.04403602058301e-05,0.0165868625044823,1,"Craugastor_omoaensis","Smilisca_baudinii",1,"generalist","",NA,90,"",NA,0
-87.0595638729999,18.9786470350001,0.000100829951406922,9.00406012078747e-05,3.37219166755676,0.00197769142687321,0.0154535314068198,0.11747108399868,-9601.93359375,6.08807204116601e-05,3.04403602058301e-05,0.0165868625044823,1,"Craugastor_omoaensis","Tlalocohyla_loquax",1,"generalist","",NA,77,"",NA,0
-87.0595638729999,18.9786470350001,0.000100829951406922,9.00406012078747e-05,3.37219166755676,0.00197769142687321,0.0154535314068198,0.11747108399868,-9601.93359375,6.08807204116601e-05,3.04403602058301e-05,0.0165868625044823,1,"Craugastor_omoaensis","Trachycephalus_vermiculatus",1,"generalist","specialist",56.9,105,"",NA,0
-104.059563873,17.9786470350001,0.0013990254374221,0.000318550475640222,59.999927520752,0.000354425690602511,0.0147682633250952,0.112198129296303,-9830.8720703125,0.000277085317065939,0.00229289685375988,0.00545673491433263,1,"Craugastor_omoaensis","Hypopachus_variolosus",1,"generalist","specialist",NA,53,"carnivore",NA,0
-104.059563873,17.9786470350001,0.0013990254374221,0.000318550475640222,59.999927520752,0.000354425690602511,0.0147682633250952,0.112198129296303,-9830.8720703125,0.000277085317065939,0.00229289685375988,0.00545673491433263,1,"Craugastor_omoaensis","Leptodactylus_fragilis",1,"generalist","",NA,43,"",NA,0
-104.059563873,17.9786470350001,0.0013990254374221,0.000318550475640222,59.999927520752,0.000354425690602511,0.0147682633250952,0.112198129296303,-9830.8720703125,0.000277085317065939,0.00229289685375988,0.00545673491433263,1,"Craugastor_omoaensis","Leptodactylus_melanonotus",1,"generalist","",NA,58,"",NA,0
-104.059563873,17.9786470350001,0.0013990254374221,0.000318550475640222,59.999927520752,0.000354425690602511,0.0147682633250952,0.112198129296303,-9830.8720703125,0.000277085317065939,0.00229289685375988,0.00545673491433263,1,"Craugastor_omoaensis","Rhinella_horribilis",1,"generalist","specialist",106.25,241,"",NA,0
-104.059563873,17.9786470350001,0.0013990254374221,0.000318550475640222,59.999927520752,0.000354425690602511,0.0147682633250952,0.112198129296303,-9830.8720703125,0.000277085317065939,0.00229289685375988,0.00545673491433263,1,"Craugastor_omoaensis","Smilisca_baudinii",1,"generalist","",NA,90,"",NA,0
-103.059563873,17.9786470350001,0.00215044314973056,0.000562529370654374,581.303405761719,0.0208358243107796,0.328719913959503,1.53938603401184,-6822.23193359375,5.04942363477312e-06,0.00166953401640058,0.117653876543045,1,"Craugastor_omoaensis","Hypopachus_variolosus",1,"generalist","specialist",NA,53,"carnivore",NA,0
-103.059563873,17.9786470350001,0.00215044314973056,0.000562529370654374,581.303405761719,0.0208358243107796,0.328719913959503,1.53938603401184,-6822.23193359375,5.04942363477312e-06,0.00166953401640058,0.117653876543045,1,"Craugastor_omoaensis","Leptodactylus_fragilis",1,"generalist","",NA,43,"",NA,0
-103.059563873,17.9786470350001,0.00215044314973056,0.000562529370654374,581.303405761719,0.0208358243107796,0.328719913959503,1.53938603401184,-6822.23193359375,5.04942363477312e-06,0.00166953401640058,0.117653876543045,1,"Craugastor_omoaensis","Leptodactylus_melanonotus",1,"generalist","",NA,58,"",NA,0
-103.059563873,17.9786470350001,0.00215044314973056,0.000562529370654374,581.303405761719,0.0208358243107796,0.328719913959503,1.53938603401184,-6822.23193359375,5.04942363477312e-06,0.00166953401640058,0.117653876543045,1,"Craugastor_omoaensis","Rhinella_horribilis",1,"generalist","specialist",106.25,241,"",NA,0
-103.059563873,17.9786470350001,0.00215044314973056,0.000562529370654374,581.303405761719,0.0208358243107796,0.328719913959503,1.53938603401184,-6822.23193359375,5.04942363477312e-06,0.00166953401640058,0.117653876543045,1,"Craugastor_omoaensis","Smilisca_baudinii",1,"generalist","",NA,90,"",NA,0
-102.059563873,17.9786470350001,0.00874342583119869,0.00555958785116673,467.557403564453,0.0209270119667053,0.384574711322784,3.89311552047729,-4048.32446289062,0.00177431094925851,0.0197895355522633,0.202340364456177,1,"Craugastor_omoaensis","Hypopachus_variolosus",1,"generalist","specialist",NA,53,"carnivore",NA,0
-102.059563873,17.9786470350001,0.00874342583119869,0.00555958785116673,467.557403564453,0.0209270119667053,0.384574711322784,3.89311552047729,-4048.32446289062,0.00177431094925851,0.0197895355522633,0.202340364456177,1,"Craugastor_omoaensis","Leptodactylus_fragilis",1,"generalist","",NA,43,"",NA,0
-102.059563873,17.9786470350001,0.00874342583119869,0.00555958785116673,467.557403564453,0.0209270119667053,0.384574711322784,3.89311552047729,-4048.32446289062,0.00177431094925851,0.0197895355522633,0.202340364456177,1,"Craugastor_omoaensis","Leptodactylus_melanonotus",1,"generalist","",NA,58,"",NA,0
-102.059563873,17.9786470350001,0.00874342583119869,0.00555958785116673,467.557403564453,0.0209270119667053,0.384574711322784,3.89311552047729,-4048.32446289062,0.00177431094925851,0.0197895355522633,0.202340364456177,1,"Craugastor_omoaensis","Rhinella_horribilis",1,"generalist","specialist",106.25,241,"",NA,0
-102.059563873,17.9786470350001,0.00874342583119869,0.00555958785116673,467.557403564453,0.0209270119667053,0.384574711322784,3.89311552047729,-4048.32446289062,0.00177431094925851,0.0197895355522633,0.202340364456177,1,"Craugastor_omoaensis","Smilisca_baudinii",1,"generalist","",NA,90,"",NA,0
-101.059563873,17.9786470350001,0.021551251411438,0.00319676985964179,961.626281738281,0.0231099091470242,0.575173795223236,4.83646869659424,-164.650207519531,3.23338936141226e-05,0.102974183857441,0.442818075418472,1,"Craugastor_omoaensis","Hypopachus_variolosus",1,"generalist","specialist",NA,53,"carnivore",NA,0
-101.059563873,17.9786470350001,0.021551251411438,0.00319676985964179,961.626281738281,0.0231099091470242,0.575173795223236,4.83646869659424,-164.650207519531,3.23338936141226e-05,0.102974183857441,0.442818075418472,1,"Craugastor_omoaensis","Leptodactylus_fragilis",1,"generalist","",NA,43,"",NA,0
-101.059563873,17.9786470350001,0.021551251411438,0.00319676985964179,961.626281738281,0.0231099091470242,0.575173795223236,4.83646869659424,-164.650207519531,3.23338936141226e-05,0.102974183857441,0.442818075418472,1,"Craugastor_omoaensis","Leptodactylus_melanonotus",1,"generalist","",NA,58,"",NA,0
-101.059563873,17.9786470350001,0.021551251411438,0.00319676985964179,961.626281738281,0.0231099091470242,0.575173795223236,4.83646869659424,-164.650207519531,3.23338936141226e-05,0.102974183857441,0.442818075418472,1,"Craugastor_omoaensis","Rhinella_horribilis",1,"generalist","specialist",106.25,241,"",NA,0
-101.059563873,17.9786470350001,0.021551251411438,0.00319676985964179,961.626281738281,0.0231099091470242,0.575173795223236,4.83646869659424,-164.650207519531,3.23338936141226e-05,0.102974183857441,0.442818075418472,1,"Craugastor_omoaensis","Rhinophrynus_dorsalis",1,"specialist","specialist",90,89,"carnivore",NA,0
-101.059563873,17.9786470350001,0.021551251411438,0.00319676985964179,961.626281738281,0.0231099091470242,0.575173795223236,4.83646869659424,-164.650207519531,3.23338936141226e-05,0.102974183857441,0.442818075418472,1,"Craugastor_omoaensis","Smilisca_baudinii",1,"generalist","",NA,90,"",NA,0
-100.059563873,17.9786470350001,0.0285725742578506,0.00609787181019783,1275.0029296875,0.013212057761848,0.379305183887482,6.12811756134033,27.1860218048096,0.000173178326804191,0.0334186851978302,0.330548495054245,1,"Craugastor_omoaensis","Hypopachus_variolosus",1,"generalist","specialist",NA,53,"carnivore",NA,0
-100.059563873,17.9786470350001,0.0285725742578506,0.00609787181019783,1275.0029296875,0.013212057761848,0.379305183887482,6.12811756134033,27.1860218048096,0.000173178326804191,0.0334186851978302,0.330548495054245,1,"Craugastor_omoaensis","Leptodactylus_fragilis",1,"generalist","",NA,43,"",NA,0
-100.059563873,17.9786470350001,0.0285725742578506,0.00609787181019783,1275.0029296875,0.013212057761848,0.379305183887482,6.12811756134033,27.1860218048096,0.000173178326804191,0.0334186851978302,0.330548495054245,1,"Craugastor_omoaensis","Rhinella_horribilis",1,"generalist","specialist",106.25,241,"",NA,0
-100.059563873,17.9786470350001,0.0285725742578506,0.00609787181019783,1275.0029296875,0.013212057761848,0.379305183887482,6.12811756134033,27.1860218048096,0.000173178326804191,0.0334186851978302,0.330548495054245,1,"Craugastor_omoaensis","Smilisca_baudinii",1,"generalist","",NA,90,"",NA,0
-99.0595638729999,17.9786470350001,0.0338679030537605,0.0136628290638328,1294.72497558594,0.0020825054962188,0.233502715826035,7.31739234924316,29.0975971221924,0.00326680042780936,0.0450475625693798,0.0287895724177361,1,"Craugastor_omoaensis","Hypopachus_variolosus",1,"generalist","specialist",NA,53,"carnivore",NA,0
-99.0595638729999,17.9786470350001,0.0338679030537605,0.0136628290638328,1294.72497558594,0.0020825054962188,0.233502715826035,7.31739234924316,29.0975971221924,0.00326680042780936,0.0450475625693798,0.0287895724177361,1,"Craugastor_omoaensis","Rhinella_horribilis",1,"generalist","specialist",106.25,241,"",NA,0
-99.0595638729999,17.9786470350001,0.0338679030537605,0.0136628290638328,1294.72497558594,0.0020825054962188,0.233502715826035,7.31739234924316,29.0975971221924,0.00326680042780936,0.0450475625693798,0.0287895724177361,1,"Craugastor_omoaensis","Scinax_staufferi",1,"generalist","",29,32,"",NA,0
-98.0595638729999,17.9786470350001,0.0336350500583649,0.0103978263214231,1614.44580078125,0.000754558306653053,0.13713800907135,6.71975183486938,27.6123638153076,0.000960001838393509,0.00829174462705851,0.00591363944113255,1,"Craugastor_omoaensis","Hypopachus_variolosus",1,"generalist","specialist",NA,53,"carnivore",NA,0
-98.0595638729999,17.9786470350001,0.0336350500583649,0.0103978263214231,1614.44580078125,0.000754558306653053,0.13713800907135,6.71975183486938,27.6123638153076,0.000960001838393509,0.00829174462705851,0.00591363944113255,1,"Craugastor_omoaensis","Rhinella_horribilis",1,"generalist","specialist",106.25,241,"",NA,0
-98.0595638729999,17.9786470350001,0.0336350500583649,0.0103978263214231,1614.44580078125,0.000754558306653053,0.13713800907135,6.71975183486938,27.6123638153076,0.000960001838393509,0.00829174462705851,0.00591363944113255,1,"Craugastor_omoaensis","Scinax_staufferi",1,"generalist","",29,32,"",NA,0
-97.0595638729999,17.9786470350001,0.0264203529804945,0.0137617727741599,1624.8173828125,0.0370349325239658,0.433462470769882,6.70582580566406,26.5258750915527,0.000189588958164677,0.00728706549853086,0.311957120895386,1,"Craugastor_omoaensis","Agalychnis_callidryas",1,"generalist","",12,77.2,"",NA,0
-97.0595638729999,17.9786470350001,0.0264203529804945,0.0137617727741599,1624.8173828125,0.0370349325239658,0.433462470769882,6.70582580566406,26.5258750915527,0.000189588958164677,0.00728706549853086,0.311957120895386,1,"Craugastor_omoaensis","Dendropsophus_microcephalus",1,"generalist","",28,32,"",NA,0
-97.0595638729999,17.9786470350001,0.0264203529804945,0.0137617727741599,1624.8173828125,0.0370349325239658,0.433462470769882,6.70582580566406,26.5258750915527,0.000189588958164677,0.00728706549853086,0.311957120895386,1,"Craugastor_omoaensis","Hyalinobatrachium_viridissimum",1,"specialist","",NA,NA,"",NA,0
-97.0595638729999,17.9786470350001,0.0264203529804945,0.0137617727741599,1624.8173828125,0.0370349325239658,0.433462470769882,6.70582580566406,26.5258750915527,0.000189588958164677,0.00728706549853086,0.311957120895386,1,"Craugastor_omoaensis","Hypopachus_variolosus",1,"generalist","specialist",NA,53,"carnivore",NA,0
-97.0595638729999,17.9786470350001,0.0264203529804945,0.0137617727741599,1624.8173828125,0.0370349325239658,0.433462470769882,6.70582580566406,26.5258750915527,0.000189588958164677,0.00728706549853086,0.311957120895386,1,"Craugastor_omoaensis","Incilius_valliceps",1,"specialist","",60,125,"",NA,0
-97.0595638729999,17.9786470350001,0.0264203529804945,0.0137617727741599,1624.8173828125,0.0370349325239658,0.433462470769882,6.70582580566406,26.5258750915527,0.000189588958164677,0.00728706549853086,0.311957120895386,1,"Craugastor_omoaensis","Leptodactylus_melanonotus",1,"generalist","",NA,58,"",NA,0
-97.0595638729999,17.9786470350001,0.0264203529804945,0.0137617727741599,1624.8173828125,0.0370349325239658,0.433462470769882,6.70582580566406,26.5258750915527,0.000189588958164677,0.00728706549853086,0.311957120895386,1,"Craugastor_omoaensis","Lithobates_brownorum",1,"generalist","specialist",NA,NA,"",NA,0
-97.0595638729999,17.9786470350001,0.0264203529804945,0.0137617727741599,1624.8173828125,0.0370349325239658,0.433462470769882,6.70582580566406,26.5258750915527,0.000189588958164677,0.00728706549853086,0.311957120895386,1,"Craugastor_omoaensis","Rhinella_horribilis",1,"generalist","specialist",106.25,241,"",NA,0
-97.0595638729999,17.9786470350001,0.0264203529804945,0.0137617727741599,1624.8173828125,0.0370349325239658,0.433462470769882,6.70582580566406,26.5258750915527,0.000189588958164677,0.00728706549853086,0.311957120895386,1,"Craugastor_omoaensis","Scinax_staufferi",1,"generalist","",29,32,"",NA,0
-97.0595638729999,17.9786470350001,0.0264203529804945,0.0137617727741599,1624.8173828125,0.0370349325239658,0.433462470769882,6.70582580566406,26.5258750915527,0.000189588958164677,0.00728706549853086,0.311957120895386,1,"Craugastor_omoaensis","Smilisca_baudinii",1,"generalist","",NA,90,"",NA,0
-97.0595638729999,17.9786470350001,0.0264203529804945,0.0137617727741599,1624.8173828125,0.0370349325239658,0.433462470769882,6.70582580566406,26.5258750915527,0.000189588958164677,0.00728706549853086,0.311957120895386,1,"Craugastor_omoaensis","Trachycephalus_vermiculatus",1,"generalist","specialist",56.9,105,"",NA,0
-96.0595638729999,17.9786470350001,0.131517127156258,0.0103129232302308,306.153045654297,0.0982198491692543,0.464403748512268,8.73598766326904,-39.0395736694336,0.000210969883482903,0.283390462398529,0.313037395477295,1,"Craugastor_omoaensis","Agalychnis_callidryas",1,"generalist","",12,77.2,"",NA,0
-96.0595638729999,17.9786470350001,0.131517127156258,0.0103129232302308,306.153045654297,0.0982198491692543,0.464403748512268,8.73598766326904,-39.0395736694336,0.000210969883482903,0.283390462398529,0.313037395477295,1,"Craugastor_omoaensis","Dendropsophus_microcephalus",1,"generalist","",28,32,"",NA,0
-96.0595638729999,17.9786470350001,0.131517127156258,0.0103129232302308,306.153045654297,0.0982198491692543,0.464403748512268,8.73598766326904,-39.0395736694336,0.000210969883482903,0.283390462398529,0.313037395477295,1,"Craugastor_omoaensis","Engystomops_pustulosus",1,"generalist","",NA,48.2,"",NA,0
-96.0595638729999,17.9786470350001,0.131517127156258,0.0103129232302308,306.153045654297,0.0982198491692543,0.464403748512268,8.73598766326904,-39.0395736694336,0.000210969883482903,0.283390462398529,0.313037395477295,1,"Craugastor_omoaensis","Hyalinobatrachium_viridissimum",1,"specialist","",NA,NA,"",NA,0
-96.0595638729999,17.9786470350001,0.131517127156258,0.0103129232302308,306.153045654297,0.0982198491692543,0.464403748512268,8.73598766326904,-39.0395736694336,0.000210969883482903,0.283390462398529,0.313037395477295,1,"Craugastor_omoaensis","Hypopachus_variolosus",1,"generalist","specialist",NA,53,"carnivore",NA,0
-96.0595638729999,17.9786470350001,0.131517127156258,0.0103129232302308,306.153045654297,0.0982198491692543,0.464403748512268,8.73598766326904,-39.0395736694336,0.000210969883482903,0.283390462398529,0.313037395477295,1,"Craugastor_omoaensis","Incilius_valliceps",1,"specialist","",60,125,"",NA,0
-96.0595638729999,17.9786470350001,0.131517127156258,0.0103129232302308,306.153045654297,0.0982198491692543,0.464403748512268,8.73598766326904,-39.0395736694336,0.000210969883482903,0.283390462398529,0.313037395477295,1,"Craugastor_omoaensis","Leptodactylus_fragilis",1,"generalist","",NA,43,"",NA,0
-96.0595638729999,17.9786470350001,0.131517127156258,0.0103129232302308,306.153045654297,0.0982198491692543,0.464403748512268,8.73598766326904,-39.0395736694336,0.000210969883482903,0.283390462398529,0.313037395477295,1,"Craugastor_omoaensis","Leptodactylus_melanonotus",1,"generalist","",NA,58,"",NA,0
-96.0595638729999,17.9786470350001,0.131517127156258,0.0103129232302308,306.153045654297,0.0982198491692543,0.464403748512268,8.73598766326904,-39.0395736694336,0.000210969883482903,0.283390462398529,0.313037395477295,1,"Craugastor_omoaensis","Lithobates_brownorum",1,"generalist","specialist",NA,NA,"",NA,0
-96.0595638729999,17.9786470350001,0.131517127156258,0.0103129232302308,306.153045654297,0.0982198491692543,0.464403748512268,8.73598766326904,-39.0395736694336,0.000210969883482903,0.283390462398529,0.313037395477295,1,"Craugastor_omoaensis","Rhinella_horribilis",1,"generalist","specialist",106.25,241,"",NA,0
-96.0595638729999,17.9786470350001,0.131517127156258,0.0103129232302308,306.153045654297,0.0982198491692543,0.464403748512268,8.73598766326904,-39.0395736694336,0.000210969883482903,0.283390462398529,0.313037395477295,1,"Craugastor_omoaensis","Rhinophrynus_dorsalis",1,"specialist","specialist",90,89,"carnivore",NA,0
-96.0595638729999,17.9786470350001,0.131517127156258,0.0103129232302308,306.153045654297,0.0982198491692543,0.464403748512268,8.73598766326904,-39.0395736694336,0.000210969883482903,0.283390462398529,0.313037395477295,1,"Craugastor_omoaensis","Scinax_staufferi",1,"generalist","",29,32,"",NA,0
-96.0595638729999,17.9786470350001,0.131517127156258,0.0103129232302308,306.153045654297,0.0982198491692543,0.464403748512268,8.73598766326904,-39.0395736694336,0.000210969883482903,0.283390462398529,0.313037395477295,1,"Craugastor_omoaensis","Smilisca_baudinii",1,"generalist","",NA,90,"",NA,0
-96.0595638729999,17.9786470350001,0.131517127156258,0.0103129232302308,306.153045654297,0.0982198491692543,0.464403748512268,8.73598766326904,-39.0395736694336,0.000210969883482903,0.283390462398529,0.313037395477295,1,"Craugastor_omoaensis","Trachycephalus_vermiculatus",1,"generalist","specialist",56.9,105,"",NA,0
-95.0595638729999,17.9786470350001,0.0326216593384743,0.00950991548597813,122.482055664062,0.0969166830182076,0.276881396770477,9.17737579345703,-390.714599609375,0.00167419097851962,0.150556355714798,0.0225821509957314,1,"Craugastor_omoaensis","Agalychnis_callidryas",1,"generalist","",12,77.2,"",NA,0
-95.0595638729999,17.9786470350001,0.0326216593384743,0.00950991548597813,122.482055664062,0.0969166830182076,0.276881396770477,9.17737579345703,-390.714599609375,0.00167419097851962,0.150556355714798,0.0225821509957314,1,"Craugastor_omoaensis","Craugastor_laticeps",1,"specialist","",80,80,"",NA,0
-95.0595638729999,17.9786470350001,0.0326216593384743,0.00950991548597813,122.482055664062,0.0969166830182076,0.276881396770477,9.17737579345703,-390.714599609375,0.00167419097851962,0.150556355714798,0.0225821509957314,1,"Craugastor_omoaensis","Dendropsophus_microcephalus",1,"generalist","",28,32,"",NA,0
-95.0595638729999,17.9786470350001,0.0326216593384743,0.00950991548597813,122.482055664062,0.0969166830182076,0.276881396770477,9.17737579345703,-390.714599609375,0.00167419097851962,0.150556355714798,0.0225821509957314,1,"Craugastor_omoaensis","Engystomops_pustulosus",1,"generalist","",NA,48.2,"",NA,0
-95.0595638729999,17.9786470350001,0.0326216593384743,0.00950991548597813,122.482055664062,0.0969166830182076,0.276881396770477,9.17737579345703,-390.714599609375,0.00167419097851962,0.150556355714798,0.0225821509957314,1,"Craugastor_omoaensis","Hyalinobatrachium_viridissimum",1,"specialist","",NA,NA,"",NA,0
-95.0595638729999,17.9786470350001,0.0326216593384743,0.00950991548597813,122.482055664062,0.0969166830182076,0.276881396770477,9.17737579345703,-390.714599609375,0.00167419097851962,0.150556355714798,0.0225821509957314,1,"Craugastor_omoaensis","Hypopachus_variolosus",1,"generalist","specialist",NA,53,"carnivore",NA,0
-95.0595638729999,17.9786470350001,0.0326216593384743,0.00950991548597813,122.482055664062,0.0969166830182076,0.276881396770477,9.17737579345703,-390.714599609375,0.00167419097851962,0.150556355714798,0.0225821509957314,1,"Craugastor_omoaensis","Incilius_valliceps",1,"specialist","",60,125,"",NA,0
-95.0595638729999,17.9786470350001,0.0326216593384743,0.00950991548597813,122.482055664062,0.0969166830182076,0.276881396770477,9.17737579345703,-390.714599609375,0.00167419097851962,0.150556355714798,0.0225821509957314,1,"Craugastor_omoaensis","Leptodactylus_fragilis",1,"generalist","",NA,43,"",NA,0
-95.0595638729999,17.9786470350001,0.0326216593384743,0.00950991548597813,122.482055664062,0.0969166830182076,0.276881396770477,9.17737579345703,-390.714599609375,0.00167419097851962,0.150556355714798,0.0225821509957314,1,"Craugastor_omoaensis","Leptodactylus_melanonotus",1,"generalist","",NA,58,"",NA,0
-95.0595638729999,17.9786470350001,0.0326216593384743,0.00950991548597813,122.482055664062,0.0969166830182076,0.276881396770477,9.17737579345703,-390.714599609375,0.00167419097851962,0.150556355714798,0.0225821509957314,1,"Craugastor_omoaensis","Lithobates_brownorum",1,"generalist","specialist",NA,NA,"",NA,0
-95.0595638729999,17.9786470350001,0.0326216593384743,0.00950991548597813,122.482055664062,0.0969166830182076,0.276881396770477,9.17737579345703,-390.714599609375,0.00167419097851962,0.150556355714798,0.0225821509957314,1,"Craugastor_omoaensis","Lithobates_vaillanti",1,NA,NA,NA,NA,NA,NA,NA
-95.0595638729999,17.9786470350001,0.0326216593384743,0.00950991548597813,122.482055664062,0.0969166830182076,0.276881396770477,9.17737579345703,-390.714599609375,0.00167419097851962,0.150556355714798,0.0225821509957314,1,"Craugastor_omoaensis","Rhinella_horribilis",1,"generalist","specialist",106.25,241,"",NA,0
-95.0595638729999,17.9786470350001,0.0326216593384743,0.00950991548597813,122.482055664062,0.0969166830182076,0.276881396770477,9.17737579345703,-390.714599609375,0.00167419097851962,0.150556355714798,0.0225821509957314,1,"Craugastor_omoaensis","Rhinophrynus_dorsalis",1,"specialist","specialist",90,89,"carnivore",NA,0
-95.0595638729999,17.9786470350001,0.0326216593384743,0.00950991548597813,122.482055664062,0.0969166830182076,0.276881396770477,9.17737579345703,-390.714599609375,0.00167419097851962,0.150556355714798,0.0225821509957314,1,"Craugastor_omoaensis","Scinax_staufferi",1,"generalist","",29,32,"",NA,0
-95.0595638729999,17.9786470350001,0.0326216593384743,0.00950991548597813,122.482055664062,0.0969166830182076,0.276881396770477,9.17737579345703,-390.714599609375,0.00167419097851962,0.150556355714798,0.0225821509957314,1,"Craugastor_omoaensis","Smilisca_baudinii",1,"generalist","",NA,90,"",NA,0
-95.0595638729999,17.9786470350001,0.0326216593384743,0.00950991548597813,122.482055664062,0.0969166830182076,0.276881396770477,9.17737579345703,-390.714599609375,0.00167419097851962,0.150556355714798,0.0225821509957314,1,"Craugastor_omoaensis","Tlalocohyla_loquax",1,"generalist","",NA,77,"",NA,0
-95.0595638729999,17.9786470350001,0.0326216593384743,0.00950991548597813,122.482055664062,0.0969166830182076,0.276881396770477,9.17737579345703,-390.714599609375,0.00167419097851962,0.150556355714798,0.0225821509957314,1,"Craugastor_omoaensis","Trachycephalus_vermiculatus",1,"generalist","specialist",56.9,105,"",NA,0
-94.0595638729999,17.9786470350001,0.00719110574573278,0.00793873146176338,35.0528602600098,0.113365672528744,0.226749911904335,7.79060077667236,-1929.72497558594,0.00838246010243893,0.0611137114465237,0.0036502608563751,1,"Craugastor_omoaensis","Agalychnis_callidryas",1,"generalist","",12,77.2,"",NA,0
-94.0595638729999,17.9786470350001,0.00719110574573278,0.00793873146176338,35.0528602600098,0.113365672528744,0.226749911904335,7.79060077667236,-1929.72497558594,0.00838246010243893,0.0611137114465237,0.0036502608563751,1,"Craugastor_omoaensis","Dendropsophus_microcephalus",1,"generalist","",28,32,"",NA,0
-94.0595638729999,17.9786470350001,0.00719110574573278,0.00793873146176338,35.0528602600098,0.113365672528744,0.226749911904335,7.79060077667236,-1929.72497558594,0.00838246010243893,0.0611137114465237,0.0036502608563751,1,"Craugastor_omoaensis","Engystomops_pustulosus",1,"generalist","",NA,48.2,"",NA,0
-94.0595638729999,17.9786470350001,0.00719110574573278,0.00793873146176338,35.0528602600098,0.113365672528744,0.226749911904335,7.79060077667236,-1929.72497558594,0.00838246010243893,0.0611137114465237,0.0036502608563751,1,"Craugastor_omoaensis","Hypopachus_variolosus",1,"generalist","specialist",NA,53,"carnivore",NA,0
-94.0595638729999,17.9786470350001,0.00719110574573278,0.00793873146176338,35.0528602600098,0.113365672528744,0.226749911904335,7.79060077667236,-1929.72497558594,0.00838246010243893,0.0611137114465237,0.0036502608563751,1,"Craugastor_omoaensis","Incilius_valliceps",1,"specialist","",60,125,"",NA,0
-94.0595638729999,17.9786470350001,0.00719110574573278,0.00793873146176338,35.0528602600098,0.113365672528744,0.226749911904335,7.79060077667236,-1929.72497558594,0.00838246010243893,0.0611137114465237,0.0036502608563751,1,"Craugastor_omoaensis","Leptodactylus_fragilis",1,"generalist","",NA,43,"",NA,0
-94.0595638729999,17.9786470350001,0.00719110574573278,0.00793873146176338,35.0528602600098,0.113365672528744,0.226749911904335,7.79060077667236,-1929.72497558594,0.00838246010243893,0.0611137114465237,0.0036502608563751,1,"Craugastor_omoaensis","Leptodactylus_melanonotus",1,"generalist","",NA,58,"",NA,0
-94.0595638729999,17.9786470350001,0.00719110574573278,0.00793873146176338,35.0528602600098,0.113365672528744,0.226749911904335,7.79060077667236,-1929.72497558594,0.00838246010243893,0.0611137114465237,0.0036502608563751,1,"Craugastor_omoaensis","Lithobates_brownorum",1,"generalist","specialist",NA,NA,"",NA,0
-94.0595638729999,17.9786470350001,0.00719110574573278,0.00793873146176338,35.0528602600098,0.113365672528744,0.226749911904335,7.79060077667236,-1929.72497558594,0.00838246010243893,0.0611137114465237,0.0036502608563751,1,"Craugastor_omoaensis","Lithobates_vaillanti",1,NA,NA,NA,NA,NA,NA,NA
-94.0595638729999,17.9786470350001,0.00719110574573278,0.00793873146176338,35.0528602600098,0.113365672528744,0.226749911904335,7.79060077667236,-1929.72497558594,0.00838246010243893,0.0611137114465237,0.0036502608563751,1,"Craugastor_omoaensis","Rhinella_horribilis",1,"generalist","specialist",106.25,241,"",NA,0
-94.0595638729999,17.9786470350001,0.00719110574573278,0.00793873146176338,35.0528602600098,0.113365672528744,0.226749911904335,7.79060077667236,-1929.72497558594,0.00838246010243893,0.0611137114465237,0.0036502608563751,1,"Craugastor_omoaensis","Rhinophrynus_dorsalis",1,"specialist","specialist",90,89,"carnivore",NA,0
-94.0595638729999,17.9786470350001,0.00719110574573278,0.00793873146176338,35.0528602600098,0.113365672528744,0.226749911904335,7.79060077667236,-1929.72497558594,0.00838246010243893,0.0611137114465237,0.0036502608563751,1,"Craugastor_omoaensis","Scinax_staufferi",1,"generalist","",29,32,"",NA,0
-94.0595638729999,17.9786470350001,0.00719110574573278,0.00793873146176338,35.0528602600098,0.113365672528744,0.226749911904335,7.79060077667236,-1929.72497558594,0.00838246010243893,0.0611137114465237,0.0036502608563751,1,"Craugastor_omoaensis","Smilisca_baudinii",1,"generalist","",NA,90,"",NA,0
-94.0595638729999,17.9786470350001,0.00719110574573278,0.00793873146176338,35.0528602600098,0.113365672528744,0.226749911904335,7.79060077667236,-1929.72497558594,0.00838246010243893,0.0611137114465237,0.0036502608563751,1,"Craugastor_omoaensis","Tlalocohyla_loquax",1,"generalist","",NA,77,"",NA,0
-94.0595638729999,17.9786470350001,0.00719110574573278,0.00793873146176338,35.0528602600098,0.113365672528744,0.226749911904335,7.79060077667236,-1929.72497558594,0.00838246010243893,0.0611137114465237,0.0036502608563751,1,"Craugastor_omoaensis","Trachycephalus_vermiculatus",1,"generalist","specialist",56.9,105,"",NA,0
-93.0595638729999,17.9786470350001,0.0135213760659099,0.0172778274863958,33.2928161621094,0.0720377862453461,0.22311232984066,13.6067876815796,-258.276733398438,0.0101746255531907,0.0795743986964226,0.0100833037868142,1,"Craugastor_omoaensis","Agalychnis_callidryas",1,"generalist","",12,77.2,"",NA,0
-93.0595638729999,17.9786470350001,0.0135213760659099,0.0172778274863958,33.2928161621094,0.0720377862453461,0.22311232984066,13.6067876815796,-258.276733398438,0.0101746255531907,0.0795743986964226,0.0100833037868142,1,"Craugastor_omoaensis","Bolitoglossa_mexicana",1,"specialist","specialist",NA,190,"carnivore",NA,0
-93.0595638729999,17.9786470350001,0.0135213760659099,0.0172778274863958,33.2928161621094,0.0720377862453461,0.22311232984066,13.6067876815796,-258.276733398438,0.0101746255531907,0.0795743986964226,0.0100833037868142,1,"Craugastor_omoaensis","Dendropsophus_microcephalus",1,"generalist","",28,32,"",NA,0
-93.0595638729999,17.9786470350001,0.0135213760659099,0.0172778274863958,33.2928161621094,0.0720377862453461,0.22311232984066,13.6067876815796,-258.276733398438,0.0101746255531907,0.0795743986964226,0.0100833037868142,1,"Craugastor_omoaensis","Engystomops_pustulosus",1,"generalist","",NA,48.2,"",NA,0
-93.0595638729999,17.9786470350001,0.0135213760659099,0.0172778274863958,33.2928161621094,0.0720377862453461,0.22311232984066,13.6067876815796,-258.276733398438,0.0101746255531907,0.0795743986964226,0.0100833037868142,1,"Craugastor_omoaensis","Hyalinobatrachium_viridissimum",1,"specialist","",NA,NA,"",NA,0
-93.0595638729999,17.9786470350001,0.0135213760659099,0.0172778274863958,33.2928161621094,0.0720377862453461,0.22311232984066,13.6067876815796,-258.276733398438,0.0101746255531907,0.0795743986964226,0.0100833037868142,1,"Craugastor_omoaensis","Hypopachus_variolosus",1,"generalist","specialist",NA,53,"carnivore",NA,0
-93.0595638729999,17.9786470350001,0.0135213760659099,0.0172778274863958,33.2928161621094,0.0720377862453461,0.22311232984066,13.6067876815796,-258.276733398438,0.0101746255531907,0.0795743986964226,0.0100833037868142,1,"Craugastor_omoaensis","Incilius_valliceps",1,"specialist","",60,125,"",NA,0
-93.0595638729999,17.9786470350001,0.0135213760659099,0.0172778274863958,33.2928161621094,0.0720377862453461,0.22311232984066,13.6067876815796,-258.276733398438,0.0101746255531907,0.0795743986964226,0.0100833037868142,1,"Craugastor_omoaensis","Leptodactylus_fragilis",1,"generalist","",NA,43,"",NA,0
-93.0595638729999,17.9786470350001,0.0135213760659099,0.0172778274863958,33.2928161621094,0.0720377862453461,0.22311232984066,13.6067876815796,-258.276733398438,0.0101746255531907,0.0795743986964226,0.0100833037868142,1,"Craugastor_omoaensis","Leptodactylus_melanonotus",1,"generalist","",NA,58,"",NA,0
-93.0595638729999,17.9786470350001,0.0135213760659099,0.0172778274863958,33.2928161621094,0.0720377862453461,0.22311232984066,13.6067876815796,-258.276733398438,0.0101746255531907,0.0795743986964226,0.0100833037868142,1,"Craugastor_omoaensis","Lithobates_brownorum",1,"generalist","specialist",NA,NA,"",NA,0
-93.0595638729999,17.9786470350001,0.0135213760659099,0.0172778274863958,33.2928161621094,0.0720377862453461,0.22311232984066,13.6067876815796,-258.276733398438,0.0101746255531907,0.0795743986964226,0.0100833037868142,1,"Craugastor_omoaensis","Lithobates_vaillanti",1,NA,NA,NA,NA,NA,NA,NA
-93.0595638729999,17.9786470350001,0.0135213760659099,0.0172778274863958,33.2928161621094,0.0720377862453461,0.22311232984066,13.6067876815796,-258.276733398438,0.0101746255531907,0.0795743986964226,0.0100833037868142,1,"Craugastor_omoaensis","Rhinella_horribilis",1,"generalist","specialist",106.25,241,"",NA,0
-93.0595638729999,17.9786470350001,0.0135213760659099,0.0172778274863958,33.2928161621094,0.0720377862453461,0.22311232984066,13.6067876815796,-258.276733398438,0.0101746255531907,0.0795743986964226,0.0100833037868142,1,"Craugastor_omoaensis","Rhinophrynus_dorsalis",1,"specialist","specialist",90,89,"carnivore",NA,0
-93.0595638729999,17.9786470350001,0.0135213760659099,0.0172778274863958,33.2928161621094,0.0720377862453461,0.22311232984066,13.6067876815796,-258.276733398438,0.0101746255531907,0.0795743986964226,0.0100833037868142,1,"Craugastor_omoaensis","Scinax_staufferi",1,"generalist","",29,32,"",NA,0
-93.0595638729999,17.9786470350001,0.0135213760659099,0.0172778274863958,33.2928161621094,0.0720377862453461,0.22311232984066,13.6067876815796,-258.276733398438,0.0101746255531907,0.0795743986964226,0.0100833037868142,1,"Craugastor_omoaensis","Smilisca_baudinii",1,"generalist","",NA,90,"",NA,0
-93.0595638729999,17.9786470350001,0.0135213760659099,0.0172778274863958,33.2928161621094,0.0720377862453461,0.22311232984066,13.6067876815796,-258.276733398438,0.0101746255531907,0.0795743986964226,0.0100833037868142,1,"Craugastor_omoaensis","Tlalocohyla_loquax",1,"generalist","",NA,77,"",NA,0
-93.0595638729999,17.9786470350001,0.0135213760659099,0.0172778274863958,33.2928161621094,0.0720377862453461,0.22311232984066,13.6067876815796,-258.276733398438,0.0101746255531907,0.0795743986964226,0.0100833037868142,1,"Craugastor_omoaensis","Trachycephalus_vermiculatus",1,"generalist","specialist",56.9,105,"",NA,0
-92.0595638729999,17.9786470350001,0.0121585819870234,0.00323255686089396,26.0387706756592,0.0892111733555794,0.23265728354454,7.52147150039673,-140.877563476562,0.000182642164872959,0.00310110091231763,0.05446682497859,1,"Craugastor_omoaensis","Agalychnis_callidryas",1,"generalist","",12,77.2,"",NA,0
-92.0595638729999,17.9786470350001,0.0121585819870234,0.00323255686089396,26.0387706756592,0.0892111733555794,0.23265728354454,7.52147150039673,-140.877563476562,0.000182642164872959,0.00310110091231763,0.05446682497859,1,"Craugastor_omoaensis","Bolitoglossa_mexicana",1,"specialist","specialist",NA,190,"carnivore",NA,0
-92.0595638729999,17.9786470350001,0.0121585819870234,0.00323255686089396,26.0387706756592,0.0892111733555794,0.23265728354454,7.52147150039673,-140.877563476562,0.000182642164872959,0.00310110091231763,0.05446682497859,1,"Craugastor_omoaensis","Craugastor_laticeps",1,"specialist","",80,80,"",NA,0
-92.0595638729999,17.9786470350001,0.0121585819870234,0.00323255686089396,26.0387706756592,0.0892111733555794,0.23265728354454,7.52147150039673,-140.877563476562,0.000182642164872959,0.00310110091231763,0.05446682497859,1,"Craugastor_omoaensis","Dendropsophus_microcephalus",1,"generalist","",28,32,"",NA,0
-92.0595638729999,17.9786470350001,0.0121585819870234,0.00323255686089396,26.0387706756592,0.0892111733555794,0.23265728354454,7.52147150039673,-140.877563476562,0.000182642164872959,0.00310110091231763,0.05446682497859,1,"Craugastor_omoaensis","Engystomops_pustulosus",1,"generalist","",NA,48.2,"",NA,0
-92.0595638729999,17.9786470350001,0.0121585819870234,0.00323255686089396,26.0387706756592,0.0892111733555794,0.23265728354454,7.52147150039673,-140.877563476562,0.000182642164872959,0.00310110091231763,0.05446682497859,1,"Craugastor_omoaensis","Hyalinobatrachium_viridissimum",1,"specialist","",NA,NA,"",NA,0
-92.0595638729999,17.9786470350001,0.0121585819870234,0.00323255686089396,26.0387706756592,0.0892111733555794,0.23265728354454,7.52147150039673,-140.877563476562,0.000182642164872959,0.00310110091231763,0.05446682497859,1,"Craugastor_omoaensis","Hypopachus_variolosus",1,"generalist","specialist",NA,53,"carnivore",NA,0
-92.0595638729999,17.9786470350001,0.0121585819870234,0.00323255686089396,26.0387706756592,0.0892111733555794,0.23265728354454,7.52147150039673,-140.877563476562,0.000182642164872959,0.00310110091231763,0.05446682497859,1,"Craugastor_omoaensis","Incilius_valliceps",1,"specialist","",60,125,"",NA,0
-92.0595638729999,17.9786470350001,0.0121585819870234,0.00323255686089396,26.0387706756592,0.0892111733555794,0.23265728354454,7.52147150039673,-140.877563476562,0.000182642164872959,0.00310110091231763,0.05446682497859,1,"Craugastor_omoaensis","Leptodactylus_fragilis",1,"generalist","",NA,43,"",NA,0
-92.0595638729999,17.9786470350001,0.0121585819870234,0.00323255686089396,26.0387706756592,0.0892111733555794,0.23265728354454,7.52147150039673,-140.877563476562,0.000182642164872959,0.00310110091231763,0.05446682497859,1,"Craugastor_omoaensis","Leptodactylus_melanonotus",1,"generalist","",NA,58,"",NA,0
-92.0595638729999,17.9786470350001,0.0121585819870234,0.00323255686089396,26.0387706756592,0.0892111733555794,0.23265728354454,7.52147150039673,-140.877563476562,0.000182642164872959,0.00310110091231763,0.05446682497859,1,"Craugastor_omoaensis","Lithobates_brownorum",1,"generalist","specialist",NA,NA,"",NA,0
-92.0595638729999,17.9786470350001,0.0121585819870234,0.00323255686089396,26.0387706756592,0.0892111733555794,0.23265728354454,7.52147150039673,-140.877563476562,0.000182642164872959,0.00310110091231763,0.05446682497859,1,"Craugastor_omoaensis","Lithobates_vaillanti",1,NA,NA,NA,NA,NA,NA,NA
-92.0595638729999,17.9786470350001,0.0121585819870234,0.00323255686089396,26.0387706756592,0.0892111733555794,0.23265728354454,7.52147150039673,-140.877563476562,0.000182642164872959,0.00310110091231763,0.05446682497859,1,"Craugastor_omoaensis","Rhinella_horribilis",1,"generalist","specialist",106.25,241,"",NA,0
-92.0595638729999,17.9786470350001,0.0121585819870234,0.00323255686089396,26.0387706756592,0.0892111733555794,0.23265728354454,7.52147150039673,-140.877563476562,0.000182642164872959,0.00310110091231763,0.05446682497859,1,"Craugastor_omoaensis","Rhinophrynus_dorsalis",1,"specialist","specialist",90,89,"carnivore",NA,0
-92.0595638729999,17.9786470350001,0.0121585819870234,0.00323255686089396,26.0387706756592,0.0892111733555794,0.23265728354454,7.52147150039673,-140.877563476562,0.000182642164872959,0.00310110091231763,0.05446682497859,1,"Craugastor_omoaensis","Scinax_staufferi",1,"generalist","",29,32,"",NA,0
-92.0595638729999,17.9786470350001,0.0121585819870234,0.00323255686089396,26.0387706756592,0.0892111733555794,0.23265728354454,7.52147150039673,-140.877563476562,0.000182642164872959,0.00310110091231763,0.05446682497859,1,"Craugastor_omoaensis","Smilisca_baudinii",1,"generalist","",NA,90,"",NA,0
-92.0595638729999,17.9786470350001,0.0121585819870234,0.00323255686089396,26.0387706756592,0.0892111733555794,0.23265728354454,7.52147150039673,-140.877563476562,0.000182642164872959,0.00310110091231763,0.05446682497859,1,"Craugastor_omoaensis","Tlalocohyla_loquax",1,"generalist","",NA,77,"",NA,0
-92.0595638729999,17.9786470350001,0.0121585819870234,0.00323255686089396,26.0387706756592,0.0892111733555794,0.23265728354454,7.52147150039673,-140.877563476562,0.000182642164872959,0.00310110091231763,0.05446682497859,1,"Craugastor_omoaensis","Trachycephalus_vermiculatus",1,"generalist","specialist",56.9,105,"",NA,0
-91.0595638729999,17.9786470350001,0.012719701975584,0.00193654245231301,45.1521110534668,0.290953427553177,0.399225562810898,5.28334951400757,-43.1594047546387,0,6.50760266580619e-05,0.118136286735535,1,"Craugastor_omoaensis","Agalychnis_callidryas",1,"generalist","",12,77.2,"",NA,0
-91.0595638729999,17.9786470350001,0.012719701975584,0.00193654245231301,45.1521110534668,0.290953427553177,0.399225562810898,5.28334951400757,-43.1594047546387,0,6.50760266580619e-05,0.118136286735535,1,"Craugastor_omoaensis","Bolitoglossa_mexicana",1,"specialist","specialist",NA,190,"carnivore",NA,0
-91.0595638729999,17.9786470350001,0.012719701975584,0.00193654245231301,45.1521110534668,0.290953427553177,0.399225562810898,5.28334951400757,-43.1594047546387,0,6.50760266580619e-05,0.118136286735535,1,"Craugastor_omoaensis","Dendropsophus_microcephalus",1,"generalist","",28,32,"",NA,0
-91.0595638729999,17.9786470350001,0.012719701975584,0.00193654245231301,45.1521110534668,0.290953427553177,0.399225562810898,5.28334951400757,-43.1594047546387,0,6.50760266580619e-05,0.118136286735535,1,"Craugastor_omoaensis","Engystomops_pustulosus",1,"generalist","",NA,48.2,"",NA,0
-91.0595638729999,17.9786470350001,0.012719701975584,0.00193654245231301,45.1521110534668,0.290953427553177,0.399225562810898,5.28334951400757,-43.1594047546387,0,6.50760266580619e-05,0.118136286735535,1,"Craugastor_omoaensis","Hypopachus_variolosus",1,"generalist","specialist",NA,53,"carnivore",NA,0
-91.0595638729999,17.9786470350001,0.012719701975584,0.00193654245231301,45.1521110534668,0.290953427553177,0.399225562810898,5.28334951400757,-43.1594047546387,0,6.50760266580619e-05,0.118136286735535,1,"Craugastor_omoaensis","Incilius_valliceps",1,"specialist","",60,125,"",NA,0
-91.0595638729999,17.9786470350001,0.012719701975584,0.00193654245231301,45.1521110534668,0.290953427553177,0.399225562810898,5.28334951400757,-43.1594047546387,0,6.50760266580619e-05,0.118136286735535,1,"Craugastor_omoaensis","Leptodactylus_fragilis",1,"generalist","",NA,43,"",NA,0
-91.0595638729999,17.9786470350001,0.012719701975584,0.00193654245231301,45.1521110534668,0.290953427553177,0.399225562810898,5.28334951400757,-43.1594047546387,0,6.50760266580619e-05,0.118136286735535,1,"Craugastor_omoaensis","Leptodactylus_melanonotus",1,"generalist","",NA,58,"",NA,0
-91.0595638729999,17.9786470350001,0.012719701975584,0.00193654245231301,45.1521110534668,0.290953427553177,0.399225562810898,5.28334951400757,-43.1594047546387,0,6.50760266580619e-05,0.118136286735535,1,"Craugastor_omoaensis","Lithobates_brownorum",1,"generalist","specialist",NA,NA,"",NA,0
-91.0595638729999,17.9786470350001,0.012719701975584,0.00193654245231301,45.1521110534668,0.290953427553177,0.399225562810898,5.28334951400757,-43.1594047546387,0,6.50760266580619e-05,0.118136286735535,1,"Craugastor_omoaensis","Lithobates_vaillanti",1,NA,NA,NA,NA,NA,NA,NA
-91.0595638729999,17.9786470350001,0.012719701975584,0.00193654245231301,45.1521110534668,0.290953427553177,0.399225562810898,5.28334951400757,-43.1594047546387,0,6.50760266580619e-05,0.118136286735535,1,"Craugastor_omoaensis","Rhinella_horribilis",1,"generalist","specialist",106.25,241,"",NA,0
-91.0595638729999,17.9786470350001,0.012719701975584,0.00193654245231301,45.1521110534668,0.290953427553177,0.399225562810898,5.28334951400757,-43.1594047546387,0,6.50760266580619e-05,0.118136286735535,1,"Craugastor_omoaensis","Rhinophrynus_dorsalis",1,"specialist","specialist",90,89,"carnivore",NA,0
-91.0595638729999,17.9786470350001,0.012719701975584,0.00193654245231301,45.1521110534668,0.290953427553177,0.399225562810898,5.28334951400757,-43.1594047546387,0,6.50760266580619e-05,0.118136286735535,1,"Craugastor_omoaensis","Scinax_staufferi",1,"generalist","",29,32,"",NA,0
-91.0595638729999,17.9786470350001,0.012719701975584,0.00193654245231301,45.1521110534668,0.290953427553177,0.399225562810898,5.28334951400757,-43.1594047546387,0,6.50760266580619e-05,0.118136286735535,1,"Craugastor_omoaensis","Smilisca_baudinii",1,"generalist","",NA,90,"",NA,0
-91.0595638729999,17.9786470350001,0.012719701975584,0.00193654245231301,45.1521110534668,0.290953427553177,0.399225562810898,5.28334951400757,-43.1594047546387,0,6.50760266580619e-05,0.118136286735535,1,"Craugastor_omoaensis","Tlalocohyla_loquax",1,"generalist","",NA,77,"",NA,0
-91.0595638729999,17.9786470350001,0.012719701975584,0.00193654245231301,45.1521110534668,0.290953427553177,0.399225562810898,5.28334951400757,-43.1594047546387,0,6.50760266580619e-05,0.118136286735535,1,"Craugastor_omoaensis","Trachycephalus_vermiculatus",1,"generalist","specialist",56.9,105,"",NA,0
-90.0595638729999,17.9786470350001,0.00189126306213439,0.000121271164971404,201.099426269531,0.117276094853878,0.905045032501221,3.12398266792297,28.9642314910889,0,0.000624073145445436,0.914296329021454,1,"Craugastor_omoaensis","Agalychnis_callidryas",1,"generalist","",12,77.2,"",NA,0
-90.0595638729999,17.9786470350001,0.00189126306213439,0.000121271164971404,201.099426269531,0.117276094853878,0.905045032501221,3.12398266792297,28.9642314910889,0,0.000624073145445436,0.914296329021454,1,"Craugastor_omoaensis","Dendropsophus_microcephalus",1,"generalist","",28,32,"",NA,0
-90.0595638729999,17.9786470350001,0.00189126306213439,0.000121271164971404,201.099426269531,0.117276094853878,0.905045032501221,3.12398266792297,28.9642314910889,0,0.000624073145445436,0.914296329021454,1,"Craugastor_omoaensis","Hypopachus_variolosus",1,"generalist","specialist",NA,53,"carnivore",NA,0
-90.0595638729999,17.9786470350001,0.00189126306213439,0.000121271164971404,201.099426269531,0.117276094853878,0.905045032501221,3.12398266792297,28.9642314910889,0,0.000624073145445436,0.914296329021454,1,"Craugastor_omoaensis","Incilius_valliceps",1,"specialist","",60,125,"",NA,0
-90.0595638729999,17.9786470350001,0.00189126306213439,0.000121271164971404,201.099426269531,0.117276094853878,0.905045032501221,3.12398266792297,28.9642314910889,0,0.000624073145445436,0.914296329021454,1,"Craugastor_omoaensis","Leptodactylus_fragilis",1,"generalist","",NA,43,"",NA,0
-90.0595638729999,17.9786470350001,0.00189126306213439,0.000121271164971404,201.099426269531,0.117276094853878,0.905045032501221,3.12398266792297,28.9642314910889,0,0.000624073145445436,0.914296329021454,1,"Craugastor_omoaensis","Leptodactylus_melanonotus",1,"generalist","",NA,58,"",NA,0
-90.0595638729999,17.9786470350001,0.00189126306213439,0.000121271164971404,201.099426269531,0.117276094853878,0.905045032501221,3.12398266792297,28.9642314910889,0,0.000624073145445436,0.914296329021454,1,"Craugastor_omoaensis","Lithobates_brownorum",1,"generalist","specialist",NA,NA,"",NA,0
-90.0595638729999,17.9786470350001,0.00189126306213439,0.000121271164971404,201.099426269531,0.117276094853878,0.905045032501221,3.12398266792297,28.9642314910889,0,0.000624073145445436,0.914296329021454,1,"Craugastor_omoaensis","Lithobates_vaillanti",1,NA,NA,NA,NA,NA,NA,NA
-90.0595638729999,17.9786470350001,0.00189126306213439,0.000121271164971404,201.099426269531,0.117276094853878,0.905045032501221,3.12398266792297,28.9642314910889,0,0.000624073145445436,0.914296329021454,1,"Craugastor_omoaensis","Rhinella_horribilis",1,"generalist","specialist",106.25,241,"",NA,0
-90.0595638729999,17.9786470350001,0.00189126306213439,0.000121271164971404,201.099426269531,0.117276094853878,0.905045032501221,3.12398266792297,28.9642314910889,0,0.000624073145445436,0.914296329021454,1,"Craugastor_omoaensis","Rhinophrynus_dorsalis",1,"specialist","specialist",90,89,"carnivore",NA,0
-90.0595638729999,17.9786470350001,0.00189126306213439,0.000121271164971404,201.099426269531,0.117276094853878,0.905045032501221,3.12398266792297,28.9642314910889,0,0.000624073145445436,0.914296329021454,1,"Craugastor_omoaensis","Scinax_staufferi",1,"generalist","",29,32,"",NA,0
-90.0595638729999,17.9786470350001,0.00189126306213439,0.000121271164971404,201.099426269531,0.117276094853878,0.905045032501221,3.12398266792297,28.9642314910889,0,0.000624073145445436,0.914296329021454,1,"Craugastor_omoaensis","Smilisca_baudinii",1,"generalist","",NA,90,"",NA,0
-90.0595638729999,17.9786470350001,0.00189126306213439,0.000121271164971404,201.099426269531,0.117276094853878,0.905045032501221,3.12398266792297,28.9642314910889,0,0.000624073145445436,0.914296329021454,1,"Craugastor_omoaensis","Tlalocohyla_loquax",1,"generalist","",NA,77,"",NA,0
-90.0595638729999,17.9786470350001,0.00189126306213439,0.000121271164971404,201.099426269531,0.117276094853878,0.905045032501221,3.12398266792297,28.9642314910889,0,0.000624073145445436,0.914296329021454,1,"Craugastor_omoaensis","Trachycephalus_vermiculatus",1,"generalist","specialist",56.9,105,"",NA,0
-89.0595638729999,17.9786470350001,0.028440972790122,0.00163820490706712,126.956314086914,0.163250580430031,0.769707381725311,4.39600133895874,30.6316967010498,0,0.0319914855062962,0.799185395240784,1,"Craugastor_omoaensis","Agalychnis_callidryas",1,"generalist","",12,77.2,"",NA,0
-89.0595638729999,17.9786470350001,0.028440972790122,0.00163820490706712,126.956314086914,0.163250580430031,0.769707381725311,4.39600133895874,30.6316967010498,0,0.0319914855062962,0.799185395240784,1,"Craugastor_omoaensis","Dendropsophus_microcephalus",1,"generalist","",28,32,"",NA,0
-89.0595638729999,17.9786470350001,0.028440972790122,0.00163820490706712,126.956314086914,0.163250580430031,0.769707381725311,4.39600133895874,30.6316967010498,0,0.0319914855062962,0.799185395240784,1,"Craugastor_omoaensis","Engystomops_pustulosus",1,"generalist","",NA,48.2,"",NA,0
-89.0595638729999,17.9786470350001,0.028440972790122,0.00163820490706712,126.956314086914,0.163250580430031,0.769707381725311,4.39600133895874,30.6316967010498,0,0.0319914855062962,0.799185395240784,1,"Craugastor_omoaensis","Hypopachus_variolosus",1,"generalist","specialist",NA,53,"carnivore",NA,0
-89.0595638729999,17.9786470350001,0.028440972790122,0.00163820490706712,126.956314086914,0.163250580430031,0.769707381725311,4.39600133895874,30.6316967010498,0,0.0319914855062962,0.799185395240784,1,"Craugastor_omoaensis","Incilius_valliceps",1,"specialist","",60,125,"",NA,0
-89.0595638729999,17.9786470350001,0.028440972790122,0.00163820490706712,126.956314086914,0.163250580430031,0.769707381725311,4.39600133895874,30.6316967010498,0,0.0319914855062962,0.799185395240784,1,"Craugastor_omoaensis","Leptodactylus_fragilis",1,"generalist","",NA,43,"",NA,0
-89.0595638729999,17.9786470350001,0.028440972790122,0.00163820490706712,126.956314086914,0.163250580430031,0.769707381725311,4.39600133895874,30.6316967010498,0,0.0319914855062962,0.799185395240784,1,"Craugastor_omoaensis","Leptodactylus_melanonotus",1,"generalist","",NA,58,"",NA,0
-89.0595638729999,17.9786470350001,0.028440972790122,0.00163820490706712,126.956314086914,0.163250580430031,0.769707381725311,4.39600133895874,30.6316967010498,0,0.0319914855062962,0.799185395240784,1,"Craugastor_omoaensis","Lithobates_brownorum",1,"generalist","specialist",NA,NA,"",NA,0
-89.0595638729999,17.9786470350001,0.028440972790122,0.00163820490706712,126.956314086914,0.163250580430031,0.769707381725311,4.39600133895874,30.6316967010498,0,0.0319914855062962,0.799185395240784,1,"Craugastor_omoaensis","Lithobates_vaillanti",1,NA,NA,NA,NA,NA,NA,NA
-89.0595638729999,17.9786470350001,0.028440972790122,0.00163820490706712,126.956314086914,0.163250580430031,0.769707381725311,4.39600133895874,30.6316967010498,0,0.0319914855062962,0.799185395240784,1,"Craugastor_omoaensis","Rhinella_horribilis",1,"generalist","specialist",106.25,241,"",NA,0
-89.0595638729999,17.9786470350001,0.028440972790122,0.00163820490706712,126.956314086914,0.163250580430031,0.769707381725311,4.39600133895874,30.6316967010498,0,0.0319914855062962,0.799185395240784,1,"Craugastor_omoaensis","Rhinophrynus_dorsalis",1,"specialist","specialist",90,89,"carnivore",NA,0
-89.0595638729999,17.9786470350001,0.028440972790122,0.00163820490706712,126.956314086914,0.163250580430031,0.769707381725311,4.39600133895874,30.6316967010498,0,0.0319914855062962,0.799185395240784,1,"Craugastor_omoaensis","Scinax_staufferi",1,"generalist","",29,32,"",NA,0
-89.0595638729999,17.9786470350001,0.028440972790122,0.00163820490706712,126.956314086914,0.163250580430031,0.769707381725311,4.39600133895874,30.6316967010498,0,0.0319914855062962,0.799185395240784,1,"Craugastor_omoaensis","Smilisca_baudinii",1,"generalist","",NA,90,"",NA,0
-89.0595638729999,17.9786470350001,0.028440972790122,0.00163820490706712,126.956314086914,0.163250580430031,0.769707381725311,4.39600133895874,30.6316967010498,0,0.0319914855062962,0.799185395240784,1,"Craugastor_omoaensis","Tlalocohyla_loquax",1,"generalist","",NA,77,"",NA,0
-89.0595638729999,17.9786470350001,0.028440972790122,0.00163820490706712,126.956314086914,0.163250580430031,0.769707381725311,4.39600133895874,30.6316967010498,0,0.0319914855062962,0.799185395240784,1,"Craugastor_omoaensis","Trachycephalus_vermiculatus",1,"generalist","specialist",56.9,105,"",NA,0
-88.0595638729999,17.9786470350001,0.0163016431033611,0.00273049925453961,11.2992248535156,0.0475827939808369,0.208986401557922,2.40515542030334,-4886.19775390625,6.92713292664848e-05,0.00228782463818789,0.178563341498375,1,"Craugastor_omoaensis","Agalychnis_callidryas",1,"generalist","",12,77.2,"",NA,0
-88.0595638729999,17.9786470350001,0.0163016431033611,0.00273049925453961,11.2992248535156,0.0475827939808369,0.208986401557922,2.40515542030334,-4886.19775390625,6.92713292664848e-05,0.00228782463818789,0.178563341498375,1,"Craugastor_omoaensis","Bolitoglossa_mexicana",1,"specialist","specialist",NA,190,"carnivore",NA,0
-88.0595638729999,17.9786470350001,0.0163016431033611,0.00273049925453961,11.2992248535156,0.0475827939808369,0.208986401557922,2.40515542030334,-4886.19775390625,6.92713292664848e-05,0.00228782463818789,0.178563341498375,1,"Craugastor_omoaensis","Dendropsophus_microcephalus",1,"generalist","",28,32,"",NA,0
-88.0595638729999,17.9786470350001,0.0163016431033611,0.00273049925453961,11.2992248535156,0.0475827939808369,0.208986401557922,2.40515542030334,-4886.19775390625,6.92713292664848e-05,0.00228782463818789,0.178563341498375,1,"Craugastor_omoaensis","Engystomops_pustulosus",1,"generalist","",NA,48.2,"",NA,0
-88.0595638729999,17.9786470350001,0.0163016431033611,0.00273049925453961,11.2992248535156,0.0475827939808369,0.208986401557922,2.40515542030334,-4886.19775390625,6.92713292664848e-05,0.00228782463818789,0.178563341498375,1,"Craugastor_omoaensis","Hypopachus_variolosus",1,"generalist","specialist",NA,53,"carnivore",NA,0
-88.0595638729999,17.9786470350001,0.0163016431033611,0.00273049925453961,11.2992248535156,0.0475827939808369,0.208986401557922,2.40515542030334,-4886.19775390625,6.92713292664848e-05,0.00228782463818789,0.178563341498375,1,"Craugastor_omoaensis","Incilius_valliceps",1,"specialist","",60,125,"",NA,0
-88.0595638729999,17.9786470350001,0.0163016431033611,0.00273049925453961,11.2992248535156,0.0475827939808369,0.208986401557922,2.40515542030334,-4886.19775390625,6.92713292664848e-05,0.00228782463818789,0.178563341498375,1,"Craugastor_omoaensis","Leptodactylus_fragilis",1,"generalist","",NA,43,"",NA,0
-88.0595638729999,17.9786470350001,0.0163016431033611,0.00273049925453961,11.2992248535156,0.0475827939808369,0.208986401557922,2.40515542030334,-4886.19775390625,6.92713292664848e-05,0.00228782463818789,0.178563341498375,1,"Craugastor_omoaensis","Leptodactylus_melanonotus",1,"generalist","",NA,58,"",NA,0
-88.0595638729999,17.9786470350001,0.0163016431033611,0.00273049925453961,11.2992248535156,0.0475827939808369,0.208986401557922,2.40515542030334,-4886.19775390625,6.92713292664848e-05,0.00228782463818789,0.178563341498375,1,"Craugastor_omoaensis","Lithobates_brownorum",1,"generalist","specialist",NA,NA,"",NA,0
-88.0595638729999,17.9786470350001,0.0163016431033611,0.00273049925453961,11.2992248535156,0.0475827939808369,0.208986401557922,2.40515542030334,-4886.19775390625,6.92713292664848e-05,0.00228782463818789,0.178563341498375,1,"Craugastor_omoaensis","Lithobates_vaillanti",1,NA,NA,NA,NA,NA,NA,NA
-88.0595638729999,17.9786470350001,0.0163016431033611,0.00273049925453961,11.2992248535156,0.0475827939808369,0.208986401557922,2.40515542030334,-4886.19775390625,6.92713292664848e-05,0.00228782463818789,0.178563341498375,1,"Craugastor_omoaensis","Rhinella_horribilis",1,"generalist","specialist",106.25,241,"",NA,0
-88.0595638729999,17.9786470350001,0.0163016431033611,0.00273049925453961,11.2992248535156,0.0475827939808369,0.208986401557922,2.40515542030334,-4886.19775390625,6.92713292664848e-05,0.00228782463818789,0.178563341498375,1,"Craugastor_omoaensis","Rhinophrynus_dorsalis",1,"specialist","specialist",90,89,"carnivore",NA,0
-88.0595638729999,17.9786470350001,0.0163016431033611,0.00273049925453961,11.2992248535156,0.0475827939808369,0.208986401557922,2.40515542030334,-4886.19775390625,6.92713292664848e-05,0.00228782463818789,0.178563341498375,1,"Craugastor_omoaensis","Smilisca_baudinii",1,"generalist","",NA,90,"",NA,0
-88.0595638729999,17.9786470350001,0.0163016431033611,0.00273049925453961,11.2992248535156,0.0475827939808369,0.208986401557922,2.40515542030334,-4886.19775390625,6.92713292664848e-05,0.00228782463818789,0.178563341498375,1,"Craugastor_omoaensis","Tlalocohyla_loquax",1,"generalist","",NA,77,"",NA,0
-88.0595638729999,17.9786470350001,0.0163016431033611,0.00273049925453961,11.2992248535156,0.0475827939808369,0.208986401557922,2.40515542030334,-4886.19775390625,6.92713292664848e-05,0.00228782463818789,0.178563341498375,1,"Craugastor_omoaensis","Trachycephalus_vermiculatus",1,"generalist","specialist",56.9,105,"",NA,0
-101.059563873,16.9786470350001,0.0053295511752367,0.00203477242030203,319.220306396484,0.00895808171480894,0.187030628323555,0.944826483726501,-8074.6875,6.3117795434664e-07,0.0438451804220676,0.0509097538888454,1,"Craugastor_omoaensis","Hypopachus_variolosus",1,"generalist","specialist",NA,53,"carnivore",NA,0
-101.059563873,16.9786470350001,0.0053295511752367,0.00203477242030203,319.220306396484,0.00895808171480894,0.187030628323555,0.944826483726501,-8074.6875,6.3117795434664e-07,0.0438451804220676,0.0509097538888454,1,"Craugastor_omoaensis","Leptodactylus_fragilis",1,"generalist","",NA,43,"",NA,0
-101.059563873,16.9786470350001,0.0053295511752367,0.00203477242030203,319.220306396484,0.00895808171480894,0.187030628323555,0.944826483726501,-8074.6875,6.3117795434664e-07,0.0438451804220676,0.0509097538888454,1,"Craugastor_omoaensis","Leptodactylus_melanonotus",1,"generalist","",NA,58,"",NA,0
-101.059563873,16.9786470350001,0.0053295511752367,0.00203477242030203,319.220306396484,0.00895808171480894,0.187030628323555,0.944826483726501,-8074.6875,6.3117795434664e-07,0.0438451804220676,0.0509097538888454,1,"Craugastor_omoaensis","Rhinella_horribilis",1,"generalist","specialist",106.25,241,"",NA,0
-101.059563873,16.9786470350001,0.0053295511752367,0.00203477242030203,319.220306396484,0.00895808171480894,0.187030628323555,0.944826483726501,-8074.6875,6.3117795434664e-07,0.0438451804220676,0.0509097538888454,1,"Craugastor_omoaensis","Rhinophrynus_dorsalis",1,"specialist","specialist",90,89,"carnivore",NA,0
-101.059563873,16.9786470350001,0.0053295511752367,0.00203477242030203,319.220306396484,0.00895808171480894,0.187030628323555,0.944826483726501,-8074.6875,6.3117795434664e-07,0.0438451804220676,0.0509097538888454,1,"Craugastor_omoaensis","Smilisca_baudinii",1,"generalist","",NA,90,"",NA,0
-100.059563873,16.9786470350001,0.00801389385014772,0.00985677633434534,637.416259765625,0.0409244187176228,0.406947016716003,4.93278026580811,-4050.37231445312,0.00835201982408762,0.0164213217794895,0.258102387189865,1,"Craugastor_omoaensis","Hyalinobatrachium_viridissimum",1,"specialist","",NA,NA,"",NA,0
-100.059563873,16.9786470350001,0.00801389385014772,0.00985677633434534,637.416259765625,0.0409244187176228,0.406947016716003,4.93278026580811,-4050.37231445312,0.00835201982408762,0.0164213217794895,0.258102387189865,1,"Craugastor_omoaensis","Hypopachus_variolosus",1,"generalist","specialist",NA,53,"carnivore",NA,0
-100.059563873,16.9786470350001,0.00801389385014772,0.00985677633434534,637.416259765625,0.0409244187176228,0.406947016716003,4.93278026580811,-4050.37231445312,0.00835201982408762,0.0164213217794895,0.258102387189865,1,"Craugastor_omoaensis","Leptodactylus_fragilis",1,"generalist","",NA,43,"",NA,0
-100.059563873,16.9786470350001,0.00801389385014772,0.00985677633434534,637.416259765625,0.0409244187176228,0.406947016716003,4.93278026580811,-4050.37231445312,0.00835201982408762,0.0164213217794895,0.258102387189865,1,"Craugastor_omoaensis","Leptodactylus_melanonotus",1,"generalist","",NA,58,"",NA,0
-100.059563873,16.9786470350001,0.00801389385014772,0.00985677633434534,637.416259765625,0.0409244187176228,0.406947016716003,4.93278026580811,-4050.37231445312,0.00835201982408762,0.0164213217794895,0.258102387189865,1,"Craugastor_omoaensis","Rhinella_horribilis",1,"generalist","specialist",106.25,241,"",NA,0
-100.059563873,16.9786470350001,0.00801389385014772,0.00985677633434534,637.416259765625,0.0409244187176228,0.406947016716003,4.93278026580811,-4050.37231445312,0.00835201982408762,0.0164213217794895,0.258102387189865,1,"Craugastor_omoaensis","Rhinophrynus_dorsalis",1,"specialist","specialist",90,89,"carnivore",NA,0
-100.059563873,16.9786470350001,0.00801389385014772,0.00985677633434534,637.416259765625,0.0409244187176228,0.406947016716003,4.93278026580811,-4050.37231445312,0.00835201982408762,0.0164213217794895,0.258102387189865,1,"Craugastor_omoaensis","Scinax_staufferi",1,"generalist","",29,32,"",NA,0
-100.059563873,16.9786470350001,0.00801389385014772,0.00985677633434534,637.416259765625,0.0409244187176228,0.406947016716003,4.93278026580811,-4050.37231445312,0.00835201982408762,0.0164213217794895,0.258102387189865,1,"Craugastor_omoaensis","Smilisca_baudinii",1,"generalist","",NA,90,"",NA,0
-100.059563873,16.9786470350001,0.00801389385014772,0.00985677633434534,637.416259765625,0.0409244187176228,0.406947016716003,4.93278026580811,-4050.37231445312,0.00835201982408762,0.0164213217794895,0.258102387189865,1,"Craugastor_omoaensis","Trachycephalus_vermiculatus",1,"generalist","specialist",56.9,105,"",NA,0
-99.0595638729999,16.9786470350001,0.00944322254508734,0.00560215348377824,816.982177734375,0.0477089509367943,0.545510172843933,6.02731943130493,-1025.21838378906,0.000186837467481382,0.0344547554850578,0.0635317414999008,1,"Craugastor_omoaensis","Hyalinobatrachium_viridissimum",1,"specialist","",NA,NA,"",NA,0
-99.0595638729999,16.9786470350001,0.00944322254508734,0.00560215348377824,816.982177734375,0.0477089509367943,0.545510172843933,6.02731943130493,-1025.21838378906,0.000186837467481382,0.0344547554850578,0.0635317414999008,1,"Craugastor_omoaensis","Hypopachus_variolosus",1,"generalist","specialist",NA,53,"carnivore",NA,0
-99.0595638729999,16.9786470350001,0.00944322254508734,0.00560215348377824,816.982177734375,0.0477089509367943,0.545510172843933,6.02731943130493,-1025.21838378906,0.000186837467481382,0.0344547554850578,0.0635317414999008,1,"Craugastor_omoaensis","Leptodactylus_fragilis",1,"generalist","",NA,43,"",NA,0
-99.0595638729999,16.9786470350001,0.00944322254508734,0.00560215348377824,816.982177734375,0.0477089509367943,0.545510172843933,6.02731943130493,-1025.21838378906,0.000186837467481382,0.0344547554850578,0.0635317414999008,1,"Craugastor_omoaensis","Leptodactylus_melanonotus",1,"generalist","",NA,58,"",NA,0
-99.0595638729999,16.9786470350001,0.00944322254508734,0.00560215348377824,816.982177734375,0.0477089509367943,0.545510172843933,6.02731943130493,-1025.21838378906,0.000186837467481382,0.0344547554850578,0.0635317414999008,1,"Craugastor_omoaensis","Rhinella_horribilis",1,"generalist","specialist",106.25,241,"",NA,0
-99.0595638729999,16.9786470350001,0.00944322254508734,0.00560215348377824,816.982177734375,0.0477089509367943,0.545510172843933,6.02731943130493,-1025.21838378906,0.000186837467481382,0.0344547554850578,0.0635317414999008,1,"Craugastor_omoaensis","Rhinophrynus_dorsalis",1,"specialist","specialist",90,89,"carnivore",NA,0
-99.0595638729999,16.9786470350001,0.00944322254508734,0.00560215348377824,816.982177734375,0.0477089509367943,0.545510172843933,6.02731943130493,-1025.21838378906,0.000186837467481382,0.0344547554850578,0.0635317414999008,1,"Craugastor_omoaensis","Scinax_staufferi",1,"generalist","",29,32,"",NA,0
-99.0595638729999,16.9786470350001,0.00944322254508734,0.00560215348377824,816.982177734375,0.0477089509367943,0.545510172843933,6.02731943130493,-1025.21838378906,0.000186837467481382,0.0344547554850578,0.0635317414999008,1,"Craugastor_omoaensis","Smilisca_baudinii",1,"generalist","",NA,90,"",NA,0
-99.0595638729999,16.9786470350001,0.00944322254508734,0.00560215348377824,816.982177734375,0.0477089509367943,0.545510172843933,6.02731943130493,-1025.21838378906,0.000186837467481382,0.0344547554850578,0.0635317414999008,1,"Craugastor_omoaensis","Trachycephalus_vermiculatus",1,"generalist","specialist",56.9,105,"",NA,0
-98.0595638729999,16.9786470350001,0.0133753037080169,0.00731514533981681,1286.51440429688,0.0402754992246628,0.672152698040009,6.95900964736938,11.9044561386108,6.3117795434664e-07,0.0373715795576572,0.108082115650177,1,"Craugastor_omoaensis","Hyalinobatrachium_viridissimum",1,"specialist","",NA,NA,"",NA,0
-98.0595638729999,16.9786470350001,0.0133753037080169,0.00731514533981681,1286.51440429688,0.0402754992246628,0.672152698040009,6.95900964736938,11.9044561386108,6.3117795434664e-07,0.0373715795576572,0.108082115650177,1,"Craugastor_omoaensis","Hypopachus_variolosus",1,"generalist","specialist",NA,53,"carnivore",NA,0
-98.0595638729999,16.9786470350001,0.0133753037080169,0.00731514533981681,1286.51440429688,0.0402754992246628,0.672152698040009,6.95900964736938,11.9044561386108,6.3117795434664e-07,0.0373715795576572,0.108082115650177,1,"Craugastor_omoaensis","Leptodactylus_fragilis",1,"generalist","",NA,43,"",NA,0
-98.0595638729999,16.9786470350001,0.0133753037080169,0.00731514533981681,1286.51440429688,0.0402754992246628,0.672152698040009,6.95900964736938,11.9044561386108,6.3117795434664e-07,0.0373715795576572,0.108082115650177,1,"Craugastor_omoaensis","Leptodactylus_melanonotus",1,"generalist","",NA,58,"",NA,0
-98.0595638729999,16.9786470350001,0.0133753037080169,0.00731514533981681,1286.51440429688,0.0402754992246628,0.672152698040009,6.95900964736938,11.9044561386108,6.3117795434664e-07,0.0373715795576572,0.108082115650177,1,"Craugastor_omoaensis","Rhinella_horribilis",1,"generalist","specialist",106.25,241,"",NA,0
-98.0595638729999,16.9786470350001,0.0133753037080169,0.00731514533981681,1286.51440429688,0.0402754992246628,0.672152698040009,6.95900964736938,11.9044561386108,6.3117795434664e-07,0.0373715795576572,0.108082115650177,1,"Craugastor_omoaensis","Rhinophrynus_dorsalis",1,"specialist","specialist",90,89,"carnivore",NA,0
-98.0595638729999,16.9786470350001,0.0133753037080169,0.00731514533981681,1286.51440429688,0.0402754992246628,0.672152698040009,6.95900964736938,11.9044561386108,6.3117795434664e-07,0.0373715795576572,0.108082115650177,1,"Craugastor_omoaensis","Scinax_staufferi",1,"generalist","",29,32,"",NA,0
-98.0595638729999,16.9786470350001,0.0133753037080169,0.00731514533981681,1286.51440429688,0.0402754992246628,0.672152698040009,6.95900964736938,11.9044561386108,6.3117795434664e-07,0.0373715795576572,0.108082115650177,1,"Craugastor_omoaensis","Smilisca_baudinii",1,"generalist","",NA,90,"",NA,0
-97.0595638729999,16.9786470350001,0.058521568775177,0.0134900277480483,1883.8203125,0.0137508250772953,0.569667041301727,7.36348247528076,27.4470348358154,0.0050112116150558,0.00909097865223885,0.357437461614609,1,"Craugastor_omoaensis","Dendropsophus_microcephalus",1,"generalist","",28,32,"",NA,0
-97.0595638729999,16.9786470350001,0.058521568775177,0.0134900277480483,1883.8203125,0.0137508250772953,0.569667041301727,7.36348247528076,27.4470348358154,0.0050112116150558,0.00909097865223885,0.357437461614609,1,"Craugastor_omoaensis","Hyalinobatrachium_viridissimum",1,"specialist","",NA,NA,"",NA,0
-97.0595638729999,16.9786470350001,0.058521568775177,0.0134900277480483,1883.8203125,0.0137508250772953,0.569667041301727,7.36348247528076,27.4470348358154,0.0050112116150558,0.00909097865223885,0.357437461614609,1,"Craugastor_omoaensis","Hypopachus_variolosus",1,"generalist","specialist",NA,53,"carnivore",NA,0
-97.0595638729999,16.9786470350001,0.058521568775177,0.0134900277480483,1883.8203125,0.0137508250772953,0.569667041301727,7.36348247528076,27.4470348358154,0.0050112116150558,0.00909097865223885,0.357437461614609,1,"Craugastor_omoaensis","Leptodactylus_fragilis",1,"generalist","",NA,43,"",NA,0
-97.0595638729999,16.9786470350001,0.058521568775177,0.0134900277480483,1883.8203125,0.0137508250772953,0.569667041301727,7.36348247528076,27.4470348358154,0.0050112116150558,0.00909097865223885,0.357437461614609,1,"Craugastor_omoaensis","Rhinella_horribilis",1,"generalist","specialist",106.25,241,"",NA,0
-96.0595638729999,16.9786470350001,0.0141168162226677,0.00211661611683667,1363.21826171875,0.0744100138545036,0.62676203250885,4.73789024353027,28.7841987609863,9.13210824364796e-05,0.00597225595265627,0.554062008857727,1,"Craugastor_omoaensis","Dendropsophus_microcephalus",1,"generalist","",28,32,"",NA,0
-96.0595638729999,16.9786470350001,0.0141168162226677,0.00211661611683667,1363.21826171875,0.0744100138545036,0.62676203250885,4.73789024353027,28.7841987609863,9.13210824364796e-05,0.00597225595265627,0.554062008857727,1,"Craugastor_omoaensis","Hypopachus_variolosus",1,"generalist","specialist",NA,53,"carnivore",NA,0
-96.0595638729999,16.9786470350001,0.0141168162226677,0.00211661611683667,1363.21826171875,0.0744100138545036,0.62676203250885,4.73789024353027,28.7841987609863,9.13210824364796e-05,0.00597225595265627,0.554062008857727,1,"Craugastor_omoaensis","Incilius_valliceps",1,"specialist","",60,125,"",NA,0
-96.0595638729999,16.9786470350001,0.0141168162226677,0.00211661611683667,1363.21826171875,0.0744100138545036,0.62676203250885,4.73789024353027,28.7841987609863,9.13210824364796e-05,0.00597225595265627,0.554062008857727,1,"Craugastor_omoaensis","Leptodactylus_fragilis",1,"generalist","",NA,43,"",NA,0
-96.0595638729999,16.9786470350001,0.0141168162226677,0.00211661611683667,1363.21826171875,0.0744100138545036,0.62676203250885,4.73789024353027,28.7841987609863,9.13210824364796e-05,0.00597225595265627,0.554062008857727,1,"Craugastor_omoaensis","Lithobates_brownorum",1,"generalist","specialist",NA,NA,"",NA,0
-96.0595638729999,16.9786470350001,0.0141168162226677,0.00211661611683667,1363.21826171875,0.0744100138545036,0.62676203250885,4.73789024353027,28.7841987609863,9.13210824364796e-05,0.00597225595265627,0.554062008857727,1,"Craugastor_omoaensis","Rhinella_horribilis",1,"generalist","specialist",106.25,241,"",NA,0
-96.0595638729999,16.9786470350001,0.0141168162226677,0.00211661611683667,1363.21826171875,0.0744100138545036,0.62676203250885,4.73789024353027,28.7841987609863,9.13210824364796e-05,0.00597225595265627,0.554062008857727,1,"Craugastor_omoaensis","Scinax_staufferi",1,"generalist","",29,32,"",NA,0
-96.0595638729999,16.9786470350001,0.0141168162226677,0.00211661611683667,1363.21826171875,0.0744100138545036,0.62676203250885,4.73789024353027,28.7841987609863,9.13210824364796e-05,0.00597225595265627,0.554062008857727,1,"Craugastor_omoaensis","Smilisca_baudinii",1,"generalist","",NA,90,"",NA,0
-95.0595638729999,16.9786470350001,0.0200667809695005,0.00499071273952723,306.849853515625,0.128925994038582,0.566523730754852,5.48201704025269,27.0521926879883,3.46356646332424e-05,0.0432090349495411,0.461334228515625,1,"Craugastor_omoaensis","Agalychnis_callidryas",1,"generalist","",12,77.2,"",NA,0
-95.0595638729999,16.9786470350001,0.0200667809695005,0.00499071273952723,306.849853515625,0.128925994038582,0.566523730754852,5.48201704025269,27.0521926879883,3.46356646332424e-05,0.0432090349495411,0.461334228515625,1,"Craugastor_omoaensis","Dendropsophus_microcephalus",1,"generalist","",28,32,"",NA,0
-95.0595638729999,16.9786470350001,0.0200667809695005,0.00499071273952723,306.849853515625,0.128925994038582,0.566523730754852,5.48201704025269,27.0521926879883,3.46356646332424e-05,0.0432090349495411,0.461334228515625,1,"Craugastor_omoaensis","Hypopachus_variolosus",1,"generalist","specialist",NA,53,"carnivore",NA,0
-95.0595638729999,16.9786470350001,0.0200667809695005,0.00499071273952723,306.849853515625,0.128925994038582,0.566523730754852,5.48201704025269,27.0521926879883,3.46356646332424e-05,0.0432090349495411,0.461334228515625,1,"Craugastor_omoaensis","Incilius_valliceps",1,"specialist","",60,125,"",NA,0
-95.0595638729999,16.9786470350001,0.0200667809695005,0.00499071273952723,306.849853515625,0.128925994038582,0.566523730754852,5.48201704025269,27.0521926879883,3.46356646332424e-05,0.0432090349495411,0.461334228515625,1,"Craugastor_omoaensis","Leptodactylus_fragilis",1,"generalist","",NA,43,"",NA,0
-95.0595638729999,16.9786470350001,0.0200667809695005,0.00499071273952723,306.849853515625,0.128925994038582,0.566523730754852,5.48201704025269,27.0521926879883,3.46356646332424e-05,0.0432090349495411,0.461334228515625,1,"Craugastor_omoaensis","Leptodactylus_melanonotus",1,"generalist","",NA,58,"",NA,0
-95.0595638729999,16.9786470350001,0.0200667809695005,0.00499071273952723,306.849853515625,0.128925994038582,0.566523730754852,5.48201704025269,27.0521926879883,3.46356646332424e-05,0.0432090349495411,0.461334228515625,1,"Craugastor_omoaensis","Lithobates_brownorum",1,"generalist","specialist",NA,NA,"",NA,0
-95.0595638729999,16.9786470350001,0.0200667809695005,0.00499071273952723,306.849853515625,0.128925994038582,0.566523730754852,5.48201704025269,27.0521926879883,3.46356646332424e-05,0.0432090349495411,0.461334228515625,1,"Craugastor_omoaensis","Lithobates_maculatus",1,NA,NA,NA,NA,NA,NA,NA
-95.0595638729999,16.9786470350001,0.0200667809695005,0.00499071273952723,306.849853515625,0.128925994038582,0.566523730754852,5.48201704025269,27.0521926879883,3.46356646332424e-05,0.0432090349495411,0.461334228515625,1,"Craugastor_omoaensis","Rhinella_horribilis",1,"generalist","specialist",106.25,241,"",NA,0
-95.0595638729999,16.9786470350001,0.0200667809695005,0.00499071273952723,306.849853515625,0.128925994038582,0.566523730754852,5.48201704025269,27.0521926879883,3.46356646332424e-05,0.0432090349495411,0.461334228515625,1,"Craugastor_omoaensis","Rhinophrynus_dorsalis",1,"specialist","specialist",90,89,"carnivore",NA,0
-95.0595638729999,16.9786470350001,0.0200667809695005,0.00499071273952723,306.849853515625,0.128925994038582,0.566523730754852,5.48201704025269,27.0521926879883,3.46356646332424e-05,0.0432090349495411,0.461334228515625,1,"Craugastor_omoaensis","Scinax_staufferi",1,"generalist","",29,32,"",NA,0
-95.0595638729999,16.9786470350001,0.0200667809695005,0.00499071273952723,306.849853515625,0.128925994038582,0.566523730754852,5.48201704025269,27.0521926879883,3.46356646332424e-05,0.0432090349495411,0.461334228515625,1,"Craugastor_omoaensis","Smilisca_baudinii",1,"generalist","",NA,90,"",NA,0
-95.0595638729999,16.9786470350001,0.0200667809695005,0.00499071273952723,306.849853515625,0.128925994038582,0.566523730754852,5.48201704025269,27.0521926879883,3.46356646332424e-05,0.0432090349495411,0.461334228515625,1,"Craugastor_omoaensis","Tlalocohyla_loquax",1,"generalist","",NA,77,"",NA,0
-95.0595638729999,16.9786470350001,0.0200667809695005,0.00499071273952723,306.849853515625,0.128925994038582,0.566523730754852,5.48201704025269,27.0521926879883,3.46356646332424e-05,0.0432090349495411,0.461334228515625,1,"Craugastor_omoaensis","Trachycephalus_vermiculatus",1,"generalist","specialist",56.9,105,"",NA,0
-94.0595638729999,16.9786470350001,0.0142612401396036,0.00275040324777365,580.722900390625,0.116306334733963,0.723864674568176,4.2573447227478,-5.05276489257812,0.000173809501575306,0.035405807197094,0.602958261966705,1,"Craugastor_omoaensis","Agalychnis_callidryas",1,"generalist","",12,77.2,"",NA,0
-94.0595638729999,16.9786470350001,0.0142612401396036,0.00275040324777365,580.722900390625,0.116306334733963,0.723864674568176,4.2573447227478,-5.05276489257812,0.000173809501575306,0.035405807197094,0.602958261966705,1,"Craugastor_omoaensis","Bolitoglossa_mexicana",1,"specialist","specialist",NA,190,"carnivore",NA,0
-94.0595638729999,16.9786470350001,0.0142612401396036,0.00275040324777365,580.722900390625,0.116306334733963,0.723864674568176,4.2573447227478,-5.05276489257812,0.000173809501575306,0.035405807197094,0.602958261966705,1,"Craugastor_omoaensis","Craugastor_laticeps",1,"specialist","",80,80,"",NA,0
-94.0595638729999,16.9786470350001,0.0142612401396036,0.00275040324777365,580.722900390625,0.116306334733963,0.723864674568176,4.2573447227478,-5.05276489257812,0.000173809501575306,0.035405807197094,0.602958261966705,1,"Craugastor_omoaensis","Dendropsophus_microcephalus",1,"generalist","",28,32,"",NA,0
-94.0595638729999,16.9786470350001,0.0142612401396036,0.00275040324777365,580.722900390625,0.116306334733963,0.723864674568176,4.2573447227478,-5.05276489257812,0.000173809501575306,0.035405807197094,0.602958261966705,1,"Craugastor_omoaensis","Hyalinobatrachium_viridissimum",1,"specialist","",NA,NA,"",NA,0
-94.0595638729999,16.9786470350001,0.0142612401396036,0.00275040324777365,580.722900390625,0.116306334733963,0.723864674568176,4.2573447227478,-5.05276489257812,0.000173809501575306,0.035405807197094,0.602958261966705,1,"Craugastor_omoaensis","Hypopachus_variolosus",1,"generalist","specialist",NA,53,"carnivore",NA,0
-94.0595638729999,16.9786470350001,0.0142612401396036,0.00275040324777365,580.722900390625,0.116306334733963,0.723864674568176,4.2573447227478,-5.05276489257812,0.000173809501575306,0.035405807197094,0.602958261966705,1,"Craugastor_omoaensis","Incilius_valliceps",1,"specialist","",60,125,"",NA,0
-94.0595638729999,16.9786470350001,0.0142612401396036,0.00275040324777365,580.722900390625,0.116306334733963,0.723864674568176,4.2573447227478,-5.05276489257812,0.000173809501575306,0.035405807197094,0.602958261966705,1,"Craugastor_omoaensis","Leptodactylus_fragilis",1,"generalist","",NA,43,"",NA,0
-94.0595638729999,16.9786470350001,0.0142612401396036,0.00275040324777365,580.722900390625,0.116306334733963,0.723864674568176,4.2573447227478,-5.05276489257812,0.000173809501575306,0.035405807197094,0.602958261966705,1,"Craugastor_omoaensis","Leptodactylus_melanonotus",1,"generalist","",NA,58,"",NA,0
-94.0595638729999,16.9786470350001,0.0142612401396036,0.00275040324777365,580.722900390625,0.116306334733963,0.723864674568176,4.2573447227478,-5.05276489257812,0.000173809501575306,0.035405807197094,0.602958261966705,1,"Craugastor_omoaensis","Lithobates_brownorum",1,"generalist","specialist",NA,NA,"",NA,0
-94.0595638729999,16.9786470350001,0.0142612401396036,0.00275040324777365,580.722900390625,0.116306334733963,0.723864674568176,4.2573447227478,-5.05276489257812,0.000173809501575306,0.035405807197094,0.602958261966705,1,"Craugastor_omoaensis","Lithobates_maculatus",1,NA,NA,NA,NA,NA,NA,NA
-94.0595638729999,16.9786470350001,0.0142612401396036,0.00275040324777365,580.722900390625,0.116306334733963,0.723864674568176,4.2573447227478,-5.05276489257812,0.000173809501575306,0.035405807197094,0.602958261966705,1,"Craugastor_omoaensis","Lithobates_vaillanti",1,NA,NA,NA,NA,NA,NA,NA
-94.0595638729999,16.9786470350001,0.0142612401396036,0.00275040324777365,580.722900390625,0.116306334733963,0.723864674568176,4.2573447227478,-5.05276489257812,0.000173809501575306,0.035405807197094,0.602958261966705,1,"Craugastor_omoaensis","Rhinella_horribilis",1,"generalist","specialist",106.25,241,"",NA,0
-94.0595638729999,16.9786470350001,0.0142612401396036,0.00275040324777365,580.722900390625,0.116306334733963,0.723864674568176,4.2573447227478,-5.05276489257812,0.000173809501575306,0.035405807197094,0.602958261966705,1,"Craugastor_omoaensis","Rhinophrynus_dorsalis",1,"specialist","specialist",90,89,"carnivore",NA,0
-94.0595638729999,16.9786470350001,0.0142612401396036,0.00275040324777365,580.722900390625,0.116306334733963,0.723864674568176,4.2573447227478,-5.05276489257812,0.000173809501575306,0.035405807197094,0.602958261966705,1,"Craugastor_omoaensis","Scinax_staufferi",1,"generalist","",29,32,"",NA,0
-94.0595638729999,16.9786470350001,0.0142612401396036,0.00275040324777365,580.722900390625,0.116306334733963,0.723864674568176,4.2573447227478,-5.05276489257812,0.000173809501575306,0.035405807197094,0.602958261966705,1,"Craugastor_omoaensis","Smilisca_baudinii",1,"generalist","",NA,90,"",NA,0
-94.0595638729999,16.9786470350001,0.0142612401396036,0.00275040324777365,580.722900390625,0.116306334733963,0.723864674568176,4.2573447227478,-5.05276489257812,0.000173809501575306,0.035405807197094,0.602958261966705,1,"Craugastor_omoaensis","Tlalocohyla_loquax",1,"generalist","",NA,77,"",NA,0
-94.0595638729999,16.9786470350001,0.0142612401396036,0.00275040324777365,580.722900390625,0.116306334733963,0.723864674568176,4.2573447227478,-5.05276489257812,0.000173809501575306,0.035405807197094,0.602958261966705,1,"Craugastor_omoaensis","Trachycephalus_vermiculatus",1,"generalist","specialist",56.9,105,"",NA,0
-93.0595638729999,16.9786470350001,0.0137228313833475,0.0195481088012457,934.516662597656,0.105215907096863,0.532377541065216,9.74518585205078,27.6351661682129,0.00856298953294754,0.0122811980545521,0.148018971085548,1,"Craugastor_omoaensis","Agalychnis_callidryas",1,"generalist","",12,77.2,"",NA,0
-93.0595638729999,16.9786470350001,0.0137228313833475,0.0195481088012457,934.516662597656,0.105215907096863,0.532377541065216,9.74518585205078,27.6351661682129,0.00856298953294754,0.0122811980545521,0.148018971085548,1,"Craugastor_omoaensis","Bolitoglossa_mexicana",1,"specialist","specialist",NA,190,"carnivore",NA,0
-93.0595638729999,16.9786470350001,0.0137228313833475,0.0195481088012457,934.516662597656,0.105215907096863,0.532377541065216,9.74518585205078,27.6351661682129,0.00856298953294754,0.0122811980545521,0.148018971085548,1,"Craugastor_omoaensis","Craugastor_laticeps",1,"specialist","",80,80,"",NA,0
-93.0595638729999,16.9786470350001,0.0137228313833475,0.0195481088012457,934.516662597656,0.105215907096863,0.532377541065216,9.74518585205078,27.6351661682129,0.00856298953294754,0.0122811980545521,0.148018971085548,1,"Craugastor_omoaensis","Dendropsophus_microcephalus",1,"generalist","",28,32,"",NA,0
-93.0595638729999,16.9786470350001,0.0137228313833475,0.0195481088012457,934.516662597656,0.105215907096863,0.532377541065216,9.74518585205078,27.6351661682129,0.00856298953294754,0.0122811980545521,0.148018971085548,1,"Craugastor_omoaensis","Hyalinobatrachium_viridissimum",1,"specialist","",NA,NA,"",NA,0
-93.0595638729999,16.9786470350001,0.0137228313833475,0.0195481088012457,934.516662597656,0.105215907096863,0.532377541065216,9.74518585205078,27.6351661682129,0.00856298953294754,0.0122811980545521,0.148018971085548,1,"Craugastor_omoaensis","Hypopachus_variolosus",1,"generalist","specialist",NA,53,"carnivore",NA,0
-93.0595638729999,16.9786470350001,0.0137228313833475,0.0195481088012457,934.516662597656,0.105215907096863,0.532377541065216,9.74518585205078,27.6351661682129,0.00856298953294754,0.0122811980545521,0.148018971085548,1,"Craugastor_omoaensis","Incilius_valliceps",1,"specialist","",60,125,"",NA,0
-93.0595638729999,16.9786470350001,0.0137228313833475,0.0195481088012457,934.516662597656,0.105215907096863,0.532377541065216,9.74518585205078,27.6351661682129,0.00856298953294754,0.0122811980545521,0.148018971085548,1,"Craugastor_omoaensis","Leptodactylus_fragilis",1,"generalist","",NA,43,"",NA,0
-93.0595638729999,16.9786470350001,0.0137228313833475,0.0195481088012457,934.516662597656,0.105215907096863,0.532377541065216,9.74518585205078,27.6351661682129,0.00856298953294754,0.0122811980545521,0.148018971085548,1,"Craugastor_omoaensis","Lithobates_brownorum",1,"generalist","specialist",NA,NA,"",NA,0
-93.0595638729999,16.9786470350001,0.0137228313833475,0.0195481088012457,934.516662597656,0.105215907096863,0.532377541065216,9.74518585205078,27.6351661682129,0.00856298953294754,0.0122811980545521,0.148018971085548,1,"Craugastor_omoaensis","Lithobates_vaillanti",1,NA,NA,NA,NA,NA,NA,NA
-93.0595638729999,16.9786470350001,0.0137228313833475,0.0195481088012457,934.516662597656,0.105215907096863,0.532377541065216,9.74518585205078,27.6351661682129,0.00856298953294754,0.0122811980545521,0.148018971085548,1,"Craugastor_omoaensis","Rhinella_horribilis",1,"generalist","specialist",106.25,241,"",NA,0
-93.0595638729999,16.9786470350001,0.0137228313833475,0.0195481088012457,934.516662597656,0.105215907096863,0.532377541065216,9.74518585205078,27.6351661682129,0.00856298953294754,0.0122811980545521,0.148018971085548,1,"Craugastor_omoaensis","Scinax_staufferi",1,"generalist","",29,32,"",NA,0
-93.0595638729999,16.9786470350001,0.0137228313833475,0.0195481088012457,934.516662597656,0.105215907096863,0.532377541065216,9.74518585205078,27.6351661682129,0.00856298953294754,0.0122811980545521,0.148018971085548,1,"Craugastor_omoaensis","Smilisca_baudinii",1,"generalist","",NA,90,"",NA,0
-93.0595638729999,16.9786470350001,0.0137228313833475,0.0195481088012457,934.516662597656,0.105215907096863,0.532377541065216,9.74518585205078,27.6351661682129,0.00856298953294754,0.0122811980545521,0.148018971085548,1,"Craugastor_omoaensis","Tlalocohyla_loquax",1,"generalist","",NA,77,"",NA,0
-93.0595638729999,16.9786470350001,0.0137228313833475,0.0195481088012457,934.516662597656,0.105215907096863,0.532377541065216,9.74518585205078,27.6351661682129,0.00856298953294754,0.0122811980545521,0.148018971085548,1,"Craugastor_omoaensis","Trachycephalus_vermiculatus",1,"generalist","specialist",56.9,105,"",NA,0
-92.0595638729999,16.9786470350001,0.002671854570508,0.00728902034461498,1085.48095703125,0.275202840566635,0.764857232570648,6.9477915763855,27.9283065795898,0.000155988876940683,0.000246943207457662,0.364415496587753,1,"Craugastor_omoaensis","Agalychnis_callidryas",1,"generalist","",12,77.2,"",NA,0
-92.0595638729999,16.9786470350001,0.002671854570508,0.00728902034461498,1085.48095703125,0.275202840566635,0.764857232570648,6.9477915763855,27.9283065795898,0.000155988876940683,0.000246943207457662,0.364415496587753,1,"Craugastor_omoaensis","Bolitoglossa_mexicana",1,"specialist","specialist",NA,190,"carnivore",NA,0
-92.0595638729999,16.9786470350001,0.002671854570508,0.00728902034461498,1085.48095703125,0.275202840566635,0.764857232570648,6.9477915763855,27.9283065795898,0.000155988876940683,0.000246943207457662,0.364415496587753,1,"Craugastor_omoaensis","Craugastor_laticeps",1,"specialist","",80,80,"",NA,0
-92.0595638729999,16.9786470350001,0.002671854570508,0.00728902034461498,1085.48095703125,0.275202840566635,0.764857232570648,6.9477915763855,27.9283065795898,0.000155988876940683,0.000246943207457662,0.364415496587753,1,"Craugastor_omoaensis","Dendropsophus_microcephalus",1,"generalist","",28,32,"",NA,0
-92.0595638729999,16.9786470350001,0.002671854570508,0.00728902034461498,1085.48095703125,0.275202840566635,0.764857232570648,6.9477915763855,27.9283065795898,0.000155988876940683,0.000246943207457662,0.364415496587753,1,"Craugastor_omoaensis","Engystomops_pustulosus",1,"generalist","",NA,48.2,"",NA,0
-92.0595638729999,16.9786470350001,0.002671854570508,0.00728902034461498,1085.48095703125,0.275202840566635,0.764857232570648,6.9477915763855,27.9283065795898,0.000155988876940683,0.000246943207457662,0.364415496587753,1,"Craugastor_omoaensis","Hyalinobatrachium_viridissimum",1,"specialist","",NA,NA,"",NA,0
-92.0595638729999,16.9786470350001,0.002671854570508,0.00728902034461498,1085.48095703125,0.275202840566635,0.764857232570648,6.9477915763855,27.9283065795898,0.000155988876940683,0.000246943207457662,0.364415496587753,1,"Craugastor_omoaensis","Incilius_valliceps",1,"specialist","",60,125,"",NA,0
-92.0595638729999,16.9786470350001,0.002671854570508,0.00728902034461498,1085.48095703125,0.275202840566635,0.764857232570648,6.9477915763855,27.9283065795898,0.000155988876940683,0.000246943207457662,0.364415496587753,1,"Craugastor_omoaensis","Leptodactylus_fragilis",1,"generalist","",NA,43,"",NA,0
-92.0595638729999,16.9786470350001,0.002671854570508,0.00728902034461498,1085.48095703125,0.275202840566635,0.764857232570648,6.9477915763855,27.9283065795898,0.000155988876940683,0.000246943207457662,0.364415496587753,1,"Craugastor_omoaensis","Leptodactylus_melanonotus",1,"generalist","",NA,58,"",NA,0
-92.0595638729999,16.9786470350001,0.002671854570508,0.00728902034461498,1085.48095703125,0.275202840566635,0.764857232570648,6.9477915763855,27.9283065795898,0.000155988876940683,0.000246943207457662,0.364415496587753,1,"Craugastor_omoaensis","Lithobates_brownorum",1,"generalist","specialist",NA,NA,"",NA,0
-92.0595638729999,16.9786470350001,0.002671854570508,0.00728902034461498,1085.48095703125,0.275202840566635,0.764857232570648,6.9477915763855,27.9283065795898,0.000155988876940683,0.000246943207457662,0.364415496587753,1,"Craugastor_omoaensis","Lithobates_vaillanti",1,NA,NA,NA,NA,NA,NA,NA
-92.0595638729999,16.9786470350001,0.002671854570508,0.00728902034461498,1085.48095703125,0.275202840566635,0.764857232570648,6.9477915763855,27.9283065795898,0.000155988876940683,0.000246943207457662,0.364415496587753,1,"Craugastor_omoaensis","Rhinella_horribilis",1,"generalist","specialist",106.25,241,"",NA,0
-92.0595638729999,16.9786470350001,0.002671854570508,0.00728902034461498,1085.48095703125,0.275202840566635,0.764857232570648,6.9477915763855,27.9283065795898,0.000155988876940683,0.000246943207457662,0.364415496587753,1,"Craugastor_omoaensis","Rhinophrynus_dorsalis",1,"specialist","specialist",90,89,"carnivore",NA,0
-92.0595638729999,16.9786470350001,0.002671854570508,0.00728902034461498,1085.48095703125,0.275202840566635,0.764857232570648,6.9477915763855,27.9283065795898,0.000155988876940683,0.000246943207457662,0.364415496587753,1,"Craugastor_omoaensis","Scinax_staufferi",1,"generalist","",29,32,"",NA,0
-92.0595638729999,16.9786470350001,0.002671854570508,0.00728902034461498,1085.48095703125,0.275202840566635,0.764857232570648,6.9477915763855,27.9283065795898,0.000155988876940683,0.000246943207457662,0.364415496587753,1,"Craugastor_omoaensis","Smilisca_baudinii",1,"generalist","",NA,90,"",NA,0
-92.0595638729999,16.9786470350001,0.002671854570508,0.00728902034461498,1085.48095703125,0.275202840566635,0.764857232570648,6.9477915763855,27.9283065795898,0.000155988876940683,0.000246943207457662,0.364415496587753,1,"Craugastor_omoaensis","Tlalocohyla_loquax",1,"generalist","",NA,77,"",NA,0
-92.0595638729999,16.9786470350001,0.002671854570508,0.00728902034461498,1085.48095703125,0.275202840566635,0.764857232570648,6.9477915763855,27.9283065795898,0.000155988876940683,0.000246943207457662,0.364415496587753,1,"Craugastor_omoaensis","Trachycephalus_vermiculatus",1,"generalist","specialist",56.9,105,"",NA,0
-91.0595638729999,16.9786470350001,0.00621319375932217,0.00144718668889254,328.97705078125,0.30635991692543,0.636911511421204,5.00890731811523,30.4863414764404,0,6.3117795434664e-07,0.4899922311306,1,"Craugastor_omoaensis","Agalychnis_callidryas",1,"generalist","",12,77.2,"",NA,0
-91.0595638729999,16.9786470350001,0.00621319375932217,0.00144718668889254,328.97705078125,0.30635991692543,0.636911511421204,5.00890731811523,30.4863414764404,0,6.3117795434664e-07,0.4899922311306,1,"Craugastor_omoaensis","Bolitoglossa_mexicana",1,"specialist","specialist",NA,190,"carnivore",NA,0
-91.0595638729999,16.9786470350001,0.00621319375932217,0.00144718668889254,328.97705078125,0.30635991692543,0.636911511421204,5.00890731811523,30.4863414764404,0,6.3117795434664e-07,0.4899922311306,1,"Craugastor_omoaensis","Bromeliohyla_bromeliacia",1,"generalist","",NA,35.7,"",NA,0
-91.0595638729999,16.9786470350001,0.00621319375932217,0.00144718668889254,328.97705078125,0.30635991692543,0.636911511421204,5.00890731811523,30.4863414764404,0,6.3117795434664e-07,0.4899922311306,1,"Craugastor_omoaensis","Craugastor_laticeps",1,"specialist","",80,80,"",NA,0
-91.0595638729999,16.9786470350001,0.00621319375932217,0.00144718668889254,328.97705078125,0.30635991692543,0.636911511421204,5.00890731811523,30.4863414764404,0,6.3117795434664e-07,0.4899922311306,1,"Craugastor_omoaensis","Dendropsophus_microcephalus",1,"generalist","",28,32,"",NA,0
-91.0595638729999,16.9786470350001,0.00621319375932217,0.00144718668889254,328.97705078125,0.30635991692543,0.636911511421204,5.00890731811523,30.4863414764404,0,6.3117795434664e-07,0.4899922311306,1,"Craugastor_omoaensis","Engystomops_pustulosus",1,"generalist","",NA,48.2,"",NA,0
-91.0595638729999,16.9786470350001,0.00621319375932217,0.00144718668889254,328.97705078125,0.30635991692543,0.636911511421204,5.00890731811523,30.4863414764404,0,6.3117795434664e-07,0.4899922311306,1,"Craugastor_omoaensis","Hyalinobatrachium_viridissimum",1,"specialist","",NA,NA,"",NA,0
-91.0595638729999,16.9786470350001,0.00621319375932217,0.00144718668889254,328.97705078125,0.30635991692543,0.636911511421204,5.00890731811523,30.4863414764404,0,6.3117795434664e-07,0.4899922311306,1,"Craugastor_omoaensis","Hypopachus_variolosus",1,"generalist","specialist",NA,53,"carnivore",NA,0
-91.0595638729999,16.9786470350001,0.00621319375932217,0.00144718668889254,328.97705078125,0.30635991692543,0.636911511421204,5.00890731811523,30.4863414764404,0,6.3117795434664e-07,0.4899922311306,1,"Craugastor_omoaensis","Incilius_valliceps",1,"specialist","",60,125,"",NA,0
-91.0595638729999,16.9786470350001,0.00621319375932217,0.00144718668889254,328.97705078125,0.30635991692543,0.636911511421204,5.00890731811523,30.4863414764404,0,6.3117795434664e-07,0.4899922311306,1,"Craugastor_omoaensis","Leptodactylus_fragilis",1,"generalist","",NA,43,"",NA,0
-91.0595638729999,16.9786470350001,0.00621319375932217,0.00144718668889254,328.97705078125,0.30635991692543,0.636911511421204,5.00890731811523,30.4863414764404,0,6.3117795434664e-07,0.4899922311306,1,"Craugastor_omoaensis","Leptodactylus_melanonotus",1,"generalist","",NA,58,"",NA,0
-91.0595638729999,16.9786470350001,0.00621319375932217,0.00144718668889254,328.97705078125,0.30635991692543,0.636911511421204,5.00890731811523,30.4863414764404,0,6.3117795434664e-07,0.4899922311306,1,"Craugastor_omoaensis","Lithobates_brownorum",1,"generalist","specialist",NA,NA,"",NA,0
-91.0595638729999,16.9786470350001,0.00621319375932217,0.00144718668889254,328.97705078125,0.30635991692543,0.636911511421204,5.00890731811523,30.4863414764404,0,6.3117795434664e-07,0.4899922311306,1,"Craugastor_omoaensis","Lithobates_vaillanti",1,NA,NA,NA,NA,NA,NA,NA
-91.0595638729999,16.9786470350001,0.00621319375932217,0.00144718668889254,328.97705078125,0.30635991692543,0.636911511421204,5.00890731811523,30.4863414764404,0,6.3117795434664e-07,0.4899922311306,1,"Craugastor_omoaensis","Rhinella_horribilis",1,"generalist","specialist",106.25,241,"",NA,0
-91.0595638729999,16.9786470350001,0.00621319375932217,0.00144718668889254,328.97705078125,0.30635991692543,0.636911511421204,5.00890731811523,30.4863414764404,0,6.3117795434664e-07,0.4899922311306,1,"Craugastor_omoaensis","Rhinophrynus_dorsalis",1,"specialist","specialist",90,89,"carnivore",NA,0
-91.0595638729999,16.9786470350001,0.00621319375932217,0.00144718668889254,328.97705078125,0.30635991692543,0.636911511421204,5.00890731811523,30.4863414764404,0,6.3117795434664e-07,0.4899922311306,1,"Craugastor_omoaensis","Scinax_staufferi",1,"generalist","",29,32,"",NA,0
-91.0595638729999,16.9786470350001,0.00621319375932217,0.00144718668889254,328.97705078125,0.30635991692543,0.636911511421204,5.00890731811523,30.4863414764404,0,6.3117795434664e-07,0.4899922311306,1,"Craugastor_omoaensis","Smilisca_baudinii",1,"generalist","",NA,90,"",NA,0
-91.0595638729999,16.9786470350001,0.00621319375932217,0.00144718668889254,328.97705078125,0.30635991692543,0.636911511421204,5.00890731811523,30.4863414764404,0,6.3117795434664e-07,0.4899922311306,1,"Craugastor_omoaensis","Tlalocohyla_loquax",1,"generalist","",NA,77,"",NA,0
-91.0595638729999,16.9786470350001,0.00621319375932217,0.00144718668889254,328.97705078125,0.30635991692543,0.636911511421204,5.00890731811523,30.4863414764404,0,6.3117795434664e-07,0.4899922311306,1,"Craugastor_omoaensis","Trachycephalus_vermiculatus",1,"generalist","specialist",56.9,105,"",NA,0
-90.0595638729999,16.9786470350001,0.0116095682606101,0.00239197537302971,190.215927124023,0.366553723812103,0.474095165729523,4.35226392745972,30.3548336029053,0,0,0.287922203540802,1,"Craugastor_omoaensis","Agalychnis_callidryas",1,"generalist","",12,77.2,"",NA,0
-90.0595638729999,16.9786470350001,0.0116095682606101,0.00239197537302971,190.215927124023,0.366553723812103,0.474095165729523,4.35226392745972,30.3548336029053,0,0,0.287922203540802,1,"Craugastor_omoaensis","Bolitoglossa_mexicana",1,"specialist","specialist",NA,190,"carnivore",NA,0
-90.0595638729999,16.9786470350001,0.0116095682606101,0.00239197537302971,190.215927124023,0.366553723812103,0.474095165729523,4.35226392745972,30.3548336029053,0,0,0.287922203540802,1,"Craugastor_omoaensis","Dendropsophus_microcephalus",1,"generalist","",28,32,"",NA,0
-90.0595638729999,16.9786470350001,0.0116095682606101,0.00239197537302971,190.215927124023,0.366553723812103,0.474095165729523,4.35226392745972,30.3548336029053,0,0,0.287922203540802,1,"Craugastor_omoaensis","Engystomops_pustulosus",1,"generalist","",NA,48.2,"",NA,0
-90.0595638729999,16.9786470350001,0.0116095682606101,0.00239197537302971,190.215927124023,0.366553723812103,0.474095165729523,4.35226392745972,30.3548336029053,0,0,0.287922203540802,1,"Craugastor_omoaensis","Hypopachus_variolosus",1,"generalist","specialist",NA,53,"carnivore",NA,0
-90.0595638729999,16.9786470350001,0.0116095682606101,0.00239197537302971,190.215927124023,0.366553723812103,0.474095165729523,4.35226392745972,30.3548336029053,0,0,0.287922203540802,1,"Craugastor_omoaensis","Incilius_valliceps",1,"specialist","",60,125,"",NA,0
-90.0595638729999,16.9786470350001,0.0116095682606101,0.00239197537302971,190.215927124023,0.366553723812103,0.474095165729523,4.35226392745972,30.3548336029053,0,0,0.287922203540802,1,"Craugastor_omoaensis","Leptodactylus_fragilis",1,"generalist","",NA,43,"",NA,0
-90.0595638729999,16.9786470350001,0.0116095682606101,0.00239197537302971,190.215927124023,0.366553723812103,0.474095165729523,4.35226392745972,30.3548336029053,0,0,0.287922203540802,1,"Craugastor_omoaensis","Leptodactylus_melanonotus",1,"generalist","",NA,58,"",NA,0
-90.0595638729999,16.9786470350001,0.0116095682606101,0.00239197537302971,190.215927124023,0.366553723812103,0.474095165729523,4.35226392745972,30.3548336029053,0,0,0.287922203540802,1,"Craugastor_omoaensis","Lithobates_brownorum",1,"generalist","specialist",NA,NA,"",NA,0
-90.0595638729999,16.9786470350001,0.0116095682606101,0.00239197537302971,190.215927124023,0.366553723812103,0.474095165729523,4.35226392745972,30.3548336029053,0,0,0.287922203540802,1,"Craugastor_omoaensis","Lithobates_vaillanti",1,NA,NA,NA,NA,NA,NA,NA
-90.0595638729999,16.9786470350001,0.0116095682606101,0.00239197537302971,190.215927124023,0.366553723812103,0.474095165729523,4.35226392745972,30.3548336029053,0,0,0.287922203540802,1,"Craugastor_omoaensis","Rhinella_horribilis",1,"generalist","specialist",106.25,241,"",NA,0
-90.0595638729999,16.9786470350001,0.0116095682606101,0.00239197537302971,190.215927124023,0.366553723812103,0.474095165729523,4.35226392745972,30.3548336029053,0,0,0.287922203540802,1,"Craugastor_omoaensis","Rhinophrynus_dorsalis",1,"specialist","specialist",90,89,"carnivore",NA,0
-90.0595638729999,16.9786470350001,0.0116095682606101,0.00239197537302971,190.215927124023,0.366553723812103,0.474095165729523,4.35226392745972,30.3548336029053,0,0,0.287922203540802,1,"Craugastor_omoaensis","Scinax_staufferi",1,"generalist","",29,32,"",NA,0
-90.0595638729999,16.9786470350001,0.0116095682606101,0.00239197537302971,190.215927124023,0.366553723812103,0.474095165729523,4.35226392745972,30.3548336029053,0,0,0.287922203540802,1,"Craugastor_omoaensis","Smilisca_baudinii",1,"generalist","",NA,90,"",NA,0
-90.0595638729999,16.9786470350001,0.0116095682606101,0.00239197537302971,190.215927124023,0.366553723812103,0.474095165729523,4.35226392745972,30.3548336029053,0,0,0.287922203540802,1,"Craugastor_omoaensis","Tlalocohyla_loquax",1,"generalist","",NA,77,"",NA,0
-90.0595638729999,16.9786470350001,0.0116095682606101,0.00239197537302971,190.215927124023,0.366553723812103,0.474095165729523,4.35226392745972,30.3548336029053,0,0,0.287922203540802,1,"Craugastor_omoaensis","Trachycephalus_vermiculatus",1,"generalist","specialist",56.9,105,"",NA,0
-89.0595638729999,16.9786470350001,0.0166103560477495,0.00253546610474586,323.767852783203,0.240181446075439,0.75636500120163,4.05182600021362,29.5122203826904,0,0.000658077653497458,0.69074684381485,1,"Craugastor_omoaensis","Agalychnis_callidryas",1,"generalist","",12,77.2,"",NA,0
-89.0595638729999,16.9786470350001,0.0166103560477495,0.00253546610474586,323.767852783203,0.240181446075439,0.75636500120163,4.05182600021362,29.5122203826904,0,0.000658077653497458,0.69074684381485,1,"Craugastor_omoaensis","Bolitoglossa_mexicana",1,"specialist","specialist",NA,190,"carnivore",NA,0
-89.0595638729999,16.9786470350001,0.0166103560477495,0.00253546610474586,323.767852783203,0.240181446075439,0.75636500120163,4.05182600021362,29.5122203826904,0,0.000658077653497458,0.69074684381485,1,"Craugastor_omoaensis","Bolitoglossa_nympha",1,"specialist","",NA,70.28,"",NA,0
-89.0595638729999,16.9786470350001,0.0166103560477495,0.00253546610474586,323.767852783203,0.240181446075439,0.75636500120163,4.05182600021362,29.5122203826904,0,0.000658077653497458,0.69074684381485,1,"Craugastor_omoaensis","Craugastor_laticeps",1,"specialist","",80,80,"",NA,0
-89.0595638729999,16.9786470350001,0.0166103560477495,0.00253546610474586,323.767852783203,0.240181446075439,0.75636500120163,4.05182600021362,29.5122203826904,0,0.000658077653497458,0.69074684381485,1,"Craugastor_omoaensis","Dendropsophus_microcephalus",1,"generalist","",28,32,"",NA,0
-89.0595638729999,16.9786470350001,0.0166103560477495,0.00253546610474586,323.767852783203,0.240181446075439,0.75636500120163,4.05182600021362,29.5122203826904,0,0.000658077653497458,0.69074684381485,1,"Craugastor_omoaensis","Engystomops_pustulosus",1,"generalist","",NA,48.2,"",NA,0
-89.0595638729999,16.9786470350001,0.0166103560477495,0.00253546610474586,323.767852783203,0.240181446075439,0.75636500120163,4.05182600021362,29.5122203826904,0,0.000658077653497458,0.69074684381485,1,"Craugastor_omoaensis","Hyalinobatrachium_viridissimum",1,"specialist","",NA,NA,"",NA,0
-89.0595638729999,16.9786470350001,0.0166103560477495,0.00253546610474586,323.767852783203,0.240181446075439,0.75636500120163,4.05182600021362,29.5122203826904,0,0.000658077653497458,0.69074684381485,1,"Craugastor_omoaensis","Hypopachus_variolosus",1,"generalist","specialist",NA,53,"carnivore",NA,0
-89.0595638729999,16.9786470350001,0.0166103560477495,0.00253546610474586,323.767852783203,0.240181446075439,0.75636500120163,4.05182600021362,29.5122203826904,0,0.000658077653497458,0.69074684381485,1,"Craugastor_omoaensis","Incilius_valliceps",1,"specialist","",60,125,"",NA,0
-89.0595638729999,16.9786470350001,0.0166103560477495,0.00253546610474586,323.767852783203,0.240181446075439,0.75636500120163,4.05182600021362,29.5122203826904,0,0.000658077653497458,0.69074684381485,1,"Craugastor_omoaensis","Leptodactylus_fragilis",1,"generalist","",NA,43,"",NA,0
-89.0595638729999,16.9786470350001,0.0166103560477495,0.00253546610474586,323.767852783203,0.240181446075439,0.75636500120163,4.05182600021362,29.5122203826904,0,0.000658077653497458,0.69074684381485,1,"Craugastor_omoaensis","Leptodactylus_melanonotus",1,"generalist","",NA,58,"",NA,0
-89.0595638729999,16.9786470350001,0.0166103560477495,0.00253546610474586,323.767852783203,0.240181446075439,0.75636500120163,4.05182600021362,29.5122203826904,0,0.000658077653497458,0.69074684381485,1,"Craugastor_omoaensis","Lithobates_brownorum",1,"generalist","specialist",NA,NA,"",NA,0
-89.0595638729999,16.9786470350001,0.0166103560477495,0.00253546610474586,323.767852783203,0.240181446075439,0.75636500120163,4.05182600021362,29.5122203826904,0,0.000658077653497458,0.69074684381485,1,"Craugastor_omoaensis","Lithobates_vaillanti",1,NA,NA,NA,NA,NA,NA,NA
-89.0595638729999,16.9786470350001,0.0166103560477495,0.00253546610474586,323.767852783203,0.240181446075439,0.75636500120163,4.05182600021362,29.5122203826904,0,0.000658077653497458,0.69074684381485,1,"Craugastor_omoaensis","Rhinella_horribilis",1,"generalist","specialist",106.25,241,"",NA,0
-89.0595638729999,16.9786470350001,0.0166103560477495,0.00253546610474586,323.767852783203,0.240181446075439,0.75636500120163,4.05182600021362,29.5122203826904,0,0.000658077653497458,0.69074684381485,1,"Craugastor_omoaensis","Rhinophrynus_dorsalis",1,"specialist","specialist",90,89,"carnivore",NA,0
-89.0595638729999,16.9786470350001,0.0166103560477495,0.00253546610474586,323.767852783203,0.240181446075439,0.75636500120163,4.05182600021362,29.5122203826904,0,0.000658077653497458,0.69074684381485,1,"Craugastor_omoaensis","Scinax_staufferi",1,"generalist","",29,32,"",NA,0
-89.0595638729999,16.9786470350001,0.0166103560477495,0.00253546610474586,323.767852783203,0.240181446075439,0.75636500120163,4.05182600021362,29.5122203826904,0,0.000658077653497458,0.69074684381485,1,"Craugastor_omoaensis","Smilisca_baudinii",1,"generalist","",NA,90,"",NA,0
-89.0595638729999,16.9786470350001,0.0166103560477495,0.00253546610474586,323.767852783203,0.240181446075439,0.75636500120163,4.05182600021362,29.5122203826904,0,0.000658077653497458,0.69074684381485,1,"Craugastor_omoaensis","Tlalocohyla_loquax",1,"generalist","",NA,77,"",NA,0
-89.0595638729999,16.9786470350001,0.0166103560477495,0.00253546610474586,323.767852783203,0.240181446075439,0.75636500120163,4.05182600021362,29.5122203826904,0,0.000658077653497458,0.69074684381485,1,"Craugastor_omoaensis","Trachycephalus_vermiculatus",1,"generalist","specialist",56.9,105,"",NA,0
-88.0595638729999,16.9786470350001,0.00130166113376617,0.00115458236541599,61.3935928344727,0.0302408374845982,0.163127660751343,1.48844265937805,-6713.6171875,0,4.66280471300706e-05,0.186028078198433,1,"Craugastor_omoaensis","Agalychnis_callidryas",1,"generalist","",12,77.2,"",NA,0
-88.0595638729999,16.9786470350001,0.00130166113376617,0.00115458236541599,61.3935928344727,0.0302408374845982,0.163127660751343,1.48844265937805,-6713.6171875,0,4.66280471300706e-05,0.186028078198433,1,"Craugastor_omoaensis","Bolitoglossa_mexicana",1,"specialist","specialist",NA,190,"carnivore",NA,0
-88.0595638729999,16.9786470350001,0.00130166113376617,0.00115458236541599,61.3935928344727,0.0302408374845982,0.163127660751343,1.48844265937805,-6713.6171875,0,4.66280471300706e-05,0.186028078198433,1,"Craugastor_omoaensis","Bolitoglossa_nympha",1,"specialist","",NA,70.28,"",NA,0
-88.0595638729999,16.9786470350001,0.00130166113376617,0.00115458236541599,61.3935928344727,0.0302408374845982,0.163127660751343,1.48844265937805,-6713.6171875,0,4.66280471300706e-05,0.186028078198433,1,"Craugastor_omoaensis","Dendropsophus_microcephalus",1,"generalist","",28,32,"",NA,0
-88.0595638729999,16.9786470350001,0.00130166113376617,0.00115458236541599,61.3935928344727,0.0302408374845982,0.163127660751343,1.48844265937805,-6713.6171875,0,4.66280471300706e-05,0.186028078198433,1,"Craugastor_omoaensis","Hypopachus_variolosus",1,"generalist","specialist",NA,53,"carnivore",NA,0
-88.0595638729999,16.9786470350001,0.00130166113376617,0.00115458236541599,61.3935928344727,0.0302408374845982,0.163127660751343,1.48844265937805,-6713.6171875,0,4.66280471300706e-05,0.186028078198433,1,"Craugastor_omoaensis","Incilius_valliceps",1,"specialist","",60,125,"",NA,0
-88.0595638729999,16.9786470350001,0.00130166113376617,0.00115458236541599,61.3935928344727,0.0302408374845982,0.163127660751343,1.48844265937805,-6713.6171875,0,4.66280471300706e-05,0.186028078198433,1,"Craugastor_omoaensis","Leptodactylus_fragilis",1,"generalist","",NA,43,"",NA,0
-88.0595638729999,16.9786470350001,0.00130166113376617,0.00115458236541599,61.3935928344727,0.0302408374845982,0.163127660751343,1.48844265937805,-6713.6171875,0,4.66280471300706e-05,0.186028078198433,1,"Craugastor_omoaensis","Leptodactylus_melanonotus",1,"generalist","",NA,58,"",NA,0
-88.0595638729999,16.9786470350001,0.00130166113376617,0.00115458236541599,61.3935928344727,0.0302408374845982,0.163127660751343,1.48844265937805,-6713.6171875,0,4.66280471300706e-05,0.186028078198433,1,"Craugastor_omoaensis","Lithobates_brownorum",1,"generalist","specialist",NA,NA,"",NA,0
-88.0595638729999,16.9786470350001,0.00130166113376617,0.00115458236541599,61.3935928344727,0.0302408374845982,0.163127660751343,1.48844265937805,-6713.6171875,0,4.66280471300706e-05,0.186028078198433,1,"Craugastor_omoaensis","Lithobates_vaillanti",1,NA,NA,NA,NA,NA,NA,NA
-88.0595638729999,16.9786470350001,0.00130166113376617,0.00115458236541599,61.3935928344727,0.0302408374845982,0.163127660751343,1.48844265937805,-6713.6171875,0,4.66280471300706e-05,0.186028078198433,1,"Craugastor_omoaensis","Rhinella_horribilis",1,"generalist","specialist",106.25,241,"",NA,0
-88.0595638729999,16.9786470350001,0.00130166113376617,0.00115458236541599,61.3935928344727,0.0302408374845982,0.163127660751343,1.48844265937805,-6713.6171875,0,4.66280471300706e-05,0.186028078198433,1,"Craugastor_omoaensis","Rhinophrynus_dorsalis",1,"specialist","specialist",90,89,"carnivore",NA,0
-88.0595638729999,16.9786470350001,0.00130166113376617,0.00115458236541599,61.3935928344727,0.0302408374845982,0.163127660751343,1.48844265937805,-6713.6171875,0,4.66280471300706e-05,0.186028078198433,1,"Craugastor_omoaensis","Scinax_staufferi",1,"generalist","",29,32,"",NA,0
-88.0595638729999,16.9786470350001,0.00130166113376617,0.00115458236541599,61.3935928344727,0.0302408374845982,0.163127660751343,1.48844265937805,-6713.6171875,0,4.66280471300706e-05,0.186028078198433,1,"Craugastor_omoaensis","Smilisca_baudinii",1,"generalist","",NA,90,"",NA,0
-88.0595638729999,16.9786470350001,0.00130166113376617,0.00115458236541599,61.3935928344727,0.0302408374845982,0.163127660751343,1.48844265937805,-6713.6171875,0,4.66280471300706e-05,0.186028078198433,1,"Craugastor_omoaensis","Tlalocohyla_loquax",1,"generalist","",NA,77,"",NA,0
-86.0595638729999,16.9786470350001,0,5.08078883285634e-05,65.684928894043,0.000297452934319153,0.00750350719317794,0.0241951402276754,-9915.3349609375,0,0,0.00167040387168527,1,"Craugastor_omoaensis","Leptodactylus_melanonotus",1,"generalist","",NA,58,"",NA,0
-86.0595638729999,16.9786470350001,0,5.08078883285634e-05,65.684928894043,0.000297452934319153,0.00750350719317794,0.0241951402276754,-9915.3349609375,0,0,0.00167040387168527,1,"Craugastor_omoaensis","Scinax_staufferi",1,"generalist","",29,32,"",NA,0
-99.0595638729999,15.9786470350001,0.00216277246363461,0.000111144683614839,56.2587547302246,0.00245575187727809,0.0266609340906143,0.163755983114243,-9644.19140625,3.1558897717332e-06,0.000698393909260631,0.00798854045569897,1,"Craugastor_omoaensis","Hypopachus_variolosus",1,"generalist","specialist",NA,53,"carnivore",NA,0
-99.0595638729999,15.9786470350001,0.00216277246363461,0.000111144683614839,56.2587547302246,0.00245575187727809,0.0266609340906143,0.163755983114243,-9644.19140625,3.1558897717332e-06,0.000698393909260631,0.00798854045569897,1,"Craugastor_omoaensis","Leptodactylus_fragilis",1,"generalist","",NA,43,"",NA,0
-99.0595638729999,15.9786470350001,0.00216277246363461,0.000111144683614839,56.2587547302246,0.00245575187727809,0.0266609340906143,0.163755983114243,-9644.19140625,3.1558897717332e-06,0.000698393909260631,0.00798854045569897,1,"Craugastor_omoaensis","Leptodactylus_melanonotus",1,"generalist","",NA,58,"",NA,0
-99.0595638729999,15.9786470350001,0.00216277246363461,0.000111144683614839,56.2587547302246,0.00245575187727809,0.0266609340906143,0.163755983114243,-9644.19140625,3.1558897717332e-06,0.000698393909260631,0.00798854045569897,1,"Craugastor_omoaensis","Rhinella_horribilis",1,"generalist","specialist",106.25,241,"",NA,0
-99.0595638729999,15.9786470350001,0.00216277246363461,0.000111144683614839,56.2587547302246,0.00245575187727809,0.0266609340906143,0.163755983114243,-9644.19140625,3.1558897717332e-06,0.000698393909260631,0.00798854045569897,1,"Craugastor_omoaensis","Rhinophrynus_dorsalis",1,"specialist","specialist",90,89,"carnivore",NA,0
-99.0595638729999,15.9786470350001,0.00216277246363461,0.000111144683614839,56.2587547302246,0.00245575187727809,0.0266609340906143,0.163755983114243,-9644.19140625,3.1558897717332e-06,0.000698393909260631,0.00798854045569897,1,"Craugastor_omoaensis","Scinax_staufferi",1,"generalist","",29,32,"",NA,0
-99.0595638729999,15.9786470350001,0.00216277246363461,0.000111144683614839,56.2587547302246,0.00245575187727809,0.0266609340906143,0.163755983114243,-9644.19140625,3.1558897717332e-06,0.000698393909260631,0.00798854045569897,1,"Craugastor_omoaensis","Smilisca_baudinii",1,"generalist","",NA,90,"",NA,0
-98.0595638729999,15.9786470350001,0.018488859757781,0.00010943476081593,214.763854980469,0.0360801666975021,0.210036382079124,2.70834398269653,-6344.26171875,0,0.0592387467622757,0.0758583098649979,1,"Craugastor_omoaensis","Hyalinobatrachium_viridissimum",1,"specialist","",NA,NA,"",NA,0
-98.0595638729999,15.9786470350001,0.018488859757781,0.00010943476081593,214.763854980469,0.0360801666975021,0.210036382079124,2.70834398269653,-6344.26171875,0,0.0592387467622757,0.0758583098649979,1,"Craugastor_omoaensis","Hypopachus_variolosus",1,"generalist","specialist",NA,53,"carnivore",NA,0
-98.0595638729999,15.9786470350001,0.018488859757781,0.00010943476081593,214.763854980469,0.0360801666975021,0.210036382079124,2.70834398269653,-6344.26171875,0,0.0592387467622757,0.0758583098649979,1,"Craugastor_omoaensis","Leptodactylus_fragilis",1,"generalist","",NA,43,"",NA,0
-98.0595638729999,15.9786470350001,0.018488859757781,0.00010943476081593,214.763854980469,0.0360801666975021,0.210036382079124,2.70834398269653,-6344.26171875,0,0.0592387467622757,0.0758583098649979,1,"Craugastor_omoaensis","Leptodactylus_melanonotus",1,"generalist","",NA,58,"",NA,0
-98.0595638729999,15.9786470350001,0.018488859757781,0.00010943476081593,214.763854980469,0.0360801666975021,0.210036382079124,2.70834398269653,-6344.26171875,0,0.0592387467622757,0.0758583098649979,1,"Craugastor_omoaensis","Rhinella_horribilis",1,"generalist","specialist",106.25,241,"",NA,0
-98.0595638729999,15.9786470350001,0.018488859757781,0.00010943476081593,214.763854980469,0.0360801666975021,0.210036382079124,2.70834398269653,-6344.26171875,0,0.0592387467622757,0.0758583098649979,1,"Craugastor_omoaensis","Rhinophrynus_dorsalis",1,"specialist","specialist",90,89,"carnivore",NA,0
-98.0595638729999,15.9786470350001,0.018488859757781,0.00010943476081593,214.763854980469,0.0360801666975021,0.210036382079124,2.70834398269653,-6344.26171875,0,0.0592387467622757,0.0758583098649979,1,"Craugastor_omoaensis","Scinax_staufferi",1,"generalist","",29,32,"",NA,0
-98.0595638729999,15.9786470350001,0.018488859757781,0.00010943476081593,214.763854980469,0.0360801666975021,0.210036382079124,2.70834398269653,-6344.26171875,0,0.0592387467622757,0.0758583098649979,1,"Craugastor_omoaensis","Smilisca_baudinii",1,"generalist","",NA,90,"",NA,0
-97.0595638729999,15.9786470350001,0.0110239470377564,NA,973.474609375,0.0368863828480244,0.442970037460327,4.17104387283325,-3280.28955078125,0.000103906997537706,0.0263085346668959,0.29091688990593,1,"Craugastor_omoaensis","Hyalinobatrachium_viridissimum",1,"specialist","",NA,NA,"",NA,0
-97.0595638729999,15.9786470350001,0.0110239470377564,NA,973.474609375,0.0368863828480244,0.442970037460327,4.17104387283325,-3280.28955078125,0.000103906997537706,0.0263085346668959,0.29091688990593,1,"Craugastor_omoaensis","Hypopachus_variolosus",1,"generalist","specialist",NA,53,"carnivore",NA,0
-97.0595638729999,15.9786470350001,0.0110239470377564,NA,973.474609375,0.0368863828480244,0.442970037460327,4.17104387283325,-3280.28955078125,0.000103906997537706,0.0263085346668959,0.29091688990593,1,"Craugastor_omoaensis","Leptodactylus_fragilis",1,"generalist","",NA,43,"",NA,0
-97.0595638729999,15.9786470350001,0.0110239470377564,NA,973.474609375,0.0368863828480244,0.442970037460327,4.17104387283325,-3280.28955078125,0.000103906997537706,0.0263085346668959,0.29091688990593,1,"Craugastor_omoaensis","Leptodactylus_melanonotus",1,"generalist","",NA,58,"",NA,0
-97.0595638729999,15.9786470350001,0.0110239470377564,NA,973.474609375,0.0368863828480244,0.442970037460327,4.17104387283325,-3280.28955078125,0.000103906997537706,0.0263085346668959,0.29091688990593,1,"Craugastor_omoaensis","Rhinella_horribilis",1,"generalist","specialist",106.25,241,"",NA,0
-97.0595638729999,15.9786470350001,0.0110239470377564,NA,973.474609375,0.0368863828480244,0.442970037460327,4.17104387283325,-3280.28955078125,0.000103906997537706,0.0263085346668959,0.29091688990593,1,"Craugastor_omoaensis","Rhinophrynus_dorsalis",1,"specialist","specialist",90,89,"carnivore",NA,0
-97.0595638729999,15.9786470350001,0.0110239470377564,NA,973.474609375,0.0368863828480244,0.442970037460327,4.17104387283325,-3280.28955078125,0.000103906997537706,0.0263085346668959,0.29091688990593,1,"Craugastor_omoaensis","Smilisca_baudinii",1,"generalist","",NA,90,"",NA,0
-96.0595638729999,15.9786470350001,0.0042501394636929,0.00195217144209892,1068.84143066406,0.0308478213846684,0.428087651729584,3.58190011978149,-2961.84326171875,1.89353386303992e-06,0.00213016523048282,0.392339169979095,1,"Craugastor_omoaensis","Hyalinobatrachium_viridissimum",1,"specialist","",NA,NA,"",NA,0
-96.0595638729999,15.9786470350001,0.0042501394636929,0.00195217144209892,1068.84143066406,0.0308478213846684,0.428087651729584,3.58190011978149,-2961.84326171875,1.89353386303992e-06,0.00213016523048282,0.392339169979095,1,"Craugastor_omoaensis","Hypopachus_variolosus",1,"generalist","specialist",NA,53,"carnivore",NA,0
-96.0595638729999,15.9786470350001,0.0042501394636929,0.00195217144209892,1068.84143066406,0.0308478213846684,0.428087651729584,3.58190011978149,-2961.84326171875,1.89353386303992e-06,0.00213016523048282,0.392339169979095,1,"Craugastor_omoaensis","Incilius_valliceps",1,"specialist","",60,125,"",NA,0
-96.0595638729999,15.9786470350001,0.0042501394636929,0.00195217144209892,1068.84143066406,0.0308478213846684,0.428087651729584,3.58190011978149,-2961.84326171875,1.89353386303992e-06,0.00213016523048282,0.392339169979095,1,"Craugastor_omoaensis","Leptodactylus_fragilis",1,"generalist","",NA,43,"",NA,0
-96.0595638729999,15.9786470350001,0.0042501394636929,0.00195217144209892,1068.84143066406,0.0308478213846684,0.428087651729584,3.58190011978149,-2961.84326171875,1.89353386303992e-06,0.00213016523048282,0.392339169979095,1,"Craugastor_omoaensis","Leptodactylus_melanonotus",1,"generalist","",NA,58,"",NA,0
-96.0595638729999,15.9786470350001,0.0042501394636929,0.00195217144209892,1068.84143066406,0.0308478213846684,0.428087651729584,3.58190011978149,-2961.84326171875,1.89353386303992e-06,0.00213016523048282,0.392339169979095,1,"Craugastor_omoaensis","Rhinella_horribilis",1,"generalist","specialist",106.25,241,"",NA,0
-96.0595638729999,15.9786470350001,0.0042501394636929,0.00195217144209892,1068.84143066406,0.0308478213846684,0.428087651729584,3.58190011978149,-2961.84326171875,1.89353386303992e-06,0.00213016523048282,0.392339169979095,1,"Craugastor_omoaensis","Rhinophrynus_dorsalis",1,"specialist","specialist",90,89,"carnivore",NA,0
-96.0595638729999,15.9786470350001,0.0042501394636929,0.00195217144209892,1068.84143066406,0.0308478213846684,0.428087651729584,3.58190011978149,-2961.84326171875,1.89353386303992e-06,0.00213016523048282,0.392339169979095,1,"Craugastor_omoaensis","Scinax_staufferi",1,"generalist","",29,32,"",NA,0
-96.0595638729999,15.9786470350001,0.0042501394636929,0.00195217144209892,1068.84143066406,0.0308478213846684,0.428087651729584,3.58190011978149,-2961.84326171875,1.89353386303992e-06,0.00213016523048282,0.392339169979095,1,"Craugastor_omoaensis","Smilisca_baudinii",1,"generalist","",NA,90,"",NA,0
-95.0595638729999,15.9786470350001,0.0288341697305441,0.0079043060541153,160.604080200195,0.0088269142434001,0.116168923676014,2.65155029296875,-6484.73291015625,0,0.0409513898193836,0.0915733873844147,1,"Craugastor_omoaensis","Hyalinobatrachium_viridissimum",1,"specialist","",NA,NA,"",NA,0
-95.0595638729999,15.9786470350001,0.0288341697305441,0.0079043060541153,160.604080200195,0.0088269142434001,0.116168923676014,2.65155029296875,-6484.73291015625,0,0.0409513898193836,0.0915733873844147,1,"Craugastor_omoaensis","Hypopachus_variolosus",1,"generalist","specialist",NA,53,"carnivore",NA,0
-95.0595638729999,15.9786470350001,0.0288341697305441,0.0079043060541153,160.604080200195,0.0088269142434001,0.116168923676014,2.65155029296875,-6484.73291015625,0,0.0409513898193836,0.0915733873844147,1,"Craugastor_omoaensis","Incilius_valliceps",1,"specialist","",60,125,"",NA,0
-95.0595638729999,15.9786470350001,0.0288341697305441,0.0079043060541153,160.604080200195,0.0088269142434001,0.116168923676014,2.65155029296875,-6484.73291015625,0,0.0409513898193836,0.0915733873844147,1,"Craugastor_omoaensis","Leptodactylus_fragilis",1,"generalist","",NA,43,"",NA,0
-95.0595638729999,15.9786470350001,0.0288341697305441,0.0079043060541153,160.604080200195,0.0088269142434001,0.116168923676014,2.65155029296875,-6484.73291015625,0,0.0409513898193836,0.0915733873844147,1,"Craugastor_omoaensis","Leptodactylus_melanonotus",1,"generalist","",NA,58,"",NA,0
-95.0595638729999,15.9786470350001,0.0288341697305441,0.0079043060541153,160.604080200195,0.0088269142434001,0.116168923676014,2.65155029296875,-6484.73291015625,0,0.0409513898193836,0.0915733873844147,1,"Craugastor_omoaensis","Rhinella_horribilis",1,"generalist","specialist",106.25,241,"",NA,0
-95.0595638729999,15.9786470350001,0.0288341697305441,0.0079043060541153,160.604080200195,0.0088269142434001,0.116168923676014,2.65155029296875,-6484.73291015625,0,0.0409513898193836,0.0915733873844147,1,"Craugastor_omoaensis","Rhinophrynus_dorsalis",1,"specialist","specialist",90,89,"carnivore",NA,0
-95.0595638729999,15.9786470350001,0.0288341697305441,0.0079043060541153,160.604080200195,0.0088269142434001,0.116168923676014,2.65155029296875,-6484.73291015625,0,0.0409513898193836,0.0915733873844147,1,"Craugastor_omoaensis","Scinax_staufferi",1,"generalist","",29,32,"",NA,0
-95.0595638729999,15.9786470350001,0.0288341697305441,0.0079043060541153,160.604080200195,0.0088269142434001,0.116168923676014,2.65155029296875,-6484.73291015625,0,0.0409513898193836,0.0915733873844147,1,"Craugastor_omoaensis","Smilisca_baudinii",1,"generalist","",NA,90,"",NA,0
-94.0595638729999,15.9786470350001,0.0174161978065968,0.00396525766700506,326.672729492188,0.0256703440099955,0.247568055987358,3.35535788536072,-5178.6181640625,0,0.0649137794971466,0.134139612317085,1,"Craugastor_omoaensis","Hyalinobatrachium_viridissimum",1,"specialist","",NA,NA,"",NA,0
-94.0595638729999,15.9786470350001,0.0174161978065968,0.00396525766700506,326.672729492188,0.0256703440099955,0.247568055987358,3.35535788536072,-5178.6181640625,0,0.0649137794971466,0.134139612317085,1,"Craugastor_omoaensis","Hypopachus_variolosus",1,"generalist","specialist",NA,53,"carnivore",NA,0
-94.0595638729999,15.9786470350001,0.0174161978065968,0.00396525766700506,326.672729492188,0.0256703440099955,0.247568055987358,3.35535788536072,-5178.6181640625,0,0.0649137794971466,0.134139612317085,1,"Craugastor_omoaensis","Incilius_valliceps",1,"specialist","",60,125,"",NA,0
-94.0595638729999,15.9786470350001,0.0174161978065968,0.00396525766700506,326.672729492188,0.0256703440099955,0.247568055987358,3.35535788536072,-5178.6181640625,0,0.0649137794971466,0.134139612317085,1,"Craugastor_omoaensis","Leptodactylus_fragilis",1,"generalist","",NA,43,"",NA,0
-94.0595638729999,15.9786470350001,0.0174161978065968,0.00396525766700506,326.672729492188,0.0256703440099955,0.247568055987358,3.35535788536072,-5178.6181640625,0,0.0649137794971466,0.134139612317085,1,"Craugastor_omoaensis","Leptodactylus_melanonotus",1,"generalist","",NA,58,"",NA,0
-94.0595638729999,15.9786470350001,0.0174161978065968,0.00396525766700506,326.672729492188,0.0256703440099955,0.247568055987358,3.35535788536072,-5178.6181640625,0,0.0649137794971466,0.134139612317085,1,"Craugastor_omoaensis","Lithobates_maculatus",1,NA,NA,NA,NA,NA,NA,NA
-94.0595638729999,15.9786470350001,0.0174161978065968,0.00396525766700506,326.672729492188,0.0256703440099955,0.247568055987358,3.35535788536072,-5178.6181640625,0,0.0649137794971466,0.134139612317085,1,"Craugastor_omoaensis","Lithobates_vaillanti",1,NA,NA,NA,NA,NA,NA,NA
-94.0595638729999,15.9786470350001,0.0174161978065968,0.00396525766700506,326.672729492188,0.0256703440099955,0.247568055987358,3.35535788536072,-5178.6181640625,0,0.0649137794971466,0.134139612317085,1,"Craugastor_omoaensis","Rhinella_horribilis",1,"generalist","specialist",106.25,241,"",NA,0
-94.0595638729999,15.9786470350001,0.0174161978065968,0.00396525766700506,326.672729492188,0.0256703440099955,0.247568055987358,3.35535788536072,-5178.6181640625,0,0.0649137794971466,0.134139612317085,1,"Craugastor_omoaensis","Rhinophrynus_dorsalis",1,"specialist","specialist",90,89,"carnivore",NA,0
-94.0595638729999,15.9786470350001,0.0174161978065968,0.00396525766700506,326.672729492188,0.0256703440099955,0.247568055987358,3.35535788536072,-5178.6181640625,0,0.0649137794971466,0.134139612317085,1,"Craugastor_omoaensis","Scinax_staufferi",1,"generalist","",29,32,"",NA,0
-94.0595638729999,15.9786470350001,0.0174161978065968,0.00396525766700506,326.672729492188,0.0256703440099955,0.247568055987358,3.35535788536072,-5178.6181640625,0,0.0649137794971466,0.134139612317085,1,"Craugastor_omoaensis","Smilisca_baudinii",1,"generalist","",NA,90,"",NA,0
-94.0595638729999,15.9786470350001,0.0174161978065968,0.00396525766700506,326.672729492188,0.0256703440099955,0.247568055987358,3.35535788536072,-5178.6181640625,0,0.0649137794971466,0.134139612317085,1,"Craugastor_omoaensis","Trachycephalus_vermiculatus",1,"generalist","specialist",56.9,105,"",NA,0
-93.0595638729999,15.9786470350001,0.0233069621026516,0.00566347641870379,767.840515136719,0.0367247760295868,0.457520186901093,6.05997037887573,-474.194458007812,0.000173178326804191,0.0581709034740925,0.404483050107956,1,"Craugastor_omoaensis","Hyalinobatrachium_viridissimum",1,"specialist","",NA,NA,"",NA,0
-93.0595638729999,15.9786470350001,0.0233069621026516,0.00566347641870379,767.840515136719,0.0367247760295868,0.457520186901093,6.05997037887573,-474.194458007812,0.000173178326804191,0.0581709034740925,0.404483050107956,1,"Craugastor_omoaensis","Hypopachus_variolosus",1,"generalist","specialist",NA,53,"carnivore",NA,0
-93.0595638729999,15.9786470350001,0.0233069621026516,0.00566347641870379,767.840515136719,0.0367247760295868,0.457520186901093,6.05997037887573,-474.194458007812,0.000173178326804191,0.0581709034740925,0.404483050107956,1,"Craugastor_omoaensis","Incilius_valliceps",1,"specialist","",60,125,"",NA,0
-93.0595638729999,15.9786470350001,0.0233069621026516,0.00566347641870379,767.840515136719,0.0367247760295868,0.457520186901093,6.05997037887573,-474.194458007812,0.000173178326804191,0.0581709034740925,0.404483050107956,1,"Craugastor_omoaensis","Leptodactylus_fragilis",1,"generalist","",NA,43,"",NA,0
-93.0595638729999,15.9786470350001,0.0233069621026516,0.00566347641870379,767.840515136719,0.0367247760295868,0.457520186901093,6.05997037887573,-474.194458007812,0.000173178326804191,0.0581709034740925,0.404483050107956,1,"Craugastor_omoaensis","Leptodactylus_melanonotus",1,"generalist","",NA,58,"",NA,0
-93.0595638729999,15.9786470350001,0.0233069621026516,0.00566347641870379,767.840515136719,0.0367247760295868,0.457520186901093,6.05997037887573,-474.194458007812,0.000173178326804191,0.0581709034740925,0.404483050107956,1,"Craugastor_omoaensis","Lithobates_brownorum",1,"generalist","specialist",NA,NA,"",NA,0
-93.0595638729999,15.9786470350001,0.0233069621026516,0.00566347641870379,767.840515136719,0.0367247760295868,0.457520186901093,6.05997037887573,-474.194458007812,0.000173178326804191,0.0581709034740925,0.404483050107956,1,"Craugastor_omoaensis","Lithobates_maculatus",1,NA,NA,NA,NA,NA,NA,NA
-93.0595638729999,15.9786470350001,0.0233069621026516,0.00566347641870379,767.840515136719,0.0367247760295868,0.457520186901093,6.05997037887573,-474.194458007812,0.000173178326804191,0.0581709034740925,0.404483050107956,1,"Craugastor_omoaensis","Lithobates_vaillanti",1,NA,NA,NA,NA,NA,NA,NA
-93.0595638729999,15.9786470350001,0.0233069621026516,0.00566347641870379,767.840515136719,0.0367247760295868,0.457520186901093,6.05997037887573,-474.194458007812,0.000173178326804191,0.0581709034740925,0.404483050107956,1,"Craugastor_omoaensis","Rhinella_horribilis",1,"generalist","specialist",106.25,241,"",NA,0
-93.0595638729999,15.9786470350001,0.0233069621026516,0.00566347641870379,767.840515136719,0.0367247760295868,0.457520186901093,6.05997037887573,-474.194458007812,0.000173178326804191,0.0581709034740925,0.404483050107956,1,"Craugastor_omoaensis","Rhinophrynus_dorsalis",1,"specialist","specialist",90,89,"carnivore",NA,0
-93.0595638729999,15.9786470350001,0.0233069621026516,0.00566347641870379,767.840515136719,0.0367247760295868,0.457520186901093,6.05997037887573,-474.194458007812,0.000173178326804191,0.0581709034740925,0.404483050107956,1,"Craugastor_omoaensis","Scinax_staufferi",1,"generalist","",29,32,"",NA,0
-93.0595638729999,15.9786470350001,0.0233069621026516,0.00566347641870379,767.840515136719,0.0367247760295868,0.457520186901093,6.05997037887573,-474.194458007812,0.000173178326804191,0.0581709034740925,0.404483050107956,1,"Craugastor_omoaensis","Smilisca_baudinii",1,"generalist","",NA,90,"",NA,0
-93.0595638729999,15.9786470350001,0.0233069621026516,0.00566347641870379,767.840515136719,0.0367247760295868,0.457520186901093,6.05997037887573,-474.194458007812,0.000173178326804191,0.0581709034740925,0.404483050107956,1,"Craugastor_omoaensis","Trachycephalus_vermiculatus",1,"generalist","specialist",56.9,105,"",NA,0
-92.0595638729999,15.9786470350001,0.055483840405941,0.0129403388127685,1288.31408691406,0.0714240372180939,0.552948176860809,7.73441553115845,20.5316162109375,3.1558897717332e-06,0.0260948184877634,0.393989980220795,1,"Craugastor_omoaensis","Bolitoglossa_mexicana",1,"specialist","specialist",NA,190,"carnivore",NA,0
-92.0595638729999,15.9786470350001,0.055483840405941,0.0129403388127685,1288.31408691406,0.0714240372180939,0.552948176860809,7.73441553115845,20.5316162109375,3.1558897717332e-06,0.0260948184877634,0.393989980220795,1,"Craugastor_omoaensis","Hyalinobatrachium_viridissimum",1,"specialist","",NA,NA,"",NA,0
-92.0595638729999,15.9786470350001,0.055483840405941,0.0129403388127685,1288.31408691406,0.0714240372180939,0.552948176860809,7.73441553115845,20.5316162109375,3.1558897717332e-06,0.0260948184877634,0.393989980220795,1,"Craugastor_omoaensis","Hypopachus_variolosus",1,"generalist","specialist",NA,53,"carnivore",NA,0
-92.0595638729999,15.9786470350001,0.055483840405941,0.0129403388127685,1288.31408691406,0.0714240372180939,0.552948176860809,7.73441553115845,20.5316162109375,3.1558897717332e-06,0.0260948184877634,0.393989980220795,1,"Craugastor_omoaensis","Incilius_valliceps",1,"specialist","",60,125,"",NA,0
-92.0595638729999,15.9786470350001,0.055483840405941,0.0129403388127685,1288.31408691406,0.0714240372180939,0.552948176860809,7.73441553115845,20.5316162109375,3.1558897717332e-06,0.0260948184877634,0.393989980220795,1,"Craugastor_omoaensis","Leptodactylus_fragilis",1,"generalist","",NA,43,"",NA,0
-92.0595638729999,15.9786470350001,0.055483840405941,0.0129403388127685,1288.31408691406,0.0714240372180939,0.552948176860809,7.73441553115845,20.5316162109375,3.1558897717332e-06,0.0260948184877634,0.393989980220795,1,"Craugastor_omoaensis","Lithobates_brownorum",1,"generalist","specialist",NA,NA,"",NA,0
-92.0595638729999,15.9786470350001,0.055483840405941,0.0129403388127685,1288.31408691406,0.0714240372180939,0.552948176860809,7.73441553115845,20.5316162109375,3.1558897717332e-06,0.0260948184877634,0.393989980220795,1,"Craugastor_omoaensis","Lithobates_maculatus",1,NA,NA,NA,NA,NA,NA,NA
-92.0595638729999,15.9786470350001,0.055483840405941,0.0129403388127685,1288.31408691406,0.0714240372180939,0.552948176860809,7.73441553115845,20.5316162109375,3.1558897717332e-06,0.0260948184877634,0.393989980220795,1,"Craugastor_omoaensis","Lithobates_vaillanti",1,NA,NA,NA,NA,NA,NA,NA
-92.0595638729999,15.9786470350001,0.055483840405941,0.0129403388127685,1288.31408691406,0.0714240372180939,0.552948176860809,7.73441553115845,20.5316162109375,3.1558897717332e-06,0.0260948184877634,0.393989980220795,1,"Craugastor_omoaensis","Rhinella_horribilis",1,"generalist","specialist",106.25,241,"",NA,0
-92.0595638729999,15.9786470350001,0.055483840405941,0.0129403388127685,1288.31408691406,0.0714240372180939,0.552948176860809,7.73441553115845,20.5316162109375,3.1558897717332e-06,0.0260948184877634,0.393989980220795,1,"Craugastor_omoaensis","Scinax_staufferi",1,"generalist","",29,32,"",NA,0
-92.0595638729999,15.9786470350001,0.055483840405941,0.0129403388127685,1288.31408691406,0.0714240372180939,0.552948176860809,7.73441553115845,20.5316162109375,3.1558897717332e-06,0.0260948184877634,0.393989980220795,1,"Craugastor_omoaensis","Smilisca_baudinii",1,"generalist","",NA,90,"",NA,0
-92.0595638729999,15.9786470350001,0.055483840405941,0.0129403388127685,1288.31408691406,0.0714240372180939,0.552948176860809,7.73441553115845,20.5316162109375,3.1558897717332e-06,0.0260948184877634,0.393989980220795,1,"Craugastor_omoaensis","Trachycephalus_vermiculatus",1,"generalist","specialist",56.9,105,"",NA,0
-91.0595638729999,15.9786470350001,0.00976862106472254,0.00244658347219229,824.30419921875,0.235688909888268,0.801200389862061,6.04036235809326,28.984130859375,0,0.00546781718730927,0.641752421855927,1,"Craugastor_omoaensis","Agalychnis_callidryas",1,"generalist","",12,77.2,"",NA,0
-91.0595638729999,15.9786470350001,0.00976862106472254,0.00244658347219229,824.30419921875,0.235688909888268,0.801200389862061,6.04036235809326,28.984130859375,0,0.00546781718730927,0.641752421855927,1,"Craugastor_omoaensis","Bolitoglossa_dofleini",1,"generalist","",NA,232,"",NA,0
-91.0595638729999,15.9786470350001,0.00976862106472254,0.00244658347219229,824.30419921875,0.235688909888268,0.801200389862061,6.04036235809326,28.984130859375,0,0.00546781718730927,0.641752421855927,1,"Craugastor_omoaensis","Bolitoglossa_mexicana",1,"specialist","specialist",NA,190,"carnivore",NA,0
-91.0595638729999,15.9786470350001,0.00976862106472254,0.00244658347219229,824.30419921875,0.235688909888268,0.801200389862061,6.04036235809326,28.984130859375,0,0.00546781718730927,0.641752421855927,1,"Craugastor_omoaensis","Bolitoglossa_nympha",1,"specialist","",NA,70.28,"",NA,0
-91.0595638729999,15.9786470350001,0.00976862106472254,0.00244658347219229,824.30419921875,0.235688909888268,0.801200389862061,6.04036235809326,28.984130859375,0,0.00546781718730927,0.641752421855927,1,"Craugastor_omoaensis","Craugastor_laticeps",1,"specialist","",80,80,"",NA,0
-91.0595638729999,15.9786470350001,0.00976862106472254,0.00244658347219229,824.30419921875,0.235688909888268,0.801200389862061,6.04036235809326,28.984130859375,0,0.00546781718730927,0.641752421855927,1,"Craugastor_omoaensis","Dendropsophus_microcephalus",1,"generalist","",28,32,"",NA,0
-91.0595638729999,15.9786470350001,0.00976862106472254,0.00244658347219229,824.30419921875,0.235688909888268,0.801200389862061,6.04036235809326,28.984130859375,0,0.00546781718730927,0.641752421855927,1,"Craugastor_omoaensis","Hyalinobatrachium_viridissimum",1,"specialist","",NA,NA,"",NA,0
-91.0595638729999,15.9786470350001,0.00976862106472254,0.00244658347219229,824.30419921875,0.235688909888268,0.801200389862061,6.04036235809326,28.984130859375,0,0.00546781718730927,0.641752421855927,1,"Craugastor_omoaensis","Incilius_valliceps",1,"specialist","",60,125,"",NA,0
-91.0595638729999,15.9786470350001,0.00976862106472254,0.00244658347219229,824.30419921875,0.235688909888268,0.801200389862061,6.04036235809326,28.984130859375,0,0.00546781718730927,0.641752421855927,1,"Craugastor_omoaensis","Leptodactylus_fragilis",1,"generalist","",NA,43,"",NA,0
-91.0595638729999,15.9786470350001,0.00976862106472254,0.00244658347219229,824.30419921875,0.235688909888268,0.801200389862061,6.04036235809326,28.984130859375,0,0.00546781718730927,0.641752421855927,1,"Craugastor_omoaensis","Leptodactylus_melanonotus",1,"generalist","",NA,58,"",NA,0
-91.0595638729999,15.9786470350001,0.00976862106472254,0.00244658347219229,824.30419921875,0.235688909888268,0.801200389862061,6.04036235809326,28.984130859375,0,0.00546781718730927,0.641752421855927,1,"Craugastor_omoaensis","Lithobates_brownorum",1,"generalist","specialist",NA,NA,"",NA,0
-91.0595638729999,15.9786470350001,0.00976862106472254,0.00244658347219229,824.30419921875,0.235688909888268,0.801200389862061,6.04036235809326,28.984130859375,0,0.00546781718730927,0.641752421855927,1,"Craugastor_omoaensis","Lithobates_maculatus",1,NA,NA,NA,NA,NA,NA,NA
-91.0595638729999,15.9786470350001,0.00976862106472254,0.00244658347219229,824.30419921875,0.235688909888268,0.801200389862061,6.04036235809326,28.984130859375,0,0.00546781718730927,0.641752421855927,1,"Craugastor_omoaensis","Lithobates_vaillanti",1,NA,NA,NA,NA,NA,NA,NA
-91.0595638729999,15.9786470350001,0.00976862106472254,0.00244658347219229,824.30419921875,0.235688909888268,0.801200389862061,6.04036235809326,28.984130859375,0,0.00546781718730927,0.641752421855927,1,"Craugastor_omoaensis","Rhinella_horribilis",1,"generalist","specialist",106.25,241,"",NA,0
-91.0595638729999,15.9786470350001,0.00976862106472254,0.00244658347219229,824.30419921875,0.235688909888268,0.801200389862061,6.04036235809326,28.984130859375,0,0.00546781718730927,0.641752421855927,1,"Craugastor_omoaensis","Scinax_staufferi",1,"generalist","",29,32,"",NA,0
-91.0595638729999,15.9786470350001,0.00976862106472254,0.00244658347219229,824.30419921875,0.235688909888268,0.801200389862061,6.04036235809326,28.984130859375,0,0.00546781718730927,0.641752421855927,1,"Craugastor_omoaensis","Smilisca_baudinii",1,"generalist","",NA,90,"",NA,0
-91.0595638729999,15.9786470350001,0.00976862106472254,0.00244658347219229,824.30419921875,0.235688909888268,0.801200389862061,6.04036235809326,28.984130859375,0,0.00546781718730927,0.641752421855927,1,"Craugastor_omoaensis","Tlalocohyla_loquax",1,"generalist","",NA,77,"",NA,0
-91.0595638729999,15.9786470350001,0.00976862106472254,0.00244658347219229,824.30419921875,0.235688909888268,0.801200389862061,6.04036235809326,28.984130859375,0,0.00546781718730927,0.641752421855927,1,"Craugastor_omoaensis","Trachycephalus_vermiculatus",1,"generalist","specialist",56.9,105,"",NA,0
-90.0595638729999,15.9786470350001,0.00777452159672976,0.00224195956252515,375.532958984375,0.415286868810654,0.631514668464661,6.72532558441162,29.2479305267334,0,0.0034321288112551,0.240803763270378,1,"Craugastor_omoaensis","Agalychnis_callidryas",1,"generalist","",12,77.2,"",NA,0
-90.0595638729999,15.9786470350001,0.00777452159672976,0.00224195956252515,375.532958984375,0.415286868810654,0.631514668464661,6.72532558441162,29.2479305267334,0,0.0034321288112551,0.240803763270378,1,"Craugastor_omoaensis","Bolitoglossa_dofleini",1,"generalist","",NA,232,"",NA,0
-90.0595638729999,15.9786470350001,0.00777452159672976,0.00224195956252515,375.532958984375,0.415286868810654,0.631514668464661,6.72532558441162,29.2479305267334,0,0.0034321288112551,0.240803763270378,1,"Craugastor_omoaensis","Bolitoglossa_mexicana",1,"specialist","specialist",NA,190,"carnivore",NA,0
-90.0595638729999,15.9786470350001,0.00777452159672976,0.00224195956252515,375.532958984375,0.415286868810654,0.631514668464661,6.72532558441162,29.2479305267334,0,0.0034321288112551,0.240803763270378,1,"Craugastor_omoaensis","Bolitoglossa_nympha",1,"specialist","",NA,70.28,"",NA,0
-90.0595638729999,15.9786470350001,0.00777452159672976,0.00224195956252515,375.532958984375,0.415286868810654,0.631514668464661,6.72532558441162,29.2479305267334,0,0.0034321288112551,0.240803763270378,1,"Craugastor_omoaensis","Dendropsophus_microcephalus",1,"generalist","",28,32,"",NA,0
-90.0595638729999,15.9786470350001,0.00777452159672976,0.00224195956252515,375.532958984375,0.415286868810654,0.631514668464661,6.72532558441162,29.2479305267334,0,0.0034321288112551,0.240803763270378,1,"Craugastor_omoaensis","Hyalinobatrachium_viridissimum",1,"specialist","",NA,NA,"",NA,0
-90.0595638729999,15.9786470350001,0.00777452159672976,0.00224195956252515,375.532958984375,0.415286868810654,0.631514668464661,6.72532558441162,29.2479305267334,0,0.0034321288112551,0.240803763270378,1,"Craugastor_omoaensis","Hypopachus_variolosus",1,"generalist","specialist",NA,53,"carnivore",NA,0
-90.0595638729999,15.9786470350001,0.00777452159672976,0.00224195956252515,375.532958984375,0.415286868810654,0.631514668464661,6.72532558441162,29.2479305267334,0,0.0034321288112551,0.240803763270378,1,"Craugastor_omoaensis","Incilius_valliceps",1,"specialist","",60,125,"",NA,0
-90.0595638729999,15.9786470350001,0.00777452159672976,0.00224195956252515,375.532958984375,0.415286868810654,0.631514668464661,6.72532558441162,29.2479305267334,0,0.0034321288112551,0.240803763270378,1,"Craugastor_omoaensis","Leptodactylus_fragilis",1,"generalist","",NA,43,"",NA,0
-90.0595638729999,15.9786470350001,0.00777452159672976,0.00224195956252515,375.532958984375,0.415286868810654,0.631514668464661,6.72532558441162,29.2479305267334,0,0.0034321288112551,0.240803763270378,1,"Craugastor_omoaensis","Leptodactylus_melanonotus",1,"generalist","",NA,58,"",NA,0
-90.0595638729999,15.9786470350001,0.00777452159672976,0.00224195956252515,375.532958984375,0.415286868810654,0.631514668464661,6.72532558441162,29.2479305267334,0,0.0034321288112551,0.240803763270378,1,"Craugastor_omoaensis","Lithobates_brownorum",1,"generalist","specialist",NA,NA,"",NA,0
-90.0595638729999,15.9786470350001,0.00777452159672976,0.00224195956252515,375.532958984375,0.415286868810654,0.631514668464661,6.72532558441162,29.2479305267334,0,0.0034321288112551,0.240803763270378,1,"Craugastor_omoaensis","Lithobates_maculatus",1,NA,NA,NA,NA,NA,NA,NA
-90.0595638729999,15.9786470350001,0.00777452159672976,0.00224195956252515,375.532958984375,0.415286868810654,0.631514668464661,6.72532558441162,29.2479305267334,0,0.0034321288112551,0.240803763270378,1,"Craugastor_omoaensis","Lithobates_vaillanti",1,NA,NA,NA,NA,NA,NA,NA
-90.0595638729999,15.9786470350001,0.00777452159672976,0.00224195956252515,375.532958984375,0.415286868810654,0.631514668464661,6.72532558441162,29.2479305267334,0,0.0034321288112551,0.240803763270378,1,"Craugastor_omoaensis","Rhinella_horribilis",1,"generalist","specialist",106.25,241,"",NA,0
-90.0595638729999,15.9786470350001,0.00777452159672976,0.00224195956252515,375.532958984375,0.415286868810654,0.631514668464661,6.72532558441162,29.2479305267334,0,0.0034321288112551,0.240803763270378,1,"Craugastor_omoaensis","Rhinophrynus_dorsalis",1,"specialist","specialist",90,89,"carnivore",NA,0
-90.0595638729999,15.9786470350001,0.00777452159672976,0.00224195956252515,375.532958984375,0.415286868810654,0.631514668464661,6.72532558441162,29.2479305267334,0,0.0034321288112551,0.240803763270378,1,"Craugastor_omoaensis","Scinax_staufferi",1,"generalist","",29,32,"",NA,0
-90.0595638729999,15.9786470350001,0.00777452159672976,0.00224195956252515,375.532958984375,0.415286868810654,0.631514668464661,6.72532558441162,29.2479305267334,0,0.0034321288112551,0.240803763270378,1,"Craugastor_omoaensis","Smilisca_baudinii",1,"generalist","",NA,90,"",NA,0
-90.0595638729999,15.9786470350001,0.00777452159672976,0.00224195956252515,375.532958984375,0.415286868810654,0.631514668464661,6.72532558441162,29.2479305267334,0,0.0034321288112551,0.240803763270378,1,"Craugastor_omoaensis","Tlalocohyla_loquax",1,"generalist","",NA,77,"",NA,0
-90.0595638729999,15.9786470350001,0.00777452159672976,0.00224195956252515,375.532958984375,0.415286868810654,0.631514668464661,6.72532558441162,29.2479305267334,0,0.0034321288112551,0.240803763270378,1,"Craugastor_omoaensis","Trachycephalus_vermiculatus",1,"generalist","specialist",56.9,105,"",NA,0
-89.0595638729999,15.9786470350001,0.00247267866507173,0.0025801295414567,231.780166625977,0.254036068916321,0.636093437671661,4.41748476028442,-837.348571777344,0,6.08807204116601e-05,0.485779464244843,1,"Craugastor_omoaensis","Agalychnis_callidryas",1,"generalist","",12,77.2,"",NA,0
-89.0595638729999,15.9786470350001,0.00247267866507173,0.0025801295414567,231.780166625977,0.254036068916321,0.636093437671661,4.41748476028442,-837.348571777344,0,6.08807204116601e-05,0.485779464244843,1,"Craugastor_omoaensis","Bolitoglossa_conanti",1,"specialist","",NA,116,"",NA,0
-89.0595638729999,15.9786470350001,0.00247267866507173,0.0025801295414567,231.780166625977,0.254036068916321,0.636093437671661,4.41748476028442,-837.348571777344,0,6.08807204116601e-05,0.485779464244843,1,"Craugastor_omoaensis","Bolitoglossa_mexicana",1,"specialist","specialist",NA,190,"carnivore",NA,0
-89.0595638729999,15.9786470350001,0.00247267866507173,0.0025801295414567,231.780166625977,0.254036068916321,0.636093437671661,4.41748476028442,-837.348571777344,0,6.08807204116601e-05,0.485779464244843,1,"Craugastor_omoaensis","Bolitoglossa_nympha",1,"specialist","",NA,70.28,"",NA,0
-89.0595638729999,15.9786470350001,0.00247267866507173,0.0025801295414567,231.780166625977,0.254036068916321,0.636093437671661,4.41748476028442,-837.348571777344,0,6.08807204116601e-05,0.485779464244843,1,"Craugastor_omoaensis","Craugastor_chac",1,"specialist","",NA,39,"",NA,0
-89.0595638729999,15.9786470350001,0.00247267866507173,0.0025801295414567,231.780166625977,0.254036068916321,0.636093437671661,4.41748476028442,-837.348571777344,0,6.08807204116601e-05,0.485779464244843,1,"Craugastor_omoaensis","Craugastor_charadra",1,"specialist","",NA,67,"",NA,0
-89.0595638729999,15.9786470350001,0.00247267866507173,0.0025801295414567,231.780166625977,0.254036068916321,0.636093437671661,4.41748476028442,-837.348571777344,0,6.08807204116601e-05,0.485779464244843,1,"Craugastor_omoaensis","Craugastor_laticeps",1,"specialist","",80,80,"",NA,0
-89.0595638729999,15.9786470350001,0.00247267866507173,0.0025801295414567,231.780166625977,0.254036068916321,0.636093437671661,4.41748476028442,-837.348571777344,0,6.08807204116601e-05,0.485779464244843,1,"Craugastor_omoaensis","Dendropsophus_microcephalus",1,"generalist","",28,32,"",NA,0
-89.0595638729999,15.9786470350001,0.00247267866507173,0.0025801295414567,231.780166625977,0.254036068916321,0.636093437671661,4.41748476028442,-837.348571777344,0,6.08807204116601e-05,0.485779464244843,1,"Craugastor_omoaensis","Dermophis_mexicanus",1,"generalist","",NA,600,"",NA,0
-89.0595638729999,15.9786470350001,0.00247267866507173,0.0025801295414567,231.780166625977,0.254036068916321,0.636093437671661,4.41748476028442,-837.348571777344,0,6.08807204116601e-05,0.485779464244843,1,"Craugastor_omoaensis","Duellmanohyla_soralia",1,"generalist","",NA,37.7,"",NA,0
-89.0595638729999,15.9786470350001,0.00247267866507173,0.0025801295414567,231.780166625977,0.254036068916321,0.636093437671661,4.41748476028442,-837.348571777344,0,6.08807204116601e-05,0.485779464244843,1,"Craugastor_omoaensis","Engystomops_pustulosus",1,"generalist","",NA,48.2,"",NA,0
-89.0595638729999,15.9786470350001,0.00247267866507173,0.0025801295414567,231.780166625977,0.254036068916321,0.636093437671661,4.41748476028442,-837.348571777344,0,6.08807204116601e-05,0.485779464244843,1,"Craugastor_omoaensis","Hyalinobatrachium_viridissimum",1,"specialist","",NA,NA,"",NA,0
-89.0595638729999,15.9786470350001,0.00247267866507173,0.0025801295414567,231.780166625977,0.254036068916321,0.636093437671661,4.41748476028442,-837.348571777344,0,6.08807204116601e-05,0.485779464244843,1,"Craugastor_omoaensis","Hypopachus_variolosus",1,"generalist","specialist",NA,53,"carnivore",NA,0
-89.0595638729999,15.9786470350001,0.00247267866507173,0.0025801295414567,231.780166625977,0.254036068916321,0.636093437671661,4.41748476028442,-837.348571777344,0,6.08807204116601e-05,0.485779464244843,1,"Craugastor_omoaensis","Incilius_valliceps",1,"specialist","",60,125,"",NA,0
-89.0595638729999,15.9786470350001,0.00247267866507173,0.0025801295414567,231.780166625977,0.254036068916321,0.636093437671661,4.41748476028442,-837.348571777344,0,6.08807204116601e-05,0.485779464244843,1,"Craugastor_omoaensis","Leptodactylus_fragilis",1,"generalist","",NA,43,"",NA,0
-89.0595638729999,15.9786470350001,0.00247267866507173,0.0025801295414567,231.780166625977,0.254036068916321,0.636093437671661,4.41748476028442,-837.348571777344,0,6.08807204116601e-05,0.485779464244843,1,"Craugastor_omoaensis","Leptodactylus_melanonotus",1,"generalist","",NA,58,"",NA,0
-89.0595638729999,15.9786470350001,0.00247267866507173,0.0025801295414567,231.780166625977,0.254036068916321,0.636093437671661,4.41748476028442,-837.348571777344,0,6.08807204116601e-05,0.485779464244843,1,"Craugastor_omoaensis","Lithobates_brownorum",1,"generalist","specialist",NA,NA,"",NA,0
-89.0595638729999,15.9786470350001,0.00247267866507173,0.0025801295414567,231.780166625977,0.254036068916321,0.636093437671661,4.41748476028442,-837.348571777344,0,6.08807204116601e-05,0.485779464244843,1,"Craugastor_omoaensis","Lithobates_vaillanti",1,NA,NA,NA,NA,NA,NA,NA
-89.0595638729999,15.9786470350001,0.00247267866507173,0.0025801295414567,231.780166625977,0.254036068916321,0.636093437671661,4.41748476028442,-837.348571777344,0,6.08807204116601e-05,0.485779464244843,1,"Craugastor_omoaensis","Rhinella_horribilis",1,"generalist","specialist",106.25,241,"",NA,0
-89.0595638729999,15.9786470350001,0.00247267866507173,0.0025801295414567,231.780166625977,0.254036068916321,0.636093437671661,4.41748476028442,-837.348571777344,0,6.08807204116601e-05,0.485779464244843,1,"Craugastor_omoaensis","Rhinophrynus_dorsalis",1,"specialist","specialist",90,89,"carnivore",NA,0
-89.0595638729999,15.9786470350001,0.00247267866507173,0.0025801295414567,231.780166625977,0.254036068916321,0.636093437671661,4.41748476028442,-837.348571777344,0,6.08807204116601e-05,0.485779464244843,1,"Craugastor_omoaensis","Scinax_staufferi",1,"generalist","",29,32,"",NA,0
-89.0595638729999,15.9786470350001,0.00247267866507173,0.0025801295414567,231.780166625977,0.254036068916321,0.636093437671661,4.41748476028442,-837.348571777344,0,6.08807204116601e-05,0.485779464244843,1,"Craugastor_omoaensis","Smilisca_baudinii",1,"generalist","",NA,90,"",NA,0
-89.0595638729999,15.9786470350001,0.00247267866507173,0.0025801295414567,231.780166625977,0.254036068916321,0.636093437671661,4.41748476028442,-837.348571777344,0,6.08807204116601e-05,0.485779464244843,1,"Craugastor_omoaensis","Tlalocohyla_loquax",1,"generalist","",NA,77,"",NA,0
-89.0595638729999,15.9786470350001,0.00247267866507173,0.0025801295414567,231.780166625977,0.254036068916321,0.636093437671661,4.41748476028442,-837.348571777344,0,6.08807204116601e-05,0.485779464244843,1,"Craugastor_omoaensis","Trachycephalus_vermiculatus",1,"generalist","specialist",56.9,105,"",NA,0
-88.0595638729999,15.9786470350001,0.0110981371253729,0.00860344246029854,199.278091430664,0.07215915620327,0.261731415987015,4.03836107254028,-5837.88427734375,0.0050112116150558,0.00668161548674107,0.160975188016891,1,"Craugastor_omoaensis","Agalychnis_callidryas",1,"generalist","",12,77.2,"",NA,0
-88.0595638729999,15.9786470350001,0.0110981371253729,0.00860344246029854,199.278091430664,0.07215915620327,0.261731415987015,4.03836107254028,-5837.88427734375,0.0050112116150558,0.00668161548674107,0.160975188016891,1,"Craugastor_omoaensis","Bolitoglossa_conanti",1,"specialist","",NA,116,"",NA,0
-88.0595638729999,15.9786470350001,0.0110981371253729,0.00860344246029854,199.278091430664,0.07215915620327,0.261731415987015,4.03836107254028,-5837.88427734375,0.0050112116150558,0.00668161548674107,0.160975188016891,1,"Craugastor_omoaensis","Bolitoglossa_diaphora",1,"specialist","",NA,83,"",NA,0
-88.0595638729999,15.9786470350001,0.0110981371253729,0.00860344246029854,199.278091430664,0.07215915620327,0.261731415987015,4.03836107254028,-5837.88427734375,0.0050112116150558,0.00668161548674107,0.160975188016891,1,"Craugastor_omoaensis","Bolitoglossa_dofleini",1,"generalist","",NA,232,"",NA,0
-88.0595638729999,15.9786470350001,0.0110981371253729,0.00860344246029854,199.278091430664,0.07215915620327,0.261731415987015,4.03836107254028,-5837.88427734375,0.0050112116150558,0.00668161548674107,0.160975188016891,1,"Craugastor_omoaensis","Bolitoglossa_dunni",1,"specialist","",NA,138,"",NA,0
-88.0595638729999,15.9786470350001,0.0110981371253729,0.00860344246029854,199.278091430664,0.07215915620327,0.261731415987015,4.03836107254028,-5837.88427734375,0.0050112116150558,0.00668161548674107,0.160975188016891,1,"Craugastor_omoaensis","Bolitoglossa_mexicana",1,"specialist","specialist",NA,190,"carnivore",NA,0
-88.0595638729999,15.9786470350001,0.0110981371253729,0.00860344246029854,199.278091430664,0.07215915620327,0.261731415987015,4.03836107254028,-5837.88427734375,0.0050112116150558,0.00668161548674107,0.160975188016891,1,"Craugastor_omoaensis","Bolitoglossa_nympha",1,"specialist","",NA,70.28,"",NA,0
-88.0595638729999,15.9786470350001,0.0110981371253729,0.00860344246029854,199.278091430664,0.07215915620327,0.261731415987015,4.03836107254028,-5837.88427734375,0.0050112116150558,0.00668161548674107,0.160975188016891,1,"Craugastor_omoaensis","Bromeliohyla_bromeliacia",1,"generalist","",NA,35.7,"",NA,0
-88.0595638729999,15.9786470350001,0.0110981371253729,0.00860344246029854,199.278091430664,0.07215915620327,0.261731415987015,4.03836107254028,-5837.88427734375,0.0050112116150558,0.00668161548674107,0.160975188016891,1,"Craugastor_omoaensis","Bromeliohyla_melacaena",1,"specialist","",NA,26,"",NA,0
-88.0595638729999,15.9786470350001,0.0110981371253729,0.00860344246029854,199.278091430664,0.07215915620327,0.261731415987015,4.03836107254028,-5837.88427734375,0.0050112116150558,0.00668161548674107,0.160975188016891,1,"Craugastor_omoaensis","Craugastor_chac",1,"specialist","",NA,39,"",NA,0
-88.0595638729999,15.9786470350001,0.0110981371253729,0.00860344246029854,199.278091430664,0.07215915620327,0.261731415987015,4.03836107254028,-5837.88427734375,0.0050112116150558,0.00668161548674107,0.160975188016891,1,"Craugastor_omoaensis","Craugastor_charadra",1,"specialist","",NA,67,"",NA,0
-88.0595638729999,15.9786470350001,0.0110981371253729,0.00860344246029854,199.278091430664,0.07215915620327,0.261731415987015,4.03836107254028,-5837.88427734375,0.0050112116150558,0.00668161548674107,0.160975188016891,1,"Craugastor_omoaensis","Craugastor_laevissimus",1,"specialist","",NA,61,"",NA,0
-88.0595638729999,15.9786470350001,0.0110981371253729,0.00860344246029854,199.278091430664,0.07215915620327,0.261731415987015,4.03836107254028,-5837.88427734375,0.0050112116150558,0.00668161548674107,0.160975188016891,1,"Craugastor_omoaensis","Craugastor_laticeps",1,"specialist","",80,80,"",NA,0
-88.0595638729999,15.9786470350001,0.0110981371253729,0.00860344246029854,199.278091430664,0.07215915620327,0.261731415987015,4.03836107254028,-5837.88427734375,0.0050112116150558,0.00668161548674107,0.160975188016891,1,"Craugastor_omoaensis","Craugastor_omoaensis",1,"specialist","",NA,30,"",NA,1
-88.0595638729999,15.9786470350001,0.0110981371253729,0.00860344246029854,199.278091430664,0.07215915620327,0.261731415987015,4.03836107254028,-5837.88427734375,0.0050112116150558,0.00668161548674107,0.160975188016891,1,"Craugastor_omoaensis","Craugastor_rostralis",1,"specialist","",NA,59,"",NA,0
-88.0595638729999,15.9786470350001,0.0110981371253729,0.00860344246029854,199.278091430664,0.07215915620327,0.261731415987015,4.03836107254028,-5837.88427734375,0.0050112116150558,0.00668161548674107,0.160975188016891,1,"Craugastor_omoaensis","Cryptotriton_nasalis",1,"specialist","",NA,80,"",NA,0
-88.0595638729999,15.9786470350001,0.0110981371253729,0.00860344246029854,199.278091430664,0.07215915620327,0.261731415987015,4.03836107254028,-5837.88427734375,0.0050112116150558,0.00668161548674107,0.160975188016891,1,"Craugastor_omoaensis","Dendropsophus_microcephalus",1,"generalist","",28,32,"",NA,0
-88.0595638729999,15.9786470350001,0.0110981371253729,0.00860344246029854,199.278091430664,0.07215915620327,0.261731415987015,4.03836107254028,-5837.88427734375,0.0050112116150558,0.00668161548674107,0.160975188016891,1,"Craugastor_omoaensis","Dermophis_mexicanus",1,"generalist","",NA,600,"",NA,0
-88.0595638729999,15.9786470350001,0.0110981371253729,0.00860344246029854,199.278091430664,0.07215915620327,0.261731415987015,4.03836107254028,-5837.88427734375,0.0050112116150558,0.00668161548674107,0.160975188016891,1,"Craugastor_omoaensis","Duellmanohyla_soralia",1,"generalist","",NA,37.7,"",NA,0
-88.0595638729999,15.9786470350001,0.0110981371253729,0.00860344246029854,199.278091430664,0.07215915620327,0.261731415987015,4.03836107254028,-5837.88427734375,0.0050112116150558,0.00668161548674107,0.160975188016891,1,"Craugastor_omoaensis","Engystomops_pustulosus",1,"generalist","",NA,48.2,"",NA,0
-88.0595638729999,15.9786470350001,0.0110981371253729,0.00860344246029854,199.278091430664,0.07215915620327,0.261731415987015,4.03836107254028,-5837.88427734375,0.0050112116150558,0.00668161548674107,0.160975188016891,1,"Craugastor_omoaensis","Gymnopis_multiplicata",1,"generalist","specialist",NA,480,"carnivore",NA,0
-88.0595638729999,15.9786470350001,0.0110981371253729,0.00860344246029854,199.278091430664,0.07215915620327,0.261731415987015,4.03836107254028,-5837.88427734375,0.0050112116150558,0.00668161548674107,0.160975188016891,1,"Craugastor_omoaensis","Hyalinobatrachium_viridissimum",1,"specialist","",NA,NA,"",NA,0
-88.0595638729999,15.9786470350001,0.0110981371253729,0.00860344246029854,199.278091430664,0.07215915620327,0.261731415987015,4.03836107254028,-5837.88427734375,0.0050112116150558,0.00668161548674107,0.160975188016891,1,"Craugastor_omoaensis","Hypopachus_variolosus",1,"generalist","specialist",NA,53,"carnivore",NA,0
-88.0595638729999,15.9786470350001,0.0110981371253729,0.00860344246029854,199.278091430664,0.07215915620327,0.261731415987015,4.03836107254028,-5837.88427734375,0.0050112116150558,0.00668161548674107,0.160975188016891,1,"Craugastor_omoaensis","Incilius_campbelli",1,"specialist","",NA,90,"",NA,0
-88.0595638729999,15.9786470350001,0.0110981371253729,0.00860344246029854,199.278091430664,0.07215915620327,0.261731415987015,4.03836107254028,-5837.88427734375,0.0050112116150558,0.00668161548674107,0.160975188016891,1,"Craugastor_omoaensis","Incilius_valliceps",1,"specialist","",60,125,"",NA,0
-88.0595638729999,15.9786470350001,0.0110981371253729,0.00860344246029854,199.278091430664,0.07215915620327,0.261731415987015,4.03836107254028,-5837.88427734375,0.0050112116150558,0.00668161548674107,0.160975188016891,1,"Craugastor_omoaensis","Leptodactylus_fragilis",1,"generalist","",NA,43,"",NA,0
-88.0595638729999,15.9786470350001,0.0110981371253729,0.00860344246029854,199.278091430664,0.07215915620327,0.261731415987015,4.03836107254028,-5837.88427734375,0.0050112116150558,0.00668161548674107,0.160975188016891,1,"Craugastor_omoaensis","Leptodactylus_melanonotus",1,"generalist","",NA,58,"",NA,0
-88.0595638729999,15.9786470350001,0.0110981371253729,0.00860344246029854,199.278091430664,0.07215915620327,0.261731415987015,4.03836107254028,-5837.88427734375,0.0050112116150558,0.00668161548674107,0.160975188016891,1,"Craugastor_omoaensis","Lithobates_brownorum",1,"generalist","specialist",NA,NA,"",NA,0
-88.0595638729999,15.9786470350001,0.0110981371253729,0.00860344246029854,199.278091430664,0.07215915620327,0.261731415987015,4.03836107254028,-5837.88427734375,0.0050112116150558,0.00668161548674107,0.160975188016891,1,"Craugastor_omoaensis","Lithobates_maculatus",1,NA,NA,NA,NA,NA,NA,NA
-88.0595638729999,15.9786470350001,0.0110981371253729,0.00860344246029854,199.278091430664,0.07215915620327,0.261731415987015,4.03836107254028,-5837.88427734375,0.0050112116150558,0.00668161548674107,0.160975188016891,1,"Craugastor_omoaensis","Lithobates_vaillanti",1,NA,NA,NA,NA,NA,NA,NA
-88.0595638729999,15.9786470350001,0.0110981371253729,0.00860344246029854,199.278091430664,0.07215915620327,0.261731415987015,4.03836107254028,-5837.88427734375,0.0050112116150558,0.00668161548674107,0.160975188016891,1,"Craugastor_omoaensis","Ptychohyla_hypomykter",1,"generalist","",NA,44,"",NA,0
-88.0595638729999,15.9786470350001,0.0110981371253729,0.00860344246029854,199.278091430664,0.07215915620327,0.261731415987015,4.03836107254028,-5837.88427734375,0.0050112116150558,0.00668161548674107,0.160975188016891,1,"Craugastor_omoaensis","Rhinella_horribilis",1,"generalist","specialist",106.25,241,"",NA,0
-88.0595638729999,15.9786470350001,0.0110981371253729,0.00860344246029854,199.278091430664,0.07215915620327,0.261731415987015,4.03836107254028,-5837.88427734375,0.0050112116150558,0.00668161548674107,0.160975188016891,1,"Craugastor_omoaensis","Rhinophrynus_dorsalis",1,"specialist","specialist",90,89,"carnivore",NA,0
-88.0595638729999,15.9786470350001,0.0110981371253729,0.00860344246029854,199.278091430664,0.07215915620327,0.261731415987015,4.03836107254028,-5837.88427734375,0.0050112116150558,0.00668161548674107,0.160975188016891,1,"Craugastor_omoaensis","Scinax_staufferi",1,"generalist","",29,32,"",NA,0
-88.0595638729999,15.9786470350001,0.0110981371253729,0.00860344246029854,199.278091430664,0.07215915620327,0.261731415987015,4.03836107254028,-5837.88427734375,0.0050112116150558,0.00668161548674107,0.160975188016891,1,"Craugastor_omoaensis","Smilisca_baudinii",1,"generalist","",NA,90,"",NA,0
-88.0595638729999,15.9786470350001,0.0110981371253729,0.00860344246029854,199.278091430664,0.07215915620327,0.261731415987015,4.03836107254028,-5837.88427734375,0.0050112116150558,0.00668161548674107,0.160975188016891,1,"Craugastor_omoaensis","Tlalocohyla_loquax",1,"generalist","",NA,77,"",NA,0
-88.0595638729999,15.9786470350001,0.0110981371253729,0.00860344246029854,199.278091430664,0.07215915620327,0.261731415987015,4.03836107254028,-5837.88427734375,0.0050112116150558,0.00668161548674107,0.160975188016891,1,"Craugastor_omoaensis","Trachycephalus_vermiculatus",1,"generalist","specialist",56.9,105,"",NA,0
-87.0595638729999,15.9786470350001,0.00311093218624592,0.00359576218761504,433.374420166016,0.0530301555991173,0.289338260889053,2.69695711135864,-6222.93603515625,0.00176172493956983,0.00012176144082332,0.141417101025581,1,"Craugastor_omoaensis","Agalychnis_callidryas",1,"generalist","",12,77.2,"",NA,0
-87.0595638729999,15.9786470350001,0.00311093218624592,0.00359576218761504,433.374420166016,0.0530301555991173,0.289338260889053,2.69695711135864,-6222.93603515625,0.00176172493956983,0.00012176144082332,0.141417101025581,1,"Craugastor_omoaensis","Bolitoglossa_dofleini",1,"generalist","",NA,232,"",NA,0
-87.0595638729999,15.9786470350001,0.00311093218624592,0.00359576218761504,433.374420166016,0.0530301555991173,0.289338260889053,2.69695711135864,-6222.93603515625,0.00176172493956983,0.00012176144082332,0.141417101025581,1,"Craugastor_omoaensis","Bolitoglossa_mexicana",1,"specialist","specialist",NA,190,"carnivore",NA,0
-87.0595638729999,15.9786470350001,0.00311093218624592,0.00359576218761504,433.374420166016,0.0530301555991173,0.289338260889053,2.69695711135864,-6222.93603515625,0.00176172493956983,0.00012176144082332,0.141417101025581,1,"Craugastor_omoaensis","Craugastor_chac",1,"specialist","",NA,39,"",NA,0
-87.0595638729999,15.9786470350001,0.00311093218624592,0.00359576218761504,433.374420166016,0.0530301555991173,0.289338260889053,2.69695711135864,-6222.93603515625,0.00176172493956983,0.00012176144082332,0.141417101025581,1,"Craugastor_omoaensis","Dendropsophus_microcephalus",1,"generalist","",28,32,"",NA,0
-87.0595638729999,15.9786470350001,0.00311093218624592,0.00359576218761504,433.374420166016,0.0530301555991173,0.289338260889053,2.69695711135864,-6222.93603515625,0.00176172493956983,0.00012176144082332,0.141417101025581,1,"Craugastor_omoaensis","Dermophis_mexicanus",1,"generalist","",NA,600,"",NA,0
-87.0595638729999,15.9786470350001,0.00311093218624592,0.00359576218761504,433.374420166016,0.0530301555991173,0.289338260889053,2.69695711135864,-6222.93603515625,0.00176172493956983,0.00012176144082332,0.141417101025581,1,"Craugastor_omoaensis","Gymnopis_multiplicata",1,"generalist","specialist",NA,480,"carnivore",NA,0
-87.0595638729999,15.9786470350001,0.00311093218624592,0.00359576218761504,433.374420166016,0.0530301555991173,0.289338260889053,2.69695711135864,-6222.93603515625,0.00176172493956983,0.00012176144082332,0.141417101025581,1,"Craugastor_omoaensis","Hyalinobatrachium_viridissimum",1,"specialist","",NA,NA,"",NA,0
-87.0595638729999,15.9786470350001,0.00311093218624592,0.00359576218761504,433.374420166016,0.0530301555991173,0.289338260889053,2.69695711135864,-6222.93603515625,0.00176172493956983,0.00012176144082332,0.141417101025581,1,"Craugastor_omoaensis","Hypopachus_variolosus",1,"generalist","specialist",NA,53,"carnivore",NA,0
-87.0595638729999,15.9786470350001,0.00311093218624592,0.00359576218761504,433.374420166016,0.0530301555991173,0.289338260889053,2.69695711135864,-6222.93603515625,0.00176172493956983,0.00012176144082332,0.141417101025581,1,"Craugastor_omoaensis","Incilius_valliceps",1,"specialist","",60,125,"",NA,0
-87.0595638729999,15.9786470350001,0.00311093218624592,0.00359576218761504,433.374420166016,0.0530301555991173,0.289338260889053,2.69695711135864,-6222.93603515625,0.00176172493956983,0.00012176144082332,0.141417101025581,1,"Craugastor_omoaensis","Leptodactylus_fragilis",1,"generalist","",NA,43,"",NA,0
-87.0595638729999,15.9786470350001,0.00311093218624592,0.00359576218761504,433.374420166016,0.0530301555991173,0.289338260889053,2.69695711135864,-6222.93603515625,0.00176172493956983,0.00012176144082332,0.141417101025581,1,"Craugastor_omoaensis","Leptodactylus_melanonotus",1,"generalist","",NA,58,"",NA,0
-87.0595638729999,15.9786470350001,0.00311093218624592,0.00359576218761504,433.374420166016,0.0530301555991173,0.289338260889053,2.69695711135864,-6222.93603515625,0.00176172493956983,0.00012176144082332,0.141417101025581,1,"Craugastor_omoaensis","Lithobates_brownorum",1,"generalist","specialist",NA,NA,"",NA,0
-87.0595638729999,15.9786470350001,0.00311093218624592,0.00359576218761504,433.374420166016,0.0530301555991173,0.289338260889053,2.69695711135864,-6222.93603515625,0.00176172493956983,0.00012176144082332,0.141417101025581,1,"Craugastor_omoaensis","Lithobates_maculatus",1,NA,NA,NA,NA,NA,NA,NA
-87.0595638729999,15.9786470350001,0.00311093218624592,0.00359576218761504,433.374420166016,0.0530301555991173,0.289338260889053,2.69695711135864,-6222.93603515625,0.00176172493956983,0.00012176144082332,0.141417101025581,1,"Craugastor_omoaensis","Lithobates_vaillanti",1,NA,NA,NA,NA,NA,NA,NA
-87.0595638729999,15.9786470350001,0.00311093218624592,0.00359576218761504,433.374420166016,0.0530301555991173,0.289338260889053,2.69695711135864,-6222.93603515625,0.00176172493956983,0.00012176144082332,0.141417101025581,1,"Craugastor_omoaensis","Rhinella_horribilis",1,"generalist","specialist",106.25,241,"",NA,0
-87.0595638729999,15.9786470350001,0.00311093218624592,0.00359576218761504,433.374420166016,0.0530301555991173,0.289338260889053,2.69695711135864,-6222.93603515625,0.00176172493956983,0.00012176144082332,0.141417101025581,1,"Craugastor_omoaensis","Scinax_staufferi",1,"generalist","",29,32,"",NA,0
-87.0595638729999,15.9786470350001,0.00311093218624592,0.00359576218761504,433.374420166016,0.0530301555991173,0.289338260889053,2.69695711135864,-6222.93603515625,0.00176172493956983,0.00012176144082332,0.141417101025581,1,"Craugastor_omoaensis","Smilisca_baudinii",1,"generalist","",NA,90,"",NA,0
-87.0595638729999,15.9786470350001,0.00311093218624592,0.00359576218761504,433.374420166016,0.0530301555991173,0.289338260889053,2.69695711135864,-6222.93603515625,0.00176172493956983,0.00012176144082332,0.141417101025581,1,"Craugastor_omoaensis","Tlalocohyla_loquax",1,"generalist","",NA,77,"",NA,0
-87.0595638729999,15.9786470350001,0.00311093218624592,0.00359576218761504,433.374420166016,0.0530301555991173,0.289338260889053,2.69695711135864,-6222.93603515625,0.00176172493956983,0.00012176144082332,0.141417101025581,1,"Craugastor_omoaensis","Trachycephalus_vermiculatus",1,"generalist","specialist",56.9,105,"",NA,0
-86.0595638729999,15.9786470350001,0.00749775860458612,0.00258623319678009,263.068176269531,0.103417746722698,0.287671953439713,3.86484313011169,-5128.9365234375,3.04403602058301e-05,0.00668161548674107,0.052673302590847,1,"Craugastor_omoaensis","Agalychnis_callidryas",1,"generalist","",12,77.2,"",NA,0
-86.0595638729999,15.9786470350001,0.00749775860458612,0.00258623319678009,263.068176269531,0.103417746722698,0.287671953439713,3.86484313011169,-5128.9365234375,3.04403602058301e-05,0.00668161548674107,0.052673302590847,1,"Craugastor_omoaensis","Bolitoglossa_mexicana",1,"specialist","specialist",NA,190,"carnivore",NA,0
-86.0595638729999,15.9786470350001,0.00749775860458612,0.00258623319678009,263.068176269531,0.103417746722698,0.287671953439713,3.86484313011169,-5128.9365234375,3.04403602058301e-05,0.00668161548674107,0.052673302590847,1,"Craugastor_omoaensis","Craugastor_chac",1,"specialist","",NA,39,"",NA,0
-86.0595638729999,15.9786470350001,0.00749775860458612,0.00258623319678009,263.068176269531,0.103417746722698,0.287671953439713,3.86484313011169,-5128.9365234375,3.04403602058301e-05,0.00668161548674107,0.052673302590847,1,"Craugastor_omoaensis","Dendropsophus_microcephalus",1,"generalist","",28,32,"",NA,0
-86.0595638729999,15.9786470350001,0.00749775860458612,0.00258623319678009,263.068176269531,0.103417746722698,0.287671953439713,3.86484313011169,-5128.9365234375,3.04403602058301e-05,0.00668161548674107,0.052673302590847,1,"Craugastor_omoaensis","Dermophis_mexicanus",1,"generalist","",NA,600,"",NA,0
-86.0595638729999,15.9786470350001,0.00749775860458612,0.00258623319678009,263.068176269531,0.103417746722698,0.287671953439713,3.86484313011169,-5128.9365234375,3.04403602058301e-05,0.00668161548674107,0.052673302590847,1,"Craugastor_omoaensis","Engystomops_pustulosus",1,"generalist","",NA,48.2,"",NA,0
-86.0595638729999,15.9786470350001,0.00749775860458612,0.00258623319678009,263.068176269531,0.103417746722698,0.287671953439713,3.86484313011169,-5128.9365234375,3.04403602058301e-05,0.00668161548674107,0.052673302590847,1,"Craugastor_omoaensis","Gymnopis_multiplicata",1,"generalist","specialist",NA,480,"carnivore",NA,0
-86.0595638729999,15.9786470350001,0.00749775860458612,0.00258623319678009,263.068176269531,0.103417746722698,0.287671953439713,3.86484313011169,-5128.9365234375,3.04403602058301e-05,0.00668161548674107,0.052673302590847,1,"Craugastor_omoaensis","Hypopachus_variolosus",1,"generalist","specialist",NA,53,"carnivore",NA,0
-86.0595638729999,15.9786470350001,0.00749775860458612,0.00258623319678009,263.068176269531,0.103417746722698,0.287671953439713,3.86484313011169,-5128.9365234375,3.04403602058301e-05,0.00668161548674107,0.052673302590847,1,"Craugastor_omoaensis","Incilius_valliceps",1,"specialist","",60,125,"",NA,0
-86.0595638729999,15.9786470350001,0.00749775860458612,0.00258623319678009,263.068176269531,0.103417746722698,0.287671953439713,3.86484313011169,-5128.9365234375,3.04403602058301e-05,0.00668161548674107,0.052673302590847,1,"Craugastor_omoaensis","Leptodactylus_fragilis",1,"generalist","",NA,43,"",NA,0
-86.0595638729999,15.9786470350001,0.00749775860458612,0.00258623319678009,263.068176269531,0.103417746722698,0.287671953439713,3.86484313011169,-5128.9365234375,3.04403602058301e-05,0.00668161548674107,0.052673302590847,1,"Craugastor_omoaensis","Leptodactylus_melanonotus",1,"generalist","",NA,58,"",NA,0
-86.0595638729999,15.9786470350001,0.00749775860458612,0.00258623319678009,263.068176269531,0.103417746722698,0.287671953439713,3.86484313011169,-5128.9365234375,3.04403602058301e-05,0.00668161548674107,0.052673302590847,1,"Craugastor_omoaensis","Lithobates_brownorum",1,"generalist","specialist",NA,NA,"",NA,0
-86.0595638729999,15.9786470350001,0.00749775860458612,0.00258623319678009,263.068176269531,0.103417746722698,0.287671953439713,3.86484313011169,-5128.9365234375,3.04403602058301e-05,0.00668161548674107,0.052673302590847,1,"Craugastor_omoaensis","Lithobates_maculatus",1,NA,NA,NA,NA,NA,NA,NA
-86.0595638729999,15.9786470350001,0.00749775860458612,0.00258623319678009,263.068176269531,0.103417746722698,0.287671953439713,3.86484313011169,-5128.9365234375,3.04403602058301e-05,0.00668161548674107,0.052673302590847,1,"Craugastor_omoaensis","Lithobates_vaillanti",1,NA,NA,NA,NA,NA,NA,NA
-86.0595638729999,15.9786470350001,0.00749775860458612,0.00258623319678009,263.068176269531,0.103417746722698,0.287671953439713,3.86484313011169,-5128.9365234375,3.04403602058301e-05,0.00668161548674107,0.052673302590847,1,"Craugastor_omoaensis","Rhinella_horribilis",1,"generalist","specialist",106.25,241,"",NA,0
-86.0595638729999,15.9786470350001,0.00749775860458612,0.00258623319678009,263.068176269531,0.103417746722698,0.287671953439713,3.86484313011169,-5128.9365234375,3.04403602058301e-05,0.00668161548674107,0.052673302590847,1,"Craugastor_omoaensis","Scinax_staufferi",1,"generalist","",29,32,"",NA,0
-86.0595638729999,15.9786470350001,0.00749775860458612,0.00258623319678009,263.068176269531,0.103417746722698,0.287671953439713,3.86484313011169,-5128.9365234375,3.04403602058301e-05,0.00668161548674107,0.052673302590847,1,"Craugastor_omoaensis","Smilisca_baudinii",1,"generalist","",NA,90,"",NA,0
-86.0595638729999,15.9786470350001,0.00749775860458612,0.00258623319678009,263.068176269531,0.103417746722698,0.287671953439713,3.86484313011169,-5128.9365234375,3.04403602058301e-05,0.00668161548674107,0.052673302590847,1,"Craugastor_omoaensis","Tlalocohyla_loquax",1,"generalist","",NA,77,"",NA,0
-85.0595638729999,15.9786470350001,0.00217284262180328,0.000282966939266771,204.272232055664,0.149389311671257,0.364262104034424,1.13696014881134,-5394.47509765625,0,0.00012176144082332,0.261496841907501,1,"Craugastor_omoaensis","Agalychnis_callidryas",1,"generalist","",12,77.2,"",NA,0
-85.0595638729999,15.9786470350001,0.00217284262180328,0.000282966939266771,204.272232055664,0.149389311671257,0.364262104034424,1.13696014881134,-5394.47509765625,0,0.00012176144082332,0.261496841907501,1,"Craugastor_omoaensis","Bolitoglossa_mexicana",1,"specialist","specialist",NA,190,"carnivore",NA,0
-85.0595638729999,15.9786470350001,0.00217284262180328,0.000282966939266771,204.272232055664,0.149389311671257,0.364262104034424,1.13696014881134,-5394.47509765625,0,0.00012176144082332,0.261496841907501,1,"Craugastor_omoaensis","Dendropsophus_microcephalus",1,"generalist","",28,32,"",NA,0
-85.0595638729999,15.9786470350001,0.00217284262180328,0.000282966939266771,204.272232055664,0.149389311671257,0.364262104034424,1.13696014881134,-5394.47509765625,0,0.00012176144082332,0.261496841907501,1,"Craugastor_omoaensis","Engystomops_pustulosus",1,"generalist","",NA,48.2,"",NA,0
-85.0595638729999,15.9786470350001,0.00217284262180328,0.000282966939266771,204.272232055664,0.149389311671257,0.364262104034424,1.13696014881134,-5394.47509765625,0,0.00012176144082332,0.261496841907501,1,"Craugastor_omoaensis","Gymnopis_multiplicata",1,"generalist","specialist",NA,480,"carnivore",NA,0
-85.0595638729999,15.9786470350001,0.00217284262180328,0.000282966939266771,204.272232055664,0.149389311671257,0.364262104034424,1.13696014881134,-5394.47509765625,0,0.00012176144082332,0.261496841907501,1,"Craugastor_omoaensis","Incilius_valliceps",1,"specialist","",60,125,"",NA,0
-85.0595638729999,15.9786470350001,0.00217284262180328,0.000282966939266771,204.272232055664,0.149389311671257,0.364262104034424,1.13696014881134,-5394.47509765625,0,0.00012176144082332,0.261496841907501,1,"Craugastor_omoaensis","Leptodactylus_fragilis",1,"generalist","",NA,43,"",NA,0
-85.0595638729999,15.9786470350001,0.00217284262180328,0.000282966939266771,204.272232055664,0.149389311671257,0.364262104034424,1.13696014881134,-5394.47509765625,0,0.00012176144082332,0.261496841907501,1,"Craugastor_omoaensis","Lithobates_brownorum",1,"generalist","specialist",NA,NA,"",NA,0
-85.0595638729999,15.9786470350001,0.00217284262180328,0.000282966939266771,204.272232055664,0.149389311671257,0.364262104034424,1.13696014881134,-5394.47509765625,0,0.00012176144082332,0.261496841907501,1,"Craugastor_omoaensis","Lithobates_maculatus",1,NA,NA,NA,NA,NA,NA,NA
-85.0595638729999,15.9786470350001,0.00217284262180328,0.000282966939266771,204.272232055664,0.149389311671257,0.364262104034424,1.13696014881134,-5394.47509765625,0,0.00012176144082332,0.261496841907501,1,"Craugastor_omoaensis","Lithobates_vaillanti",1,NA,NA,NA,NA,NA,NA,NA
-85.0595638729999,15.9786470350001,0.00217284262180328,0.000282966939266771,204.272232055664,0.149389311671257,0.364262104034424,1.13696014881134,-5394.47509765625,0,0.00012176144082332,0.261496841907501,1,"Craugastor_omoaensis","Rhinella_horribilis",1,"generalist","specialist",106.25,241,"",NA,0
-85.0595638729999,15.9786470350001,0.00217284262180328,0.000282966939266771,204.272232055664,0.149389311671257,0.364262104034424,1.13696014881134,-5394.47509765625,0,0.00012176144082332,0.261496841907501,1,"Craugastor_omoaensis","Scinax_staufferi",1,"generalist","",29,32,"",NA,0
-85.0595638729999,15.9786470350001,0.00217284262180328,0.000282966939266771,204.272232055664,0.149389311671257,0.364262104034424,1.13696014881134,-5394.47509765625,0,0.00012176144082332,0.261496841907501,1,"Craugastor_omoaensis","Smilisca_baudinii",1,"generalist","",NA,90,"",NA,0
-85.0595638729999,15.9786470350001,0.00217284262180328,0.000282966939266771,204.272232055664,0.149389311671257,0.364262104034424,1.13696014881134,-5394.47509765625,0,0.00012176144082332,0.261496841907501,1,"Craugastor_omoaensis","Tlalocohyla_loquax",1,"generalist","",NA,77,"",NA,0
-84.0595638729999,15.9786470350001,0.000310833245748654,3.65179257642012e-05,12.3243646621704,0.0105116190388799,0.0960230976343155,0.475720465183258,-8161.0068359375,0,0,0.0632128342986107,1,"Craugastor_omoaensis","Agalychnis_callidryas",1,"generalist","",12,77.2,"",NA,0
-84.0595638729999,15.9786470350001,0.000310833245748654,3.65179257642012e-05,12.3243646621704,0.0105116190388799,0.0960230976343155,0.475720465183258,-8161.0068359375,0,0,0.0632128342986107,1,"Craugastor_omoaensis","Bolitoglossa_mexicana",1,"specialist","specialist",NA,190,"carnivore",NA,0
-84.0595638729999,15.9786470350001,0.000310833245748654,3.65179257642012e-05,12.3243646621704,0.0105116190388799,0.0960230976343155,0.475720465183258,-8161.0068359375,0,0,0.0632128342986107,1,"Craugastor_omoaensis","Dendropsophus_microcephalus",1,"generalist","",28,32,"",NA,0
-84.0595638729999,15.9786470350001,0.000310833245748654,3.65179257642012e-05,12.3243646621704,0.0105116190388799,0.0960230976343155,0.475720465183258,-8161.0068359375,0,0,0.0632128342986107,1,"Craugastor_omoaensis","Gymnopis_multiplicata",1,"generalist","specialist",NA,480,"carnivore",NA,0
-84.0595638729999,15.9786470350001,0.000310833245748654,3.65179257642012e-05,12.3243646621704,0.0105116190388799,0.0960230976343155,0.475720465183258,-8161.0068359375,0,0,0.0632128342986107,1,"Craugastor_omoaensis","Incilius_valliceps",1,"specialist","",60,125,"",NA,0
-84.0595638729999,15.9786470350001,0.000310833245748654,3.65179257642012e-05,12.3243646621704,0.0105116190388799,0.0960230976343155,0.475720465183258,-8161.0068359375,0,0,0.0632128342986107,1,"Craugastor_omoaensis","Leptodactylus_fragilis",1,"generalist","",NA,43,"",NA,0
-84.0595638729999,15.9786470350001,0.000310833245748654,3.65179257642012e-05,12.3243646621704,0.0105116190388799,0.0960230976343155,0.475720465183258,-8161.0068359375,0,0,0.0632128342986107,1,"Craugastor_omoaensis","Lithobates_brownorum",1,"generalist","specialist",NA,NA,"",NA,0
-84.0595638729999,15.9786470350001,0.000310833245748654,3.65179257642012e-05,12.3243646621704,0.0105116190388799,0.0960230976343155,0.475720465183258,-8161.0068359375,0,0,0.0632128342986107,1,"Craugastor_omoaensis","Lithobates_vaillanti",1,NA,NA,NA,NA,NA,NA,NA
-84.0595638729999,15.9786470350001,0.000310833245748654,3.65179257642012e-05,12.3243646621704,0.0105116190388799,0.0960230976343155,0.475720465183258,-8161.0068359375,0,0,0.0632128342986107,1,"Craugastor_omoaensis","Rhinella_horribilis",1,"generalist","specialist",106.25,241,"",NA,0
-84.0595638729999,15.9786470350001,0.000310833245748654,3.65179257642012e-05,12.3243646621704,0.0105116190388799,0.0960230976343155,0.475720465183258,-8161.0068359375,0,0,0.0632128342986107,1,"Craugastor_omoaensis","Scinax_staufferi",1,"generalist","",29,32,"",NA,0
-84.0595638729999,15.9786470350001,0.000310833245748654,3.65179257642012e-05,12.3243646621704,0.0105116190388799,0.0960230976343155,0.475720465183258,-8161.0068359375,0,0,0.0632128342986107,1,"Craugastor_omoaensis","Smilisca_baudinii",1,"generalist","",NA,90,"",NA,0
-84.0595638729999,15.9786470350001,0.000310833245748654,3.65179257642012e-05,12.3243646621704,0.0105116190388799,0.0960230976343155,0.475720465183258,-8161.0068359375,0,0,0.0632128342986107,1,"Craugastor_omoaensis","Tlalocohyla_loquax",1,"generalist","",NA,77,"",NA,0
-93.0595638729999,14.9786470350001,0.0117584262043238,0.00268020993098617,121.134590148926,0.01292076241225,0.132786929607391,1.67267596721649,-7691.9560546875,0,0.0179056357592344,0.0484130643308163,1,"Craugastor_omoaensis","Hyalinobatrachium_viridissimum",1,"specialist","",NA,NA,"",NA,0
-93.0595638729999,14.9786470350001,0.0117584262043238,0.00268020993098617,121.134590148926,0.01292076241225,0.132786929607391,1.67267596721649,-7691.9560546875,0,0.0179056357592344,0.0484130643308163,1,"Craugastor_omoaensis","Hypopachus_variolosus",1,"generalist","specialist",NA,53,"carnivore",NA,0
-93.0595638729999,14.9786470350001,0.0117584262043238,0.00268020993098617,121.134590148926,0.01292076241225,0.132786929607391,1.67267596721649,-7691.9560546875,0,0.0179056357592344,0.0484130643308163,1,"Craugastor_omoaensis","Incilius_valliceps",1,"specialist","",60,125,"",NA,0
-93.0595638729999,14.9786470350001,0.0117584262043238,0.00268020993098617,121.134590148926,0.01292076241225,0.132786929607391,1.67267596721649,-7691.9560546875,0,0.0179056357592344,0.0484130643308163,1,"Craugastor_omoaensis","Leptodactylus_fragilis",1,"generalist","",NA,43,"",NA,0
-93.0595638729999,14.9786470350001,0.0117584262043238,0.00268020993098617,121.134590148926,0.01292076241225,0.132786929607391,1.67267596721649,-7691.9560546875,0,0.0179056357592344,0.0484130643308163,1,"Craugastor_omoaensis","Leptodactylus_melanonotus",1,"generalist","",NA,58,"",NA,0
-93.0595638729999,14.9786470350001,0.0117584262043238,0.00268020993098617,121.134590148926,0.01292076241225,0.132786929607391,1.67267596721649,-7691.9560546875,0,0.0179056357592344,0.0484130643308163,1,"Craugastor_omoaensis","Lithobates_maculatus",1,NA,NA,NA,NA,NA,NA,NA
-93.0595638729999,14.9786470350001,0.0117584262043238,0.00268020993098617,121.134590148926,0.01292076241225,0.132786929607391,1.67267596721649,-7691.9560546875,0,0.0179056357592344,0.0484130643308163,1,"Craugastor_omoaensis","Lithobates_vaillanti",1,NA,NA,NA,NA,NA,NA,NA
-93.0595638729999,14.9786470350001,0.0117584262043238,0.00268020993098617,121.134590148926,0.01292076241225,0.132786929607391,1.67267596721649,-7691.9560546875,0,0.0179056357592344,0.0484130643308163,1,"Craugastor_omoaensis","Rhinella_horribilis",1,"generalist","specialist",106.25,241,"",NA,0
-93.0595638729999,14.9786470350001,0.0117584262043238,0.00268020993098617,121.134590148926,0.01292076241225,0.132786929607391,1.67267596721649,-7691.9560546875,0,0.0179056357592344,0.0484130643308163,1,"Craugastor_omoaensis","Rhinophrynus_dorsalis",1,"specialist","specialist",90,89,"carnivore",NA,0
-93.0595638729999,14.9786470350001,0.0117584262043238,0.00268020993098617,121.134590148926,0.01292076241225,0.132786929607391,1.67267596721649,-7691.9560546875,0,0.0179056357592344,0.0484130643308163,1,"Craugastor_omoaensis","Scinax_staufferi",1,"generalist","",29,32,"",NA,0
-93.0595638729999,14.9786470350001,0.0117584262043238,0.00268020993098617,121.134590148926,0.01292076241225,0.132786929607391,1.67267596721649,-7691.9560546875,0,0.0179056357592344,0.0484130643308163,1,"Craugastor_omoaensis","Smilisca_baudinii",1,"generalist","",NA,90,"",NA,0
-93.0595638729999,14.9786470350001,0.0117584262043238,0.00268020993098617,121.134590148926,0.01292076241225,0.132786929607391,1.67267596721649,-7691.9560546875,0,0.0179056357592344,0.0484130643308163,1,"Craugastor_omoaensis","Trachycephalus_vermiculatus",1,"generalist","specialist",56.9,105,"",NA,0
-92.0595638729999,14.9786470350001,0.058531891554594,0.0186227560043335,1189.33862304688,0.0487531907856464,0.628847122192383,10.5470600128174,-728.731018066406,0.0133632309734821,0.132807314395905,0.286030769348145,1,"Craugastor_omoaensis","Engystomops_pustulosus",1,"generalist","",NA,48.2,"",NA,0
-92.0595638729999,14.9786470350001,0.058531891554594,0.0186227560043335,1189.33862304688,0.0487531907856464,0.628847122192383,10.5470600128174,-728.731018066406,0.0133632309734821,0.132807314395905,0.286030769348145,1,"Craugastor_omoaensis","Hyalinobatrachium_viridissimum",1,"specialist","",NA,NA,"",NA,0
-92.0595638729999,14.9786470350001,0.058531891554594,0.0186227560043335,1189.33862304688,0.0487531907856464,0.628847122192383,10.5470600128174,-728.731018066406,0.0133632309734821,0.132807314395905,0.286030769348145,1,"Craugastor_omoaensis","Hypopachus_variolosus",1,"generalist","specialist",NA,53,"carnivore",NA,0
-92.0595638729999,14.9786470350001,0.058531891554594,0.0186227560043335,1189.33862304688,0.0487531907856464,0.628847122192383,10.5470600128174,-728.731018066406,0.0133632309734821,0.132807314395905,0.286030769348145,1,"Craugastor_omoaensis","Incilius_valliceps",1,"specialist","",60,125,"",NA,0
-92.0595638729999,14.9786470350001,0.058531891554594,0.0186227560043335,1189.33862304688,0.0487531907856464,0.628847122192383,10.5470600128174,-728.731018066406,0.0133632309734821,0.132807314395905,0.286030769348145,1,"Craugastor_omoaensis","Leptodactylus_fragilis",1,"generalist","",NA,43,"",NA,0
-92.0595638729999,14.9786470350001,0.058531891554594,0.0186227560043335,1189.33862304688,0.0487531907856464,0.628847122192383,10.5470600128174,-728.731018066406,0.0133632309734821,0.132807314395905,0.286030769348145,1,"Craugastor_omoaensis","Leptodactylus_melanonotus",1,"generalist","",NA,58,"",NA,0
-92.0595638729999,14.9786470350001,0.058531891554594,0.0186227560043335,1189.33862304688,0.0487531907856464,0.628847122192383,10.5470600128174,-728.731018066406,0.0133632309734821,0.132807314395905,0.286030769348145,1,"Craugastor_omoaensis","Lithobates_maculatus",1,NA,NA,NA,NA,NA,NA,NA
-92.0595638729999,14.9786470350001,0.058531891554594,0.0186227560043335,1189.33862304688,0.0487531907856464,0.628847122192383,10.5470600128174,-728.731018066406,0.0133632309734821,0.132807314395905,0.286030769348145,1,"Craugastor_omoaensis","Rhinella_horribilis",1,"generalist","specialist",106.25,241,"",NA,0
-92.0595638729999,14.9786470350001,0.058531891554594,0.0186227560043335,1189.33862304688,0.0487531907856464,0.628847122192383,10.5470600128174,-728.731018066406,0.0133632309734821,0.132807314395905,0.286030769348145,1,"Craugastor_omoaensis","Rhinophrynus_dorsalis",1,"specialist","specialist",90,89,"carnivore",NA,0
-92.0595638729999,14.9786470350001,0.058531891554594,0.0186227560043335,1189.33862304688,0.0487531907856464,0.628847122192383,10.5470600128174,-728.731018066406,0.0133632309734821,0.132807314395905,0.286030769348145,1,"Craugastor_omoaensis","Scinax_staufferi",1,"generalist","",29,32,"",NA,0
-92.0595638729999,14.9786470350001,0.058531891554594,0.0186227560043335,1189.33862304688,0.0487531907856464,0.628847122192383,10.5470600128174,-728.731018066406,0.0133632309734821,0.132807314395905,0.286030769348145,1,"Craugastor_omoaensis","Smilisca_baudinii",1,"generalist","",NA,90,"",NA,0
-92.0595638729999,14.9786470350001,0.058531891554594,0.0186227560043335,1189.33862304688,0.0487531907856464,0.628847122192383,10.5470600128174,-728.731018066406,0.0133632309734821,0.132807314395905,0.286030769348145,1,"Craugastor_omoaensis","Trachycephalus_vermiculatus",1,"generalist","specialist",56.9,105,"",NA,0
-91.0595638729999,14.9786470350001,0.0762171968817711,0.0311876926571131,1775.82141113281,0.0693392753601074,0.700385868549347,12.5456991195679,14.211522102356,0.0219587739557028,0.032585434615612,0.218598589301109,1,"Craugastor_omoaensis","Agalychnis_callidryas",1,"generalist","",12,77.2,"",NA,0
-91.0595638729999,14.9786470350001,0.0762171968817711,0.0311876926571131,1775.82141113281,0.0693392753601074,0.700385868549347,12.5456991195679,14.211522102356,0.0219587739557028,0.032585434615612,0.218598589301109,1,"Craugastor_omoaensis","Dendropsophus_microcephalus",1,"generalist","",28,32,"",NA,0
-91.0595638729999,14.9786470350001,0.0762171968817711,0.0311876926571131,1775.82141113281,0.0693392753601074,0.700385868549347,12.5456991195679,14.211522102356,0.0219587739557028,0.032585434615612,0.218598589301109,1,"Craugastor_omoaensis","Hypopachus_variolosus",1,"generalist","specialist",NA,53,"carnivore",NA,0
-91.0595638729999,14.9786470350001,0.0762171968817711,0.0311876926571131,1775.82141113281,0.0693392753601074,0.700385868549347,12.5456991195679,14.211522102356,0.0219587739557028,0.032585434615612,0.218598589301109,1,"Craugastor_omoaensis","Incilius_valliceps",1,"specialist","",60,125,"",NA,0
-91.0595638729999,14.9786470350001,0.0762171968817711,0.0311876926571131,1775.82141113281,0.0693392753601074,0.700385868549347,12.5456991195679,14.211522102356,0.0219587739557028,0.032585434615612,0.218598589301109,1,"Craugastor_omoaensis","Leptodactylus_fragilis",1,"generalist","",NA,43,"",NA,0
-91.0595638729999,14.9786470350001,0.0762171968817711,0.0311876926571131,1775.82141113281,0.0693392753601074,0.700385868549347,12.5456991195679,14.211522102356,0.0219587739557028,0.032585434615612,0.218598589301109,1,"Craugastor_omoaensis","Leptodactylus_melanonotus",1,"generalist","",NA,58,"",NA,0
-91.0595638729999,14.9786470350001,0.0762171968817711,0.0311876926571131,1775.82141113281,0.0693392753601074,0.700385868549347,12.5456991195679,14.211522102356,0.0219587739557028,0.032585434615612,0.218598589301109,1,"Craugastor_omoaensis","Lithobates_maculatus",1,NA,NA,NA,NA,NA,NA,NA
-91.0595638729999,14.9786470350001,0.0762171968817711,0.0311876926571131,1775.82141113281,0.0693392753601074,0.700385868549347,12.5456991195679,14.211522102356,0.0219587739557028,0.032585434615612,0.218598589301109,1,"Craugastor_omoaensis","Rhinella_horribilis",1,"generalist","specialist",106.25,241,"",NA,0
-91.0595638729999,14.9786470350001,0.0762171968817711,0.0311876926571131,1775.82141113281,0.0693392753601074,0.700385868549347,12.5456991195679,14.211522102356,0.0219587739557028,0.032585434615612,0.218598589301109,1,"Craugastor_omoaensis","Rhinophrynus_dorsalis",1,"specialist","specialist",90,89,"carnivore",NA,0
-91.0595638729999,14.9786470350001,0.0762171968817711,0.0311876926571131,1775.82141113281,0.0693392753601074,0.700385868549347,12.5456991195679,14.211522102356,0.0219587739557028,0.032585434615612,0.218598589301109,1,"Craugastor_omoaensis","Scinax_staufferi",1,"generalist","",29,32,"",NA,0
-91.0595638729999,14.9786470350001,0.0762171968817711,0.0311876926571131,1775.82141113281,0.0693392753601074,0.700385868549347,12.5456991195679,14.211522102356,0.0219587739557028,0.032585434615612,0.218598589301109,1,"Craugastor_omoaensis","Smilisca_baudinii",1,"generalist","",NA,90,"",NA,0
-91.0595638729999,14.9786470350001,0.0762171968817711,0.0311876926571131,1775.82141113281,0.0693392753601074,0.700385868549347,12.5456991195679,14.211522102356,0.0219587739557028,0.032585434615612,0.218598589301109,1,"Craugastor_omoaensis","Trachycephalus_vermiculatus",1,"generalist","specialist",56.9,105,"",NA,0
-90.0595638729999,14.9786470350001,0.0265369471162558,0.0185836441814899,1166.07763671875,0.106700174510479,0.582644402980804,10.8399982452393,27.2839660644531,0.00874774437397718,0.0139823229983449,0.225682586431503,1,"Craugastor_omoaensis","Agalychnis_callidryas",1,"generalist","",12,77.2,"",NA,0
-90.0595638729999,14.9786470350001,0.0265369471162558,0.0185836441814899,1166.07763671875,0.106700174510479,0.582644402980804,10.8399982452393,27.2839660644531,0.00874774437397718,0.0139823229983449,0.225682586431503,1,"Craugastor_omoaensis","Bolitoglossa_mexicana",1,"specialist","specialist",NA,190,"carnivore",NA,0
-90.0595638729999,14.9786470350001,0.0265369471162558,0.0185836441814899,1166.07763671875,0.106700174510479,0.582644402980804,10.8399982452393,27.2839660644531,0.00874774437397718,0.0139823229983449,0.225682586431503,1,"Craugastor_omoaensis","Bolitoglossa_nympha",1,"specialist","",NA,70.28,"",NA,0
-90.0595638729999,14.9786470350001,0.0265369471162558,0.0185836441814899,1166.07763671875,0.106700174510479,0.582644402980804,10.8399982452393,27.2839660644531,0.00874774437397718,0.0139823229983449,0.225682586431503,1,"Craugastor_omoaensis","Dendropsophus_microcephalus",1,"generalist","",28,32,"",NA,0
-90.0595638729999,14.9786470350001,0.0265369471162558,0.0185836441814899,1166.07763671875,0.106700174510479,0.582644402980804,10.8399982452393,27.2839660644531,0.00874774437397718,0.0139823229983449,0.225682586431503,1,"Craugastor_omoaensis","Hyalinobatrachium_viridissimum",1,"specialist","",NA,NA,"",NA,0
-90.0595638729999,14.9786470350001,0.0265369471162558,0.0185836441814899,1166.07763671875,0.106700174510479,0.582644402980804,10.8399982452393,27.2839660644531,0.00874774437397718,0.0139823229983449,0.225682586431503,1,"Craugastor_omoaensis","Hypopachus_variolosus",1,"generalist","specialist",NA,53,"carnivore",NA,0
-90.0595638729999,14.9786470350001,0.0265369471162558,0.0185836441814899,1166.07763671875,0.106700174510479,0.582644402980804,10.8399982452393,27.2839660644531,0.00874774437397718,0.0139823229983449,0.225682586431503,1,"Craugastor_omoaensis","Incilius_valliceps",1,"specialist","",60,125,"",NA,0
-90.0595638729999,14.9786470350001,0.0265369471162558,0.0185836441814899,1166.07763671875,0.106700174510479,0.582644402980804,10.8399982452393,27.2839660644531,0.00874774437397718,0.0139823229983449,0.225682586431503,1,"Craugastor_omoaensis","Leptodactylus_fragilis",1,"generalist","",NA,43,"",NA,0
-90.0595638729999,14.9786470350001,0.0265369471162558,0.0185836441814899,1166.07763671875,0.106700174510479,0.582644402980804,10.8399982452393,27.2839660644531,0.00874774437397718,0.0139823229983449,0.225682586431503,1,"Craugastor_omoaensis","Leptodactylus_melanonotus",1,"generalist","",NA,58,"",NA,0
-90.0595638729999,14.9786470350001,0.0265369471162558,0.0185836441814899,1166.07763671875,0.106700174510479,0.582644402980804,10.8399982452393,27.2839660644531,0.00874774437397718,0.0139823229983449,0.225682586431503,1,"Craugastor_omoaensis","Lithobates_maculatus",1,NA,NA,NA,NA,NA,NA,NA
-90.0595638729999,14.9786470350001,0.0265369471162558,0.0185836441814899,1166.07763671875,0.106700174510479,0.582644402980804,10.8399982452393,27.2839660644531,0.00874774437397718,0.0139823229983449,0.225682586431503,1,"Craugastor_omoaensis","Lithobates_vaillanti",1,NA,NA,NA,NA,NA,NA,NA
-90.0595638729999,14.9786470350001,0.0265369471162558,0.0185836441814899,1166.07763671875,0.106700174510479,0.582644402980804,10.8399982452393,27.2839660644531,0.00874774437397718,0.0139823229983449,0.225682586431503,1,"Craugastor_omoaensis","Rhinella_horribilis",1,"generalist","specialist",106.25,241,"",NA,0
-90.0595638729999,14.9786470350001,0.0265369471162558,0.0185836441814899,1166.07763671875,0.106700174510479,0.582644402980804,10.8399982452393,27.2839660644531,0.00874774437397718,0.0139823229983449,0.225682586431503,1,"Craugastor_omoaensis","Scinax_staufferi",1,"generalist","",29,32,"",NA,0
-90.0595638729999,14.9786470350001,0.0265369471162558,0.0185836441814899,1166.07763671875,0.106700174510479,0.582644402980804,10.8399982452393,27.2839660644531,0.00874774437397718,0.0139823229983449,0.225682586431503,1,"Craugastor_omoaensis","Smilisca_baudinii",1,"generalist","",NA,90,"",NA,0
-90.0595638729999,14.9786470350001,0.0265369471162558,0.0185836441814899,1166.07763671875,0.106700174510479,0.582644402980804,10.8399982452393,27.2839660644531,0.00874774437397718,0.0139823229983449,0.225682586431503,1,"Craugastor_omoaensis","Tlalocohyla_loquax",1,"generalist","",NA,77,"",NA,0
-90.0595638729999,14.9786470350001,0.0265369471162558,0.0185836441814899,1166.07763671875,0.106700174510479,0.582644402980804,10.8399982452393,27.2839660644531,0.00874774437397718,0.0139823229983449,0.225682586431503,1,"Craugastor_omoaensis","Trachycephalus_vermiculatus",1,"generalist","specialist",56.9,105,"",NA,0
-89.0595638729999,14.9786470350001,0.0119063509628177,0.00671766838058829,783.844177246094,0.114297650754452,0.673480093479156,9.30334568023682,11.1372594833374,0.000152201799210161,0.000244785245740786,0.145701721310616,1,"Craugastor_omoaensis","Agalychnis_callidryas",1,"generalist","",12,77.2,"",NA,0
-89.0595638729999,14.9786470350001,0.0119063509628177,0.00671766838058829,783.844177246094,0.114297650754452,0.673480093479156,9.30334568023682,11.1372594833374,0.000152201799210161,0.000244785245740786,0.145701721310616,1,"Craugastor_omoaensis","Bolitoglossa_conanti",1,"specialist","",NA,116,"",NA,0
-89.0595638729999,14.9786470350001,0.0119063509628177,0.00671766838058829,783.844177246094,0.114297650754452,0.673480093479156,9.30334568023682,11.1372594833374,0.000152201799210161,0.000244785245740786,0.145701721310616,1,"Craugastor_omoaensis","Bolitoglossa_dofleini",1,"generalist","",NA,232,"",NA,0
-89.0595638729999,14.9786470350001,0.0119063509628177,0.00671766838058829,783.844177246094,0.114297650754452,0.673480093479156,9.30334568023682,11.1372594833374,0.000152201799210161,0.000244785245740786,0.145701721310616,1,"Craugastor_omoaensis","Bolitoglossa_dunni",1,"specialist","",NA,138,"",NA,0
-89.0595638729999,14.9786470350001,0.0119063509628177,0.00671766838058829,783.844177246094,0.114297650754452,0.673480093479156,9.30334568023682,11.1372594833374,0.000152201799210161,0.000244785245740786,0.145701721310616,1,"Craugastor_omoaensis","Bolitoglossa_mexicana",1,"specialist","specialist",NA,190,"carnivore",NA,0
-89.0595638729999,14.9786470350001,0.0119063509628177,0.00671766838058829,783.844177246094,0.114297650754452,0.673480093479156,9.30334568023682,11.1372594833374,0.000152201799210161,0.000244785245740786,0.145701721310616,1,"Craugastor_omoaensis","Bolitoglossa_nympha",1,"specialist","",NA,70.28,"",NA,0
-89.0595638729999,14.9786470350001,0.0119063509628177,0.00671766838058829,783.844177246094,0.114297650754452,0.673480093479156,9.30334568023682,11.1372594833374,0.000152201799210161,0.000244785245740786,0.145701721310616,1,"Craugastor_omoaensis","Craugastor_chac",1,"specialist","",NA,39,"",NA,0
-89.0595638729999,14.9786470350001,0.0119063509628177,0.00671766838058829,783.844177246094,0.114297650754452,0.673480093479156,9.30334568023682,11.1372594833374,0.000152201799210161,0.000244785245740786,0.145701721310616,1,"Craugastor_omoaensis","Craugastor_charadra",1,"specialist","",NA,67,"",NA,0
-89.0595638729999,14.9786470350001,0.0119063509628177,0.00671766838058829,783.844177246094,0.114297650754452,0.673480093479156,9.30334568023682,11.1372594833374,0.000152201799210161,0.000244785245740786,0.145701721310616,1,"Craugastor_omoaensis","Craugastor_laticeps",1,"specialist","",80,80,"",NA,0
-89.0595638729999,14.9786470350001,0.0119063509628177,0.00671766838058829,783.844177246094,0.114297650754452,0.673480093479156,9.30334568023682,11.1372594833374,0.000152201799210161,0.000244785245740786,0.145701721310616,1,"Craugastor_omoaensis","Craugastor_rostralis",1,"specialist","",NA,59,"",NA,0
-89.0595638729999,14.9786470350001,0.0119063509628177,0.00671766838058829,783.844177246094,0.114297650754452,0.673480093479156,9.30334568023682,11.1372594833374,0.000152201799210161,0.000244785245740786,0.145701721310616,1,"Craugastor_omoaensis","Dendropsophus_microcephalus",1,"generalist","",28,32,"",NA,0
-89.0595638729999,14.9786470350001,0.0119063509628177,0.00671766838058829,783.844177246094,0.114297650754452,0.673480093479156,9.30334568023682,11.1372594833374,0.000152201799210161,0.000244785245740786,0.145701721310616,1,"Craugastor_omoaensis","Dermophis_mexicanus",1,"generalist","",NA,600,"",NA,0
-89.0595638729999,14.9786470350001,0.0119063509628177,0.00671766838058829,783.844177246094,0.114297650754452,0.673480093479156,9.30334568023682,11.1372594833374,0.000152201799210161,0.000244785245740786,0.145701721310616,1,"Craugastor_omoaensis","Duellmanohyla_soralia",1,"generalist","",NA,37.7,"",NA,0
-89.0595638729999,14.9786470350001,0.0119063509628177,0.00671766838058829,783.844177246094,0.114297650754452,0.673480093479156,9.30334568023682,11.1372594833374,0.000152201799210161,0.000244785245740786,0.145701721310616,1,"Craugastor_omoaensis","Engystomops_pustulosus",1,"generalist","",NA,48.2,"",NA,0
-89.0595638729999,14.9786470350001,0.0119063509628177,0.00671766838058829,783.844177246094,0.114297650754452,0.673480093479156,9.30334568023682,11.1372594833374,0.000152201799210161,0.000244785245740786,0.145701721310616,1,"Craugastor_omoaensis","Gymnopis_multiplicata",1,"generalist","specialist",NA,480,"carnivore",NA,0
-89.0595638729999,14.9786470350001,0.0119063509628177,0.00671766838058829,783.844177246094,0.114297650754452,0.673480093479156,9.30334568023682,11.1372594833374,0.000152201799210161,0.000244785245740786,0.145701721310616,1,"Craugastor_omoaensis","Hyalinobatrachium_viridissimum",1,"specialist","",NA,NA,"",NA,0
-89.0595638729999,14.9786470350001,0.0119063509628177,0.00671766838058829,783.844177246094,0.114297650754452,0.673480093479156,9.30334568023682,11.1372594833374,0.000152201799210161,0.000244785245740786,0.145701721310616,1,"Craugastor_omoaensis","Hypopachus_variolosus",1,"generalist","specialist",NA,53,"carnivore",NA,0
-89.0595638729999,14.9786470350001,0.0119063509628177,0.00671766838058829,783.844177246094,0.114297650754452,0.673480093479156,9.30334568023682,11.1372594833374,0.000152201799210161,0.000244785245740786,0.145701721310616,1,"Craugastor_omoaensis","Incilius_campbelli",1,"specialist","",NA,90,"",NA,0
-89.0595638729999,14.9786470350001,0.0119063509628177,0.00671766838058829,783.844177246094,0.114297650754452,0.673480093479156,9.30334568023682,11.1372594833374,0.000152201799210161,0.000244785245740786,0.145701721310616,1,"Craugastor_omoaensis","Incilius_valliceps",1,"specialist","",60,125,"",NA,0
-89.0595638729999,14.9786470350001,0.0119063509628177,0.00671766838058829,783.844177246094,0.114297650754452,0.673480093479156,9.30334568023682,11.1372594833374,0.000152201799210161,0.000244785245740786,0.145701721310616,1,"Craugastor_omoaensis","Leptodactylus_fragilis",1,"generalist","",NA,43,"",NA,0
-89.0595638729999,14.9786470350001,0.0119063509628177,0.00671766838058829,783.844177246094,0.114297650754452,0.673480093479156,9.30334568023682,11.1372594833374,0.000152201799210161,0.000244785245740786,0.145701721310616,1,"Craugastor_omoaensis","Leptodactylus_melanonotus",1,"generalist","",NA,58,"",NA,0
-89.0595638729999,14.9786470350001,0.0119063509628177,0.00671766838058829,783.844177246094,0.114297650754452,0.673480093479156,9.30334568023682,11.1372594833374,0.000152201799210161,0.000244785245740786,0.145701721310616,1,"Craugastor_omoaensis","Lithobates_brownorum",1,"generalist","specialist",NA,NA,"",NA,0
-89.0595638729999,14.9786470350001,0.0119063509628177,0.00671766838058829,783.844177246094,0.114297650754452,0.673480093479156,9.30334568023682,11.1372594833374,0.000152201799210161,0.000244785245740786,0.145701721310616,1,"Craugastor_omoaensis","Lithobates_maculatus",1,NA,NA,NA,NA,NA,NA,NA
-89.0595638729999,14.9786470350001,0.0119063509628177,0.00671766838058829,783.844177246094,0.114297650754452,0.673480093479156,9.30334568023682,11.1372594833374,0.000152201799210161,0.000244785245740786,0.145701721310616,1,"Craugastor_omoaensis","Lithobates_vaillanti",1,NA,NA,NA,NA,NA,NA,NA
-89.0595638729999,14.9786470350001,0.0119063509628177,0.00671766838058829,783.844177246094,0.114297650754452,0.673480093479156,9.30334568023682,11.1372594833374,0.000152201799210161,0.000244785245740786,0.145701721310616,1,"Craugastor_omoaensis","Ptychohyla_hypomykter",1,"generalist","",NA,44,"",NA,0
-89.0595638729999,14.9786470350001,0.0119063509628177,0.00671766838058829,783.844177246094,0.114297650754452,0.673480093479156,9.30334568023682,11.1372594833374,0.000152201799210161,0.000244785245740786,0.145701721310616,1,"Craugastor_omoaensis","Rhinella_horribilis",1,"generalist","specialist",106.25,241,"",NA,0
-89.0595638729999,14.9786470350001,0.0119063509628177,0.00671766838058829,783.844177246094,0.114297650754452,0.673480093479156,9.30334568023682,11.1372594833374,0.000152201799210161,0.000244785245740786,0.145701721310616,1,"Craugastor_omoaensis","Scinax_staufferi",1,"generalist","",29,32,"",NA,0
-89.0595638729999,14.9786470350001,0.0119063509628177,0.00671766838058829,783.844177246094,0.114297650754452,0.673480093479156,9.30334568023682,11.1372594833374,0.000152201799210161,0.000244785245740786,0.145701721310616,1,"Craugastor_omoaensis","Smilisca_baudinii",1,"generalist","",NA,90,"",NA,0
-89.0595638729999,14.9786470350001,0.0119063509628177,0.00671766838058829,783.844177246094,0.114297650754452,0.673480093479156,9.30334568023682,11.1372594833374,0.000152201799210161,0.000244785245740786,0.145701721310616,1,"Craugastor_omoaensis","Tlalocohyla_loquax",1,"generalist","",NA,77,"",NA,0
-89.0595638729999,14.9786470350001,0.0119063509628177,0.00671766838058829,783.844177246094,0.114297650754452,0.673480093479156,9.30334568023682,11.1372594833374,0.000152201799210161,0.000244785245740786,0.145701721310616,1,"Craugastor_omoaensis","Trachycephalus_vermiculatus",1,"generalist","specialist",56.9,105,"",NA,0
-88.0595638729999,14.9786470350001,0.0299905892461538,0.0108278160914779,714.109985351562,0.159535005688667,0.675310492515564,9.13853168487549,-88.7931137084961,0.000103906997537706,0.03354661911726,0.0992067083716393,1,"Craugastor_omoaensis","Agalychnis_callidryas",1,"generalist","",12,77.2,"",NA,0
-88.0595638729999,14.9786470350001,0.0299905892461538,0.0108278160914779,714.109985351562,0.159535005688667,0.675310492515564,9.13853168487549,-88.7931137084961,0.000103906997537706,0.03354661911726,0.0992067083716393,1,"Craugastor_omoaensis","Bolitoglossa_conanti",1,"specialist","",NA,116,"",NA,0
-88.0595638729999,14.9786470350001,0.0299905892461538,0.0108278160914779,714.109985351562,0.159535005688667,0.675310492515564,9.13853168487549,-88.7931137084961,0.000103906997537706,0.03354661911726,0.0992067083716393,1,"Craugastor_omoaensis","Bolitoglossa_dofleini",1,"generalist","",NA,232,"",NA,0
-88.0595638729999,14.9786470350001,0.0299905892461538,0.0108278160914779,714.109985351562,0.159535005688667,0.675310492515564,9.13853168487549,-88.7931137084961,0.000103906997537706,0.03354661911726,0.0992067083716393,1,"Craugastor_omoaensis","Bolitoglossa_dunni",1,"specialist","",NA,138,"",NA,0
-88.0595638729999,14.9786470350001,0.0299905892461538,0.0108278160914779,714.109985351562,0.159535005688667,0.675310492515564,9.13853168487549,-88.7931137084961,0.000103906997537706,0.03354661911726,0.0992067083716393,1,"Craugastor_omoaensis","Bolitoglossa_mexicana",1,"specialist","specialist",NA,190,"carnivore",NA,0
-88.0595638729999,14.9786470350001,0.0299905892461538,0.0108278160914779,714.109985351562,0.159535005688667,0.675310492515564,9.13853168487549,-88.7931137084961,0.000103906997537706,0.03354661911726,0.0992067083716393,1,"Craugastor_omoaensis","Bolitoglossa_nympha",1,"specialist","",NA,70.28,"",NA,0
-88.0595638729999,14.9786470350001,0.0299905892461538,0.0108278160914779,714.109985351562,0.159535005688667,0.675310492515564,9.13853168487549,-88.7931137084961,0.000103906997537706,0.03354661911726,0.0992067083716393,1,"Craugastor_omoaensis","Bromeliohyla_bromeliacia",1,"generalist","",NA,35.7,"",NA,0
-88.0595638729999,14.9786470350001,0.0299905892461538,0.0108278160914779,714.109985351562,0.159535005688667,0.675310492515564,9.13853168487549,-88.7931137084961,0.000103906997537706,0.03354661911726,0.0992067083716393,1,"Craugastor_omoaensis","Bromeliohyla_melacaena",1,"specialist","",NA,26,"",NA,0
-88.0595638729999,14.9786470350001,0.0299905892461538,0.0108278160914779,714.109985351562,0.159535005688667,0.675310492515564,9.13853168487549,-88.7931137084961,0.000103906997537706,0.03354661911726,0.0992067083716393,1,"Craugastor_omoaensis","Craugastor_chac",1,"specialist","",NA,39,"",NA,0
-88.0595638729999,14.9786470350001,0.0299905892461538,0.0108278160914779,714.109985351562,0.159535005688667,0.675310492515564,9.13853168487549,-88.7931137084961,0.000103906997537706,0.03354661911726,0.0992067083716393,1,"Craugastor_omoaensis","Craugastor_charadra",1,"specialist","",NA,67,"",NA,0
-88.0595638729999,14.9786470350001,0.0299905892461538,0.0108278160914779,714.109985351562,0.159535005688667,0.675310492515564,9.13853168487549,-88.7931137084961,0.000103906997537706,0.03354661911726,0.0992067083716393,1,"Craugastor_omoaensis","Craugastor_laevissimus",1,"specialist","",NA,61,"",NA,0
-88.0595638729999,14.9786470350001,0.0299905892461538,0.0108278160914779,714.109985351562,0.159535005688667,0.675310492515564,9.13853168487549,-88.7931137084961,0.000103906997537706,0.03354661911726,0.0992067083716393,1,"Craugastor_omoaensis","Craugastor_laticeps",1,"specialist","",80,80,"",NA,0
-88.0595638729999,14.9786470350001,0.0299905892461538,0.0108278160914779,714.109985351562,0.159535005688667,0.675310492515564,9.13853168487549,-88.7931137084961,0.000103906997537706,0.03354661911726,0.0992067083716393,1,"Craugastor_omoaensis","Craugastor_omoaensis",1,"specialist","",NA,30,"",NA,1
-88.0595638729999,14.9786470350001,0.0299905892461538,0.0108278160914779,714.109985351562,0.159535005688667,0.675310492515564,9.13853168487549,-88.7931137084961,0.000103906997537706,0.03354661911726,0.0992067083716393,1,"Craugastor_omoaensis","Craugastor_rostralis",1,"specialist","",NA,59,"",NA,0
-88.0595638729999,14.9786470350001,0.0299905892461538,0.0108278160914779,714.109985351562,0.159535005688667,0.675310492515564,9.13853168487549,-88.7931137084961,0.000103906997537706,0.03354661911726,0.0992067083716393,1,"Craugastor_omoaensis","Cryptotriton_nasalis",1,"specialist","",NA,80,"",NA,0
-88.0595638729999,14.9786470350001,0.0299905892461538,0.0108278160914779,714.109985351562,0.159535005688667,0.675310492515564,9.13853168487549,-88.7931137084961,0.000103906997537706,0.03354661911726,0.0992067083716393,1,"Craugastor_omoaensis","Dendropsophus_microcephalus",1,"generalist","",28,32,"",NA,0
-88.0595638729999,14.9786470350001,0.0299905892461538,0.0108278160914779,714.109985351562,0.159535005688667,0.675310492515564,9.13853168487549,-88.7931137084961,0.000103906997537706,0.03354661911726,0.0992067083716393,1,"Craugastor_omoaensis","Dermophis_mexicanus",1,"generalist","",NA,600,"",NA,0
-88.0595638729999,14.9786470350001,0.0299905892461538,0.0108278160914779,714.109985351562,0.159535005688667,0.675310492515564,9.13853168487549,-88.7931137084961,0.000103906997537706,0.03354661911726,0.0992067083716393,1,"Craugastor_omoaensis","Duellmanohyla_soralia",1,"generalist","",NA,37.7,"",NA,0
-88.0595638729999,14.9786470350001,0.0299905892461538,0.0108278160914779,714.109985351562,0.159535005688667,0.675310492515564,9.13853168487549,-88.7931137084961,0.000103906997537706,0.03354661911726,0.0992067083716393,1,"Craugastor_omoaensis","Engystomops_pustulosus",1,"generalist","",NA,48.2,"",NA,0
-88.0595638729999,14.9786470350001,0.0299905892461538,0.0108278160914779,714.109985351562,0.159535005688667,0.675310492515564,9.13853168487549,-88.7931137084961,0.000103906997537706,0.03354661911726,0.0992067083716393,1,"Craugastor_omoaensis","Gymnopis_multiplicata",1,"generalist","specialist",NA,480,"carnivore",NA,0
-88.0595638729999,14.9786470350001,0.0299905892461538,0.0108278160914779,714.109985351562,0.159535005688667,0.675310492515564,9.13853168487549,-88.7931137084961,0.000103906997537706,0.03354661911726,0.0992067083716393,1,"Craugastor_omoaensis","Hyalinobatrachium_viridissimum",1,"specialist","",NA,NA,"",NA,0
-88.0595638729999,14.9786470350001,0.0299905892461538,0.0108278160914779,714.109985351562,0.159535005688667,0.675310492515564,9.13853168487549,-88.7931137084961,0.000103906997537706,0.03354661911726,0.0992067083716393,1,"Craugastor_omoaensis","Hypopachus_variolosus",1,"generalist","specialist",NA,53,"carnivore",NA,0
-88.0595638729999,14.9786470350001,0.0299905892461538,0.0108278160914779,714.109985351562,0.159535005688667,0.675310492515564,9.13853168487549,-88.7931137084961,0.000103906997537706,0.03354661911726,0.0992067083716393,1,"Craugastor_omoaensis","Incilius_campbelli",1,"specialist","",NA,90,"",NA,0
-88.0595638729999,14.9786470350001,0.0299905892461538,0.0108278160914779,714.109985351562,0.159535005688667,0.675310492515564,9.13853168487549,-88.7931137084961,0.000103906997537706,0.03354661911726,0.0992067083716393,1,"Craugastor_omoaensis","Incilius_valliceps",1,"specialist","",60,125,"",NA,0
-88.0595638729999,14.9786470350001,0.0299905892461538,0.0108278160914779,714.109985351562,0.159535005688667,0.675310492515564,9.13853168487549,-88.7931137084961,0.000103906997537706,0.03354661911726,0.0992067083716393,1,"Craugastor_omoaensis","Leptodactylus_fragilis",1,"generalist","",NA,43,"",NA,0
-88.0595638729999,14.9786470350001,0.0299905892461538,0.0108278160914779,714.109985351562,0.159535005688667,0.675310492515564,9.13853168487549,-88.7931137084961,0.000103906997537706,0.03354661911726,0.0992067083716393,1,"Craugastor_omoaensis","Leptodactylus_melanonotus",1,"generalist","",NA,58,"",NA,0
-88.0595638729999,14.9786470350001,0.0299905892461538,0.0108278160914779,714.109985351562,0.159535005688667,0.675310492515564,9.13853168487549,-88.7931137084961,0.000103906997537706,0.03354661911726,0.0992067083716393,1,"Craugastor_omoaensis","Lithobates_brownorum",1,"generalist","specialist",NA,NA,"",NA,0
-88.0595638729999,14.9786470350001,0.0299905892461538,0.0108278160914779,714.109985351562,0.159535005688667,0.675310492515564,9.13853168487549,-88.7931137084961,0.000103906997537706,0.03354661911726,0.0992067083716393,1,"Craugastor_omoaensis","Lithobates_maculatus",1,NA,NA,NA,NA,NA,NA,NA
-88.0595638729999,14.9786470350001,0.0299905892461538,0.0108278160914779,714.109985351562,0.159535005688667,0.675310492515564,9.13853168487549,-88.7931137084961,0.000103906997537706,0.03354661911726,0.0992067083716393,1,"Craugastor_omoaensis","Lithobates_vaillanti",1,NA,NA,NA,NA,NA,NA,NA
-88.0595638729999,14.9786470350001,0.0299905892461538,0.0108278160914779,714.109985351562,0.159535005688667,0.675310492515564,9.13853168487549,-88.7931137084961,0.000103906997537706,0.03354661911726,0.0992067083716393,1,"Craugastor_omoaensis","Ptychohyla_hypomykter",1,"generalist","",NA,44,"",NA,0
-88.0595638729999,14.9786470350001,0.0299905892461538,0.0108278160914779,714.109985351562,0.159535005688667,0.675310492515564,9.13853168487549,-88.7931137084961,0.000103906997537706,0.03354661911726,0.0992067083716393,1,"Craugastor_omoaensis","Rhinella_horribilis",1,"generalist","specialist",106.25,241,"",NA,0
-88.0595638729999,14.9786470350001,0.0299905892461538,0.0108278160914779,714.109985351562,0.159535005688667,0.675310492515564,9.13853168487549,-88.7931137084961,0.000103906997537706,0.03354661911726,0.0992067083716393,1,"Craugastor_omoaensis","Rhinophrynus_dorsalis",1,"specialist","specialist",90,89,"carnivore",NA,0
-88.0595638729999,14.9786470350001,0.0299905892461538,0.0108278160914779,714.109985351562,0.159535005688667,0.675310492515564,9.13853168487549,-88.7931137084961,0.000103906997537706,0.03354661911726,0.0992067083716393,1,"Craugastor_omoaensis","Scinax_staufferi",1,"generalist","",29,32,"",NA,0
-88.0595638729999,14.9786470350001,0.0299905892461538,0.0108278160914779,714.109985351562,0.159535005688667,0.675310492515564,9.13853168487549,-88.7931137084961,0.000103906997537706,0.03354661911726,0.0992067083716393,1,"Craugastor_omoaensis","Smilisca_baudinii",1,"generalist","",NA,90,"",NA,0
-88.0595638729999,14.9786470350001,0.0299905892461538,0.0108278160914779,714.109985351562,0.159535005688667,0.675310492515564,9.13853168487549,-88.7931137084961,0.000103906997537706,0.03354661911726,0.0992067083716393,1,"Craugastor_omoaensis","Tlalocohyla_loquax",1,"generalist","",NA,77,"",NA,0
-88.0595638729999,14.9786470350001,0.0299905892461538,0.0108278160914779,714.109985351562,0.159535005688667,0.675310492515564,9.13853168487549,-88.7931137084961,0.000103906997537706,0.03354661911726,0.0992067083716393,1,"Craugastor_omoaensis","Trachycephalus_vermiculatus",1,"generalist","specialist",56.9,105,"",NA,0
-87.0595638729999,14.9786470350001,0.0138834621757269,0.00316382735036314,903.59765625,0.1445222645998,0.69646167755127,5.97306060791016,-95.9416427612305,3.65291998605244e-05,0.000611331954132766,0.0998486205935478,1,"Craugastor_omoaensis","Agalychnis_callidryas",1,"generalist","",12,77.2,"",NA,0
-87.0595638729999,14.9786470350001,0.0138834621757269,0.00316382735036314,903.59765625,0.1445222645998,0.69646167755127,5.97306060791016,-95.9416427612305,3.65291998605244e-05,0.000611331954132766,0.0998486205935478,1,"Craugastor_omoaensis","Bolitoglossa_dofleini",1,"generalist","",NA,232,"",NA,0
-87.0595638729999,14.9786470350001,0.0138834621757269,0.00316382735036314,903.59765625,0.1445222645998,0.69646167755127,5.97306060791016,-95.9416427612305,3.65291998605244e-05,0.000611331954132766,0.0998486205935478,1,"Craugastor_omoaensis","Bolitoglossa_mexicana",1,"specialist","specialist",NA,190,"carnivore",NA,0
-87.0595638729999,14.9786470350001,0.0138834621757269,0.00316382735036314,903.59765625,0.1445222645998,0.69646167755127,5.97306060791016,-95.9416427612305,3.65291998605244e-05,0.000611331954132766,0.0998486205935478,1,"Craugastor_omoaensis","Bolitoglossa_nympha",1,"specialist","",NA,70.28,"",NA,0
-87.0595638729999,14.9786470350001,0.0138834621757269,0.00316382735036314,903.59765625,0.1445222645998,0.69646167755127,5.97306060791016,-95.9416427612305,3.65291998605244e-05,0.000611331954132766,0.0998486205935478,1,"Craugastor_omoaensis","Craugastor_chac",1,"specialist","",NA,39,"",NA,0
-87.0595638729999,14.9786470350001,0.0138834621757269,0.00316382735036314,903.59765625,0.1445222645998,0.69646167755127,5.97306060791016,-95.9416427612305,3.65291998605244e-05,0.000611331954132766,0.0998486205935478,1,"Craugastor_omoaensis","Craugastor_laevissimus",1,"specialist","",NA,61,"",NA,0
-87.0595638729999,14.9786470350001,0.0138834621757269,0.00316382735036314,903.59765625,0.1445222645998,0.69646167755127,5.97306060791016,-95.9416427612305,3.65291998605244e-05,0.000611331954132766,0.0998486205935478,1,"Craugastor_omoaensis","Dendropsophus_microcephalus",1,"generalist","",28,32,"",NA,0
-87.0595638729999,14.9786470350001,0.0138834621757269,0.00316382735036314,903.59765625,0.1445222645998,0.69646167755127,5.97306060791016,-95.9416427612305,3.65291998605244e-05,0.000611331954132766,0.0998486205935478,1,"Craugastor_omoaensis","Dermophis_mexicanus",1,"generalist","",NA,600,"",NA,0
-87.0595638729999,14.9786470350001,0.0138834621757269,0.00316382735036314,903.59765625,0.1445222645998,0.69646167755127,5.97306060791016,-95.9416427612305,3.65291998605244e-05,0.000611331954132766,0.0998486205935478,1,"Craugastor_omoaensis","Engystomops_pustulosus",1,"generalist","",NA,48.2,"",NA,0
-87.0595638729999,14.9786470350001,0.0138834621757269,0.00316382735036314,903.59765625,0.1445222645998,0.69646167755127,5.97306060791016,-95.9416427612305,3.65291998605244e-05,0.000611331954132766,0.0998486205935478,1,"Craugastor_omoaensis","Gymnopis_multiplicata",1,"generalist","specialist",NA,480,"carnivore",NA,0
-87.0595638729999,14.9786470350001,0.0138834621757269,0.00316382735036314,903.59765625,0.1445222645998,0.69646167755127,5.97306060791016,-95.9416427612305,3.65291998605244e-05,0.000611331954132766,0.0998486205935478,1,"Craugastor_omoaensis","Hyalinobatrachium_viridissimum",1,"specialist","",NA,NA,"",NA,0
-87.0595638729999,14.9786470350001,0.0138834621757269,0.00316382735036314,903.59765625,0.1445222645998,0.69646167755127,5.97306060791016,-95.9416427612305,3.65291998605244e-05,0.000611331954132766,0.0998486205935478,1,"Craugastor_omoaensis","Hypopachus_variolosus",1,"generalist","specialist",NA,53,"carnivore",NA,0
-87.0595638729999,14.9786470350001,0.0138834621757269,0.00316382735036314,903.59765625,0.1445222645998,0.69646167755127,5.97306060791016,-95.9416427612305,3.65291998605244e-05,0.000611331954132766,0.0998486205935478,1,"Craugastor_omoaensis","Incilius_valliceps",1,"specialist","",60,125,"",NA,0
-87.0595638729999,14.9786470350001,0.0138834621757269,0.00316382735036314,903.59765625,0.1445222645998,0.69646167755127,5.97306060791016,-95.9416427612305,3.65291998605244e-05,0.000611331954132766,0.0998486205935478,1,"Craugastor_omoaensis","Leptodactylus_fragilis",1,"generalist","",NA,43,"",NA,0
-87.0595638729999,14.9786470350001,0.0138834621757269,0.00316382735036314,903.59765625,0.1445222645998,0.69646167755127,5.97306060791016,-95.9416427612305,3.65291998605244e-05,0.000611331954132766,0.0998486205935478,1,"Craugastor_omoaensis","Leptodactylus_melanonotus",1,"generalist","",NA,58,"",NA,0
-87.0595638729999,14.9786470350001,0.0138834621757269,0.00316382735036314,903.59765625,0.1445222645998,0.69646167755127,5.97306060791016,-95.9416427612305,3.65291998605244e-05,0.000611331954132766,0.0998486205935478,1,"Craugastor_omoaensis","Lithobates_brownorum",1,"generalist","specialist",NA,NA,"",NA,0
-87.0595638729999,14.9786470350001,0.0138834621757269,0.00316382735036314,903.59765625,0.1445222645998,0.69646167755127,5.97306060791016,-95.9416427612305,3.65291998605244e-05,0.000611331954132766,0.0998486205935478,1,"Craugastor_omoaensis","Lithobates_maculatus",1,NA,NA,NA,NA,NA,NA,NA
-87.0595638729999,14.9786470350001,0.0138834621757269,0.00316382735036314,903.59765625,0.1445222645998,0.69646167755127,5.97306060791016,-95.9416427612305,3.65291998605244e-05,0.000611331954132766,0.0998486205935478,1,"Craugastor_omoaensis","Lithobates_vaillanti",1,NA,NA,NA,NA,NA,NA,NA
-87.0595638729999,14.9786470350001,0.0138834621757269,0.00316382735036314,903.59765625,0.1445222645998,0.69646167755127,5.97306060791016,-95.9416427612305,3.65291998605244e-05,0.000611331954132766,0.0998486205935478,1,"Craugastor_omoaensis","Ptychohyla_hypomykter",1,"generalist","",NA,44,"",NA,0
-87.0595638729999,14.9786470350001,0.0138834621757269,0.00316382735036314,903.59765625,0.1445222645998,0.69646167755127,5.97306060791016,-95.9416427612305,3.65291998605244e-05,0.000611331954132766,0.0998486205935478,1,"Craugastor_omoaensis","Rhinella_horribilis",1,"generalist","specialist",106.25,241,"",NA,0
-87.0595638729999,14.9786470350001,0.0138834621757269,0.00316382735036314,903.59765625,0.1445222645998,0.69646167755127,5.97306060791016,-95.9416427612305,3.65291998605244e-05,0.000611331954132766,0.0998486205935478,1,"Craugastor_omoaensis","Scinax_staufferi",1,"generalist","",29,32,"",NA,0
-87.0595638729999,14.9786470350001,0.0138834621757269,0.00316382735036314,903.59765625,0.1445222645998,0.69646167755127,5.97306060791016,-95.9416427612305,3.65291998605244e-05,0.000611331954132766,0.0998486205935478,1,"Craugastor_omoaensis","Smilisca_baudinii",1,"generalist","",NA,90,"",NA,0
-87.0595638729999,14.9786470350001,0.0138834621757269,0.00316382735036314,903.59765625,0.1445222645998,0.69646167755127,5.97306060791016,-95.9416427612305,3.65291998605244e-05,0.000611331954132766,0.0998486205935478,1,"Craugastor_omoaensis","Tlalocohyla_loquax",1,"generalist","",NA,77,"",NA,0
-87.0595638729999,14.9786470350001,0.0138834621757269,0.00316382735036314,903.59765625,0.1445222645998,0.69646167755127,5.97306060791016,-95.9416427612305,3.65291998605244e-05,0.000611331954132766,0.0998486205935478,1,"Craugastor_omoaensis","Trachycephalus_vermiculatus",1,"generalist","specialist",56.9,105,"",NA,0
-86.0595638729999,14.9786470350001,0.02451859600842,0.00263175158761442,735.613037109375,0.145752608776093,0.639470815658569,5.61206388473511,-73.0111770629883,6.3117795434664e-07,0.020183390006423,0.13478846848011,1,"Craugastor_omoaensis","Agalychnis_callidryas",1,"generalist","",12,77.2,"",NA,0
-86.0595638729999,14.9786470350001,0.02451859600842,0.00263175158761442,735.613037109375,0.145752608776093,0.639470815658569,5.61206388473511,-73.0111770629883,6.3117795434664e-07,0.020183390006423,0.13478846848011,1,"Craugastor_omoaensis","Bolitoglossa_mexicana",1,"specialist","specialist",NA,190,"carnivore",NA,0
-86.0595638729999,14.9786470350001,0.02451859600842,0.00263175158761442,735.613037109375,0.145752608776093,0.639470815658569,5.61206388473511,-73.0111770629883,6.3117795434664e-07,0.020183390006423,0.13478846848011,1,"Craugastor_omoaensis","Craugastor_laevissimus",1,"specialist","",NA,61,"",NA,0
-86.0595638729999,14.9786470350001,0.02451859600842,0.00263175158761442,735.613037109375,0.145752608776093,0.639470815658569,5.61206388473511,-73.0111770629883,6.3117795434664e-07,0.020183390006423,0.13478846848011,1,"Craugastor_omoaensis","Dendropsophus_microcephalus",1,"generalist","",28,32,"",NA,0
-86.0595638729999,14.9786470350001,0.02451859600842,0.00263175158761442,735.613037109375,0.145752608776093,0.639470815658569,5.61206388473511,-73.0111770629883,6.3117795434664e-07,0.020183390006423,0.13478846848011,1,"Craugastor_omoaensis","Engystomops_pustulosus",1,"generalist","",NA,48.2,"",NA,0
-86.0595638729999,14.9786470350001,0.02451859600842,0.00263175158761442,735.613037109375,0.145752608776093,0.639470815658569,5.61206388473511,-73.0111770629883,6.3117795434664e-07,0.020183390006423,0.13478846848011,1,"Craugastor_omoaensis","Gymnopis_multiplicata",1,"generalist","specialist",NA,480,"carnivore",NA,0
-86.0595638729999,14.9786470350001,0.02451859600842,0.00263175158761442,735.613037109375,0.145752608776093,0.639470815658569,5.61206388473511,-73.0111770629883,6.3117795434664e-07,0.020183390006423,0.13478846848011,1,"Craugastor_omoaensis","Hypopachus_variolosus",1,"generalist","specialist",NA,53,"carnivore",NA,0
-86.0595638729999,14.9786470350001,0.02451859600842,0.00263175158761442,735.613037109375,0.145752608776093,0.639470815658569,5.61206388473511,-73.0111770629883,6.3117795434664e-07,0.020183390006423,0.13478846848011,1,"Craugastor_omoaensis","Incilius_valliceps",1,"specialist","",60,125,"",NA,0
-86.0595638729999,14.9786470350001,0.02451859600842,0.00263175158761442,735.613037109375,0.145752608776093,0.639470815658569,5.61206388473511,-73.0111770629883,6.3117795434664e-07,0.020183390006423,0.13478846848011,1,"Craugastor_omoaensis","Leptodactylus_fragilis",1,"generalist","",NA,43,"",NA,0
-86.0595638729999,14.9786470350001,0.02451859600842,0.00263175158761442,735.613037109375,0.145752608776093,0.639470815658569,5.61206388473511,-73.0111770629883,6.3117795434664e-07,0.020183390006423,0.13478846848011,1,"Craugastor_omoaensis","Leptodactylus_melanonotus",1,"generalist","",NA,58,"",NA,0
-86.0595638729999,14.9786470350001,0.02451859600842,0.00263175158761442,735.613037109375,0.145752608776093,0.639470815658569,5.61206388473511,-73.0111770629883,6.3117795434664e-07,0.020183390006423,0.13478846848011,1,"Craugastor_omoaensis","Lithobates_brownorum",1,"generalist","specialist",NA,NA,"",NA,0
-86.0595638729999,14.9786470350001,0.02451859600842,0.00263175158761442,735.613037109375,0.145752608776093,0.639470815658569,5.61206388473511,-73.0111770629883,6.3117795434664e-07,0.020183390006423,0.13478846848011,1,"Craugastor_omoaensis","Lithobates_maculatus",1,NA,NA,NA,NA,NA,NA,NA
-86.0595638729999,14.9786470350001,0.02451859600842,0.00263175158761442,735.613037109375,0.145752608776093,0.639470815658569,5.61206388473511,-73.0111770629883,6.3117795434664e-07,0.020183390006423,0.13478846848011,1,"Craugastor_omoaensis","Lithobates_vaillanti",1,NA,NA,NA,NA,NA,NA,NA
-86.0595638729999,14.9786470350001,0.02451859600842,0.00263175158761442,735.613037109375,0.145752608776093,0.639470815658569,5.61206388473511,-73.0111770629883,6.3117795434664e-07,0.020183390006423,0.13478846848011,1,"Craugastor_omoaensis","Ptychohyla_hypomykter",1,"generalist","",NA,44,"",NA,0
-86.0595638729999,14.9786470350001,0.02451859600842,0.00263175158761442,735.613037109375,0.145752608776093,0.639470815658569,5.61206388473511,-73.0111770629883,6.3117795434664e-07,0.020183390006423,0.13478846848011,1,"Craugastor_omoaensis","Rhinella_horribilis",1,"generalist","specialist",106.25,241,"",NA,0
-86.0595638729999,14.9786470350001,0.02451859600842,0.00263175158761442,735.613037109375,0.145752608776093,0.639470815658569,5.61206388473511,-73.0111770629883,6.3117795434664e-07,0.020183390006423,0.13478846848011,1,"Craugastor_omoaensis","Scinax_staufferi",1,"generalist","",29,32,"",NA,0
-86.0595638729999,14.9786470350001,0.02451859600842,0.00263175158761442,735.613037109375,0.145752608776093,0.639470815658569,5.61206388473511,-73.0111770629883,6.3117795434664e-07,0.020183390006423,0.13478846848011,1,"Craugastor_omoaensis","Smilisca_baudinii",1,"generalist","",NA,90,"",NA,0
-86.0595638729999,14.9786470350001,0.02451859600842,0.00263175158761442,735.613037109375,0.145752608776093,0.639470815658569,5.61206388473511,-73.0111770629883,6.3117795434664e-07,0.020183390006423,0.13478846848011,1,"Craugastor_omoaensis","Tlalocohyla_loquax",1,"generalist","",NA,77,"",NA,0
-86.0595638729999,14.9786470350001,0.02451859600842,0.00263175158761442,735.613037109375,0.145752608776093,0.639470815658569,5.61206388473511,-73.0111770629883,6.3117795434664e-07,0.020183390006423,0.13478846848011,1,"Craugastor_omoaensis","Trachycephalus_vermiculatus",1,"generalist","specialist",56.9,105,"",NA,0
-85.0595638729999,14.9786470350001,0.0010936192702502,0.000150973311974667,325.976715087891,0.28585085272789,0.805143356323242,2.185382604599,-77.0820922851562,0,0.000367809028830379,0.812961578369141,1,"Craugastor_omoaensis","Agalychnis_callidryas",1,"generalist","",12,77.2,"",NA,0
-85.0595638729999,14.9786470350001,0.0010936192702502,0.000150973311974667,325.976715087891,0.28585085272789,0.805143356323242,2.185382604599,-77.0820922851562,0,0.000367809028830379,0.812961578369141,1,"Craugastor_omoaensis","Bolitoglossa_mexicana",1,"specialist","specialist",NA,190,"carnivore",NA,0
-85.0595638729999,14.9786470350001,0.0010936192702502,0.000150973311974667,325.976715087891,0.28585085272789,0.805143356323242,2.185382604599,-77.0820922851562,0,0.000367809028830379,0.812961578369141,1,"Craugastor_omoaensis","Craugastor_laevissimus",1,"specialist","",NA,61,"",NA,0
-85.0595638729999,14.9786470350001,0.0010936192702502,0.000150973311974667,325.976715087891,0.28585085272789,0.805143356323242,2.185382604599,-77.0820922851562,0,0.000367809028830379,0.812961578369141,1,"Craugastor_omoaensis","Dendropsophus_microcephalus",1,"generalist","",28,32,"",NA,0
-85.0595638729999,14.9786470350001,0.0010936192702502,0.000150973311974667,325.976715087891,0.28585085272789,0.805143356323242,2.185382604599,-77.0820922851562,0,0.000367809028830379,0.812961578369141,1,"Craugastor_omoaensis","Engystomops_pustulosus",1,"generalist","",NA,48.2,"",NA,0
-85.0595638729999,14.9786470350001,0.0010936192702502,0.000150973311974667,325.976715087891,0.28585085272789,0.805143356323242,2.185382604599,-77.0820922851562,0,0.000367809028830379,0.812961578369141,1,"Craugastor_omoaensis","Gymnopis_multiplicata",1,"generalist","specialist",NA,480,"carnivore",NA,0
-85.0595638729999,14.9786470350001,0.0010936192702502,0.000150973311974667,325.976715087891,0.28585085272789,0.805143356323242,2.185382604599,-77.0820922851562,0,0.000367809028830379,0.812961578369141,1,"Craugastor_omoaensis","Incilius_valliceps",1,"specialist","",60,125,"",NA,0
-85.0595638729999,14.9786470350001,0.0010936192702502,0.000150973311974667,325.976715087891,0.28585085272789,0.805143356323242,2.185382604599,-77.0820922851562,0,0.000367809028830379,0.812961578369141,1,"Craugastor_omoaensis","Leptodactylus_fragilis",1,"generalist","",NA,43,"",NA,0
-85.0595638729999,14.9786470350001,0.0010936192702502,0.000150973311974667,325.976715087891,0.28585085272789,0.805143356323242,2.185382604599,-77.0820922851562,0,0.000367809028830379,0.812961578369141,1,"Craugastor_omoaensis","Leptodactylus_melanonotus",1,"generalist","",NA,58,"",NA,0
-85.0595638729999,14.9786470350001,0.0010936192702502,0.000150973311974667,325.976715087891,0.28585085272789,0.805143356323242,2.185382604599,-77.0820922851562,0,0.000367809028830379,0.812961578369141,1,"Craugastor_omoaensis","Lithobates_brownorum",1,"generalist","specialist",NA,NA,"",NA,0
-85.0595638729999,14.9786470350001,0.0010936192702502,0.000150973311974667,325.976715087891,0.28585085272789,0.805143356323242,2.185382604599,-77.0820922851562,0,0.000367809028830379,0.812961578369141,1,"Craugastor_omoaensis","Lithobates_maculatus",1,NA,NA,NA,NA,NA,NA,NA
-85.0595638729999,14.9786470350001,0.0010936192702502,0.000150973311974667,325.976715087891,0.28585085272789,0.805143356323242,2.185382604599,-77.0820922851562,0,0.000367809028830379,0.812961578369141,1,"Craugastor_omoaensis","Lithobates_vaillanti",1,NA,NA,NA,NA,NA,NA,NA
-85.0595638729999,14.9786470350001,0.0010936192702502,0.000150973311974667,325.976715087891,0.28585085272789,0.805143356323242,2.185382604599,-77.0820922851562,0,0.000367809028830379,0.812961578369141,1,"Craugastor_omoaensis","Ptychohyla_hypomykter",1,"generalist","",NA,44,"",NA,0
-85.0595638729999,14.9786470350001,0.0010936192702502,0.000150973311974667,325.976715087891,0.28585085272789,0.805143356323242,2.185382604599,-77.0820922851562,0,0.000367809028830379,0.812961578369141,1,"Craugastor_omoaensis","Rhinella_horribilis",1,"generalist","specialist",106.25,241,"",NA,0
-85.0595638729999,14.9786470350001,0.0010936192702502,0.000150973311974667,325.976715087891,0.28585085272789,0.805143356323242,2.185382604599,-77.0820922851562,0,0.000367809028830379,0.812961578369141,1,"Craugastor_omoaensis","Scinax_staufferi",1,"generalist","",29,32,"",NA,0
-85.0595638729999,14.9786470350001,0.0010936192702502,0.000150973311974667,325.976715087891,0.28585085272789,0.805143356323242,2.185382604599,-77.0820922851562,0,0.000367809028830379,0.812961578369141,1,"Craugastor_omoaensis","Smilisca_baudinii",1,"generalist","",NA,90,"",NA,0
-85.0595638729999,14.9786470350001,0.0010936192702502,0.000150973311974667,325.976715087891,0.28585085272789,0.805143356323242,2.185382604599,-77.0820922851562,0,0.000367809028830379,0.812961578369141,1,"Craugastor_omoaensis","Tlalocohyla_loquax",1,"generalist","",NA,77,"",NA,0
-84.0595638729999,14.9786470350001,0.000367325992556289,0.000293140270514414,58.3242721557617,0.080859512090683,0.422023236751556,3.07983350753784,-514.886352539062,0,0,0.321666866540909,1,"Craugastor_omoaensis","Agalychnis_callidryas",1,"generalist","",12,77.2,"",NA,0
-84.0595638729999,14.9786470350001,0.000367325992556289,0.000293140270514414,58.3242721557617,0.080859512090683,0.422023236751556,3.07983350753784,-514.886352539062,0,0,0.321666866540909,1,"Craugastor_omoaensis","Bolitoglossa_mexicana",1,"specialist","specialist",NA,190,"carnivore",NA,0
-84.0595638729999,14.9786470350001,0.000367325992556289,0.000293140270514414,58.3242721557617,0.080859512090683,0.422023236751556,3.07983350753784,-514.886352539062,0,0,0.321666866540909,1,"Craugastor_omoaensis","Dendropsophus_microcephalus",1,"generalist","",28,32,"",NA,0
-84.0595638729999,14.9786470350001,0.000367325992556289,0.000293140270514414,58.3242721557617,0.080859512090683,0.422023236751556,3.07983350753784,-514.886352539062,0,0,0.321666866540909,1,"Craugastor_omoaensis","Gymnopis_multiplicata",1,"generalist","specialist",NA,480,"carnivore",NA,0
-84.0595638729999,14.9786470350001,0.000367325992556289,0.000293140270514414,58.3242721557617,0.080859512090683,0.422023236751556,3.07983350753784,-514.886352539062,0,0,0.321666866540909,1,"Craugastor_omoaensis","Incilius_valliceps",1,"specialist","",60,125,"",NA,0
-84.0595638729999,14.9786470350001,0.000367325992556289,0.000293140270514414,58.3242721557617,0.080859512090683,0.422023236751556,3.07983350753784,-514.886352539062,0,0,0.321666866540909,1,"Craugastor_omoaensis","Leptodactylus_fragilis",1,"generalist","",NA,43,"",NA,0
-84.0595638729999,14.9786470350001,0.000367325992556289,0.000293140270514414,58.3242721557617,0.080859512090683,0.422023236751556,3.07983350753784,-514.886352539062,0,0,0.321666866540909,1,"Craugastor_omoaensis","Leptodactylus_melanonotus",1,"generalist","",NA,58,"",NA,0
-84.0595638729999,14.9786470350001,0.000367325992556289,0.000293140270514414,58.3242721557617,0.080859512090683,0.422023236751556,3.07983350753784,-514.886352539062,0,0,0.321666866540909,1,"Craugastor_omoaensis","Lithobates_brownorum",1,"generalist","specialist",NA,NA,"",NA,0
-84.0595638729999,14.9786470350001,0.000367325992556289,0.000293140270514414,58.3242721557617,0.080859512090683,0.422023236751556,3.07983350753784,-514.886352539062,0,0,0.321666866540909,1,"Craugastor_omoaensis","Lithobates_vaillanti",1,NA,NA,NA,NA,NA,NA,NA
-84.0595638729999,14.9786470350001,0.000367325992556289,0.000293140270514414,58.3242721557617,0.080859512090683,0.422023236751556,3.07983350753784,-514.886352539062,0,0,0.321666866540909,1,"Craugastor_omoaensis","Rhinella_horribilis",1,"generalist","specialist",106.25,241,"",NA,0
-84.0595638729999,14.9786470350001,0.000367325992556289,0.000293140270514414,58.3242721557617,0.080859512090683,0.422023236751556,3.07983350753784,-514.886352539062,0,0,0.321666866540909,1,"Craugastor_omoaensis","Rhinophrynus_dorsalis",1,"specialist","specialist",90,89,"carnivore",NA,0
-84.0595638729999,14.9786470350001,0.000367325992556289,0.000293140270514414,58.3242721557617,0.080859512090683,0.422023236751556,3.07983350753784,-514.886352539062,0,0,0.321666866540909,1,"Craugastor_omoaensis","Scinax_staufferi",1,"generalist","",29,32,"",NA,0
-84.0595638729999,14.9786470350001,0.000367325992556289,0.000293140270514414,58.3242721557617,0.080859512090683,0.422023236751556,3.07983350753784,-514.886352539062,0,0,0.321666866540909,1,"Craugastor_omoaensis","Tlalocohyla_loquax",1,"generalist","",NA,77,"",NA,0
-83.0595638729999,14.9786470350001,2.7345440685167e-05,1.97276240214705e-05,11.7299242019653,0.0102838948369026,0.0437320284545422,0.913565754890442,-7515.39697265625,0,0,0.025637524202466,1,"Craugastor_omoaensis","Agalychnis_callidryas",1,"generalist","",12,77.2,"",NA,0
-83.0595638729999,14.9786470350001,2.7345440685167e-05,1.97276240214705e-05,11.7299242019653,0.0102838948369026,0.0437320284545422,0.913565754890442,-7515.39697265625,0,0,0.025637524202466,1,"Craugastor_omoaensis","Dendropsophus_microcephalus",1,"generalist","",28,32,"",NA,0
-83.0595638729999,14.9786470350001,2.7345440685167e-05,1.97276240214705e-05,11.7299242019653,0.0102838948369026,0.0437320284545422,0.913565754890442,-7515.39697265625,0,0,0.025637524202466,1,"Craugastor_omoaensis","Gymnopis_multiplicata",1,"generalist","specialist",NA,480,"carnivore",NA,0
-83.0595638729999,14.9786470350001,2.7345440685167e-05,1.97276240214705e-05,11.7299242019653,0.0102838948369026,0.0437320284545422,0.913565754890442,-7515.39697265625,0,0,0.025637524202466,1,"Craugastor_omoaensis","Incilius_valliceps",1,"specialist","",60,125,"",NA,0
-83.0595638729999,14.9786470350001,2.7345440685167e-05,1.97276240214705e-05,11.7299242019653,0.0102838948369026,0.0437320284545422,0.913565754890442,-7515.39697265625,0,0,0.025637524202466,1,"Craugastor_omoaensis","Leptodactylus_fragilis",1,"generalist","",NA,43,"",NA,0
-83.0595638729999,14.9786470350001,2.7345440685167e-05,1.97276240214705e-05,11.7299242019653,0.0102838948369026,0.0437320284545422,0.913565754890442,-7515.39697265625,0,0,0.025637524202466,1,"Craugastor_omoaensis","Lithobates_brownorum",1,"generalist","specialist",NA,NA,"",NA,0
-83.0595638729999,14.9786470350001,2.7345440685167e-05,1.97276240214705e-05,11.7299242019653,0.0102838948369026,0.0437320284545422,0.913565754890442,-7515.39697265625,0,0,0.025637524202466,1,"Craugastor_omoaensis","Lithobates_vaillanti",1,NA,NA,NA,NA,NA,NA,NA
-83.0595638729999,14.9786470350001,2.7345440685167e-05,1.97276240214705e-05,11.7299242019653,0.0102838948369026,0.0437320284545422,0.913565754890442,-7515.39697265625,0,0,0.025637524202466,1,"Craugastor_omoaensis","Rhinella_horribilis",1,"generalist","specialist",106.25,241,"",NA,0
-83.0595638729999,14.9786470350001,2.7345440685167e-05,1.97276240214705e-05,11.7299242019653,0.0102838948369026,0.0437320284545422,0.913565754890442,-7515.39697265625,0,0,0.025637524202466,1,"Craugastor_omoaensis","Scinax_staufferi",1,"generalist","",29,32,"",NA,0
-92.0595638729999,13.9786470350001,0.0693592429161072,0.00142934545874596,63.2479858398438,0.00292074587196112,0.0666314512491226,1.30106973648071,-8415.85546875,0.000277085317065939,0.0411618202924728,0.014116688631475,1,"Craugastor_omoaensis","Engystomops_pustulosus",1,"generalist","",NA,48.2,"",NA,0
-92.0595638729999,13.9786470350001,0.0693592429161072,0.00142934545874596,63.2479858398438,0.00292074587196112,0.0666314512491226,1.30106973648071,-8415.85546875,0.000277085317065939,0.0411618202924728,0.014116688631475,1,"Craugastor_omoaensis","Hypopachus_variolosus",1,"generalist","specialist",NA,53,"carnivore",NA,0
-92.0595638729999,13.9786470350001,0.0693592429161072,0.00142934545874596,63.2479858398438,0.00292074587196112,0.0666314512491226,1.30106973648071,-8415.85546875,0.000277085317065939,0.0411618202924728,0.014116688631475,1,"Craugastor_omoaensis","Incilius_valliceps",1,"specialist","",60,125,"",NA,0
-92.0595638729999,13.9786470350001,0.0693592429161072,0.00142934545874596,63.2479858398438,0.00292074587196112,0.0666314512491226,1.30106973648071,-8415.85546875,0.000277085317065939,0.0411618202924728,0.014116688631475,1,"Craugastor_omoaensis","Leptodactylus_fragilis",1,"generalist","",NA,43,"",NA,0
-92.0595638729999,13.9786470350001,0.0693592429161072,0.00142934545874596,63.2479858398438,0.00292074587196112,0.0666314512491226,1.30106973648071,-8415.85546875,0.000277085317065939,0.0411618202924728,0.014116688631475,1,"Craugastor_omoaensis","Leptodactylus_melanonotus",1,"generalist","",NA,58,"",NA,0
-92.0595638729999,13.9786470350001,0.0693592429161072,0.00142934545874596,63.2479858398438,0.00292074587196112,0.0666314512491226,1.30106973648071,-8415.85546875,0.000277085317065939,0.0411618202924728,0.014116688631475,1,"Craugastor_omoaensis","Lithobates_maculatus",1,NA,NA,NA,NA,NA,NA,NA
-92.0595638729999,13.9786470350001,0.0693592429161072,0.00142934545874596,63.2479858398438,0.00292074587196112,0.0666314512491226,1.30106973648071,-8415.85546875,0.000277085317065939,0.0411618202924728,0.014116688631475,1,"Craugastor_omoaensis","Rhinella_horribilis",1,"generalist","specialist",106.25,241,"",NA,0
-92.0595638729999,13.9786470350001,0.0693592429161072,0.00142934545874596,63.2479858398438,0.00292074587196112,0.0666314512491226,1.30106973648071,-8415.85546875,0.000277085317065939,0.0411618202924728,0.014116688631475,1,"Craugastor_omoaensis","Rhinophrynus_dorsalis",1,"specialist","specialist",90,89,"carnivore",NA,0
-92.0595638729999,13.9786470350001,0.0693592429161072,0.00142934545874596,63.2479858398438,0.00292074587196112,0.0666314512491226,1.30106973648071,-8415.85546875,0.000277085317065939,0.0411618202924728,0.014116688631475,1,"Craugastor_omoaensis","Scinax_staufferi",1,"generalist","",29,32,"",NA,0
-92.0595638729999,13.9786470350001,0.0693592429161072,0.00142934545874596,63.2479858398438,0.00292074587196112,0.0666314512491226,1.30106973648071,-8415.85546875,0.000277085317065939,0.0411618202924728,0.014116688631475,1,"Craugastor_omoaensis","Smilisca_baudinii",1,"generalist","",NA,90,"",NA,0
-92.0595638729999,13.9786470350001,0.0693592429161072,0.00142934545874596,63.2479858398438,0.00292074587196112,0.0666314512491226,1.30106973648071,-8415.85546875,0.000277085317065939,0.0411618202924728,0.014116688631475,1,"Craugastor_omoaensis","Trachycephalus_vermiculatus",1,"generalist","specialist",56.9,105,"",NA,0
-91.0595638729999,13.9786470350001,0.139004185795784,0.00781313888728619,261.797241210938,0.0267409849911928,0.257871866226196,6.84211349487305,-4558.4453125,0.000455313071142882,0.243581995368004,0.0378213338553905,1,"Craugastor_omoaensis","Engystomops_pustulosus",1,"generalist","",NA,48.2,"",NA,0
-91.0595638729999,13.9786470350001,0.139004185795784,0.00781313888728619,261.797241210938,0.0267409849911928,0.257871866226196,6.84211349487305,-4558.4453125,0.000455313071142882,0.243581995368004,0.0378213338553905,1,"Craugastor_omoaensis","Hypopachus_variolosus",1,"generalist","specialist",NA,53,"carnivore",NA,0
-91.0595638729999,13.9786470350001,0.139004185795784,0.00781313888728619,261.797241210938,0.0267409849911928,0.257871866226196,6.84211349487305,-4558.4453125,0.000455313071142882,0.243581995368004,0.0378213338553905,1,"Craugastor_omoaensis","Incilius_valliceps",1,"specialist","",60,125,"",NA,0
-91.0595638729999,13.9786470350001,0.139004185795784,0.00781313888728619,261.797241210938,0.0267409849911928,0.257871866226196,6.84211349487305,-4558.4453125,0.000455313071142882,0.243581995368004,0.0378213338553905,1,"Craugastor_omoaensis","Leptodactylus_fragilis",1,"generalist","",NA,43,"",NA,0
-91.0595638729999,13.9786470350001,0.139004185795784,0.00781313888728619,261.797241210938,0.0267409849911928,0.257871866226196,6.84211349487305,-4558.4453125,0.000455313071142882,0.243581995368004,0.0378213338553905,1,"Craugastor_omoaensis","Leptodactylus_melanonotus",1,"generalist","",NA,58,"",NA,0
-91.0595638729999,13.9786470350001,0.139004185795784,0.00781313888728619,261.797241210938,0.0267409849911928,0.257871866226196,6.84211349487305,-4558.4453125,0.000455313071142882,0.243581995368004,0.0378213338553905,1,"Craugastor_omoaensis","Lithobates_maculatus",1,NA,NA,NA,NA,NA,NA,NA
-91.0595638729999,13.9786470350001,0.139004185795784,0.00781313888728619,261.797241210938,0.0267409849911928,0.257871866226196,6.84211349487305,-4558.4453125,0.000455313071142882,0.243581995368004,0.0378213338553905,1,"Craugastor_omoaensis","Rhinella_horribilis",1,"generalist","specialist",106.25,241,"",NA,0
-91.0595638729999,13.9786470350001,0.139004185795784,0.00781313888728619,261.797241210938,0.0267409849911928,0.257871866226196,6.84211349487305,-4558.4453125,0.000455313071142882,0.243581995368004,0.0378213338553905,1,"Craugastor_omoaensis","Rhinophrynus_dorsalis",1,"specialist","specialist",90,89,"carnivore",NA,0
-91.0595638729999,13.9786470350001,0.139004185795784,0.00781313888728619,261.797241210938,0.0267409849911928,0.257871866226196,6.84211349487305,-4558.4453125,0.000455313071142882,0.243581995368004,0.0378213338553905,1,"Craugastor_omoaensis","Scinax_staufferi",1,"generalist","",29,32,"",NA,0
-91.0595638729999,13.9786470350001,0.139004185795784,0.00781313888728619,261.797241210938,0.0267409849911928,0.257871866226196,6.84211349487305,-4558.4453125,0.000455313071142882,0.243581995368004,0.0378213338553905,1,"Craugastor_omoaensis","Smilisca_baudinii",1,"generalist","",NA,90,"",NA,0
-91.0595638729999,13.9786470350001,0.139004185795784,0.00781313888728619,261.797241210938,0.0267409849911928,0.257871866226196,6.84211349487305,-4558.4453125,0.000455313071142882,0.243581995368004,0.0378213338553905,1,"Craugastor_omoaensis","Trachycephalus_vermiculatus",1,"generalist","specialist",56.9,105,"",NA,0
-90.0595638729999,13.9786470350001,0.0565835200250149,0.0104004209861159,685.8466796875,0.0360919497907162,0.424745589494705,9.26773452758789,-2131.10375976562,0.000181383642484434,0.098244920372963,0.0853665694594383,1,"Craugastor_omoaensis","Engystomops_pustulosus",1,"generalist","",NA,48.2,"",NA,0
-90.0595638729999,13.9786470350001,0.0565835200250149,0.0104004209861159,685.8466796875,0.0360919497907162,0.424745589494705,9.26773452758789,-2131.10375976562,0.000181383642484434,0.098244920372963,0.0853665694594383,1,"Craugastor_omoaensis","Hypopachus_variolosus",1,"generalist","specialist",NA,53,"carnivore",NA,0
-90.0595638729999,13.9786470350001,0.0565835200250149,0.0104004209861159,685.8466796875,0.0360919497907162,0.424745589494705,9.26773452758789,-2131.10375976562,0.000181383642484434,0.098244920372963,0.0853665694594383,1,"Craugastor_omoaensis","Incilius_valliceps",1,"specialist","",60,125,"",NA,0
-90.0595638729999,13.9786470350001,0.0565835200250149,0.0104004209861159,685.8466796875,0.0360919497907162,0.424745589494705,9.26773452758789,-2131.10375976562,0.000181383642484434,0.098244920372963,0.0853665694594383,1,"Craugastor_omoaensis","Leptodactylus_fragilis",1,"generalist","",NA,43,"",NA,0
-90.0595638729999,13.9786470350001,0.0565835200250149,0.0104004209861159,685.8466796875,0.0360919497907162,0.424745589494705,9.26773452758789,-2131.10375976562,0.000181383642484434,0.098244920372963,0.0853665694594383,1,"Craugastor_omoaensis","Leptodactylus_melanonotus",1,"generalist","",NA,58,"",NA,0
-90.0595638729999,13.9786470350001,0.0565835200250149,0.0104004209861159,685.8466796875,0.0360919497907162,0.424745589494705,9.26773452758789,-2131.10375976562,0.000181383642484434,0.098244920372963,0.0853665694594383,1,"Craugastor_omoaensis","Lithobates_maculatus",1,NA,NA,NA,NA,NA,NA,NA
-90.0595638729999,13.9786470350001,0.0565835200250149,0.0104004209861159,685.8466796875,0.0360919497907162,0.424745589494705,9.26773452758789,-2131.10375976562,0.000181383642484434,0.098244920372963,0.0853665694594383,1,"Craugastor_omoaensis","Rhinella_horribilis",1,"generalist","specialist",106.25,241,"",NA,0
-90.0595638729999,13.9786470350001,0.0565835200250149,0.0104004209861159,685.8466796875,0.0360919497907162,0.424745589494705,9.26773452758789,-2131.10375976562,0.000181383642484434,0.098244920372963,0.0853665694594383,1,"Craugastor_omoaensis","Rhinophrynus_dorsalis",1,"specialist","specialist",90,89,"carnivore",NA,0
-90.0595638729999,13.9786470350001,0.0565835200250149,0.0104004209861159,685.8466796875,0.0360919497907162,0.424745589494705,9.26773452758789,-2131.10375976562,0.000181383642484434,0.098244920372963,0.0853665694594383,1,"Craugastor_omoaensis","Scinax_staufferi",1,"generalist","",29,32,"",NA,0
-90.0595638729999,13.9786470350001,0.0565835200250149,0.0104004209861159,685.8466796875,0.0360919497907162,0.424745589494705,9.26773452758789,-2131.10375976562,0.000181383642484434,0.098244920372963,0.0853665694594383,1,"Craugastor_omoaensis","Smilisca_baudinii",1,"generalist","",NA,90,"",NA,0
-90.0595638729999,13.9786470350001,0.0565835200250149,0.0104004209861159,685.8466796875,0.0360919497907162,0.424745589494705,9.26773452758789,-2131.10375976562,0.000181383642484434,0.098244920372963,0.0853665694594383,1,"Craugastor_omoaensis","Trachycephalus_vermiculatus",1,"generalist","specialist",56.9,105,"",NA,0
-89.0595638729999,13.9786470350001,0.0331320986151695,0.0187190137803555,654.992248535156,0.0497860684990883,0.611559629440308,13.281102180481,-44.3917350769043,0.0250592138618231,0.085229903459549,0.0627435445785522,1,"Craugastor_omoaensis","Bolitoglossa_mexicana",1,"specialist","specialist",NA,190,"carnivore",NA,0
-89.0595638729999,13.9786470350001,0.0331320986151695,0.0187190137803555,654.992248535156,0.0497860684990883,0.611559629440308,13.281102180481,-44.3917350769043,0.0250592138618231,0.085229903459549,0.0627435445785522,1,"Craugastor_omoaensis","Dendropsophus_microcephalus",1,"generalist","",28,32,"",NA,0
-89.0595638729999,13.9786470350001,0.0331320986151695,0.0187190137803555,654.992248535156,0.0497860684990883,0.611559629440308,13.281102180481,-44.3917350769043,0.0250592138618231,0.085229903459549,0.0627435445785522,1,"Craugastor_omoaensis","Engystomops_pustulosus",1,"generalist","",NA,48.2,"",NA,0
-89.0595638729999,13.9786470350001,0.0331320986151695,0.0187190137803555,654.992248535156,0.0497860684990883,0.611559629440308,13.281102180481,-44.3917350769043,0.0250592138618231,0.085229903459549,0.0627435445785522,1,"Craugastor_omoaensis","Hypopachus_variolosus",1,"generalist","specialist",NA,53,"carnivore",NA,0
-89.0595638729999,13.9786470350001,0.0331320986151695,0.0187190137803555,654.992248535156,0.0497860684990883,0.611559629440308,13.281102180481,-44.3917350769043,0.0250592138618231,0.085229903459549,0.0627435445785522,1,"Craugastor_omoaensis","Leptodactylus_fragilis",1,"generalist","",NA,43,"",NA,0
-89.0595638729999,13.9786470350001,0.0331320986151695,0.0187190137803555,654.992248535156,0.0497860684990883,0.611559629440308,13.281102180481,-44.3917350769043,0.0250592138618231,0.085229903459549,0.0627435445785522,1,"Craugastor_omoaensis","Leptodactylus_melanonotus",1,"generalist","",NA,58,"",NA,0
-89.0595638729999,13.9786470350001,0.0331320986151695,0.0187190137803555,654.992248535156,0.0497860684990883,0.611559629440308,13.281102180481,-44.3917350769043,0.0250592138618231,0.085229903459549,0.0627435445785522,1,"Craugastor_omoaensis","Lithobates_maculatus",1,NA,NA,NA,NA,NA,NA,NA
-89.0595638729999,13.9786470350001,0.0331320986151695,0.0187190137803555,654.992248535156,0.0497860684990883,0.611559629440308,13.281102180481,-44.3917350769043,0.0250592138618231,0.085229903459549,0.0627435445785522,1,"Craugastor_omoaensis","Rhinella_horribilis",1,"generalist","specialist",106.25,241,"",NA,0
-89.0595638729999,13.9786470350001,0.0331320986151695,0.0187190137803555,654.992248535156,0.0497860684990883,0.611559629440308,13.281102180481,-44.3917350769043,0.0250592138618231,0.085229903459549,0.0627435445785522,1,"Craugastor_omoaensis","Rhinophrynus_dorsalis",1,"specialist","specialist",90,89,"carnivore",NA,0
-89.0595638729999,13.9786470350001,0.0331320986151695,0.0187190137803555,654.992248535156,0.0497860684990883,0.611559629440308,13.281102180481,-44.3917350769043,0.0250592138618231,0.085229903459549,0.0627435445785522,1,"Craugastor_omoaensis","Scinax_staufferi",1,"generalist","",29,32,"",NA,0
-89.0595638729999,13.9786470350001,0.0331320986151695,0.0187190137803555,654.992248535156,0.0497860684990883,0.611559629440308,13.281102180481,-44.3917350769043,0.0250592138618231,0.085229903459549,0.0627435445785522,1,"Craugastor_omoaensis","Smilisca_baudinii",1,"generalist","",NA,90,"",NA,0
-89.0595638729999,13.9786470350001,0.0331320986151695,0.0187190137803555,654.992248535156,0.0497860684990883,0.611559629440308,13.281102180481,-44.3917350769043,0.0250592138618231,0.085229903459549,0.0627435445785522,1,"Craugastor_omoaensis","Trachycephalus_vermiculatus",1,"generalist","specialist",56.9,105,"",NA,0
-88.0595638729999,13.9786470350001,0.0144568551331758,0.00795133411884308,805.193176269531,0.060440681874752,0.617942452430725,10.1652755737305,30.1747875213623,0.003797413315624,0.0272707901895046,0.0297813359647989,1,"Craugastor_omoaensis","Bolitoglossa_mexicana",1,"specialist","specialist",NA,190,"carnivore",NA,0
-88.0595638729999,13.9786470350001,0.0144568551331758,0.00795133411884308,805.193176269531,0.060440681874752,0.617942452430725,10.1652755737305,30.1747875213623,0.003797413315624,0.0272707901895046,0.0297813359647989,1,"Craugastor_omoaensis","Craugastor_laevissimus",1,"specialist","",NA,61,"",NA,0
-88.0595638729999,13.9786470350001,0.0144568551331758,0.00795133411884308,805.193176269531,0.060440681874752,0.617942452430725,10.1652755737305,30.1747875213623,0.003797413315624,0.0272707901895046,0.0297813359647989,1,"Craugastor_omoaensis","Dendropsophus_microcephalus",1,"generalist","",28,32,"",NA,0
-88.0595638729999,13.9786470350001,0.0144568551331758,0.00795133411884308,805.193176269531,0.060440681874752,0.617942452430725,10.1652755737305,30.1747875213623,0.003797413315624,0.0272707901895046,0.0297813359647989,1,"Craugastor_omoaensis","Engystomops_pustulosus",1,"generalist","",NA,48.2,"",NA,0
-88.0595638729999,13.9786470350001,0.0144568551331758,0.00795133411884308,805.193176269531,0.060440681874752,0.617942452430725,10.1652755737305,30.1747875213623,0.003797413315624,0.0272707901895046,0.0297813359647989,1,"Craugastor_omoaensis","Hypopachus_variolosus",1,"generalist","specialist",NA,53,"carnivore",NA,0
-88.0595638729999,13.9786470350001,0.0144568551331758,0.00795133411884308,805.193176269531,0.060440681874752,0.617942452430725,10.1652755737305,30.1747875213623,0.003797413315624,0.0272707901895046,0.0297813359647989,1,"Craugastor_omoaensis","Incilius_valliceps",1,"specialist","",60,125,"",NA,0
-88.0595638729999,13.9786470350001,0.0144568551331758,0.00795133411884308,805.193176269531,0.060440681874752,0.617942452430725,10.1652755737305,30.1747875213623,0.003797413315624,0.0272707901895046,0.0297813359647989,1,"Craugastor_omoaensis","Leptodactylus_fragilis",1,"generalist","",NA,43,"",NA,0
-88.0595638729999,13.9786470350001,0.0144568551331758,0.00795133411884308,805.193176269531,0.060440681874752,0.617942452430725,10.1652755737305,30.1747875213623,0.003797413315624,0.0272707901895046,0.0297813359647989,1,"Craugastor_omoaensis","Leptodactylus_melanonotus",1,"generalist","",NA,58,"",NA,0
-88.0595638729999,13.9786470350001,0.0144568551331758,0.00795133411884308,805.193176269531,0.060440681874752,0.617942452430725,10.1652755737305,30.1747875213623,0.003797413315624,0.0272707901895046,0.0297813359647989,1,"Craugastor_omoaensis","Lithobates_brownorum",1,"generalist","specialist",NA,NA,"",NA,0
-88.0595638729999,13.9786470350001,0.0144568551331758,0.00795133411884308,805.193176269531,0.060440681874752,0.617942452430725,10.1652755737305,30.1747875213623,0.003797413315624,0.0272707901895046,0.0297813359647989,1,"Craugastor_omoaensis","Lithobates_maculatus",1,NA,NA,NA,NA,NA,NA,NA
-88.0595638729999,13.9786470350001,0.0144568551331758,0.00795133411884308,805.193176269531,0.060440681874752,0.617942452430725,10.1652755737305,30.1747875213623,0.003797413315624,0.0272707901895046,0.0297813359647989,1,"Craugastor_omoaensis","Ptychohyla_hypomykter",1,"generalist","",NA,44,"",NA,0
-88.0595638729999,13.9786470350001,0.0144568551331758,0.00795133411884308,805.193176269531,0.060440681874752,0.617942452430725,10.1652755737305,30.1747875213623,0.003797413315624,0.0272707901895046,0.0297813359647989,1,"Craugastor_omoaensis","Rhinella_horribilis",1,"generalist","specialist",106.25,241,"",NA,0
-88.0595638729999,13.9786470350001,0.0144568551331758,0.00795133411884308,805.193176269531,0.060440681874752,0.617942452430725,10.1652755737305,30.1747875213623,0.003797413315624,0.0272707901895046,0.0297813359647989,1,"Craugastor_omoaensis","Rhinophrynus_dorsalis",1,"specialist","specialist",90,89,"carnivore",NA,0
-88.0595638729999,13.9786470350001,0.0144568551331758,0.00795133411884308,805.193176269531,0.060440681874752,0.617942452430725,10.1652755737305,30.1747875213623,0.003797413315624,0.0272707901895046,0.0297813359647989,1,"Craugastor_omoaensis","Scinax_staufferi",1,"generalist","",29,32,"",NA,0
-88.0595638729999,13.9786470350001,0.0144568551331758,0.00795133411884308,805.193176269531,0.060440681874752,0.617942452430725,10.1652755737305,30.1747875213623,0.003797413315624,0.0272707901895046,0.0297813359647989,1,"Craugastor_omoaensis","Smilisca_baudinii",1,"generalist","",NA,90,"",NA,0
-88.0595638729999,13.9786470350001,0.0144568551331758,0.00795133411884308,805.193176269531,0.060440681874752,0.617942452430725,10.1652755737305,30.1747875213623,0.003797413315624,0.0272707901895046,0.0297813359647989,1,"Craugastor_omoaensis","Trachycephalus_vermiculatus",1,"generalist","specialist",56.9,105,"",NA,0
-87.0595638729999,13.9786470350001,0.0177720226347446,0.0113775506615639,911.253784179688,0.0733687505125999,0.614116907119751,9.32888317108154,30.0375118255615,0.00841290038079023,0.00381003669463098,0.0475975312292576,1,"Craugastor_omoaensis","Agalychnis_callidryas",1,"generalist","",12,77.2,"",NA,0
-87.0595638729999,13.9786470350001,0.0177720226347446,0.0113775506615639,911.253784179688,0.0733687505125999,0.614116907119751,9.32888317108154,30.0375118255615,0.00841290038079023,0.00381003669463098,0.0475975312292576,1,"Craugastor_omoaensis","Bolitoglossa_mexicana",1,"specialist","specialist",NA,190,"carnivore",NA,0
-87.0595638729999,13.9786470350001,0.0177720226347446,0.0113775506615639,911.253784179688,0.0733687505125999,0.614116907119751,9.32888317108154,30.0375118255615,0.00841290038079023,0.00381003669463098,0.0475975312292576,1,"Craugastor_omoaensis","Craugastor_laevissimus",1,"specialist","",NA,61,"",NA,0
-87.0595638729999,13.9786470350001,0.0177720226347446,0.0113775506615639,911.253784179688,0.0733687505125999,0.614116907119751,9.32888317108154,30.0375118255615,0.00841290038079023,0.00381003669463098,0.0475975312292576,1,"Craugastor_omoaensis","Dendropsophus_microcephalus",1,"generalist","",28,32,"",NA,0
-87.0595638729999,13.9786470350001,0.0177720226347446,0.0113775506615639,911.253784179688,0.0733687505125999,0.614116907119751,9.32888317108154,30.0375118255615,0.00841290038079023,0.00381003669463098,0.0475975312292576,1,"Craugastor_omoaensis","Engystomops_pustulosus",1,"generalist","",NA,48.2,"",NA,0
-87.0595638729999,13.9786470350001,0.0177720226347446,0.0113775506615639,911.253784179688,0.0733687505125999,0.614116907119751,9.32888317108154,30.0375118255615,0.00841290038079023,0.00381003669463098,0.0475975312292576,1,"Craugastor_omoaensis","Hypopachus_variolosus",1,"generalist","specialist",NA,53,"carnivore",NA,0
-87.0595638729999,13.9786470350001,0.0177720226347446,0.0113775506615639,911.253784179688,0.0733687505125999,0.614116907119751,9.32888317108154,30.0375118255615,0.00841290038079023,0.00381003669463098,0.0475975312292576,1,"Craugastor_omoaensis","Incilius_valliceps",1,"specialist","",60,125,"",NA,0
-87.0595638729999,13.9786470350001,0.0177720226347446,0.0113775506615639,911.253784179688,0.0733687505125999,0.614116907119751,9.32888317108154,30.0375118255615,0.00841290038079023,0.00381003669463098,0.0475975312292576,1,"Craugastor_omoaensis","Leptodactylus_fragilis",1,"generalist","",NA,43,"",NA,0
-87.0595638729999,13.9786470350001,0.0177720226347446,0.0113775506615639,911.253784179688,0.0733687505125999,0.614116907119751,9.32888317108154,30.0375118255615,0.00841290038079023,0.00381003669463098,0.0475975312292576,1,"Craugastor_omoaensis","Leptodactylus_melanonotus",1,"generalist","",NA,58,"",NA,0
-87.0595638729999,13.9786470350001,0.0177720226347446,0.0113775506615639,911.253784179688,0.0733687505125999,0.614116907119751,9.32888317108154,30.0375118255615,0.00841290038079023,0.00381003669463098,0.0475975312292576,1,"Craugastor_omoaensis","Lithobates_brownorum",1,"generalist","specialist",NA,NA,"",NA,0
-87.0595638729999,13.9786470350001,0.0177720226347446,0.0113775506615639,911.253784179688,0.0733687505125999,0.614116907119751,9.32888317108154,30.0375118255615,0.00841290038079023,0.00381003669463098,0.0475975312292576,1,"Craugastor_omoaensis","Lithobates_maculatus",1,NA,NA,NA,NA,NA,NA,NA
-87.0595638729999,13.9786470350001,0.0177720226347446,0.0113775506615639,911.253784179688,0.0733687505125999,0.614116907119751,9.32888317108154,30.0375118255615,0.00841290038079023,0.00381003669463098,0.0475975312292576,1,"Craugastor_omoaensis","Lithobates_vaillanti",1,NA,NA,NA,NA,NA,NA,NA
-87.0595638729999,13.9786470350001,0.0177720226347446,0.0113775506615639,911.253784179688,0.0733687505125999,0.614116907119751,9.32888317108154,30.0375118255615,0.00841290038079023,0.00381003669463098,0.0475975312292576,1,"Craugastor_omoaensis","Ptychohyla_hypomykter",1,"generalist","",NA,44,"",NA,0
-87.0595638729999,13.9786470350001,0.0177720226347446,0.0113775506615639,911.253784179688,0.0733687505125999,0.614116907119751,9.32888317108154,30.0375118255615,0.00841290038079023,0.00381003669463098,0.0475975312292576,1,"Craugastor_omoaensis","Rhinella_horribilis",1,"generalist","specialist",106.25,241,"",NA,0
-87.0595638729999,13.9786470350001,0.0177720226347446,0.0113775506615639,911.253784179688,0.0733687505125999,0.614116907119751,9.32888317108154,30.0375118255615,0.00841290038079023,0.00381003669463098,0.0475975312292576,1,"Craugastor_omoaensis","Scinax_staufferi",1,"generalist","",29,32,"",NA,0
-87.0595638729999,13.9786470350001,0.0177720226347446,0.0113775506615639,911.253784179688,0.0733687505125999,0.614116907119751,9.32888317108154,30.0375118255615,0.00841290038079023,0.00381003669463098,0.0475975312292576,1,"Craugastor_omoaensis","Smilisca_baudinii",1,"generalist","",NA,90,"",NA,0
-87.0595638729999,13.9786470350001,0.0177720226347446,0.0113775506615639,911.253784179688,0.0733687505125999,0.614116907119751,9.32888317108154,30.0375118255615,0.00841290038079023,0.00381003669463098,0.0475975312292576,1,"Craugastor_omoaensis","Tlalocohyla_loquax",1,"generalist","",NA,77,"",NA,0
-87.0595638729999,13.9786470350001,0.0177720226347446,0.0113775506615639,911.253784179688,0.0733687505125999,0.614116907119751,9.32888317108154,30.0375118255615,0.00841290038079023,0.00381003669463098,0.0475975312292576,1,"Craugastor_omoaensis","Trachycephalus_vermiculatus",1,"generalist","specialist",56.9,105,"",NA,0
-86.0595638729999,13.9786470350001,0.0134984189644456,0.00220611924305558,725.909118652344,0.114168152213097,0.641395092010498,8.20296478271484,29.9773006439209,0.000152201799210161,0.00381731661036611,0.0587174147367477,1,"Craugastor_omoaensis","Agalychnis_callidryas",1,"generalist","",12,77.2,"",NA,0
-86.0595638729999,13.9786470350001,0.0134984189644456,0.00220611924305558,725.909118652344,0.114168152213097,0.641395092010498,8.20296478271484,29.9773006439209,0.000152201799210161,0.00381731661036611,0.0587174147367477,1,"Craugastor_omoaensis","Bolitoglossa_mexicana",1,"specialist","specialist",NA,190,"carnivore",NA,0
-86.0595638729999,13.9786470350001,0.0134984189644456,0.00220611924305558,725.909118652344,0.114168152213097,0.641395092010498,8.20296478271484,29.9773006439209,0.000152201799210161,0.00381731661036611,0.0587174147367477,1,"Craugastor_omoaensis","Craugastor_laevissimus",1,"specialist","",NA,61,"",NA,0
-86.0595638729999,13.9786470350001,0.0134984189644456,0.00220611924305558,725.909118652344,0.114168152213097,0.641395092010498,8.20296478271484,29.9773006439209,0.000152201799210161,0.00381731661036611,0.0587174147367477,1,"Craugastor_omoaensis","Dendropsophus_microcephalus",1,"generalist","",28,32,"",NA,0
-86.0595638729999,13.9786470350001,0.0134984189644456,0.00220611924305558,725.909118652344,0.114168152213097,0.641395092010498,8.20296478271484,29.9773006439209,0.000152201799210161,0.00381731661036611,0.0587174147367477,1,"Craugastor_omoaensis","Engystomops_pustulosus",1,"generalist","",NA,48.2,"",NA,0
-86.0595638729999,13.9786470350001,0.0134984189644456,0.00220611924305558,725.909118652344,0.114168152213097,0.641395092010498,8.20296478271484,29.9773006439209,0.000152201799210161,0.00381731661036611,0.0587174147367477,1,"Craugastor_omoaensis","Gymnopis_multiplicata",1,"generalist","specialist",NA,480,"carnivore",NA,0
-86.0595638729999,13.9786470350001,0.0134984189644456,0.00220611924305558,725.909118652344,0.114168152213097,0.641395092010498,8.20296478271484,29.9773006439209,0.000152201799210161,0.00381731661036611,0.0587174147367477,1,"Craugastor_omoaensis","Hypopachus_variolosus",1,"generalist","specialist",NA,53,"carnivore",NA,0
-86.0595638729999,13.9786470350001,0.0134984189644456,0.00220611924305558,725.909118652344,0.114168152213097,0.641395092010498,8.20296478271484,29.9773006439209,0.000152201799210161,0.00381731661036611,0.0587174147367477,1,"Craugastor_omoaensis","Incilius_valliceps",1,"specialist","",60,125,"",NA,0
-86.0595638729999,13.9786470350001,0.0134984189644456,0.00220611924305558,725.909118652344,0.114168152213097,0.641395092010498,8.20296478271484,29.9773006439209,0.000152201799210161,0.00381731661036611,0.0587174147367477,1,"Craugastor_omoaensis","Leptodactylus_fragilis",1,"generalist","",NA,43,"",NA,0
-86.0595638729999,13.9786470350001,0.0134984189644456,0.00220611924305558,725.909118652344,0.114168152213097,0.641395092010498,8.20296478271484,29.9773006439209,0.000152201799210161,0.00381731661036611,0.0587174147367477,1,"Craugastor_omoaensis","Leptodactylus_melanonotus",1,"generalist","",NA,58,"",NA,0
-86.0595638729999,13.9786470350001,0.0134984189644456,0.00220611924305558,725.909118652344,0.114168152213097,0.641395092010498,8.20296478271484,29.9773006439209,0.000152201799210161,0.00381731661036611,0.0587174147367477,1,"Craugastor_omoaensis","Lithobates_brownorum",1,"generalist","specialist",NA,NA,"",NA,0
-86.0595638729999,13.9786470350001,0.0134984189644456,0.00220611924305558,725.909118652344,0.114168152213097,0.641395092010498,8.20296478271484,29.9773006439209,0.000152201799210161,0.00381731661036611,0.0587174147367477,1,"Craugastor_omoaensis","Lithobates_maculatus",1,NA,NA,NA,NA,NA,NA,NA
-86.0595638729999,13.9786470350001,0.0134984189644456,0.00220611924305558,725.909118652344,0.114168152213097,0.641395092010498,8.20296478271484,29.9773006439209,0.000152201799210161,0.00381731661036611,0.0587174147367477,1,"Craugastor_omoaensis","Lithobates_vaillanti",1,NA,NA,NA,NA,NA,NA,NA
-86.0595638729999,13.9786470350001,0.0134984189644456,0.00220611924305558,725.909118652344,0.114168152213097,0.641395092010498,8.20296478271484,29.9773006439209,0.000152201799210161,0.00381731661036611,0.0587174147367477,1,"Craugastor_omoaensis","Ptychohyla_hypomykter",1,"generalist","",NA,44,"",NA,0
-86.0595638729999,13.9786470350001,0.0134984189644456,0.00220611924305558,725.909118652344,0.114168152213097,0.641395092010498,8.20296478271484,29.9773006439209,0.000152201799210161,0.00381731661036611,0.0587174147367477,1,"Craugastor_omoaensis","Rhinella_horribilis",1,"generalist","specialist",106.25,241,"",NA,0
-86.0595638729999,13.9786470350001,0.0134984189644456,0.00220611924305558,725.909118652344,0.114168152213097,0.641395092010498,8.20296478271484,29.9773006439209,0.000152201799210161,0.00381731661036611,0.0587174147367477,1,"Craugastor_omoaensis","Scinax_staufferi",1,"generalist","",29,32,"",NA,0
-86.0595638729999,13.9786470350001,0.0134984189644456,0.00220611924305558,725.909118652344,0.114168152213097,0.641395092010498,8.20296478271484,29.9773006439209,0.000152201799210161,0.00381731661036611,0.0587174147367477,1,"Craugastor_omoaensis","Smilisca_baudinii",1,"generalist","",NA,90,"",NA,0
-86.0595638729999,13.9786470350001,0.0134984189644456,0.00220611924305558,725.909118652344,0.114168152213097,0.641395092010498,8.20296478271484,29.9773006439209,0.000152201799210161,0.00381731661036611,0.0587174147367477,1,"Craugastor_omoaensis","Tlalocohyla_loquax",1,"generalist","",NA,77,"",NA,0
-86.0595638729999,13.9786470350001,0.0134984189644456,0.00220611924305558,725.909118652344,0.114168152213097,0.641395092010498,8.20296478271484,29.9773006439209,0.000152201799210161,0.00381731661036611,0.0587174147367477,1,"Craugastor_omoaensis","Trachycephalus_vermiculatus",1,"generalist","specialist",56.9,105,"",NA,0
-85.0595638729999,13.9786470350001,0.000346720247762278,0.000454717315733433,352.662994384766,0.361743301153183,0.742339551448822,6.18909358978271,31.2630138397217,0,6.84548576828092e-05,0.462076216936111,1,"Craugastor_omoaensis","Agalychnis_callidryas",1,"generalist","",12,77.2,"",NA,0
-85.0595638729999,13.9786470350001,0.000346720247762278,0.000454717315733433,352.662994384766,0.361743301153183,0.742339551448822,6.18909358978271,31.2630138397217,0,6.84548576828092e-05,0.462076216936111,1,"Craugastor_omoaensis","Bolitoglossa_mexicana",1,"specialist","specialist",NA,190,"carnivore",NA,0
-85.0595638729999,13.9786470350001,0.000346720247762278,0.000454717315733433,352.662994384766,0.361743301153183,0.742339551448822,6.18909358978271,31.2630138397217,0,6.84548576828092e-05,0.462076216936111,1,"Craugastor_omoaensis","Dendropsophus_microcephalus",1,"generalist","",28,32,"",NA,0
-85.0595638729999,13.9786470350001,0.000346720247762278,0.000454717315733433,352.662994384766,0.361743301153183,0.742339551448822,6.18909358978271,31.2630138397217,0,6.84548576828092e-05,0.462076216936111,1,"Craugastor_omoaensis","Gymnopis_multiplicata",1,"generalist","specialist",NA,480,"carnivore",NA,0
-85.0595638729999,13.9786470350001,0.000346720247762278,0.000454717315733433,352.662994384766,0.361743301153183,0.742339551448822,6.18909358978271,31.2630138397217,0,6.84548576828092e-05,0.462076216936111,1,"Craugastor_omoaensis","Incilius_valliceps",1,"specialist","",60,125,"",NA,0
-85.0595638729999,13.9786470350001,0.000346720247762278,0.000454717315733433,352.662994384766,0.361743301153183,0.742339551448822,6.18909358978271,31.2630138397217,0,6.84548576828092e-05,0.462076216936111,1,"Craugastor_omoaensis","Leptodactylus_fragilis",1,"generalist","",NA,43,"",NA,0
-85.0595638729999,13.9786470350001,0.000346720247762278,0.000454717315733433,352.662994384766,0.361743301153183,0.742339551448822,6.18909358978271,31.2630138397217,0,6.84548576828092e-05,0.462076216936111,1,"Craugastor_omoaensis","Leptodactylus_melanonotus",1,"generalist","",NA,58,"",NA,0
-85.0595638729999,13.9786470350001,0.000346720247762278,0.000454717315733433,352.662994384766,0.361743301153183,0.742339551448822,6.18909358978271,31.2630138397217,0,6.84548576828092e-05,0.462076216936111,1,"Craugastor_omoaensis","Lithobates_brownorum",1,"generalist","specialist",NA,NA,"",NA,0
-85.0595638729999,13.9786470350001,0.000346720247762278,0.000454717315733433,352.662994384766,0.361743301153183,0.742339551448822,6.18909358978271,31.2630138397217,0,6.84548576828092e-05,0.462076216936111,1,"Craugastor_omoaensis","Lithobates_maculatus",1,NA,NA,NA,NA,NA,NA,NA
-85.0595638729999,13.9786470350001,0.000346720247762278,0.000454717315733433,352.662994384766,0.361743301153183,0.742339551448822,6.18909358978271,31.2630138397217,0,6.84548576828092e-05,0.462076216936111,1,"Craugastor_omoaensis","Lithobates_vaillanti",1,NA,NA,NA,NA,NA,NA,NA
-85.0595638729999,13.9786470350001,0.000346720247762278,0.000454717315733433,352.662994384766,0.361743301153183,0.742339551448822,6.18909358978271,31.2630138397217,0,6.84548576828092e-05,0.462076216936111,1,"Craugastor_omoaensis","Rhinella_horribilis",1,"generalist","specialist",106.25,241,"",NA,0
-85.0595638729999,13.9786470350001,0.000346720247762278,0.000454717315733433,352.662994384766,0.361743301153183,0.742339551448822,6.18909358978271,31.2630138397217,0,6.84548576828092e-05,0.462076216936111,1,"Craugastor_omoaensis","Scinax_staufferi",1,"generalist","",29,32,"",NA,0
-85.0595638729999,13.9786470350001,0.000346720247762278,0.000454717315733433,352.662994384766,0.361743301153183,0.742339551448822,6.18909358978271,31.2630138397217,0,6.84548576828092e-05,0.462076216936111,1,"Craugastor_omoaensis","Smilisca_baudinii",1,"generalist","",NA,90,"",NA,0
-85.0595638729999,13.9786470350001,0.000346720247762278,0.000454717315733433,352.662994384766,0.361743301153183,0.742339551448822,6.18909358978271,31.2630138397217,0,6.84548576828092e-05,0.462076216936111,1,"Craugastor_omoaensis","Tlalocohyla_loquax",1,"generalist","",NA,77,"",NA,0
-85.0595638729999,13.9786470350001,0.000346720247762278,0.000454717315733433,352.662994384766,0.361743301153183,0.742339551448822,6.18909358978271,31.2630138397217,0,6.84548576828092e-05,0.462076216936111,1,"Craugastor_omoaensis","Trachycephalus_vermiculatus",1,"generalist","specialist",56.9,105,"",NA,0
-84.0595638729999,13.9786470350001,0.000313126598484814,0.000382694881409407,69.3974838256836,0.432654231786728,0.548321843147278,3.9020938873291,24.0728530883789,0,0,0.215188160538673,1,"Craugastor_omoaensis","Agalychnis_callidryas",1,"generalist","",12,77.2,"",NA,0
-84.0595638729999,13.9786470350001,0.000313126598484814,0.000382694881409407,69.3974838256836,0.432654231786728,0.548321843147278,3.9020938873291,24.0728530883789,0,0,0.215188160538673,1,"Craugastor_omoaensis","Gymnopis_multiplicata",1,"generalist","specialist",NA,480,"carnivore",NA,0
-84.0595638729999,13.9786470350001,0.000313126598484814,0.000382694881409407,69.3974838256836,0.432654231786728,0.548321843147278,3.9020938873291,24.0728530883789,0,0,0.215188160538673,1,"Craugastor_omoaensis","Incilius_valliceps",1,"specialist","",60,125,"",NA,0
-84.0595638729999,13.9786470350001,0.000313126598484814,0.000382694881409407,69.3974838256836,0.432654231786728,0.548321843147278,3.9020938873291,24.0728530883789,0,0,0.215188160538673,1,"Craugastor_omoaensis","Leptodactylus_fragilis",1,"generalist","",NA,43,"",NA,0
-84.0595638729999,13.9786470350001,0.000313126598484814,0.000382694881409407,69.3974838256836,0.432654231786728,0.548321843147278,3.9020938873291,24.0728530883789,0,0,0.215188160538673,1,"Craugastor_omoaensis","Leptodactylus_melanonotus",1,"generalist","",NA,58,"",NA,0
-84.0595638729999,13.9786470350001,0.000313126598484814,0.000382694881409407,69.3974838256836,0.432654231786728,0.548321843147278,3.9020938873291,24.0728530883789,0,0,0.215188160538673,1,"Craugastor_omoaensis","Lithobates_brownorum",1,"generalist","specialist",NA,NA,"",NA,0
-84.0595638729999,13.9786470350001,0.000313126598484814,0.000382694881409407,69.3974838256836,0.432654231786728,0.548321843147278,3.9020938873291,24.0728530883789,0,0,0.215188160538673,1,"Craugastor_omoaensis","Lithobates_vaillanti",1,NA,NA,NA,NA,NA,NA,NA
-84.0595638729999,13.9786470350001,0.000313126598484814,0.000382694881409407,69.3974838256836,0.432654231786728,0.548321843147278,3.9020938873291,24.0728530883789,0,0,0.215188160538673,1,"Craugastor_omoaensis","Rhinella_horribilis",1,"generalist","specialist",106.25,241,"",NA,0
-84.0595638729999,13.9786470350001,0.000313126598484814,0.000382694881409407,69.3974838256836,0.432654231786728,0.548321843147278,3.9020938873291,24.0728530883789,0,0,0.215188160538673,1,"Craugastor_omoaensis","Rhinophrynus_dorsalis",1,"specialist","specialist",90,89,"carnivore",NA,0
-84.0595638729999,13.9786470350001,0.000313126598484814,0.000382694881409407,69.3974838256836,0.432654231786728,0.548321843147278,3.9020938873291,24.0728530883789,0,0,0.215188160538673,1,"Craugastor_omoaensis","Smilisca_baudinii",1,"generalist","",NA,90,"",NA,0
-83.0595638729999,13.9786470350001,4.560973320622e-05,0.000396101357182488,12.3326034545898,0.0167957711964846,0.0331330113112926,0.871226668357849,-8039.470703125,0,0,0.0108655923977494,1,"Craugastor_omoaensis","Agalychnis_callidryas",1,"generalist","",12,77.2,"",NA,0
-83.0595638729999,13.9786470350001,4.560973320622e-05,0.000396101357182488,12.3326034545898,0.0167957711964846,0.0331330113112926,0.871226668357849,-8039.470703125,0,0,0.0108655923977494,1,"Craugastor_omoaensis","Gymnopis_multiplicata",1,"generalist","specialist",NA,480,"carnivore",NA,0
-83.0595638729999,13.9786470350001,4.560973320622e-05,0.000396101357182488,12.3326034545898,0.0167957711964846,0.0331330113112926,0.871226668357849,-8039.470703125,0,0,0.0108655923977494,1,"Craugastor_omoaensis","Incilius_valliceps",1,"specialist","",60,125,"",NA,0
-83.0595638729999,13.9786470350001,4.560973320622e-05,0.000396101357182488,12.3326034545898,0.0167957711964846,0.0331330113112926,0.871226668357849,-8039.470703125,0,0,0.0108655923977494,1,"Craugastor_omoaensis","Lithobates_vaillanti",1,NA,NA,NA,NA,NA,NA,NA
-83.0595638729999,13.9786470350001,4.560973320622e-05,0.000396101357182488,12.3326034545898,0.0167957711964846,0.0331330113112926,0.871226668357849,-8039.470703125,0,0,0.0108655923977494,1,"Craugastor_omoaensis","Rhinella_horribilis",1,"generalist","specialist",106.25,241,"",NA,0
-83.0595638729999,13.9786470350001,4.560973320622e-05,0.000396101357182488,12.3326034545898,0.0167957711964846,0.0331330113112926,0.871226668357849,-8039.470703125,0,0,0.0108655923977494,1,"Craugastor_omoaensis","Scinax_staufferi",1,"generalist","",29,32,"",NA,0
-89.0595638729999,12.9786470350001,0.0677997395396233,0.00247492175549269,44.2254295349121,0.00691884895786643,0.0618723556399345,1.71259760856628,-8603.8984375,0.000519534980412573,0.051879245787859,0.00625375658273697,1,"Craugastor_omoaensis","Engystomops_pustulosus",1,"generalist","",NA,48.2,"",NA,0
-89.0595638729999,12.9786470350001,0.0677997395396233,0.00247492175549269,44.2254295349121,0.00691884895786643,0.0618723556399345,1.71259760856628,-8603.8984375,0.000519534980412573,0.051879245787859,0.00625375658273697,1,"Craugastor_omoaensis","Hypopachus_variolosus",1,"generalist","specialist",NA,53,"carnivore",NA,0
-89.0595638729999,12.9786470350001,0.0677997395396233,0.00247492175549269,44.2254295349121,0.00691884895786643,0.0618723556399345,1.71259760856628,-8603.8984375,0.000519534980412573,0.051879245787859,0.00625375658273697,1,"Craugastor_omoaensis","Leptodactylus_fragilis",1,"generalist","",NA,43,"",NA,0
-89.0595638729999,12.9786470350001,0.0677997395396233,0.00247492175549269,44.2254295349121,0.00691884895786643,0.0618723556399345,1.71259760856628,-8603.8984375,0.000519534980412573,0.051879245787859,0.00625375658273697,1,"Craugastor_omoaensis","Leptodactylus_melanonotus",1,"generalist","",NA,58,"",NA,0
-89.0595638729999,12.9786470350001,0.0677997395396233,0.00247492175549269,44.2254295349121,0.00691884895786643,0.0618723556399345,1.71259760856628,-8603.8984375,0.000519534980412573,0.051879245787859,0.00625375658273697,1,"Craugastor_omoaensis","Lithobates_maculatus",1,NA,NA,NA,NA,NA,NA,NA
-89.0595638729999,12.9786470350001,0.0677997395396233,0.00247492175549269,44.2254295349121,0.00691884895786643,0.0618723556399345,1.71259760856628,-8603.8984375,0.000519534980412573,0.051879245787859,0.00625375658273697,1,"Craugastor_omoaensis","Rhinella_horribilis",1,"generalist","specialist",106.25,241,"",NA,0
-89.0595638729999,12.9786470350001,0.0677997395396233,0.00247492175549269,44.2254295349121,0.00691884895786643,0.0618723556399345,1.71259760856628,-8603.8984375,0.000519534980412573,0.051879245787859,0.00625375658273697,1,"Craugastor_omoaensis","Rhinophrynus_dorsalis",1,"specialist","specialist",90,89,"carnivore",NA,0
-89.0595638729999,12.9786470350001,0.0677997395396233,0.00247492175549269,44.2254295349121,0.00691884895786643,0.0618723556399345,1.71259760856628,-8603.8984375,0.000519534980412573,0.051879245787859,0.00625375658273697,1,"Craugastor_omoaensis","Scinax_staufferi",1,"generalist","",29,32,"",NA,0
-89.0595638729999,12.9786470350001,0.0677997395396233,0.00247492175549269,44.2254295349121,0.00691884895786643,0.0618723556399345,1.71259760856628,-8603.8984375,0.000519534980412573,0.051879245787859,0.00625375658273697,1,"Craugastor_omoaensis","Smilisca_baudinii",1,"generalist","",NA,90,"",NA,0
-89.0595638729999,12.9786470350001,0.0677997395396233,0.00247492175549269,44.2254295349121,0.00691884895786643,0.0618723556399345,1.71259760856628,-8603.8984375,0.000519534980412573,0.051879245787859,0.00625375658273697,1,"Craugastor_omoaensis","Trachycephalus_vermiculatus",1,"generalist","specialist",56.9,105,"",NA,0
-88.0595638729999,12.9786470350001,0.0353801809251308,0.00300856959074736,157.922561645508,0.0131917605176568,0.164357632398605,3.32150077819824,-6757.2646484375,0.00341954687610269,0.0398835949599743,0.0223828330636024,1,"Craugastor_omoaensis","Engystomops_pustulosus",1,"generalist","",NA,48.2,"",NA,0
-88.0595638729999,12.9786470350001,0.0353801809251308,0.00300856959074736,157.922561645508,0.0131917605176568,0.164357632398605,3.32150077819824,-6757.2646484375,0.00341954687610269,0.0398835949599743,0.0223828330636024,1,"Craugastor_omoaensis","Hypopachus_variolosus",1,"generalist","specialist",NA,53,"carnivore",NA,0
-88.0595638729999,12.9786470350001,0.0353801809251308,0.00300856959074736,157.922561645508,0.0131917605176568,0.164357632398605,3.32150077819824,-6757.2646484375,0.00341954687610269,0.0398835949599743,0.0223828330636024,1,"Craugastor_omoaensis","Leptodactylus_fragilis",1,"generalist","",NA,43,"",NA,0
-88.0595638729999,12.9786470350001,0.0353801809251308,0.00300856959074736,157.922561645508,0.0131917605176568,0.164357632398605,3.32150077819824,-6757.2646484375,0.00341954687610269,0.0398835949599743,0.0223828330636024,1,"Craugastor_omoaensis","Leptodactylus_melanonotus",1,"generalist","",NA,58,"",NA,0
-88.0595638729999,12.9786470350001,0.0353801809251308,0.00300856959074736,157.922561645508,0.0131917605176568,0.164357632398605,3.32150077819824,-6757.2646484375,0.00341954687610269,0.0398835949599743,0.0223828330636024,1,"Craugastor_omoaensis","Lithobates_maculatus",1,NA,NA,NA,NA,NA,NA,NA
-88.0595638729999,12.9786470350001,0.0353801809251308,0.00300856959074736,157.922561645508,0.0131917605176568,0.164357632398605,3.32150077819824,-6757.2646484375,0.00341954687610269,0.0398835949599743,0.0223828330636024,1,"Craugastor_omoaensis","Rhinella_horribilis",1,"generalist","specialist",106.25,241,"",NA,0
-88.0595638729999,12.9786470350001,0.0353801809251308,0.00300856959074736,157.922561645508,0.0131917605176568,0.164357632398605,3.32150077819824,-6757.2646484375,0.00341954687610269,0.0398835949599743,0.0223828330636024,1,"Craugastor_omoaensis","Rhinophrynus_dorsalis",1,"specialist","specialist",90,89,"carnivore",NA,0
-88.0595638729999,12.9786470350001,0.0353801809251308,0.00300856959074736,157.922561645508,0.0131917605176568,0.164357632398605,3.32150077819824,-6757.2646484375,0.00341954687610269,0.0398835949599743,0.0223828330636024,1,"Craugastor_omoaensis","Scinax_staufferi",1,"generalist","",29,32,"",NA,0
-88.0595638729999,12.9786470350001,0.0353801809251308,0.00300856959074736,157.922561645508,0.0131917605176568,0.164357632398605,3.32150077819824,-6757.2646484375,0.00341954687610269,0.0398835949599743,0.0223828330636024,1,"Craugastor_omoaensis","Smilisca_baudinii",1,"generalist","",NA,90,"",NA,0
-88.0595638729999,12.9786470350001,0.0353801809251308,0.00300856959074736,157.922561645508,0.0131917605176568,0.164357632398605,3.32150077819824,-6757.2646484375,0.00341954687610269,0.0398835949599743,0.0223828330636024,1,"Craugastor_omoaensis","Trachycephalus_vermiculatus",1,"generalist","specialist",56.9,105,"",NA,0
-87.0595638729999,12.9786470350001,0.103941805660725,0.00491010677069426,227.46745300293,0.0296825394034386,0.31917929649353,10.8805837631226,-982.409606933594,0.000235321407672018,0.177841678261757,0.018045024946332,1,"Craugastor_omoaensis","Agalychnis_callidryas",1,"generalist","",12,77.2,"",NA,0
-87.0595638729999,12.9786470350001,0.103941805660725,0.00491010677069426,227.46745300293,0.0296825394034386,0.31917929649353,10.8805837631226,-982.409606933594,0.000235321407672018,0.177841678261757,0.018045024946332,1,"Craugastor_omoaensis","Dendropsophus_microcephalus",1,"generalist","",28,32,"",NA,0
-87.0595638729999,12.9786470350001,0.103941805660725,0.00491010677069426,227.46745300293,0.0296825394034386,0.31917929649353,10.8805837631226,-982.409606933594,0.000235321407672018,0.177841678261757,0.018045024946332,1,"Craugastor_omoaensis","Engystomops_pustulosus",1,"generalist","",NA,48.2,"",NA,0
-87.0595638729999,12.9786470350001,0.103941805660725,0.00491010677069426,227.46745300293,0.0296825394034386,0.31917929649353,10.8805837631226,-982.409606933594,0.000235321407672018,0.177841678261757,0.018045024946332,1,"Craugastor_omoaensis","Hypopachus_variolosus",1,"generalist","specialist",NA,53,"carnivore",NA,0
-87.0595638729999,12.9786470350001,0.103941805660725,0.00491010677069426,227.46745300293,0.0296825394034386,0.31917929649353,10.8805837631226,-982.409606933594,0.000235321407672018,0.177841678261757,0.018045024946332,1,"Craugastor_omoaensis","Leptodactylus_fragilis",1,"generalist","",NA,43,"",NA,0
-87.0595638729999,12.9786470350001,0.103941805660725,0.00491010677069426,227.46745300293,0.0296825394034386,0.31917929649353,10.8805837631226,-982.409606933594,0.000235321407672018,0.177841678261757,0.018045024946332,1,"Craugastor_omoaensis","Leptodactylus_melanonotus",1,"generalist","",NA,58,"",NA,0
-87.0595638729999,12.9786470350001,0.103941805660725,0.00491010677069426,227.46745300293,0.0296825394034386,0.31917929649353,10.8805837631226,-982.409606933594,0.000235321407672018,0.177841678261757,0.018045024946332,1,"Craugastor_omoaensis","Lithobates_maculatus",1,NA,NA,NA,NA,NA,NA,NA
-87.0595638729999,12.9786470350001,0.103941805660725,0.00491010677069426,227.46745300293,0.0296825394034386,0.31917929649353,10.8805837631226,-982.409606933594,0.000235321407672018,0.177841678261757,0.018045024946332,1,"Craugastor_omoaensis","Lithobates_vaillanti",1,NA,NA,NA,NA,NA,NA,NA
-87.0595638729999,12.9786470350001,0.103941805660725,0.00491010677069426,227.46745300293,0.0296825394034386,0.31917929649353,10.8805837631226,-982.409606933594,0.000235321407672018,0.177841678261757,0.018045024946332,1,"Craugastor_omoaensis","Rhinella_horribilis",1,"generalist","specialist",106.25,241,"",NA,0
-87.0595638729999,12.9786470350001,0.103941805660725,0.00491010677069426,227.46745300293,0.0296825394034386,0.31917929649353,10.8805837631226,-982.409606933594,0.000235321407672018,0.177841678261757,0.018045024946332,1,"Craugastor_omoaensis","Rhinophrynus_dorsalis",1,"specialist","specialist",90,89,"carnivore",NA,0
-87.0595638729999,12.9786470350001,0.103941805660725,0.00491010677069426,227.46745300293,0.0296825394034386,0.31917929649353,10.8805837631226,-982.409606933594,0.000235321407672018,0.177841678261757,0.018045024946332,1,"Craugastor_omoaensis","Scinax_staufferi",1,"generalist","",29,32,"",NA,0
-87.0595638729999,12.9786470350001,0.103941805660725,0.00491010677069426,227.46745300293,0.0296825394034386,0.31917929649353,10.8805837631226,-982.409606933594,0.000235321407672018,0.177841678261757,0.018045024946332,1,"Craugastor_omoaensis","Smilisca_baudinii",1,"generalist","",NA,90,"",NA,0
-87.0595638729999,12.9786470350001,0.103941805660725,0.00491010677069426,227.46745300293,0.0296825394034386,0.31917929649353,10.8805837631226,-982.409606933594,0.000235321407672018,0.177841678261757,0.018045024946332,1,"Craugastor_omoaensis","Tlalocohyla_loquax",1,"generalist","",NA,77,"",NA,0
-87.0595638729999,12.9786470350001,0.103941805660725,0.00491010677069426,227.46745300293,0.0296825394034386,0.31917929649353,10.8805837631226,-982.409606933594,0.000235321407672018,0.177841678261757,0.018045024946332,1,"Craugastor_omoaensis","Trachycephalus_vermiculatus",1,"generalist","specialist",56.9,105,"",NA,0
-86.0595638729999,12.9786470350001,0.0348541177809238,0.00431548152118921,662.277465820312,0.0524901561439037,0.52097761631012,12.4384393692017,14.24387550354,3.1558897717332e-06,0.0200012512505054,0.00647563394159079,1,"Craugastor_omoaensis","Agalychnis_callidryas",1,"generalist","",12,77.2,"",NA,0
-86.0595638729999,12.9786470350001,0.0348541177809238,0.00431548152118921,662.277465820312,0.0524901561439037,0.52097761631012,12.4384393692017,14.24387550354,3.1558897717332e-06,0.0200012512505054,0.00647563394159079,1,"Craugastor_omoaensis","Dendropsophus_microcephalus",1,"generalist","",28,32,"",NA,0
-86.0595638729999,12.9786470350001,0.0348541177809238,0.00431548152118921,662.277465820312,0.0524901561439037,0.52097761631012,12.4384393692017,14.24387550354,3.1558897717332e-06,0.0200012512505054,0.00647563394159079,1,"Craugastor_omoaensis","Engystomops_pustulosus",1,"generalist","",NA,48.2,"",NA,0
-86.0595638729999,12.9786470350001,0.0348541177809238,0.00431548152118921,662.277465820312,0.0524901561439037,0.52097761631012,12.4384393692017,14.24387550354,3.1558897717332e-06,0.0200012512505054,0.00647563394159079,1,"Craugastor_omoaensis","Gymnopis_multiplicata",1,"generalist","specialist",NA,480,"carnivore",NA,0
-86.0595638729999,12.9786470350001,0.0348541177809238,0.00431548152118921,662.277465820312,0.0524901561439037,0.52097761631012,12.4384393692017,14.24387550354,3.1558897717332e-06,0.0200012512505054,0.00647563394159079,1,"Craugastor_omoaensis","Hypopachus_variolosus",1,"generalist","specialist",NA,53,"carnivore",NA,0
-86.0595638729999,12.9786470350001,0.0348541177809238,0.00431548152118921,662.277465820312,0.0524901561439037,0.52097761631012,12.4384393692017,14.24387550354,3.1558897717332e-06,0.0200012512505054,0.00647563394159079,1,"Craugastor_omoaensis","Incilius_valliceps",1,"specialist","",60,125,"",NA,0
-86.0595638729999,12.9786470350001,0.0348541177809238,0.00431548152118921,662.277465820312,0.0524901561439037,0.52097761631012,12.4384393692017,14.24387550354,3.1558897717332e-06,0.0200012512505054,0.00647563394159079,1,"Craugastor_omoaensis","Leptodactylus_fragilis",1,"generalist","",NA,43,"",NA,0
-86.0595638729999,12.9786470350001,0.0348541177809238,0.00431548152118921,662.277465820312,0.0524901561439037,0.52097761631012,12.4384393692017,14.24387550354,3.1558897717332e-06,0.0200012512505054,0.00647563394159079,1,"Craugastor_omoaensis","Leptodactylus_melanonotus",1,"generalist","",NA,58,"",NA,0
-86.0595638729999,12.9786470350001,0.0348541177809238,0.00431548152118921,662.277465820312,0.0524901561439037,0.52097761631012,12.4384393692017,14.24387550354,3.1558897717332e-06,0.0200012512505054,0.00647563394159079,1,"Craugastor_omoaensis","Lithobates_brownorum",1,"generalist","specialist",NA,NA,"",NA,0
-86.0595638729999,12.9786470350001,0.0348541177809238,0.00431548152118921,662.277465820312,0.0524901561439037,0.52097761631012,12.4384393692017,14.24387550354,3.1558897717332e-06,0.0200012512505054,0.00647563394159079,1,"Craugastor_omoaensis","Lithobates_maculatus",1,NA,NA,NA,NA,NA,NA,NA
-86.0595638729999,12.9786470350001,0.0348541177809238,0.00431548152118921,662.277465820312,0.0524901561439037,0.52097761631012,12.4384393692017,14.24387550354,3.1558897717332e-06,0.0200012512505054,0.00647563394159079,1,"Craugastor_omoaensis","Lithobates_vaillanti",1,NA,NA,NA,NA,NA,NA,NA
-86.0595638729999,12.9786470350001,0.0348541177809238,0.00431548152118921,662.277465820312,0.0524901561439037,0.52097761631012,12.4384393692017,14.24387550354,3.1558897717332e-06,0.0200012512505054,0.00647563394159079,1,"Craugastor_omoaensis","Rhinella_horribilis",1,"generalist","specialist",106.25,241,"",NA,0
-86.0595638729999,12.9786470350001,0.0348541177809238,0.00431548152118921,662.277465820312,0.0524901561439037,0.52097761631012,12.4384393692017,14.24387550354,3.1558897717332e-06,0.0200012512505054,0.00647563394159079,1,"Craugastor_omoaensis","Rhinophrynus_dorsalis",1,"specialist","specialist",90,89,"carnivore",NA,0
-86.0595638729999,12.9786470350001,0.0348541177809238,0.00431548152118921,662.277465820312,0.0524901561439037,0.52097761631012,12.4384393692017,14.24387550354,3.1558897717332e-06,0.0200012512505054,0.00647563394159079,1,"Craugastor_omoaensis","Scinax_staufferi",1,"generalist","",29,32,"",NA,0
-86.0595638729999,12.9786470350001,0.0348541177809238,0.00431548152118921,662.277465820312,0.0524901561439037,0.52097761631012,12.4384393692017,14.24387550354,3.1558897717332e-06,0.0200012512505054,0.00647563394159079,1,"Craugastor_omoaensis","Smilisca_baudinii",1,"generalist","",NA,90,"",NA,0
-86.0595638729999,12.9786470350001,0.0348541177809238,0.00431548152118921,662.277465820312,0.0524901561439037,0.52097761631012,12.4384393692017,14.24387550354,3.1558897717332e-06,0.0200012512505054,0.00647563394159079,1,"Craugastor_omoaensis","Tlalocohyla_loquax",1,"generalist","",NA,77,"",NA,0
-86.0595638729999,12.9786470350001,0.0348541177809238,0.00431548152118921,662.277465820312,0.0524901561439037,0.52097761631012,12.4384393692017,14.24387550354,3.1558897717332e-06,0.0200012512505054,0.00647563394159079,1,"Craugastor_omoaensis","Trachycephalus_vermiculatus",1,"generalist","specialist",56.9,105,"",NA,0
-85.0595638729999,12.9786470350001,0.000694445741828531,0.000665748375467956,260.863891601562,0.133506134152412,0.600963354110718,11.739218711853,31.7968769073486,0,0.000305665977066383,0.0093252370133996,1,"Craugastor_omoaensis","Agalychnis_callidryas",1,"generalist","",12,77.2,"",NA,0
-85.0595638729999,12.9786470350001,0.000694445741828531,0.000665748375467956,260.863891601562,0.133506134152412,0.600963354110718,11.739218711853,31.7968769073486,0,0.000305665977066383,0.0093252370133996,1,"Craugastor_omoaensis","Dendropsophus_microcephalus",1,"generalist","",28,32,"",NA,0
-85.0595638729999,12.9786470350001,0.000694445741828531,0.000665748375467956,260.863891601562,0.133506134152412,0.600963354110718,11.739218711853,31.7968769073486,0,0.000305665977066383,0.0093252370133996,1,"Craugastor_omoaensis","Engystomops_pustulosus",1,"generalist","",NA,48.2,"",NA,0
-85.0595638729999,12.9786470350001,0.000694445741828531,0.000665748375467956,260.863891601562,0.133506134152412,0.600963354110718,11.739218711853,31.7968769073486,0,0.000305665977066383,0.0093252370133996,1,"Craugastor_omoaensis","Gymnopis_multiplicata",1,"generalist","specialist",NA,480,"carnivore",NA,0
-85.0595638729999,12.9786470350001,0.000694445741828531,0.000665748375467956,260.863891601562,0.133506134152412,0.600963354110718,11.739218711853,31.7968769073486,0,0.000305665977066383,0.0093252370133996,1,"Craugastor_omoaensis","Incilius_valliceps",1,"specialist","",60,125,"",NA,0
-85.0595638729999,12.9786470350001,0.000694445741828531,0.000665748375467956,260.863891601562,0.133506134152412,0.600963354110718,11.739218711853,31.7968769073486,0,0.000305665977066383,0.0093252370133996,1,"Craugastor_omoaensis","Leptodactylus_fragilis",1,"generalist","",NA,43,"",NA,0
-85.0595638729999,12.9786470350001,0.000694445741828531,0.000665748375467956,260.863891601562,0.133506134152412,0.600963354110718,11.739218711853,31.7968769073486,0,0.000305665977066383,0.0093252370133996,1,"Craugastor_omoaensis","Leptodactylus_melanonotus",1,"generalist","",NA,58,"",NA,0
-85.0595638729999,12.9786470350001,0.000694445741828531,0.000665748375467956,260.863891601562,0.133506134152412,0.600963354110718,11.739218711853,31.7968769073486,0,0.000305665977066383,0.0093252370133996,1,"Craugastor_omoaensis","Lithobates_brownorum",1,"generalist","specialist",NA,NA,"",NA,0
-85.0595638729999,12.9786470350001,0.000694445741828531,0.000665748375467956,260.863891601562,0.133506134152412,0.600963354110718,11.739218711853,31.7968769073486,0,0.000305665977066383,0.0093252370133996,1,"Craugastor_omoaensis","Lithobates_maculatus",1,NA,NA,NA,NA,NA,NA,NA
-85.0595638729999,12.9786470350001,0.000694445741828531,0.000665748375467956,260.863891601562,0.133506134152412,0.600963354110718,11.739218711853,31.7968769073486,0,0.000305665977066383,0.0093252370133996,1,"Craugastor_omoaensis","Lithobates_vaillanti",1,NA,NA,NA,NA,NA,NA,NA
-85.0595638729999,12.9786470350001,0.000694445741828531,0.000665748375467956,260.863891601562,0.133506134152412,0.600963354110718,11.739218711853,31.7968769073486,0,0.000305665977066383,0.0093252370133996,1,"Craugastor_omoaensis","Rhinella_horribilis",1,"generalist","specialist",106.25,241,"",NA,0
-85.0595638729999,12.9786470350001,0.000694445741828531,0.000665748375467956,260.863891601562,0.133506134152412,0.600963354110718,11.739218711853,31.7968769073486,0,0.000305665977066383,0.0093252370133996,1,"Craugastor_omoaensis","Smilisca_baudinii",1,"generalist","",NA,90,"",NA,0
-85.0595638729999,12.9786470350001,0.000694445741828531,0.000665748375467956,260.863891601562,0.133506134152412,0.600963354110718,11.739218711853,31.7968769073486,0,0.000305665977066383,0.0093252370133996,1,"Craugastor_omoaensis","Tlalocohyla_loquax",1,"generalist","",NA,77,"",NA,0
-85.0595638729999,12.9786470350001,0.000694445741828531,0.000665748375467956,260.863891601562,0.133506134152412,0.600963354110718,11.739218711853,31.7968769073486,0,0.000305665977066383,0.0093252370133996,1,"Craugastor_omoaensis","Trachycephalus_vermiculatus",1,"generalist","specialist",56.9,105,"",NA,0
-84.0595638729999,12.9786470350001,0.000223414288484491,0.000116695984615944,46.95361328125,0.3093082010746,0.486570209264755,4.18624210357666,-123.119026184082,0,0,0.206443041563034,1,"Craugastor_omoaensis","Agalychnis_callidryas",1,"generalist","",12,77.2,"",NA,0
-84.0595638729999,12.9786470350001,0.000223414288484491,0.000116695984615944,46.95361328125,0.3093082010746,0.486570209264755,4.18624210357666,-123.119026184082,0,0,0.206443041563034,1,"Craugastor_omoaensis","Dendropsophus_microcephalus",1,"generalist","",28,32,"",NA,0
-84.0595638729999,12.9786470350001,0.000223414288484491,0.000116695984615944,46.95361328125,0.3093082010746,0.486570209264755,4.18624210357666,-123.119026184082,0,0,0.206443041563034,1,"Craugastor_omoaensis","Gymnopis_multiplicata",1,"generalist","specialist",NA,480,"carnivore",NA,0
-84.0595638729999,12.9786470350001,0.000223414288484491,0.000116695984615944,46.95361328125,0.3093082010746,0.486570209264755,4.18624210357666,-123.119026184082,0,0,0.206443041563034,1,"Craugastor_omoaensis","Incilius_valliceps",1,"specialist","",60,125,"",NA,0
-84.0595638729999,12.9786470350001,0.000223414288484491,0.000116695984615944,46.95361328125,0.3093082010746,0.486570209264755,4.18624210357666,-123.119026184082,0,0,0.206443041563034,1,"Craugastor_omoaensis","Leptodactylus_melanonotus",1,"generalist","",NA,58,"",NA,0
-84.0595638729999,12.9786470350001,0.000223414288484491,0.000116695984615944,46.95361328125,0.3093082010746,0.486570209264755,4.18624210357666,-123.119026184082,0,0,0.206443041563034,1,"Craugastor_omoaensis","Lithobates_brownorum",1,"generalist","specialist",NA,NA,"",NA,0
-84.0595638729999,12.9786470350001,0.000223414288484491,0.000116695984615944,46.95361328125,0.3093082010746,0.486570209264755,4.18624210357666,-123.119026184082,0,0,0.206443041563034,1,"Craugastor_omoaensis","Lithobates_vaillanti",1,NA,NA,NA,NA,NA,NA,NA
-84.0595638729999,12.9786470350001,0.000223414288484491,0.000116695984615944,46.95361328125,0.3093082010746,0.486570209264755,4.18624210357666,-123.119026184082,0,0,0.206443041563034,1,"Craugastor_omoaensis","Rhinella_horribilis",1,"generalist","specialist",106.25,241,"",NA,0
-84.0595638729999,12.9786470350001,0.000223414288484491,0.000116695984615944,46.95361328125,0.3093082010746,0.486570209264755,4.18624210357666,-123.119026184082,0,0,0.206443041563034,1,"Craugastor_omoaensis","Smilisca_baudinii",1,"generalist","",NA,90,"",NA,0
-83.0595638729999,12.9786470350001,6.64218759993673e-06,2.06192107725656e-05,5.81097841262817,0.00676601612940431,0.0172143522650003,0.126554623246193,-9506.7861328125,0,0,0.00389756774529815,1,"Craugastor_omoaensis","Agalychnis_callidryas",1,"generalist","",12,77.2,"",NA,0
-83.0595638729999,12.9786470350001,6.64218759993673e-06,2.06192107725656e-05,5.81097841262817,0.00676601612940431,0.0172143522650003,0.126554623246193,-9506.7861328125,0,0,0.00389756774529815,1,"Craugastor_omoaensis","Gymnopis_multiplicata",1,"generalist","specialist",NA,480,"carnivore",NA,0
-83.0595638729999,12.9786470350001,6.64218759993673e-06,2.06192107725656e-05,5.81097841262817,0.00676601612940431,0.0172143522650003,0.126554623246193,-9506.7861328125,0,0,0.00389756774529815,1,"Craugastor_omoaensis","Incilius_valliceps",1,"specialist","",60,125,"",NA,0
-83.0595638729999,12.9786470350001,6.64218759993673e-06,2.06192107725656e-05,5.81097841262817,0.00676601612940431,0.0172143522650003,0.126554623246193,-9506.7861328125,0,0,0.00389756774529815,1,"Craugastor_omoaensis","Leptodactylus_melanonotus",1,"generalist","",NA,58,"",NA,0
-83.0595638729999,12.9786470350001,6.64218759993673e-06,2.06192107725656e-05,5.81097841262817,0.00676601612940431,0.0172143522650003,0.126554623246193,-9506.7861328125,0,0,0.00389756774529815,1,"Craugastor_omoaensis","Lithobates_vaillanti",1,NA,NA,NA,NA,NA,NA,NA
-83.0595638729999,12.9786470350001,6.64218759993673e-06,2.06192107725656e-05,5.81097841262817,0.00676601612940431,0.0172143522650003,0.126554623246193,-9506.7861328125,0,0,0.00389756774529815,1,"Craugastor_omoaensis","Rhinella_horribilis",1,"generalist","specialist",106.25,241,"",NA,0
-87.0595638729999,11.9786470350001,0.0304789040237665,0.00262071494944394,68.3831939697266,0.00503133051097393,0.0980976447463036,2.6192352771759,-8085.28759765625,1.26235590869328e-06,0.0437755919992924,0.00035456195473671,1,"Craugastor_omoaensis","Agalychnis_callidryas",1,"generalist","",12,77.2,"",NA,0
-87.0595638729999,11.9786470350001,0.0304789040237665,0.00262071494944394,68.3831939697266,0.00503133051097393,0.0980976447463036,2.6192352771759,-8085.28759765625,1.26235590869328e-06,0.0437755919992924,0.00035456195473671,1,"Craugastor_omoaensis","Engystomops_pustulosus",1,"generalist","",NA,48.2,"",NA,0
-87.0595638729999,11.9786470350001,0.0304789040237665,0.00262071494944394,68.3831939697266,0.00503133051097393,0.0980976447463036,2.6192352771759,-8085.28759765625,1.26235590869328e-06,0.0437755919992924,0.00035456195473671,1,"Craugastor_omoaensis","Hypopachus_variolosus",1,"generalist","specialist",NA,53,"carnivore",NA,0
-87.0595638729999,11.9786470350001,0.0304789040237665,0.00262071494944394,68.3831939697266,0.00503133051097393,0.0980976447463036,2.6192352771759,-8085.28759765625,1.26235590869328e-06,0.0437755919992924,0.00035456195473671,1,"Craugastor_omoaensis","Leptodactylus_fragilis",1,"generalist","",NA,43,"",NA,0
-87.0595638729999,11.9786470350001,0.0304789040237665,0.00262071494944394,68.3831939697266,0.00503133051097393,0.0980976447463036,2.6192352771759,-8085.28759765625,1.26235590869328e-06,0.0437755919992924,0.00035456195473671,1,"Craugastor_omoaensis","Leptodactylus_melanonotus",1,"generalist","",NA,58,"",NA,0
-87.0595638729999,11.9786470350001,0.0304789040237665,0.00262071494944394,68.3831939697266,0.00503133051097393,0.0980976447463036,2.6192352771759,-8085.28759765625,1.26235590869328e-06,0.0437755919992924,0.00035456195473671,1,"Craugastor_omoaensis","Rhinella_horribilis",1,"generalist","specialist",106.25,241,"",NA,0
-87.0595638729999,11.9786470350001,0.0304789040237665,0.00262071494944394,68.3831939697266,0.00503133051097393,0.0980976447463036,2.6192352771759,-8085.28759765625,1.26235590869328e-06,0.0437755919992924,0.00035456195473671,1,"Craugastor_omoaensis","Rhinophrynus_dorsalis",1,"specialist","specialist",90,89,"carnivore",NA,0
-87.0595638729999,11.9786470350001,0.0304789040237665,0.00262071494944394,68.3831939697266,0.00503133051097393,0.0980976447463036,2.6192352771759,-8085.28759765625,1.26235590869328e-06,0.0437755919992924,0.00035456195473671,1,"Craugastor_omoaensis","Scinax_staufferi",1,"generalist","",29,32,"",NA,0
-87.0595638729999,11.9786470350001,0.0304789040237665,0.00262071494944394,68.3831939697266,0.00503133051097393,0.0980976447463036,2.6192352771759,-8085.28759765625,1.26235590869328e-06,0.0437755919992924,0.00035456195473671,1,"Craugastor_omoaensis","Smilisca_baudinii",1,"generalist","",NA,90,"",NA,0
-87.0595638729999,11.9786470350001,0.0304789040237665,0.00262071494944394,68.3831939697266,0.00503133051097393,0.0980976447463036,2.6192352771759,-8085.28759765625,1.26235590869328e-06,0.0437755919992924,0.00035456195473671,1,"Craugastor_omoaensis","Trachycephalus_vermiculatus",1,"generalist","specialist",56.9,105,"",NA,0
-86.0595638729999,11.9786470350001,0.0470392480492592,0.0123185366392136,159.223388671875,0.0181734878569841,0.336961090564728,10.7286128997803,-711.325134277344,0.0050112116150558,0.148139372467995,0.0168142579495907,1,"Craugastor_omoaensis","Agalychnis_callidryas",1,"generalist","",12,77.2,"",NA,0
-86.0595638729999,11.9786470350001,0.0470392480492592,0.0123185366392136,159.223388671875,0.0181734878569841,0.336961090564728,10.7286128997803,-711.325134277344,0.0050112116150558,0.148139372467995,0.0168142579495907,1,"Craugastor_omoaensis","Dendropsophus_microcephalus",1,"generalist","",28,32,"",NA,0
-86.0595638729999,11.9786470350001,0.0470392480492592,0.0123185366392136,159.223388671875,0.0181734878569841,0.336961090564728,10.7286128997803,-711.325134277344,0.0050112116150558,0.148139372467995,0.0168142579495907,1,"Craugastor_omoaensis","Engystomops_pustulosus",1,"generalist","",NA,48.2,"",NA,0
-86.0595638729999,11.9786470350001,0.0470392480492592,0.0123185366392136,159.223388671875,0.0181734878569841,0.336961090564728,10.7286128997803,-711.325134277344,0.0050112116150558,0.148139372467995,0.0168142579495907,1,"Craugastor_omoaensis","Gymnopis_multiplicata",1,"generalist","specialist",NA,480,"carnivore",NA,0
-86.0595638729999,11.9786470350001,0.0470392480492592,0.0123185366392136,159.223388671875,0.0181734878569841,0.336961090564728,10.7286128997803,-711.325134277344,0.0050112116150558,0.148139372467995,0.0168142579495907,1,"Craugastor_omoaensis","Hypopachus_variolosus",1,"generalist","specialist",NA,53,"carnivore",NA,0
-86.0595638729999,11.9786470350001,0.0470392480492592,0.0123185366392136,159.223388671875,0.0181734878569841,0.336961090564728,10.7286128997803,-711.325134277344,0.0050112116150558,0.148139372467995,0.0168142579495907,1,"Craugastor_omoaensis","Leptodactylus_fragilis",1,"generalist","",NA,43,"",NA,0
-86.0595638729999,11.9786470350001,0.0470392480492592,0.0123185366392136,159.223388671875,0.0181734878569841,0.336961090564728,10.7286128997803,-711.325134277344,0.0050112116150558,0.148139372467995,0.0168142579495907,1,"Craugastor_omoaensis","Leptodactylus_melanonotus",1,"generalist","",NA,58,"",NA,0
-86.0595638729999,11.9786470350001,0.0470392480492592,0.0123185366392136,159.223388671875,0.0181734878569841,0.336961090564728,10.7286128997803,-711.325134277344,0.0050112116150558,0.148139372467995,0.0168142579495907,1,"Craugastor_omoaensis","Lithobates_maculatus",1,NA,NA,NA,NA,NA,NA,NA
-86.0595638729999,11.9786470350001,0.0470392480492592,0.0123185366392136,159.223388671875,0.0181734878569841,0.336961090564728,10.7286128997803,-711.325134277344,0.0050112116150558,0.148139372467995,0.0168142579495907,1,"Craugastor_omoaensis","Lithobates_vaillanti",1,NA,NA,NA,NA,NA,NA,NA
-86.0595638729999,11.9786470350001,0.0470392480492592,0.0123185366392136,159.223388671875,0.0181734878569841,0.336961090564728,10.7286128997803,-711.325134277344,0.0050112116150558,0.148139372467995,0.0168142579495907,1,"Craugastor_omoaensis","Rhinella_horribilis",1,"generalist","specialist",106.25,241,"",NA,0
-86.0595638729999,11.9786470350001,0.0470392480492592,0.0123185366392136,159.223388671875,0.0181734878569841,0.336961090564728,10.7286128997803,-711.325134277344,0.0050112116150558,0.148139372467995,0.0168142579495907,1,"Craugastor_omoaensis","Rhinophrynus_dorsalis",1,"specialist","specialist",90,89,"carnivore",NA,0
-86.0595638729999,11.9786470350001,0.0470392480492592,0.0123185366392136,159.223388671875,0.0181734878569841,0.336961090564728,10.7286128997803,-711.325134277344,0.0050112116150558,0.148139372467995,0.0168142579495907,1,"Craugastor_omoaensis","Scinax_staufferi",1,"generalist","",29,32,"",NA,0
-86.0595638729999,11.9786470350001,0.0470392480492592,0.0123185366392136,159.223388671875,0.0181734878569841,0.336961090564728,10.7286128997803,-711.325134277344,0.0050112116150558,0.148139372467995,0.0168142579495907,1,"Craugastor_omoaensis","Smilisca_baudinii",1,"generalist","",NA,90,"",NA,0
-86.0595638729999,11.9786470350001,0.0470392480492592,0.0123185366392136,159.223388671875,0.0181734878569841,0.336961090564728,10.7286128997803,-711.325134277344,0.0050112116150558,0.148139372467995,0.0168142579495907,1,"Craugastor_omoaensis","Tlalocohyla_loquax",1,"generalist","",NA,77,"",NA,0
-86.0595638729999,11.9786470350001,0.0470392480492592,0.0123185366392136,159.223388671875,0.0181734878569841,0.336961090564728,10.7286128997803,-711.325134277344,0.0050112116150558,0.148139372467995,0.0168142579495907,1,"Craugastor_omoaensis","Trachycephalus_vermiculatus",1,"generalist","specialist",56.9,105,"",NA,0
-85.0595638729999,11.9786470350001,0.00532908504828811,0.00125304632820189,189.267059326172,0.0614924728870392,0.442244559526443,9.93684673309326,21.3709030151367,9.13210824364796e-05,0.00268506351858377,0.000306297151837498,1,"Craugastor_omoaensis","Agalychnis_callidryas",1,"generalist","",12,77.2,"",NA,0
-85.0595638729999,11.9786470350001,0.00532908504828811,0.00125304632820189,189.267059326172,0.0614924728870392,0.442244559526443,9.93684673309326,21.3709030151367,9.13210824364796e-05,0.00268506351858377,0.000306297151837498,1,"Craugastor_omoaensis","Dendropsophus_microcephalus",1,"generalist","",28,32,"",NA,0
-85.0595638729999,11.9786470350001,0.00532908504828811,0.00125304632820189,189.267059326172,0.0614924728870392,0.442244559526443,9.93684673309326,21.3709030151367,9.13210824364796e-05,0.00268506351858377,0.000306297151837498,1,"Craugastor_omoaensis","Engystomops_pustulosus",1,"generalist","",NA,48.2,"",NA,0
-85.0595638729999,11.9786470350001,0.00532908504828811,0.00125304632820189,189.267059326172,0.0614924728870392,0.442244559526443,9.93684673309326,21.3709030151367,9.13210824364796e-05,0.00268506351858377,0.000306297151837498,1,"Craugastor_omoaensis","Gymnopis_multiplicata",1,"generalist","specialist",NA,480,"carnivore",NA,0
-85.0595638729999,11.9786470350001,0.00532908504828811,0.00125304632820189,189.267059326172,0.0614924728870392,0.442244559526443,9.93684673309326,21.3709030151367,9.13210824364796e-05,0.00268506351858377,0.000306297151837498,1,"Craugastor_omoaensis","Incilius_valliceps",1,"specialist","",60,125,"",NA,0
-85.0595638729999,11.9786470350001,0.00532908504828811,0.00125304632820189,189.267059326172,0.0614924728870392,0.442244559526443,9.93684673309326,21.3709030151367,9.13210824364796e-05,0.00268506351858377,0.000306297151837498,1,"Craugastor_omoaensis","Leptodactylus_fragilis",1,"generalist","",NA,43,"",NA,0
-85.0595638729999,11.9786470350001,0.00532908504828811,0.00125304632820189,189.267059326172,0.0614924728870392,0.442244559526443,9.93684673309326,21.3709030151367,9.13210824364796e-05,0.00268506351858377,0.000306297151837498,1,"Craugastor_omoaensis","Leptodactylus_melanonotus",1,"generalist","",NA,58,"",NA,0
-85.0595638729999,11.9786470350001,0.00532908504828811,0.00125304632820189,189.267059326172,0.0614924728870392,0.442244559526443,9.93684673309326,21.3709030151367,9.13210824364796e-05,0.00268506351858377,0.000306297151837498,1,"Craugastor_omoaensis","Lithobates_brownorum",1,"generalist","specialist",NA,NA,"",NA,0
-85.0595638729999,11.9786470350001,0.00532908504828811,0.00125304632820189,189.267059326172,0.0614924728870392,0.442244559526443,9.93684673309326,21.3709030151367,9.13210824364796e-05,0.00268506351858377,0.000306297151837498,1,"Craugastor_omoaensis","Lithobates_maculatus",1,NA,NA,NA,NA,NA,NA,NA
-85.0595638729999,11.9786470350001,0.00532908504828811,0.00125304632820189,189.267059326172,0.0614924728870392,0.442244559526443,9.93684673309326,21.3709030151367,9.13210824364796e-05,0.00268506351858377,0.000306297151837498,1,"Craugastor_omoaensis","Lithobates_vaillanti",1,NA,NA,NA,NA,NA,NA,NA
-85.0595638729999,11.9786470350001,0.00532908504828811,0.00125304632820189,189.267059326172,0.0614924728870392,0.442244559526443,9.93684673309326,21.3709030151367,9.13210824364796e-05,0.00268506351858377,0.000306297151837498,1,"Craugastor_omoaensis","Rhinella_horribilis",1,"generalist","specialist",106.25,241,"",NA,0
-85.0595638729999,11.9786470350001,0.00532908504828811,0.00125304632820189,189.267059326172,0.0614924728870392,0.442244559526443,9.93684673309326,21.3709030151367,9.13210824364796e-05,0.00268506351858377,0.000306297151837498,1,"Craugastor_omoaensis","Rhinophrynus_dorsalis",1,"specialist","specialist",90,89,"carnivore",NA,0
-85.0595638729999,11.9786470350001,0.00532908504828811,0.00125304632820189,189.267059326172,0.0614924728870392,0.442244559526443,9.93684673309326,21.3709030151367,9.13210824364796e-05,0.00268506351858377,0.000306297151837498,1,"Craugastor_omoaensis","Scinax_staufferi",1,"generalist","",29,32,"",NA,0
-85.0595638729999,11.9786470350001,0.00532908504828811,0.00125304632820189,189.267059326172,0.0614924728870392,0.442244559526443,9.93684673309326,21.3709030151367,9.13210824364796e-05,0.00268506351858377,0.000306297151837498,1,"Craugastor_omoaensis","Smilisca_baudinii",1,"generalist","",NA,90,"",NA,0
-85.0595638729999,11.9786470350001,0.00532908504828811,0.00125304632820189,189.267059326172,0.0614924728870392,0.442244559526443,9.93684673309326,21.3709030151367,9.13210824364796e-05,0.00268506351858377,0.000306297151837498,1,"Craugastor_omoaensis","Tlalocohyla_loquax",1,"generalist","",NA,77,"",NA,0
-85.0595638729999,11.9786470350001,0.00532908504828811,0.00125304632820189,189.267059326172,0.0614924728870392,0.442244559526443,9.93684673309326,21.3709030151367,9.13210824364796e-05,0.00268506351858377,0.000306297151837498,1,"Craugastor_omoaensis","Trachycephalus_vermiculatus",1,"generalist","specialist",56.9,105,"",NA,0
-84.0595638729999,11.9786470350001,0.000813211081549525,0.000849757285322994,78.742919921875,0.202373057603836,0.395479142665863,6.13171195983887,-1114.76037597656,0,0,0.0175541471689939,1,"Craugastor_omoaensis","Agalychnis_callidryas",1,"generalist","",12,77.2,"",NA,0
-84.0595638729999,11.9786470350001,0.000813211081549525,0.000849757285322994,78.742919921875,0.202373057603836,0.395479142665863,6.13171195983887,-1114.76037597656,0,0,0.0175541471689939,1,"Craugastor_omoaensis","Dendropsophus_microcephalus",1,"generalist","",28,32,"",NA,0
-84.0595638729999,11.9786470350001,0.000813211081549525,0.000849757285322994,78.742919921875,0.202373057603836,0.395479142665863,6.13171195983887,-1114.76037597656,0,0,0.0175541471689939,1,"Craugastor_omoaensis","Gymnopis_multiplicata",1,"generalist","specialist",NA,480,"carnivore",NA,0
-84.0595638729999,11.9786470350001,0.000813211081549525,0.000849757285322994,78.742919921875,0.202373057603836,0.395479142665863,6.13171195983887,-1114.76037597656,0,0,0.0175541471689939,1,"Craugastor_omoaensis","Incilius_valliceps",1,"specialist","",60,125,"",NA,0
-84.0595638729999,11.9786470350001,0.000813211081549525,0.000849757285322994,78.742919921875,0.202373057603836,0.395479142665863,6.13171195983887,-1114.76037597656,0,0,0.0175541471689939,1,"Craugastor_omoaensis","Leptodactylus_fragilis",1,"generalist","",NA,43,"",NA,0
-84.0595638729999,11.9786470350001,0.000813211081549525,0.000849757285322994,78.742919921875,0.202373057603836,0.395479142665863,6.13171195983887,-1114.76037597656,0,0,0.0175541471689939,1,"Craugastor_omoaensis","Leptodactylus_melanonotus",1,"generalist","",NA,58,"",NA,0
-84.0595638729999,11.9786470350001,0.000813211081549525,0.000849757285322994,78.742919921875,0.202373057603836,0.395479142665863,6.13171195983887,-1114.76037597656,0,0,0.0175541471689939,1,"Craugastor_omoaensis","Lithobates_brownorum",1,"generalist","specialist",NA,NA,"",NA,0
-84.0595638729999,11.9786470350001,0.000813211081549525,0.000849757285322994,78.742919921875,0.202373057603836,0.395479142665863,6.13171195983887,-1114.76037597656,0,0,0.0175541471689939,1,"Craugastor_omoaensis","Lithobates_vaillanti",1,NA,NA,NA,NA,NA,NA,NA
-84.0595638729999,11.9786470350001,0.000813211081549525,0.000849757285322994,78.742919921875,0.202373057603836,0.395479142665863,6.13171195983887,-1114.76037597656,0,0,0.0175541471689939,1,"Craugastor_omoaensis","Rhinella_horribilis",1,"generalist","specialist",106.25,241,"",NA,0
-84.0595638729999,11.9786470350001,0.000813211081549525,0.000849757285322994,78.742919921875,0.202373057603836,0.395479142665863,6.13171195983887,-1114.76037597656,0,0,0.0175541471689939,1,"Craugastor_omoaensis","Smilisca_baudinii",1,"generalist","",NA,90,"",NA,0
-83.0595638729999,11.9786470350001,1.33679714053869e-05,7.10645908839069e-05,11.415057182312,0.00393506418913603,0.0105017991736531,0.131539210677147,-9715.05859375,0,0,0.00366070331074297,1,"Craugastor_omoaensis","Agalychnis_callidryas",1,"generalist","",12,77.2,"",NA,0
-83.0595638729999,11.9786470350001,1.33679714053869e-05,7.10645908839069e-05,11.415057182312,0.00393506418913603,0.0105017991736531,0.131539210677147,-9715.05859375,0,0,0.00366070331074297,1,"Craugastor_omoaensis","Gymnopis_multiplicata",1,"generalist","specialist",NA,480,"carnivore",NA,0
-83.0595638729999,11.9786470350001,1.33679714053869e-05,7.10645908839069e-05,11.415057182312,0.00393506418913603,0.0105017991736531,0.131539210677147,-9715.05859375,0,0,0.00366070331074297,1,"Craugastor_omoaensis","Incilius_valliceps",1,"specialist","",60,125,"",NA,0
-83.0595638729999,11.9786470350001,1.33679714053869e-05,7.10645908839069e-05,11.415057182312,0.00393506418913603,0.0105017991736531,0.131539210677147,-9715.05859375,0,0,0.00366070331074297,1,"Craugastor_omoaensis","Leptodactylus_melanonotus",1,"generalist","",NA,58,"",NA,0
-83.0595638729999,11.9786470350001,1.33679714053869e-05,7.10645908839069e-05,11.415057182312,0.00393506418913603,0.0105017991736531,0.131539210677147,-9715.05859375,0,0,0.00366070331074297,1,"Craugastor_omoaensis","Lithobates_vaillanti",1,NA,NA,NA,NA,NA,NA,NA
-83.0595638729999,11.9786470350001,1.33679714053869e-05,7.10645908839069e-05,11.415057182312,0.00393506418913603,0.0105017991736531,0.131539210677147,-9715.05859375,0,0,0.00366070331074297,1,"Craugastor_omoaensis","Rhinella_horribilis",1,"generalist","specialist",106.25,241,"",NA,0
-83.0595638729999,11.9786470350001,1.33679714053869e-05,7.10645908839069e-05,11.415057182312,0.00393506418913603,0.0105017991736531,0.131539210677147,-9715.05859375,0,0,0.00366070331074297,1,"Craugastor_omoaensis","Tlalocohyla_loquax",1,"generalist","",NA,77,"",NA,0
-73.0595638729999,11.9786470350001,0.00277846166864038,0.00323681416921318,14.0677967071533,0.000371572619769722,0.0214540101587772,0.763497531414032,-8878.392578125,0,0,0,1,"Craugastor_omoaensis","Dendropsophus_microcephalus",1,"generalist","",28,32,"",NA,0
-73.0595638729999,11.9786470350001,0.00277846166864038,0.00323681416921318,14.0677967071533,0.000371572619769722,0.0214540101587772,0.763497531414032,-8878.392578125,0,0,0,1,"Craugastor_omoaensis","Leptodactylus_fragilis",1,"generalist","",NA,43,"",NA,0
-73.0595638729999,11.9786470350001,0.00277846166864038,0.00323681416921318,14.0677967071533,0.000371572619769722,0.0214540101587772,0.763497531414032,-8878.392578125,0,0,0,1,"Craugastor_omoaensis","Rhinella_horribilis",1,"generalist","specialist",106.25,241,"",NA,0
-73.0595638729999,11.9786470350001,0.00277846166864038,0.00323681416921318,14.0677967071533,0.000371572619769722,0.0214540101587772,0.763497531414032,-8878.392578125,0,0,0,1,"Craugastor_omoaensis","Trachycephalus_vermiculatus",1,"generalist","specialist",56.9,105,"",NA,0
-72.0595638729999,11.9786470350001,0.00526314554736018,0.000815580773632973,53.3304481506348,0.00019376544514671,0.00258734473027289,4.36208915710449,-3666.9140625,0,0,0,1,"Craugastor_omoaensis","Dendropsophus_microcephalus",1,"generalist","",28,32,"",NA,0
-72.0595638729999,11.9786470350001,0.00526314554736018,0.000815580773632973,53.3304481506348,0.00019376544514671,0.00258734473027289,4.36208915710449,-3666.9140625,0,0,0,1,"Craugastor_omoaensis","Leptodactylus_fragilis",1,"generalist","",NA,43,"",NA,0
-72.0595638729999,11.9786470350001,0.00526314554736018,0.000815580773632973,53.3304481506348,0.00019376544514671,0.00258734473027289,4.36208915710449,-3666.9140625,0,0,0,1,"Craugastor_omoaensis","Rhinella_horribilis",1,"generalist","specialist",106.25,241,"",NA,0
-72.0595638729999,11.9786470350001,0.00526314554736018,0.000815580773632973,53.3304481506348,0.00019376544514671,0.00258734473027289,4.36208915710449,-3666.9140625,0,0,0,1,"Craugastor_omoaensis","Trachycephalus_vermiculatus",1,"generalist","specialist",56.9,105,"",NA,0
-71.0595638729999,11.9786470350001,0.00152317038737237,9.1767760750372e-05,39.7386665344238,0.000401046185288578,0.0180751960724592,1.39161276817322,-7652.521484375,0,0,0,1,"Craugastor_omoaensis","Rhinella_horribilis",1,"generalist","specialist",106.25,241,"",NA,0
-71.0595638729999,11.9786470350001,0.00152317038737237,9.1767760750372e-05,39.7386665344238,0.000401046185288578,0.0180751960724592,1.39161276817322,-7652.521484375,0,0,0,1,"Craugastor_omoaensis","Trachycephalus_vermiculatus",1,"generalist","specialist",56.9,105,"",NA,0
-70.0595638729999,11.9786470350001,0.00268691452220082,0.00856536999344826,32.5876502990723,0.000709356914740056,0.00566062983125448,3.01902341842651,-6528.57470703125,0.00845592655241489,0,0,1,"Craugastor_omoaensis","Dendropsophus_microcephalus",1,"generalist","",28,32,"",NA,0
-70.0595638729999,11.9786470350001,0.00268691452220082,0.00856536999344826,32.5876502990723,0.000709356914740056,0.00566062983125448,3.01902341842651,-6528.57470703125,0.00845592655241489,0,0,1,"Craugastor_omoaensis","Leptodactylus_fragilis",1,"generalist","",NA,43,"",NA,0
-69.0595638729999,11.9786470350001,0.000421492761233822,0.00744557939469814,36.9344024658203,0.00147421145811677,0.00720879761502147,1.0749785900116,-8954.5986328125,0.00349490321241319,0,0,1,"Craugastor_omoaensis","Dendropsophus_microcephalus",1,"generalist","",28,32,"",NA,0
-69.0595638729999,11.9786470350001,0.000421492761233822,0.00744557939469814,36.9344024658203,0.00147421145811677,0.00720879761502147,1.0749785900116,-8954.5986328125,0.00349490321241319,0,0,1,"Craugastor_omoaensis","Leptodactylus_fragilis",1,"generalist","",NA,43,"",NA,0
-86.0595638729999,10.9786470350001,0.00711488863453269,0.00161610124632716,108.77124786377,0.00969622749835253,0.191652044653893,2.96931195259094,-7000.3955078125,0.000103906997537706,0.0114151062443852,0.0237320121377707,1,"Craugastor_omoaensis","Agalychnis_callidryas",1,"generalist","",12,77.2,"",NA,0
-86.0595638729999,10.9786470350001,0.00711488863453269,0.00161610124632716,108.77124786377,0.00969622749835253,0.191652044653893,2.96931195259094,-7000.3955078125,0.000103906997537706,0.0114151062443852,0.0237320121377707,1,"Craugastor_omoaensis","Dendropsophus_microcephalus",1,"generalist","",28,32,"",NA,0
-86.0595638729999,10.9786470350001,0.00711488863453269,0.00161610124632716,108.77124786377,0.00969622749835253,0.191652044653893,2.96931195259094,-7000.3955078125,0.000103906997537706,0.0114151062443852,0.0237320121377707,1,"Craugastor_omoaensis","Engystomops_pustulosus",1,"generalist","",NA,48.2,"",NA,0
-86.0595638729999,10.9786470350001,0.00711488863453269,0.00161610124632716,108.77124786377,0.00969622749835253,0.191652044653893,2.96931195259094,-7000.3955078125,0.000103906997537706,0.0114151062443852,0.0237320121377707,1,"Craugastor_omoaensis","Hypopachus_variolosus",1,"generalist","specialist",NA,53,"carnivore",NA,0
-86.0595638729999,10.9786470350001,0.00711488863453269,0.00161610124632716,108.77124786377,0.00969622749835253,0.191652044653893,2.96931195259094,-7000.3955078125,0.000103906997537706,0.0114151062443852,0.0237320121377707,1,"Craugastor_omoaensis","Leptodactylus_fragilis",1,"generalist","",NA,43,"",NA,0
-86.0595638729999,10.9786470350001,0.00711488863453269,0.00161610124632716,108.77124786377,0.00969622749835253,0.191652044653893,2.96931195259094,-7000.3955078125,0.000103906997537706,0.0114151062443852,0.0237320121377707,1,"Craugastor_omoaensis","Leptodactylus_melanonotus",1,"generalist","",NA,58,"",NA,0
-86.0595638729999,10.9786470350001,0.00711488863453269,0.00161610124632716,108.77124786377,0.00969622749835253,0.191652044653893,2.96931195259094,-7000.3955078125,0.000103906997537706,0.0114151062443852,0.0237320121377707,1,"Craugastor_omoaensis","Lithobates_vaillanti",1,NA,NA,NA,NA,NA,NA,NA
-86.0595638729999,10.9786470350001,0.00711488863453269,0.00161610124632716,108.77124786377,0.00969622749835253,0.191652044653893,2.96931195259094,-7000.3955078125,0.000103906997537706,0.0114151062443852,0.0237320121377707,1,"Craugastor_omoaensis","Rhinella_horribilis",1,"generalist","specialist",106.25,241,"",NA,0
-86.0595638729999,10.9786470350001,0.00711488863453269,0.00161610124632716,108.77124786377,0.00969622749835253,0.191652044653893,2.96931195259094,-7000.3955078125,0.000103906997537706,0.0114151062443852,0.0237320121377707,1,"Craugastor_omoaensis","Rhinophrynus_dorsalis",1,"specialist","specialist",90,89,"carnivore",NA,0
-86.0595638729999,10.9786470350001,0.00711488863453269,0.00161610124632716,108.77124786377,0.00969622749835253,0.191652044653893,2.96931195259094,-7000.3955078125,0.000103906997537706,0.0114151062443852,0.0237320121377707,1,"Craugastor_omoaensis","Scinax_staufferi",1,"generalist","",29,32,"",NA,0
-86.0595638729999,10.9786470350001,0.00711488863453269,0.00161610124632716,108.77124786377,0.00969622749835253,0.191652044653893,2.96931195259094,-7000.3955078125,0.000103906997537706,0.0114151062443852,0.0237320121377707,1,"Craugastor_omoaensis","Smilisca_baudinii",1,"generalist","",NA,90,"",NA,0
-86.0595638729999,10.9786470350001,0.00711488863453269,0.00161610124632716,108.77124786377,0.00969622749835253,0.191652044653893,2.96931195259094,-7000.3955078125,0.000103906997537706,0.0114151062443852,0.0237320121377707,1,"Craugastor_omoaensis","Trachycephalus_vermiculatus",1,"generalist","specialist",56.9,105,"",NA,0
-85.0595638729999,10.9786470350001,0.0158259961754084,0.00211982568725944,190.696578979492,0.0621443167328835,0.43898868560791,7.86874437332153,-92.4922866821289,1.89353386303992e-06,0.0152413807809353,0.0522149987518787,1,"Craugastor_omoaensis","Agalychnis_callidryas",1,"generalist","",12,77.2,"",NA,0
-85.0595638729999,10.9786470350001,0.0158259961754084,0.00211982568725944,190.696578979492,0.0621443167328835,0.43898868560791,7.86874437332153,-92.4922866821289,1.89353386303992e-06,0.0152413807809353,0.0522149987518787,1,"Craugastor_omoaensis","Dendropsophus_microcephalus",1,"generalist","",28,32,"",NA,0
-85.0595638729999,10.9786470350001,0.0158259961754084,0.00211982568725944,190.696578979492,0.0621443167328835,0.43898868560791,7.86874437332153,-92.4922866821289,1.89353386303992e-06,0.0152413807809353,0.0522149987518787,1,"Craugastor_omoaensis","Engystomops_pustulosus",1,"generalist","",NA,48.2,"",NA,0
-85.0595638729999,10.9786470350001,0.0158259961754084,0.00211982568725944,190.696578979492,0.0621443167328835,0.43898868560791,7.86874437332153,-92.4922866821289,1.89353386303992e-06,0.0152413807809353,0.0522149987518787,1,"Craugastor_omoaensis","Gymnopis_multiplicata",1,"generalist","specialist",NA,480,"carnivore",NA,0
-85.0595638729999,10.9786470350001,0.0158259961754084,0.00211982568725944,190.696578979492,0.0621443167328835,0.43898868560791,7.86874437332153,-92.4922866821289,1.89353386303992e-06,0.0152413807809353,0.0522149987518787,1,"Craugastor_omoaensis","Hypopachus_variolosus",1,"generalist","specialist",NA,53,"carnivore",NA,0
-85.0595638729999,10.9786470350001,0.0158259961754084,0.00211982568725944,190.696578979492,0.0621443167328835,0.43898868560791,7.86874437332153,-92.4922866821289,1.89353386303992e-06,0.0152413807809353,0.0522149987518787,1,"Craugastor_omoaensis","Incilius_valliceps",1,"specialist","",60,125,"",NA,0
-85.0595638729999,10.9786470350001,0.0158259961754084,0.00211982568725944,190.696578979492,0.0621443167328835,0.43898868560791,7.86874437332153,-92.4922866821289,1.89353386303992e-06,0.0152413807809353,0.0522149987518787,1,"Craugastor_omoaensis","Leptodactylus_fragilis",1,"generalist","",NA,43,"",NA,0
-85.0595638729999,10.9786470350001,0.0158259961754084,0.00211982568725944,190.696578979492,0.0621443167328835,0.43898868560791,7.86874437332153,-92.4922866821289,1.89353386303992e-06,0.0152413807809353,0.0522149987518787,1,"Craugastor_omoaensis","Leptodactylus_melanonotus",1,"generalist","",NA,58,"",NA,0
-85.0595638729999,10.9786470350001,0.0158259961754084,0.00211982568725944,190.696578979492,0.0621443167328835,0.43898868560791,7.86874437332153,-92.4922866821289,1.89353386303992e-06,0.0152413807809353,0.0522149987518787,1,"Craugastor_omoaensis","Lithobates_brownorum",1,"generalist","specialist",NA,NA,"",NA,0
-85.0595638729999,10.9786470350001,0.0158259961754084,0.00211982568725944,190.696578979492,0.0621443167328835,0.43898868560791,7.86874437332153,-92.4922866821289,1.89353386303992e-06,0.0152413807809353,0.0522149987518787,1,"Craugastor_omoaensis","Lithobates_vaillanti",1,NA,NA,NA,NA,NA,NA,NA
-85.0595638729999,10.9786470350001,0.0158259961754084,0.00211982568725944,190.696578979492,0.0621443167328835,0.43898868560791,7.86874437332153,-92.4922866821289,1.89353386303992e-06,0.0152413807809353,0.0522149987518787,1,"Craugastor_omoaensis","Rhinella_horribilis",1,"generalist","specialist",106.25,241,"",NA,0
-85.0595638729999,10.9786470350001,0.0158259961754084,0.00211982568725944,190.696578979492,0.0621443167328835,0.43898868560791,7.86874437332153,-92.4922866821289,1.89353386303992e-06,0.0152413807809353,0.0522149987518787,1,"Craugastor_omoaensis","Rhinophrynus_dorsalis",1,"specialist","specialist",90,89,"carnivore",NA,0
-85.0595638729999,10.9786470350001,0.0158259961754084,0.00211982568725944,190.696578979492,0.0621443167328835,0.43898868560791,7.86874437332153,-92.4922866821289,1.89353386303992e-06,0.0152413807809353,0.0522149987518787,1,"Craugastor_omoaensis","Scinax_staufferi",1,"generalist","",29,32,"",NA,0
-85.0595638729999,10.9786470350001,0.0158259961754084,0.00211982568725944,190.696578979492,0.0621443167328835,0.43898868560791,7.86874437332153,-92.4922866821289,1.89353386303992e-06,0.0152413807809353,0.0522149987518787,1,"Craugastor_omoaensis","Smilisca_baudinii",1,"generalist","",NA,90,"",NA,0
-85.0595638729999,10.9786470350001,0.0158259961754084,0.00211982568725944,190.696578979492,0.0621443167328835,0.43898868560791,7.86874437332153,-92.4922866821289,1.89353386303992e-06,0.0152413807809353,0.0522149987518787,1,"Craugastor_omoaensis","Tlalocohyla_loquax",1,"generalist","",NA,77,"",NA,0
-85.0595638729999,10.9786470350001,0.0158259961754084,0.00211982568725944,190.696578979492,0.0621443167328835,0.43898868560791,7.86874437332153,-92.4922866821289,1.89353386303992e-06,0.0152413807809353,0.0522149987518787,1,"Craugastor_omoaensis","Trachycephalus_vermiculatus",1,"generalist","specialist",56.9,105,"",NA,0
-84.0595638729999,10.9786470350001,0.00516847101971507,0.000630374590400606,96.5276184082031,0.226749375462532,0.613605856895447,5.42173671722412,-1363.61340332031,0,0.000273963232757524,0.372050404548645,1,"Craugastor_omoaensis","Agalychnis_callidryas",1,"generalist","",12,77.2,"",NA,0
-84.0595638729999,10.9786470350001,0.00516847101971507,0.000630374590400606,96.5276184082031,0.226749375462532,0.613605856895447,5.42173671722412,-1363.61340332031,0,0.000273963232757524,0.372050404548645,1,"Craugastor_omoaensis","Dendropsophus_microcephalus",1,"generalist","",28,32,"",NA,0
-84.0595638729999,10.9786470350001,0.00516847101971507,0.000630374590400606,96.5276184082031,0.226749375462532,0.613605856895447,5.42173671722412,-1363.61340332031,0,0.000273963232757524,0.372050404548645,1,"Craugastor_omoaensis","Gymnopis_multiplicata",1,"generalist","specialist",NA,480,"carnivore",NA,0
-84.0595638729999,10.9786470350001,0.00516847101971507,0.000630374590400606,96.5276184082031,0.226749375462532,0.613605856895447,5.42173671722412,-1363.61340332031,0,0.000273963232757524,0.372050404548645,1,"Craugastor_omoaensis","Incilius_valliceps",1,"specialist","",60,125,"",NA,0
-84.0595638729999,10.9786470350001,0.00516847101971507,0.000630374590400606,96.5276184082031,0.226749375462532,0.613605856895447,5.42173671722412,-1363.61340332031,0,0.000273963232757524,0.372050404548645,1,"Craugastor_omoaensis","Leptodactylus_fragilis",1,"generalist","",NA,43,"",NA,0
-84.0595638729999,10.9786470350001,0.00516847101971507,0.000630374590400606,96.5276184082031,0.226749375462532,0.613605856895447,5.42173671722412,-1363.61340332031,0,0.000273963232757524,0.372050404548645,1,"Craugastor_omoaensis","Leptodactylus_melanonotus",1,"generalist","",NA,58,"",NA,0
-84.0595638729999,10.9786470350001,0.00516847101971507,0.000630374590400606,96.5276184082031,0.226749375462532,0.613605856895447,5.42173671722412,-1363.61340332031,0,0.000273963232757524,0.372050404548645,1,"Craugastor_omoaensis","Lithobates_brownorum",1,"generalist","specialist",NA,NA,"",NA,0
-84.0595638729999,10.9786470350001,0.00516847101971507,0.000630374590400606,96.5276184082031,0.226749375462532,0.613605856895447,5.42173671722412,-1363.61340332031,0,0.000273963232757524,0.372050404548645,1,"Craugastor_omoaensis","Lithobates_vaillanti",1,NA,NA,NA,NA,NA,NA,NA
-84.0595638729999,10.9786470350001,0.00516847101971507,0.000630374590400606,96.5276184082031,0.226749375462532,0.613605856895447,5.42173671722412,-1363.61340332031,0,0.000273963232757524,0.372050404548645,1,"Craugastor_omoaensis","Rhinella_horribilis",1,"generalist","specialist",106.25,241,"",NA,0
-84.0595638729999,10.9786470350001,0.00516847101971507,0.000630374590400606,96.5276184082031,0.226749375462532,0.613605856895447,5.42173671722412,-1363.61340332031,0,0.000273963232757524,0.372050404548645,1,"Craugastor_omoaensis","Scinax_staufferi",1,"generalist","",29,32,"",NA,0
-84.0595638729999,10.9786470350001,0.00516847101971507,0.000630374590400606,96.5276184082031,0.226749375462532,0.613605856895447,5.42173671722412,-1363.61340332031,0,0.000273963232757524,0.372050404548645,1,"Craugastor_omoaensis","Tlalocohyla_loquax",1,"generalist","",NA,77,"",NA,0
-84.0595638729999,10.9786470350001,0.00516847101971507,0.000630374590400606,96.5276184082031,0.226749375462532,0.613605856895447,5.42173671722412,-1363.61340332031,0,0.000273963232757524,0.372050404548645,1,"Craugastor_omoaensis","Trachycephalus_vermiculatus",1,"generalist","specialist",56.9,105,"",NA,0
-83.0595638729999,10.9786470350001,8.94745462574065e-05,3.9691585698165e-05,21.6266555786133,0.00421936623752117,0.0378844812512398,0.136530920863152,-9719.3564453125,0,0,0.0151841007173061,1,"Craugastor_omoaensis","Agalychnis_callidryas",1,"generalist","",12,77.2,"",NA,0
-83.0595638729999,10.9786470350001,8.94745462574065e-05,3.9691585698165e-05,21.6266555786133,0.00421936623752117,0.0378844812512398,0.136530920863152,-9719.3564453125,0,0,0.0151841007173061,1,"Craugastor_omoaensis","Gymnopis_multiplicata",1,"generalist","specialist",NA,480,"carnivore",NA,0
-83.0595638729999,10.9786470350001,8.94745462574065e-05,3.9691585698165e-05,21.6266555786133,0.00421936623752117,0.0378844812512398,0.136530920863152,-9719.3564453125,0,0,0.0151841007173061,1,"Craugastor_omoaensis","Leptodactylus_melanonotus",1,"generalist","",NA,58,"",NA,0
-83.0595638729999,10.9786470350001,8.94745462574065e-05,3.9691585698165e-05,21.6266555786133,0.00421936623752117,0.0378844812512398,0.136530920863152,-9719.3564453125,0,0,0.0151841007173061,1,"Craugastor_omoaensis","Lithobates_vaillanti",1,NA,NA,NA,NA,NA,NA,NA
-83.0595638729999,10.9786470350001,8.94745462574065e-05,3.9691585698165e-05,21.6266555786133,0.00421936623752117,0.0378844812512398,0.136530920863152,-9719.3564453125,0,0,0.0151841007173061,1,"Craugastor_omoaensis","Rhinella_horribilis",1,"generalist","specialist",106.25,241,"",NA,0
-75.0595638729999,10.9786470350001,0.0079125864431262,0.0151933971792459,47.1003875732422,0.0223501492291689,0.155294269323349,5.92949342727661,-5410.72265625,0.0183744430541992,0,0,1,"Craugastor_omoaensis","Dendropsophus_microcephalus",1,"generalist","",28,32,"",NA,0
-75.0595638729999,10.9786470350001,0.0079125864431262,0.0151933971792459,47.1003875732422,0.0223501492291689,0.155294269323349,5.92949342727661,-5410.72265625,0.0183744430541992,0,0,1,"Craugastor_omoaensis","Engystomops_pustulosus",1,"generalist","",NA,48.2,"",NA,0
-75.0595638729999,10.9786470350001,0.0079125864431262,0.0151933971792459,47.1003875732422,0.0223501492291689,0.155294269323349,5.92949342727661,-5410.72265625,0.0183744430541992,0,0,1,"Craugastor_omoaensis","Leptodactylus_fragilis",1,"generalist","",NA,43,"",NA,0
-75.0595638729999,10.9786470350001,0.0079125864431262,0.0151933971792459,47.1003875732422,0.0223501492291689,0.155294269323349,5.92949342727661,-5410.72265625,0.0183744430541992,0,0,1,"Craugastor_omoaensis","Rhinella_horribilis",1,"generalist","specialist",106.25,241,"",NA,0
-75.0595638729999,10.9786470350001,0.0079125864431262,0.0151933971792459,47.1003875732422,0.0223501492291689,0.155294269323349,5.92949342727661,-5410.72265625,0.0183744430541992,0,0,1,"Craugastor_omoaensis","Trachycephalus_vermiculatus",1,"generalist","specialist",56.9,105,"",NA,0
-74.0595638729999,10.9786470350001,0.00344534916803241,0.00488284835591912,1095.76879882812,0.0709645822644234,0.427781254053116,6.28153657913208,-2453.81396484375,0.00033484396408312,0,0.3591368496418,1,"Craugastor_omoaensis","Dendropsophus_microcephalus",1,"generalist","",28,32,"",NA,0
-74.0595638729999,10.9786470350001,0.00344534916803241,0.00488284835591912,1095.76879882812,0.0709645822644234,0.427781254053116,6.28153657913208,-2453.81396484375,0.00033484396408312,0,0.3591368496418,1,"Craugastor_omoaensis","Engystomops_pustulosus",1,"generalist","",NA,48.2,"",NA,0
-74.0595638729999,10.9786470350001,0.00344534916803241,0.00488284835591912,1095.76879882812,0.0709645822644234,0.427781254053116,6.28153657913208,-2453.81396484375,0.00033484396408312,0,0.3591368496418,1,"Craugastor_omoaensis","Leptodactylus_fragilis",1,"generalist","",NA,43,"",NA,0
-74.0595638729999,10.9786470350001,0.00344534916803241,0.00488284835591912,1095.76879882812,0.0709645822644234,0.427781254053116,6.28153657913208,-2453.81396484375,0.00033484396408312,0,0.3591368496418,1,"Craugastor_omoaensis","Lithobates_vaillanti",1,NA,NA,NA,NA,NA,NA,NA
-74.0595638729999,10.9786470350001,0.00344534916803241,0.00488284835591912,1095.76879882812,0.0709645822644234,0.427781254053116,6.28153657913208,-2453.81396484375,0.00033484396408312,0,0.3591368496418,1,"Craugastor_omoaensis","Rhinella_horribilis",1,"generalist","specialist",106.25,241,"",NA,0
-74.0595638729999,10.9786470350001,0.00344534916803241,0.00488284835591912,1095.76879882812,0.0709645822644234,0.427781254053116,6.28153657913208,-2453.81396484375,0.00033484396408312,0,0.3591368496418,1,"Craugastor_omoaensis","Trachycephalus_vermiculatus",1,"generalist","specialist",56.9,105,"",NA,0
-73.0595638729999,10.9786470350001,0.00571326073259115,0.00396908493712544,706.429809570312,0.0739409700036049,0.580220460891724,8.20676422119141,-692.412414550781,0.00167040387168527,0,0.278820514678955,1,"Craugastor_omoaensis","Dendropsophus_microcephalus",1,"generalist","",28,32,"",NA,0
-73.0595638729999,10.9786470350001,0.00571326073259115,0.00396908493712544,706.429809570312,0.0739409700036049,0.580220460891724,8.20676422119141,-692.412414550781,0.00167040387168527,0,0.278820514678955,1,"Craugastor_omoaensis","Engystomops_pustulosus",1,"generalist","",NA,48.2,"",NA,0
-73.0595638729999,10.9786470350001,0.00571326073259115,0.00396908493712544,706.429809570312,0.0739409700036049,0.580220460891724,8.20676422119141,-692.412414550781,0.00167040387168527,0,0.278820514678955,1,"Craugastor_omoaensis","Leptodactylus_fragilis",1,"generalist","",NA,43,"",NA,0
-73.0595638729999,10.9786470350001,0.00571326073259115,0.00396908493712544,706.429809570312,0.0739409700036049,0.580220460891724,8.20676422119141,-692.412414550781,0.00167040387168527,0,0.278820514678955,1,"Craugastor_omoaensis","Lithobates_vaillanti",1,NA,NA,NA,NA,NA,NA,NA
-73.0595638729999,10.9786470350001,0.00571326073259115,0.00396908493712544,706.429809570312,0.0739409700036049,0.580220460891724,8.20676422119141,-692.412414550781,0.00167040387168527,0,0.278820514678955,1,"Craugastor_omoaensis","Rhinella_horribilis",1,"generalist","specialist",106.25,241,"",NA,0
-73.0595638729999,10.9786470350001,0.00571326073259115,0.00396908493712544,706.429809570312,0.0739409700036049,0.580220460891724,8.20676422119141,-692.412414550781,0.00167040387168527,0,0.278820514678955,1,"Craugastor_omoaensis","Trachycephalus_vermiculatus",1,"generalist","specialist",56.9,105,"",NA,0
-72.0595638729999,10.9786470350001,0.0132762202993035,0.0250662360340357,149.302368164062,0.0426906421780586,0.302767425775528,10.672905921936,-1559.00537109375,0.0284273065626621,0,0.0968339964747429,1,"Craugastor_omoaensis","Dendropsophus_microcephalus",1,"generalist","",28,32,"",NA,0
-72.0595638729999,10.9786470350001,0.0132762202993035,0.0250662360340357,149.302368164062,0.0426906421780586,0.302767425775528,10.672905921936,-1559.00537109375,0.0284273065626621,0,0.0968339964747429,1,"Craugastor_omoaensis","Leptodactylus_fragilis",1,"generalist","",NA,43,"",NA,0
-72.0595638729999,10.9786470350001,0.0132762202993035,0.0250662360340357,149.302368164062,0.0426906421780586,0.302767425775528,10.672905921936,-1559.00537109375,0.0284273065626621,0,0.0968339964747429,1,"Craugastor_omoaensis","Rhinella_horribilis",1,"generalist","specialist",106.25,241,"",NA,0
-72.0595638729999,10.9786470350001,0.0132762202993035,0.0250662360340357,149.302368164062,0.0426906421780586,0.302767425775528,10.672905921936,-1559.00537109375,0.0284273065626621,0,0.0968339964747429,1,"Craugastor_omoaensis","Trachycephalus_vermiculatus",1,"generalist","specialist",56.9,105,"",NA,0
-71.0595638729999,10.9786470350001,0.0109895709902048,0.00437236251309514,135.126220703125,0.0458770468831062,0.135794058442116,5.84146308898926,-3376.67822265625,0.00552869774401188,0,0.00334462383762002,1,"Craugastor_omoaensis","Dendropsophus_microcephalus",1,"generalist","",28,32,"",NA,0
-71.0595638729999,10.9786470350001,0.0109895709902048,0.00437236251309514,135.126220703125,0.0458770468831062,0.135794058442116,5.84146308898926,-3376.67822265625,0.00552869774401188,0,0.00334462383762002,1,"Craugastor_omoaensis","Engystomops_pustulosus",1,"generalist","",NA,48.2,"",NA,0
-71.0595638729999,10.9786470350001,0.0109895709902048,0.00437236251309514,135.126220703125,0.0458770468831062,0.135794058442116,5.84146308898926,-3376.67822265625,0.00552869774401188,0,0.00334462383762002,1,"Craugastor_omoaensis","Leptodactylus_fragilis",1,"generalist","",NA,43,"",NA,0
-70.0595638729999,10.9786470350001,0.00363470311276615,0.00426224991679192,410.603393554688,0.0185202490538359,0.154841959476471,5.79340362548828,-534.441833496094,0.00527571095153689,0,0.0184048842638731,1,"Craugastor_omoaensis","Dendropsophus_microcephalus",1,"generalist","",28,32,"",NA,0
-70.0595638729999,10.9786470350001,0.00363470311276615,0.00426224991679192,410.603393554688,0.0185202490538359,0.154841959476471,5.79340362548828,-534.441833496094,0.00527571095153689,0,0.0184048842638731,1,"Craugastor_omoaensis","Engystomops_pustulosus",1,"generalist","",NA,48.2,"",NA,0
-70.0595638729999,10.9786470350001,0.00363470311276615,0.00426224991679192,410.603393554688,0.0185202490538359,0.154841959476471,5.79340362548828,-534.441833496094,0.00527571095153689,0,0.0184048842638731,1,"Craugastor_omoaensis","Leptodactylus_fragilis",1,"generalist","",NA,43,"",NA,0
-69.0595638729999,10.9786470350001,0.00719548854976892,0.00173582311253995,236.047988891602,0.103202037513256,0.434711098670959,5.68435668945312,-432.157806396484,0.000163748307386413,0.00334080774337053,0.0420949421823025,1,"Craugastor_omoaensis","Dendropsophus_microcephalus",1,"generalist","",28,32,"",NA,0
-69.0595638729999,10.9786470350001,0.00719548854976892,0.00173582311253995,236.047988891602,0.103202037513256,0.434711098670959,5.68435668945312,-432.157806396484,0.000163748307386413,0.00334080774337053,0.0420949421823025,1,"Craugastor_omoaensis","Engystomops_pustulosus",1,"generalist","",NA,48.2,"",NA,0
-69.0595638729999,10.9786470350001,0.00719548854976892,0.00173582311253995,236.047988891602,0.103202037513256,0.434711098670959,5.68435668945312,-432.157806396484,0.000163748307386413,0.00334080774337053,0.0420949421823025,1,"Craugastor_omoaensis","Leptodactylus_fragilis",1,"generalist","",NA,43,"",NA,0
-68.0595638729999,10.9786470350001,0.00422962801530957,0.00570426788181067,50.5447998046875,0.0132224857807159,0.124173253774643,2.25897669792175,-7400.578125,0.00501247402280569,0.0100833037868142,0.0308282785117626,1,"Craugastor_omoaensis","Dendropsophus_microcephalus",1,"generalist","",28,32,"",NA,0
-68.0595638729999,10.9786470350001,0.00422962801530957,0.00570426788181067,50.5447998046875,0.0132224857807159,0.124173253774643,2.25897669792175,-7400.578125,0.00501247402280569,0.0100833037868142,0.0308282785117626,1,"Craugastor_omoaensis","Engystomops_pustulosus",1,"generalist","",NA,48.2,"",NA,0
-68.0595638729999,10.9786470350001,0.00422962801530957,0.00570426788181067,50.5447998046875,0.0132224857807159,0.124173253774643,2.25897669792175,-7400.578125,0.00501247402280569,0.0100833037868142,0.0308282785117626,1,"Craugastor_omoaensis","Leptodactylus_fragilis",1,"generalist","",NA,43,"",NA,0
-67.0595638729999,10.9786470350001,0.000112863868707791,0.026239026337862,758.09716796875,0.00260505848564208,0.204355239868164,2.3784646987915,-8496.986328125,0.0218065716326237,0.000182642164872959,0.0940905436873436,1,"Craugastor_omoaensis","Dendropsophus_microcephalus",1,"generalist","",28,32,"",NA,0
-67.0595638729999,10.9786470350001,0.000112863868707791,0.026239026337862,758.09716796875,0.00260505848564208,0.204355239868164,2.3784646987915,-8496.986328125,0.0218065716326237,0.000182642164872959,0.0940905436873436,1,"Craugastor_omoaensis","Engystomops_pustulosus",1,"generalist","",NA,48.2,"",NA,0
-67.0595638729999,10.9786470350001,0.000112863868707791,0.026239026337862,758.09716796875,0.00260505848564208,0.204355239868164,2.3784646987915,-8496.986328125,0.0218065716326237,0.000182642164872959,0.0940905436873436,1,"Craugastor_omoaensis","Leptodactylus_fragilis",1,"generalist","",NA,43,"",NA,0
-66.0595638729999,10.9786470350001,0.00020609176135622,0.00255571771413088,360.449005126953,0.00662205647677183,0.139122724533081,0.804702877998352,-9113.658203125,0.00206612865440547,0,0.0584983937442303,1,"Craugastor_omoaensis","Dendropsophus_microcephalus",1,"generalist","",28,32,"",NA,0
-66.0595638729999,10.9786470350001,0.00020609176135622,0.00255571771413088,360.449005126953,0.00662205647677183,0.139122724533081,0.804702877998352,-9113.658203125,0.00206612865440547,0,0.0584983937442303,1,"Craugastor_omoaensis","Engystomops_pustulosus",1,"generalist","",NA,48.2,"",NA,0
-66.0595638729999,10.9786470350001,0.00020609176135622,0.00255571771413088,360.449005126953,0.00662205647677183,0.139122724533081,0.804702877998352,-9113.658203125,0.00206612865440547,0,0.0584983937442303,1,"Craugastor_omoaensis","Leptodactylus_fragilis",1,"generalist","",NA,43,"",NA,0
-64.0595638729999,10.9786470350001,0.000619972299318761,0.00943112093955278,57.9057388305664,0.00224044267088175,0.0462164171040058,2.52464747428894,-7466.0400390625,0.0200448464602232,0,0.00668161548674107,1,"Craugastor_omoaensis","Dendropsophus_microcephalus",1,"generalist","",28,32,"",NA,0
-63.0595638729999,10.9786470350001,0.000175924637005664,0.00317426724359393,166.766204833984,0.0218392666429281,0.159617319703102,2.1206066608429,-7514.72119140625,0.000365284329745919,0,0.0452226661145687,1,"Craugastor_omoaensis","Dendropsophus_microcephalus",1,"generalist","",28,32,"",NA,0
-63.0595638729999,10.9786470350001,0.000175924637005664,0.00317426724359393,166.766204833984,0.0218392666429281,0.159617319703102,2.1206066608429,-7514.72119140625,0.000365284329745919,0,0.0452226661145687,1,"Craugastor_omoaensis","Engystomops_pustulosus",1,"generalist","",NA,48.2,"",NA,0
-62.0595638729999,10.9786470350001,6.88217260176316e-05,0.0027659609913826,210.418685913086,0.00847007986158133,0.120393827557564,0.909856975078583,-8625.533203125,0,0,0.0442523919045925,1,"Craugastor_omoaensis","Dendropsophus_microcephalus",1,"generalist","",28,32,"",NA,0
-62.0595638729999,10.9786470350001,6.88217260176316e-05,0.0027659609913826,210.418685913086,0.00847007986158133,0.120393827557564,0.909856975078583,-8625.533203125,0,0,0.0442523919045925,1,"Craugastor_omoaensis","Engystomops_pustulosus",1,"generalist","",NA,48.2,"",NA,0
-61.0595638729999,10.9786470350001,0.000980092911049724,0.0136682214215398,120.64192199707,0.00878993235528469,0.175769120454788,3.6334912776947,-7550.744140625,0.0233856551349163,0,0.124401338398457,NA,"Craugastor_omoaensis","Engystomops_pustulosus",1,"generalist","",NA,48.2,"",NA,0
-60.0595638729999,10.9786470350001,1.783871994121e-05,0.000365640793461353,78.5031509399414,0.000186128905625083,0.0131765799596906,0.0873059704899788,-9914.8037109375,0.000426165061071515,0,0.00225258665159345,NA,"Craugastor_omoaensis","Engystomops_pustulosus",1,"generalist","",NA,48.2,"",NA,0
-86.0595638729999,9.97864703500005,0.00390680320560932,0.00155583047308028,142.352111816406,0.00453931884840131,0.216460794210434,1.94281756877899,-8470.3291015625,0,0.000173178326804191,0.0305521693080664,1,"Craugastor_omoaensis","Dendropsophus_microcephalus",1,"generalist","",28,32,"",NA,0
-86.0595638729999,9.97864703500005,0.00390680320560932,0.00155583047308028,142.352111816406,0.00453931884840131,0.216460794210434,1.94281756877899,-8470.3291015625,0,0.000173178326804191,0.0305521693080664,1,"Craugastor_omoaensis","Engystomops_pustulosus",1,"generalist","",NA,48.2,"",NA,0
-86.0595638729999,9.97864703500005,0.00390680320560932,0.00155583047308028,142.352111816406,0.00453931884840131,0.216460794210434,1.94281756877899,-8470.3291015625,0,0.000173178326804191,0.0305521693080664,1,"Craugastor_omoaensis","Hypopachus_variolosus",1,"generalist","specialist",NA,53,"carnivore",NA,0
-86.0595638729999,9.97864703500005,0.00390680320560932,0.00155583047308028,142.352111816406,0.00453931884840131,0.216460794210434,1.94281756877899,-8470.3291015625,0,0.000173178326804191,0.0305521693080664,1,"Craugastor_omoaensis","Leptodactylus_fragilis",1,"generalist","",NA,43,"",NA,0
-86.0595638729999,9.97864703500005,0.00390680320560932,0.00155583047308028,142.352111816406,0.00453931884840131,0.216460794210434,1.94281756877899,-8470.3291015625,0,0.000173178326804191,0.0305521693080664,1,"Craugastor_omoaensis","Leptodactylus_melanonotus",1,"generalist","",NA,58,"",NA,0
-86.0595638729999,9.97864703500005,0.00390680320560932,0.00155583047308028,142.352111816406,0.00453931884840131,0.216460794210434,1.94281756877899,-8470.3291015625,0,0.000173178326804191,0.0305521693080664,1,"Craugastor_omoaensis","Lithobates_vaillanti",1,NA,NA,NA,NA,NA,NA,NA
-86.0595638729999,9.97864703500005,0.00390680320560932,0.00155583047308028,142.352111816406,0.00453931884840131,0.216460794210434,1.94281756877899,-8470.3291015625,0,0.000173178326804191,0.0305521693080664,1,"Craugastor_omoaensis","Rhinella_horribilis",1,"generalist","specialist",106.25,241,"",NA,0
-86.0595638729999,9.97864703500005,0.00390680320560932,0.00155583047308028,142.352111816406,0.00453931884840131,0.216460794210434,1.94281756877899,-8470.3291015625,0,0.000173178326804191,0.0305521693080664,1,"Craugastor_omoaensis","Rhinophrynus_dorsalis",1,"specialist","specialist",90,89,"carnivore",NA,0
-86.0595638729999,9.97864703500005,0.00390680320560932,0.00155583047308028,142.352111816406,0.00453931884840131,0.216460794210434,1.94281756877899,-8470.3291015625,0,0.000173178326804191,0.0305521693080664,1,"Craugastor_omoaensis","Scinax_staufferi",1,"generalist","",29,32,"",NA,0
-86.0595638729999,9.97864703500005,0.00390680320560932,0.00155583047308028,142.352111816406,0.00453931884840131,0.216460794210434,1.94281756877899,-8470.3291015625,0,0.000173178326804191,0.0305521693080664,1,"Craugastor_omoaensis","Smilisca_baudinii",1,"generalist","",NA,90,"",NA,0
-86.0595638729999,9.97864703500005,0.00390680320560932,0.00155583047308028,142.352111816406,0.00453931884840131,0.216460794210434,1.94281756877899,-8470.3291015625,0,0.000173178326804191,0.0305521693080664,1,"Craugastor_omoaensis","Trachycephalus_vermiculatus",1,"generalist","specialist",56.9,105,"",NA,0
-85.0595638729999,9.97864703500005,0.0241189636290073,0.00361070409417152,271.057342529297,0.0272626075893641,0.405974984169006,8.08923816680908,-2965.2998046875,0,0.0220301281660795,0.0868210643529892,1,"Craugastor_omoaensis","Agalychnis_callidryas",1,"generalist","",12,77.2,"",NA,0
-85.0595638729999,9.97864703500005,0.0241189636290073,0.00361070409417152,271.057342529297,0.0272626075893641,0.405974984169006,8.08923816680908,-2965.2998046875,0,0.0220301281660795,0.0868210643529892,1,"Craugastor_omoaensis","Dendropsophus_microcephalus",1,"generalist","",28,32,"",NA,0
-85.0595638729999,9.97864703500005,0.0241189636290073,0.00361070409417152,271.057342529297,0.0272626075893641,0.405974984169006,8.08923816680908,-2965.2998046875,0,0.0220301281660795,0.0868210643529892,1,"Craugastor_omoaensis","Engystomops_pustulosus",1,"generalist","",NA,48.2,"",NA,0
-85.0595638729999,9.97864703500005,0.0241189636290073,0.00361070409417152,271.057342529297,0.0272626075893641,0.405974984169006,8.08923816680908,-2965.2998046875,0,0.0220301281660795,0.0868210643529892,1,"Craugastor_omoaensis","Gymnopis_multiplicata",1,"generalist","specialist",NA,480,"carnivore",NA,0
-85.0595638729999,9.97864703500005,0.0241189636290073,0.00361070409417152,271.057342529297,0.0272626075893641,0.405974984169006,8.08923816680908,-2965.2998046875,0,0.0220301281660795,0.0868210643529892,1,"Craugastor_omoaensis","Hypopachus_variolosus",1,"generalist","specialist",NA,53,"carnivore",NA,0
-85.0595638729999,9.97864703500005,0.0241189636290073,0.00361070409417152,271.057342529297,0.0272626075893641,0.405974984169006,8.08923816680908,-2965.2998046875,0,0.0220301281660795,0.0868210643529892,1,"Craugastor_omoaensis","Leptodactylus_fragilis",1,"generalist","",NA,43,"",NA,0
-85.0595638729999,9.97864703500005,0.0241189636290073,0.00361070409417152,271.057342529297,0.0272626075893641,0.405974984169006,8.08923816680908,-2965.2998046875,0,0.0220301281660795,0.0868210643529892,1,"Craugastor_omoaensis","Leptodactylus_melanonotus",1,"generalist","",NA,58,"",NA,0
-85.0595638729999,9.97864703500005,0.0241189636290073,0.00361070409417152,271.057342529297,0.0272626075893641,0.405974984169006,8.08923816680908,-2965.2998046875,0,0.0220301281660795,0.0868210643529892,1,"Craugastor_omoaensis","Lithobates_vaillanti",1,NA,NA,NA,NA,NA,NA,NA
-85.0595638729999,9.97864703500005,0.0241189636290073,0.00361070409417152,271.057342529297,0.0272626075893641,0.405974984169006,8.08923816680908,-2965.2998046875,0,0.0220301281660795,0.0868210643529892,1,"Craugastor_omoaensis","Rhinella_horribilis",1,"generalist","specialist",106.25,241,"",NA,0
-85.0595638729999,9.97864703500005,0.0241189636290073,0.00361070409417152,271.057342529297,0.0272626075893641,0.405974984169006,8.08923816680908,-2965.2998046875,0,0.0220301281660795,0.0868210643529892,1,"Craugastor_omoaensis","Rhinophrynus_dorsalis",1,"specialist","specialist",90,89,"carnivore",NA,0
-85.0595638729999,9.97864703500005,0.0241189636290073,0.00361070409417152,271.057342529297,0.0272626075893641,0.405974984169006,8.08923816680908,-2965.2998046875,0,0.0220301281660795,0.0868210643529892,1,"Craugastor_omoaensis","Scinax_staufferi",1,"generalist","",29,32,"",NA,0
-85.0595638729999,9.97864703500005,0.0241189636290073,0.00361070409417152,271.057342529297,0.0272626075893641,0.405974984169006,8.08923816680908,-2965.2998046875,0,0.0220301281660795,0.0868210643529892,1,"Craugastor_omoaensis","Smilisca_baudinii",1,"generalist","",NA,90,"",NA,0
-85.0595638729999,9.97864703500005,0.0241189636290073,0.00361070409417152,271.057342529297,0.0272626075893641,0.405974984169006,8.08923816680908,-2965.2998046875,0,0.0220301281660795,0.0868210643529892,1,"Craugastor_omoaensis","Tlalocohyla_loquax",1,"generalist","",NA,77,"",NA,0
-85.0595638729999,9.97864703500005,0.0241189636290073,0.00361070409417152,271.057342529297,0.0272626075893641,0.405974984169006,8.08923816680908,-2965.2998046875,0,0.0220301281660795,0.0868210643529892,1,"Craugastor_omoaensis","Trachycephalus_vermiculatus",1,"generalist","specialist",56.9,105,"",NA,0
-84.0595638729999,9.97864703500005,0.00949651934206486,0.0294914972037077,965.859008789062,0.0566844828426838,0.733451426029205,14.4180736541748,-129.671112060547,0.0300672706216574,0.000401405297452584,0.368397980928421,1,"Craugastor_omoaensis","Agalychnis_callidryas",1,"generalist","",12,77.2,"",NA,0
-84.0595638729999,9.97864703500005,0.00949651934206486,0.0294914972037077,965.859008789062,0.0566844828426838,0.733451426029205,14.4180736541748,-129.671112060547,0.0300672706216574,0.000401405297452584,0.368397980928421,1,"Craugastor_omoaensis","Dendropsophus_microcephalus",1,"generalist","",28,32,"",NA,0
-84.0595638729999,9.97864703500005,0.00949651934206486,0.0294914972037077,965.859008789062,0.0566844828426838,0.733451426029205,14.4180736541748,-129.671112060547,0.0300672706216574,0.000401405297452584,0.368397980928421,1,"Craugastor_omoaensis","Engystomops_pustulosus",1,"generalist","",NA,48.2,"",NA,0
-84.0595638729999,9.97864703500005,0.00949651934206486,0.0294914972037077,965.859008789062,0.0566844828426838,0.733451426029205,14.4180736541748,-129.671112060547,0.0300672706216574,0.000401405297452584,0.368397980928421,1,"Craugastor_omoaensis","Gymnopis_multiplicata",1,"generalist","specialist",NA,480,"carnivore",NA,0
-84.0595638729999,9.97864703500005,0.00949651934206486,0.0294914972037077,965.859008789062,0.0566844828426838,0.733451426029205,14.4180736541748,-129.671112060547,0.0300672706216574,0.000401405297452584,0.368397980928421,1,"Craugastor_omoaensis","Hypopachus_variolosus",1,"generalist","specialist",NA,53,"carnivore",NA,0
-84.0595638729999,9.97864703500005,0.00949651934206486,0.0294914972037077,965.859008789062,0.0566844828426838,0.733451426029205,14.4180736541748,-129.671112060547,0.0300672706216574,0.000401405297452584,0.368397980928421,1,"Craugastor_omoaensis","Incilius_valliceps",1,"specialist","",60,125,"",NA,0
-84.0595638729999,9.97864703500005,0.00949651934206486,0.0294914972037077,965.859008789062,0.0566844828426838,0.733451426029205,14.4180736541748,-129.671112060547,0.0300672706216574,0.000401405297452584,0.368397980928421,1,"Craugastor_omoaensis","Leptodactylus_fragilis",1,"generalist","",NA,43,"",NA,0
-84.0595638729999,9.97864703500005,0.00949651934206486,0.0294914972037077,965.859008789062,0.0566844828426838,0.733451426029205,14.4180736541748,-129.671112060547,0.0300672706216574,0.000401405297452584,0.368397980928421,1,"Craugastor_omoaensis","Leptodactylus_melanonotus",1,"generalist","",NA,58,"",NA,0
-84.0595638729999,9.97864703500005,0.00949651934206486,0.0294914972037077,965.859008789062,0.0566844828426838,0.733451426029205,14.4180736541748,-129.671112060547,0.0300672706216574,0.000401405297452584,0.368397980928421,1,"Craugastor_omoaensis","Lithobates_vaillanti",1,NA,NA,NA,NA,NA,NA,NA
-84.0595638729999,9.97864703500005,0.00949651934206486,0.0294914972037077,965.859008789062,0.0566844828426838,0.733451426029205,14.4180736541748,-129.671112060547,0.0300672706216574,0.000401405297452584,0.368397980928421,1,"Craugastor_omoaensis","Rhinella_horribilis",1,"generalist","specialist",106.25,241,"",NA,0
-84.0595638729999,9.97864703500005,0.00949651934206486,0.0294914972037077,965.859008789062,0.0566844828426838,0.733451426029205,14.4180736541748,-129.671112060547,0.0300672706216574,0.000401405297452584,0.368397980928421,1,"Craugastor_omoaensis","Scinax_staufferi",1,"generalist","",29,32,"",NA,0
-84.0595638729999,9.97864703500005,0.00949651934206486,0.0294914972037077,965.859008789062,0.0566844828426838,0.733451426029205,14.4180736541748,-129.671112060547,0.0300672706216574,0.000401405297452584,0.368397980928421,1,"Craugastor_omoaensis","Smilisca_baudinii",1,"generalist","",NA,90,"",NA,0
-84.0595638729999,9.97864703500005,0.00949651934206486,0.0294914972037077,965.859008789062,0.0566844828426838,0.733451426029205,14.4180736541748,-129.671112060547,0.0300672706216574,0.000401405297452584,0.368397980928421,1,"Craugastor_omoaensis","Tlalocohyla_loquax",1,"generalist","",NA,77,"",NA,0
-84.0595638729999,9.97864703500005,0.00949651934206486,0.0294914972037077,965.859008789062,0.0566844828426838,0.733451426029205,14.4180736541748,-129.671112060547,0.0300672706216574,0.000401405297452584,0.368397980928421,1,"Craugastor_omoaensis","Trachycephalus_vermiculatus",1,"generalist","specialist",56.9,105,"",NA,0
-83.0595638729999,9.97864703500005,0.000211299280636013,0.00237512169405818,557.497375488281,0.0378586612641811,0.546461224555969,4.2913498878479,-4415.43603515625,0.000547926465515047,0,0.426129370927811,1,"Craugastor_omoaensis","Agalychnis_callidryas",1,"generalist","",12,77.2,"",NA,0
-83.0595638729999,9.97864703500005,0.000211299280636013,0.00237512169405818,557.497375488281,0.0378586612641811,0.546461224555969,4.2913498878479,-4415.43603515625,0.000547926465515047,0,0.426129370927811,1,"Craugastor_omoaensis","Gymnopis_multiplicata",1,"generalist","specialist",NA,480,"carnivore",NA,0
-83.0595638729999,9.97864703500005,0.000211299280636013,0.00237512169405818,557.497375488281,0.0378586612641811,0.546461224555969,4.2913498878479,-4415.43603515625,0.000547926465515047,0,0.426129370927811,1,"Craugastor_omoaensis","Leptodactylus_melanonotus",1,"generalist","",NA,58,"",NA,0
-83.0595638729999,9.97864703500005,0.000211299280636013,0.00237512169405818,557.497375488281,0.0378586612641811,0.546461224555969,4.2913498878479,-4415.43603515625,0.000547926465515047,0,0.426129370927811,1,"Craugastor_omoaensis","Lithobates_vaillanti",1,NA,NA,NA,NA,NA,NA,NA
-83.0595638729999,9.97864703500005,0.000211299280636013,0.00237512169405818,557.497375488281,0.0378586612641811,0.546461224555969,4.2913498878479,-4415.43603515625,0.000547926465515047,0,0.426129370927811,1,"Craugastor_omoaensis","Rhinella_horribilis",1,"generalist","specialist",106.25,241,"",NA,0
-83.0595638729999,9.97864703500005,0.000211299280636013,0.00237512169405818,557.497375488281,0.0378586612641811,0.546461224555969,4.2913498878479,-4415.43603515625,0.000547926465515047,0,0.426129370927811,1,"Craugastor_omoaensis","Tlalocohyla_loquax",1,"generalist","",NA,77,"",NA,0
-83.0595638729999,9.97864703500005,0.000211299280636013,0.00237512169405818,557.497375488281,0.0378586612641811,0.546461224555969,4.2913498878479,-4415.43603515625,0.000547926465515047,0,0.426129370927811,1,"Craugastor_omoaensis","Trachycephalus_vermiculatus",1,"generalist","specialist",56.9,105,"",NA,0
-82.0595638729999,9.97864703500005,8.59564863731066e-07,0.000476808840176091,18.0581874847412,0.00138588878326118,0.0299089681357145,0.112476035952568,-9777.0830078125,0,0,0.0126548977568746,1,"Craugastor_omoaensis","Agalychnis_callidryas",1,"generalist","",12,77.2,"",NA,0
-82.0595638729999,9.97864703500005,8.59564863731066e-07,0.000476808840176091,18.0581874847412,0.00138588878326118,0.0299089681357145,0.112476035952568,-9777.0830078125,0,0,0.0126548977568746,1,"Craugastor_omoaensis","Gymnopis_multiplicata",1,"generalist","specialist",NA,480,"carnivore",NA,0
-82.0595638729999,9.97864703500005,8.59564863731066e-07,0.000476808840176091,18.0581874847412,0.00138588878326118,0.0299089681357145,0.112476035952568,-9777.0830078125,0,0,0.0126548977568746,1,"Craugastor_omoaensis","Leptodactylus_melanonotus",1,"generalist","",NA,58,"",NA,0
-82.0595638729999,9.97864703500005,8.59564863731066e-07,0.000476808840176091,18.0581874847412,0.00138588878326118,0.0299089681357145,0.112476035952568,-9777.0830078125,0,0,0.0126548977568746,1,"Craugastor_omoaensis","Lithobates_vaillanti",1,NA,NA,NA,NA,NA,NA,NA
-82.0595638729999,9.97864703500005,8.59564863731066e-07,0.000476808840176091,18.0581874847412,0.00138588878326118,0.0299089681357145,0.112476035952568,-9777.0830078125,0,0,0.0126548977568746,1,"Craugastor_omoaensis","Rhinella_horribilis",1,"generalist","specialist",106.25,241,"",NA,0
-80.0595638729999,9.97864703500005,0,0.000205180433113128,195.647064208984,0.000753378437366337,0.0717344880104065,0.164498701691628,-9712.1904296875,0,0,0.0100224232301116,1,"Craugastor_omoaensis","Engystomops_pustulosus",1,"generalist","",NA,48.2,"",NA,0
-80.0595638729999,9.97864703500005,0,0.000205180433113128,195.647064208984,0.000753378437366337,0.0717344880104065,0.164498701691628,-9712.1904296875,0,0,0.0100224232301116,1,"Craugastor_omoaensis","Leptodactylus_fragilis",1,"generalist","",NA,43,"",NA,0
-80.0595638729999,9.97864703500005,0,0.000205180433113128,195.647064208984,0.000753378437366337,0.0717344880104065,0.164498701691628,-9712.1904296875,0,0,0.0100224232301116,1,"Craugastor_omoaensis","Leptodactylus_melanonotus",1,"generalist","",NA,58,"",NA,0
-80.0595638729999,9.97864703500005,0,0.000205180433113128,195.647064208984,0.000753378437366337,0.0717344880104065,0.164498701691628,-9712.1904296875,0,0,0.0100224232301116,1,"Craugastor_omoaensis","Lithobates_vaillanti",1,NA,NA,NA,NA,NA,NA,NA
-80.0595638729999,9.97864703500005,0,0.000205180433113128,195.647064208984,0.000753378437366337,0.0717344880104065,0.164498701691628,-9712.1904296875,0,0,0.0100224232301116,1,"Craugastor_omoaensis","Rhinella_horribilis",1,"generalist","specialist",106.25,241,"",NA,0
-79.0595638729999,9.97864703500005,7.26639063941548e-06,0.000192832012544386,75.4646377563477,0.00408241618424654,0.118104092776775,0.339606821537018,-9253.671875,0,0,0.0352611243724823,1,"Craugastor_omoaensis","Engystomops_pustulosus",1,"generalist","",NA,48.2,"",NA,0
-79.0595638729999,9.97864703500005,7.26639063941548e-06,0.000192832012544386,75.4646377563477,0.00408241618424654,0.118104092776775,0.339606821537018,-9253.671875,0,0,0.0352611243724823,1,"Craugastor_omoaensis","Leptodactylus_fragilis",1,"generalist","",NA,43,"",NA,0
-79.0595638729999,9.97864703500005,7.26639063941548e-06,0.000192832012544386,75.4646377563477,0.00408241618424654,0.118104092776775,0.339606821537018,-9253.671875,0,0,0.0352611243724823,1,"Craugastor_omoaensis","Leptodactylus_melanonotus",1,"generalist","",NA,58,"",NA,0
-79.0595638729999,9.97864703500005,7.26639063941548e-06,0.000192832012544386,75.4646377563477,0.00408241618424654,0.118104092776775,0.339606821537018,-9253.671875,0,0,0.0352611243724823,1,"Craugastor_omoaensis","Lithobates_vaillanti",1,NA,NA,NA,NA,NA,NA,NA
-79.0595638729999,9.97864703500005,7.26639063941548e-06,0.000192832012544386,75.4646377563477,0.00408241618424654,0.118104092776775,0.339606821537018,-9253.671875,0,0,0.0352611243724823,1,"Craugastor_omoaensis","Rhinella_horribilis",1,"generalist","specialist",106.25,241,"",NA,0
-79.0595638729999,9.97864703500005,7.26639063941548e-06,0.000192832012544386,75.4646377563477,0.00408241618424654,0.118104092776775,0.339606821537018,-9253.671875,0,0,0.0352611243724823,1,"Craugastor_omoaensis","Trachycephalus_vermiculatus",1,"generalist","specialist",56.9,105,"",NA,0
-76.0595638729999,9.97864703500005,0.000290410534944385,0.00186846300493926,16.764705657959,0.00476332241669297,0.0212866086512804,0.56339430809021,-8937.486328125,0.00167040387168527,0,0,1,"Craugastor_omoaensis","Dendropsophus_microcephalus",1,"generalist","",28,32,"",NA,0
-76.0595638729999,9.97864703500005,0.000290410534944385,0.00186846300493926,16.764705657959,0.00476332241669297,0.0212866086512804,0.56339430809021,-8937.486328125,0.00167040387168527,0,0,1,"Craugastor_omoaensis","Engystomops_pustulosus",1,"generalist","",NA,48.2,"",NA,0
-76.0595638729999,9.97864703500005,0.000290410534944385,0.00186846300493926,16.764705657959,0.00476332241669297,0.0212866086512804,0.56339430809021,-8937.486328125,0.00167040387168527,0,0,1,"Craugastor_omoaensis","Leptodactylus_fragilis",1,"generalist","",NA,43,"",NA,0
-76.0595638729999,9.97864703500005,0.000290410534944385,0.00186846300493926,16.764705657959,0.00476332241669297,0.0212866086512804,0.56339430809021,-8937.486328125,0.00167040387168527,0,0,1,"Craugastor_omoaensis","Rhinella_horribilis",1,"generalist","specialist",106.25,241,"",NA,0
-76.0595638729999,9.97864703500005,0.000290410534944385,0.00186846300493926,16.764705657959,0.00476332241669297,0.0212866086512804,0.56339430809021,-8937.486328125,0.00167040387168527,0,0,1,"Craugastor_omoaensis","Trachycephalus_vermiculatus",1,"generalist","specialist",56.9,105,"",NA,0
-75.0595638729999,9.97864703500005,0.00600429298356175,0.00918945018202066,83.8204498291016,0.105111055076122,0.330433905124664,10.8353452682495,-234.958770751953,0.00542264431715012,0,0.0050112116150558,1,"Craugastor_omoaensis","Agalychnis_callidryas",1,"generalist","",12,77.2,"",NA,0
-75.0595638729999,9.97864703500005,0.00600429298356175,0.00918945018202066,83.8204498291016,0.105111055076122,0.330433905124664,10.8353452682495,-234.958770751953,0.00542264431715012,0,0.0050112116150558,1,"Craugastor_omoaensis","Dendropsophus_microcephalus",1,"generalist","",28,32,"",NA,0
-75.0595638729999,9.97864703500005,0.00600429298356175,0.00918945018202066,83.8204498291016,0.105111055076122,0.330433905124664,10.8353452682495,-234.958770751953,0.00542264431715012,0,0.0050112116150558,1,"Craugastor_omoaensis","Engystomops_pustulosus",1,"generalist","",NA,48.2,"",NA,0
-75.0595638729999,9.97864703500005,0.00600429298356175,0.00918945018202066,83.8204498291016,0.105111055076122,0.330433905124664,10.8353452682495,-234.958770751953,0.00542264431715012,0,0.0050112116150558,1,"Craugastor_omoaensis","Leptodactylus_fragilis",1,"generalist","",NA,43,"",NA,0
-75.0595638729999,9.97864703500005,0.00600429298356175,0.00918945018202066,83.8204498291016,0.105111055076122,0.330433905124664,10.8353452682495,-234.958770751953,0.00542264431715012,0,0.0050112116150558,1,"Craugastor_omoaensis","Rhinella_horribilis",1,"generalist","specialist",106.25,241,"",NA,0
-75.0595638729999,9.97864703500005,0.00600429298356175,0.00918945018202066,83.8204498291016,0.105111055076122,0.330433905124664,10.8353452682495,-234.958770751953,0.00542264431715012,0,0.0050112116150558,1,"Craugastor_omoaensis","Trachycephalus_vermiculatus",1,"generalist","specialist",56.9,105,"",NA,0
-74.0595638729999,9.97864703500005,0.00833710376173258,0.00233038445003331,200.467254638672,0.105718478560448,0.312756508588791,10.8193674087524,-16.5949287414551,9.82640412985347e-05,0,0.0108787966892123,1,"Craugastor_omoaensis","Dendropsophus_microcephalus",1,"generalist","",28,32,"",NA,0
-74.0595638729999,9.97864703500005,0.00833710376173258,0.00233038445003331,200.467254638672,0.105718478560448,0.312756508588791,10.8193674087524,-16.5949287414551,9.82640412985347e-05,0,0.0108787966892123,1,"Craugastor_omoaensis","Engystomops_pustulosus",1,"generalist","",NA,48.2,"",NA,0
-74.0595638729999,9.97864703500005,0.00833710376173258,0.00233038445003331,200.467254638672,0.105718478560448,0.312756508588791,10.8193674087524,-16.5949287414551,9.82640412985347e-05,0,0.0108787966892123,1,"Craugastor_omoaensis","Leptodactylus_fragilis",1,"generalist","",NA,43,"",NA,0
-74.0595638729999,9.97864703500005,0.00833710376173258,0.00233038445003331,200.467254638672,0.105718478560448,0.312756508588791,10.8193674087524,-16.5949287414551,9.82640412985347e-05,0,0.0108787966892123,1,"Craugastor_omoaensis","Lithobates_vaillanti",1,NA,NA,NA,NA,NA,NA,NA
-74.0595638729999,9.97864703500005,0.00833710376173258,0.00233038445003331,200.467254638672,0.105718478560448,0.312756508588791,10.8193674087524,-16.5949287414551,9.82640412985347e-05,0,0.0108787966892123,1,"Craugastor_omoaensis","Rhinella_horribilis",1,"generalist","specialist",106.25,241,"",NA,0
-74.0595638729999,9.97864703500005,0.00833710376173258,0.00233038445003331,200.467254638672,0.105718478560448,0.312756508588791,10.8193674087524,-16.5949287414551,9.82640412985347e-05,0,0.0108787966892123,1,"Craugastor_omoaensis","Trachycephalus_vermiculatus",1,"generalist","specialist",56.9,105,"",NA,0
-73.0595638729999,9.97864703500005,0.00726999482139945,0.00291294790804386,719.269348144531,0.0760962441563606,0.612345814704895,8.74654579162598,17.8933887481689,3.46356646332424e-05,0,0.256402790546417,1,"Craugastor_omoaensis","Dendropsophus_microcephalus",1,"generalist","",28,32,"",NA,0
-73.0595638729999,9.97864703500005,0.00726999482139945,0.00291294790804386,719.269348144531,0.0760962441563606,0.612345814704895,8.74654579162598,17.8933887481689,3.46356646332424e-05,0,0.256402790546417,1,"Craugastor_omoaensis","Engystomops_pustulosus",1,"generalist","",NA,48.2,"",NA,0
-73.0595638729999,9.97864703500005,0.00726999482139945,0.00291294790804386,719.269348144531,0.0760962441563606,0.612345814704895,8.74654579162598,17.8933887481689,3.46356646332424e-05,0,0.256402790546417,1,"Craugastor_omoaensis","Leptodactylus_fragilis",1,"generalist","",NA,43,"",NA,0
-73.0595638729999,9.97864703500005,0.00726999482139945,0.00291294790804386,719.269348144531,0.0760962441563606,0.612345814704895,8.74654579162598,17.8933887481689,3.46356646332424e-05,0,0.256402790546417,1,"Craugastor_omoaensis","Lithobates_vaillanti",1,NA,NA,NA,NA,NA,NA,NA
-73.0595638729999,9.97864703500005,0.00726999482139945,0.00291294790804386,719.269348144531,0.0760962441563606,0.612345814704895,8.74654579162598,17.8933887481689,3.46356646332424e-05,0,0.256402790546417,1,"Craugastor_omoaensis","Rhinella_horribilis",1,"generalist","specialist",106.25,241,"",NA,0
-73.0595638729999,9.97864703500005,0.00726999482139945,0.00291294790804386,719.269348144531,0.0760962441563606,0.612345814704895,8.74654579162598,17.8933887481689,3.46356646332424e-05,0,0.256402790546417,1,"Craugastor_omoaensis","Trachycephalus_vermiculatus",1,"generalist","specialist",56.9,105,"",NA,0
-72.0595638729999,9.97864703500005,0.00803721789270639,0.00396007997915149,58.9476089477539,0.0398271642625332,0.114055074751377,6.16916465759277,-3659.44360351562,0.00560064939782023,0,0.0232779365032911,1,"Craugastor_omoaensis","Dendropsophus_microcephalus",1,"generalist","",28,32,"",NA,0
-72.0595638729999,9.97864703500005,0.00803721789270639,0.00396007997915149,58.9476089477539,0.0398271642625332,0.114055074751377,6.16916465759277,-3659.44360351562,0.00560064939782023,0,0.0232779365032911,1,"Craugastor_omoaensis","Leptodactylus_fragilis",1,"generalist","",NA,43,"",NA,0
-72.0595638729999,9.97864703500005,0.00803721789270639,0.00396007997915149,58.9476089477539,0.0398271642625332,0.114055074751377,6.16916465759277,-3659.44360351562,0.00560064939782023,0,0.0232779365032911,1,"Craugastor_omoaensis","Trachycephalus_vermiculatus",1,"generalist","specialist",56.9,105,"",NA,0
-71.0595638729999,9.97864703500005,0.00523795327171683,0.0104589713737369,297.292846679688,0.0818098112940788,0.278056919574738,7.89480876922607,-3024.40478515625,0.00688757374882698,0,0.0287706200033426,1,"Craugastor_omoaensis","Dendropsophus_microcephalus",1,"generalist","",28,32,"",NA,0
-71.0595638729999,9.97864703500005,0.00523795327171683,0.0104589713737369,297.292846679688,0.0818098112940788,0.278056919574738,7.89480876922607,-3024.40478515625,0.00688757374882698,0,0.0287706200033426,1,"Craugastor_omoaensis","Engystomops_pustulosus",1,"generalist","",NA,48.2,"",NA,0
-71.0595638729999,9.97864703500005,0.00523795327171683,0.0104589713737369,297.292846679688,0.0818098112940788,0.278056919574738,7.89480876922607,-3024.40478515625,0.00688757374882698,0,0.0287706200033426,1,"Craugastor_omoaensis","Leptodactylus_fragilis",1,"generalist","",NA,43,"",NA,0
-70.0595638729999,9.97864703500005,0.0142065174877644,0.00708720413967967,865.04541015625,0.0419014357030392,0.338576018810272,7.86352205276489,-33.7650299072266,0.0102499853819609,0.00167040387168527,0.0543520338833332,1,"Craugastor_omoaensis","Dendropsophus_microcephalus",1,"generalist","",28,32,"",NA,0
-70.0595638729999,9.97864703500005,0.0142065174877644,0.00708720413967967,865.04541015625,0.0419014357030392,0.338576018810272,7.86352205276489,-33.7650299072266,0.0102499853819609,0.00167040387168527,0.0543520338833332,1,"Craugastor_omoaensis","Engystomops_pustulosus",1,"generalist","",NA,48.2,"",NA,0
-70.0595638729999,9.97864703500005,0.0142065174877644,0.00708720413967967,865.04541015625,0.0419014357030392,0.338576018810272,7.86352205276489,-33.7650299072266,0.0102499853819609,0.00167040387168527,0.0543520338833332,1,"Craugastor_omoaensis","Leptodactylus_fragilis",1,"generalist","",NA,43,"",NA,0
-69.0595638729999,9.97864703500005,0.0490473359823227,0.0251516718417406,569.599243164062,0.0470805503427982,0.545359671115875,10.8980474472046,24.1398487091064,0.0386038273572922,0.158788084983826,0.0753446966409683,1,"Craugastor_omoaensis","Dendropsophus_microcephalus",1,"generalist","",28,32,"",NA,0
-69.0595638729999,9.97864703500005,0.0490473359823227,0.0251516718417406,569.599243164062,0.0470805503427982,0.545359671115875,10.8980474472046,24.1398487091064,0.0386038273572922,0.158788084983826,0.0753446966409683,1,"Craugastor_omoaensis","Engystomops_pustulosus",1,"generalist","",NA,48.2,"",NA,0
-69.0595638729999,9.97864703500005,0.0490473359823227,0.0251516718417406,569.599243164062,0.0470805503427982,0.545359671115875,10.8980474472046,24.1398487091064,0.0386038273572922,0.158788084983826,0.0753446966409683,1,"Craugastor_omoaensis","Leptodactylus_fragilis",1,"generalist","",NA,43,"",NA,0
-68.0595638729999,9.97864703500005,0.0115977115929127,0.0277626123279333,478.140716552734,0.0313836149871349,0.508145809173584,11.0165166854858,-119.330139160156,0.0492457486689091,0.0147937377914786,0.10554364323616,1,"Craugastor_omoaensis","Dendropsophus_microcephalus",1,"generalist","",28,32,"",NA,0
-68.0595638729999,9.97864703500005,0.0115977115929127,0.0277626123279333,478.140716552734,0.0313836149871349,0.508145809173584,11.0165166854858,-119.330139160156,0.0492457486689091,0.0147937377914786,0.10554364323616,1,"Craugastor_omoaensis","Engystomops_pustulosus",1,"generalist","",NA,48.2,"",NA,0
-68.0595638729999,9.97864703500005,0.0115977115929127,0.0277626123279333,478.140716552734,0.0313836149871349,0.508145809173584,11.0165166854858,-119.330139160156,0.0492457486689091,0.0147937377914786,0.10554364323616,1,"Craugastor_omoaensis","Leptodactylus_fragilis",1,"generalist","",NA,43,"",NA,0
-67.0595638729999,9.97864703500005,0.00801766011863947,0.0218071322888136,562.733032226562,0.0240902956575155,0.463470250368118,11.8635759353638,-142.266815185547,0.0213797744363546,0.0102392928674817,0.160856232047081,1,"Craugastor_omoaensis","Dendropsophus_microcephalus",1,"generalist","",28,32,"",NA,0
-67.0595638729999,9.97864703500005,0.00801766011863947,0.0218071322888136,562.733032226562,0.0240902956575155,0.463470250368118,11.8635759353638,-142.266815185547,0.0213797744363546,0.0102392928674817,0.160856232047081,1,"Craugastor_omoaensis","Engystomops_pustulosus",1,"generalist","",NA,48.2,"",NA,0
-67.0595638729999,9.97864703500005,0.00801766011863947,0.0218071322888136,562.733032226562,0.0240902956575155,0.463470250368118,11.8635759353638,-142.266815185547,0.0213797744363546,0.0102392928674817,0.160856232047081,1,"Craugastor_omoaensis","Leptodactylus_fragilis",1,"generalist","",NA,43,"",NA,0
-66.0595638729999,9.97864703500005,0.00629192404448986,0.00365772214718163,284.150482177734,0.0582213327288628,0.479136556386948,6.23731565475464,-915.330810546875,0.00207852921448648,0.00519385375082493,0.384926438331604,1,"Craugastor_omoaensis","Dendropsophus_microcephalus",1,"generalist","",28,32,"",NA,0
-66.0595638729999,9.97864703500005,0.00629192404448986,0.00365772214718163,284.150482177734,0.0582213327288628,0.479136556386948,6.23731565475464,-915.330810546875,0.00207852921448648,0.00519385375082493,0.384926438331604,1,"Craugastor_omoaensis","Engystomops_pustulosus",1,"generalist","",NA,48.2,"",NA,0
-66.0595638729999,9.97864703500005,0.00629192404448986,0.00365772214718163,284.150482177734,0.0582213327288628,0.479136556386948,6.23731565475464,-915.330810546875,0.00207852921448648,0.00519385375082493,0.384926438331604,1,"Craugastor_omoaensis","Leptodactylus_fragilis",1,"generalist","",NA,43,"",NA,0
-65.0595638729999,9.97864703500005,0.00348117481917143,0.00840902514755726,97.890022277832,0.0517361387610435,0.423624753952026,6.00842618942261,-2996.0126953125,0.0150647070258856,9.13210824364796e-05,0.274226486682892,1,"Craugastor_omoaensis","Dendropsophus_microcephalus",1,"generalist","",28,32,"",NA,0
-65.0595638729999,9.97864703500005,0.00348117481917143,0.00840902514755726,97.890022277832,0.0517361387610435,0.423624753952026,6.00842618942261,-2996.0126953125,0.0150647070258856,9.13210824364796e-05,0.274226486682892,1,"Craugastor_omoaensis","Engystomops_pustulosus",1,"generalist","",NA,48.2,"",NA,0
-65.0595638729999,9.97864703500005,0.00348117481917143,0.00840902514755726,97.890022277832,0.0517361387610435,0.423624753952026,6.00842618942261,-2996.0126953125,0.0150647070258856,9.13210824364796e-05,0.274226486682892,1,"Craugastor_omoaensis","Leptodactylus_fragilis",1,"generalist","",NA,43,"",NA,0
-64.0595638729999,9.97864703500005,0.0120009342208505,0.00517650786787271,464.005981445312,0.0576580725610256,0.510876953601837,8.19656085968018,-365.8662109375,0.00235999515280128,0,0.273944020271301,1,"Craugastor_omoaensis","Dendropsophus_microcephalus",1,"generalist","",28,32,"",NA,0
-64.0595638729999,9.97864703500005,0.0120009342208505,0.00517650786787271,464.005981445312,0.0576580725610256,0.510876953601837,8.19656085968018,-365.8662109375,0.00235999515280128,0,0.273944020271301,1,"Craugastor_omoaensis","Engystomops_pustulosus",1,"generalist","",NA,48.2,"",NA,0
-64.0595638729999,9.97864703500005,0.0120009342208505,0.00517650786787271,464.005981445312,0.0576580725610256,0.510876953601837,8.19656085968018,-365.8662109375,0.00235999515280128,0,0.273944020271301,1,"Craugastor_omoaensis","Leptodactylus_fragilis",1,"generalist","",NA,43,"",NA,0
-63.0595638729999,9.97864703500005,0.00422444753348827,0.00686552235856652,141.639831542969,0.0539222210645676,0.492504477500916,8.34469413757324,-374.180877685547,0.0150716500356793,0,0.336578547954559,1,"Craugastor_omoaensis","Dendropsophus_microcephalus",1,"generalist","",28,32,"",NA,0
-63.0595638729999,9.97864703500005,0.00422444753348827,0.00686552235856652,141.639831542969,0.0539222210645676,0.492504477500916,8.34469413757324,-374.180877685547,0.0150716500356793,0,0.336578547954559,1,"Craugastor_omoaensis","Engystomops_pustulosus",1,"generalist","",NA,48.2,"",NA,0
-63.0595638729999,9.97864703500005,0.00422444753348827,0.00686552235856652,141.639831542969,0.0539222210645676,0.492504477500916,8.34469413757324,-374.180877685547,0.0150716500356793,0,0.336578547954559,1,"Craugastor_omoaensis","Leptodactylus_fragilis",1,"generalist","",NA,43,"",NA,0
-62.0595638729999,9.97864703500005,9.93561989162117e-05,0.00149877183139324,20.4334983825684,0.00719208689406514,0.311026155948639,1.77242839336395,-4345.72607421875,0.000273963232757524,0,0.42955693602562,1,"Craugastor_omoaensis","Dendropsophus_microcephalus",1,"generalist","",28,32,"",NA,0
-62.0595638729999,9.97864703500005,9.93561989162117e-05,0.00149877183139324,20.4334983825684,0.00719208689406514,0.311026155948639,1.77242839336395,-4345.72607421875,0.000273963232757524,0,0.42955693602562,1,"Craugastor_omoaensis","Engystomops_pustulosus",1,"generalist","",NA,48.2,"",NA,0
-62.0595638729999,9.97864703500005,9.93561989162117e-05,0.00149877183139324,20.4334983825684,0.00719208689406514,0.311026155948639,1.77242839336395,-4345.72607421875,0.000273963232757524,0,0.42955693602562,1,"Craugastor_omoaensis","Leptodactylus_fragilis",1,"generalist","",NA,43,"",NA,0
-61.0595638729999,9.97864703500005,0.000304979621432722,0.0087559474632144,34.0802230834961,0.0111173493787646,0.205051392316818,3.70242667198181,-6474.03759765625,0.00549611123278737,0,0.158946812152863,1,"Craugastor_omoaensis","Dendropsophus_microcephalus",1,"generalist","",28,32,"",NA,0
-61.0595638729999,9.97864703500005,0.000304979621432722,0.0087559474632144,34.0802230834961,0.0111173493787646,0.205051392316818,3.70242667198181,-6474.03759765625,0.00549611123278737,0,0.158946812152863,1,"Craugastor_omoaensis","Engystomops_pustulosus",1,"generalist","",NA,48.2,"",NA,0
-84.0595638729999,8.97864703500005,0.0018731391755864,0.00290660699829459,419.610412597656,0.0139094293117523,0.247028723359108,2.4671471118927,-7421.0302734375,0.000623441999778152,8.20531386125367e-06,0.0843174383044243,1,"Craugastor_omoaensis","Agalychnis_callidryas",1,"generalist","",12,77.2,"",NA,0
-84.0595638729999,8.97864703500005,0.0018731391755864,0.00290660699829459,419.610412597656,0.0139094293117523,0.247028723359108,2.4671471118927,-7421.0302734375,0.000623441999778152,8.20531386125367e-06,0.0843174383044243,1,"Craugastor_omoaensis","Dendropsophus_microcephalus",1,"generalist","",28,32,"",NA,0
-84.0595638729999,8.97864703500005,0.0018731391755864,0.00290660699829459,419.610412597656,0.0139094293117523,0.247028723359108,2.4671471118927,-7421.0302734375,0.000623441999778152,8.20531386125367e-06,0.0843174383044243,1,"Craugastor_omoaensis","Engystomops_pustulosus",1,"generalist","",NA,48.2,"",NA,0
-84.0595638729999,8.97864703500005,0.0018731391755864,0.00290660699829459,419.610412597656,0.0139094293117523,0.247028723359108,2.4671471118927,-7421.0302734375,0.000623441999778152,8.20531386125367e-06,0.0843174383044243,1,"Craugastor_omoaensis","Gymnopis_multiplicata",1,"generalist","specialist",NA,480,"carnivore",NA,0
-84.0595638729999,8.97864703500005,0.0018731391755864,0.00290660699829459,419.610412597656,0.0139094293117523,0.247028723359108,2.4671471118927,-7421.0302734375,0.000623441999778152,8.20531386125367e-06,0.0843174383044243,1,"Craugastor_omoaensis","Leptodactylus_fragilis",1,"generalist","",NA,43,"",NA,0
-84.0595638729999,8.97864703500005,0.0018731391755864,0.00290660699829459,419.610412597656,0.0139094293117523,0.247028723359108,2.4671471118927,-7421.0302734375,0.000623441999778152,8.20531386125367e-06,0.0843174383044243,1,"Craugastor_omoaensis","Leptodactylus_melanonotus",1,"generalist","",NA,58,"",NA,0
-84.0595638729999,8.97864703500005,0.0018731391755864,0.00290660699829459,419.610412597656,0.0139094293117523,0.247028723359108,2.4671471118927,-7421.0302734375,0.000623441999778152,8.20531386125367e-06,0.0843174383044243,1,"Craugastor_omoaensis","Rhinella_horribilis",1,"generalist","specialist",106.25,241,"",NA,0
-84.0595638729999,8.97864703500005,0.0018731391755864,0.00290660699829459,419.610412597656,0.0139094293117523,0.247028723359108,2.4671471118927,-7421.0302734375,0.000623441999778152,8.20531386125367e-06,0.0843174383044243,1,"Craugastor_omoaensis","Scinax_staufferi",1,"generalist","",29,32,"",NA,0
-84.0595638729999,8.97864703500005,0.0018731391755864,0.00290660699829459,419.610412597656,0.0139094293117523,0.247028723359108,2.4671471118927,-7421.0302734375,0.000623441999778152,8.20531386125367e-06,0.0843174383044243,1,"Craugastor_omoaensis","Smilisca_baudinii",1,"generalist","",NA,90,"",NA,0
-84.0595638729999,8.97864703500005,0.0018731391755864,0.00290660699829459,419.610412597656,0.0139094293117523,0.247028723359108,2.4671471118927,-7421.0302734375,0.000623441999778152,8.20531386125367e-06,0.0843174383044243,1,"Craugastor_omoaensis","Trachycephalus_vermiculatus",1,"generalist","specialist",56.9,105,"",NA,0
-83.0595638729999,8.97864703500005,0.00608439091593027,0.00270288670435548,919.959289550781,0.0591754987835884,0.770169675350189,7.40257740020752,-426.222869873047,1.13612031782395e-05,0,0.496317058801651,1,"Craugastor_omoaensis","Agalychnis_callidryas",1,"generalist","",12,77.2,"",NA,0
-83.0595638729999,8.97864703500005,0.00608439091593027,0.00270288670435548,919.959289550781,0.0591754987835884,0.770169675350189,7.40257740020752,-426.222869873047,1.13612031782395e-05,0,0.496317058801651,1,"Craugastor_omoaensis","Dendropsophus_microcephalus",1,"generalist","",28,32,"",NA,0
-83.0595638729999,8.97864703500005,0.00608439091593027,0.00270288670435548,919.959289550781,0.0591754987835884,0.770169675350189,7.40257740020752,-426.222869873047,1.13612031782395e-05,0,0.496317058801651,1,"Craugastor_omoaensis","Engystomops_pustulosus",1,"generalist","",NA,48.2,"",NA,0
-83.0595638729999,8.97864703500005,0.00608439091593027,0.00270288670435548,919.959289550781,0.0591754987835884,0.770169675350189,7.40257740020752,-426.222869873047,1.13612031782395e-05,0,0.496317058801651,1,"Craugastor_omoaensis","Gymnopis_multiplicata",1,"generalist","specialist",NA,480,"carnivore",NA,0
-83.0595638729999,8.97864703500005,0.00608439091593027,0.00270288670435548,919.959289550781,0.0591754987835884,0.770169675350189,7.40257740020752,-426.222869873047,1.13612031782395e-05,0,0.496317058801651,1,"Craugastor_omoaensis","Leptodactylus_fragilis",1,"generalist","",NA,43,"",NA,0
-83.0595638729999,8.97864703500005,0.00608439091593027,0.00270288670435548,919.959289550781,0.0591754987835884,0.770169675350189,7.40257740020752,-426.222869873047,1.13612031782395e-05,0,0.496317058801651,1,"Craugastor_omoaensis","Leptodactylus_melanonotus",1,"generalist","",NA,58,"",NA,0
-83.0595638729999,8.97864703500005,0.00608439091593027,0.00270288670435548,919.959289550781,0.0591754987835884,0.770169675350189,7.40257740020752,-426.222869873047,1.13612031782395e-05,0,0.496317058801651,1,"Craugastor_omoaensis","Lithobates_vaillanti",1,NA,NA,NA,NA,NA,NA,NA
-83.0595638729999,8.97864703500005,0.00608439091593027,0.00270288670435548,919.959289550781,0.0591754987835884,0.770169675350189,7.40257740020752,-426.222869873047,1.13612031782395e-05,0,0.496317058801651,1,"Craugastor_omoaensis","Rhinella_horribilis",1,"generalist","specialist",106.25,241,"",NA,0
-83.0595638729999,8.97864703500005,0.00608439091593027,0.00270288670435548,919.959289550781,0.0591754987835884,0.770169675350189,7.40257740020752,-426.222869873047,1.13612031782395e-05,0,0.496317058801651,1,"Craugastor_omoaensis","Smilisca_baudinii",1,"generalist","",NA,90,"",NA,0
-83.0595638729999,8.97864703500005,0.00608439091593027,0.00270288670435548,919.959289550781,0.0591754987835884,0.770169675350189,7.40257740020752,-426.222869873047,1.13612031782395e-05,0,0.496317058801651,1,"Craugastor_omoaensis","Trachycephalus_vermiculatus",1,"generalist","specialist",56.9,105,"",NA,0
-82.0595638729999,8.97864703500005,0.000307929294649512,0.00150168221443892,535.060424804688,0.0456932783126831,0.529302000999451,4.04169273376465,-2793.34985351562,0,0,0.411687821149826,1,"Craugastor_omoaensis","Agalychnis_callidryas",1,"generalist","",12,77.2,"",NA,0
-82.0595638729999,8.97864703500005,0.000307929294649512,0.00150168221443892,535.060424804688,0.0456932783126831,0.529302000999451,4.04169273376465,-2793.34985351562,0,0,0.411687821149826,1,"Craugastor_omoaensis","Dendropsophus_microcephalus",1,"generalist","",28,32,"",NA,0
-82.0595638729999,8.97864703500005,0.000307929294649512,0.00150168221443892,535.060424804688,0.0456932783126831,0.529302000999451,4.04169273376465,-2793.34985351562,0,0,0.411687821149826,1,"Craugastor_omoaensis","Engystomops_pustulosus",1,"generalist","",NA,48.2,"",NA,0
-82.0595638729999,8.97864703500005,0.000307929294649512,0.00150168221443892,535.060424804688,0.0456932783126831,0.529302000999451,4.04169273376465,-2793.34985351562,0,0,0.411687821149826,1,"Craugastor_omoaensis","Gymnopis_multiplicata",1,"generalist","specialist",NA,480,"carnivore",NA,0
-82.0595638729999,8.97864703500005,0.000307929294649512,0.00150168221443892,535.060424804688,0.0456932783126831,0.529302000999451,4.04169273376465,-2793.34985351562,0,0,0.411687821149826,1,"Craugastor_omoaensis","Leptodactylus_fragilis",1,"generalist","",NA,43,"",NA,0
-82.0595638729999,8.97864703500005,0.000307929294649512,0.00150168221443892,535.060424804688,0.0456932783126831,0.529302000999451,4.04169273376465,-2793.34985351562,0,0,0.411687821149826,1,"Craugastor_omoaensis","Leptodactylus_melanonotus",1,"generalist","",NA,58,"",NA,0
-82.0595638729999,8.97864703500005,0.000307929294649512,0.00150168221443892,535.060424804688,0.0456932783126831,0.529302000999451,4.04169273376465,-2793.34985351562,0,0,0.411687821149826,1,"Craugastor_omoaensis","Lithobates_vaillanti",1,NA,NA,NA,NA,NA,NA,NA
-82.0595638729999,8.97864703500005,0.000307929294649512,0.00150168221443892,535.060424804688,0.0456932783126831,0.529302000999451,4.04169273376465,-2793.34985351562,0,0,0.411687821149826,1,"Craugastor_omoaensis","Rhinella_horribilis",1,"generalist","specialist",106.25,241,"",NA,0
-81.0595638729999,8.97864703500005,0.000142159347888082,0.000249757227720693,490.152374267578,0.0304480437189341,0.430946469306946,1.5651388168335,-5597.88525390625,0,0,0.311351537704468,1,"Craugastor_omoaensis","Agalychnis_callidryas",1,"generalist","",12,77.2,"",NA,0
-81.0595638729999,8.97864703500005,0.000142159347888082,0.000249757227720693,490.152374267578,0.0304480437189341,0.430946469306946,1.5651388168335,-5597.88525390625,0,0,0.311351537704468,1,"Craugastor_omoaensis","Dendropsophus_microcephalus",1,"generalist","",28,32,"",NA,0
-81.0595638729999,8.97864703500005,0.000142159347888082,0.000249757227720693,490.152374267578,0.0304480437189341,0.430946469306946,1.5651388168335,-5597.88525390625,0,0,0.311351537704468,1,"Craugastor_omoaensis","Engystomops_pustulosus",1,"generalist","",NA,48.2,"",NA,0
-81.0595638729999,8.97864703500005,0.000142159347888082,0.000249757227720693,490.152374267578,0.0304480437189341,0.430946469306946,1.5651388168335,-5597.88525390625,0,0,0.311351537704468,1,"Craugastor_omoaensis","Gymnopis_multiplicata",1,"generalist","specialist",NA,480,"carnivore",NA,0
-81.0595638729999,8.97864703500005,0.000142159347888082,0.000249757227720693,490.152374267578,0.0304480437189341,0.430946469306946,1.5651388168335,-5597.88525390625,0,0,0.311351537704468,1,"Craugastor_omoaensis","Leptodactylus_fragilis",1,"generalist","",NA,43,"",NA,0
-81.0595638729999,8.97864703500005,0.000142159347888082,0.000249757227720693,490.152374267578,0.0304480437189341,0.430946469306946,1.5651388168335,-5597.88525390625,0,0,0.311351537704468,1,"Craugastor_omoaensis","Leptodactylus_melanonotus",1,"generalist","",NA,58,"",NA,0
-81.0595638729999,8.97864703500005,0.000142159347888082,0.000249757227720693,490.152374267578,0.0304480437189341,0.430946469306946,1.5651388168335,-5597.88525390625,0,0,0.311351537704468,1,"Craugastor_omoaensis","Lithobates_vaillanti",1,NA,NA,NA,NA,NA,NA,NA
-81.0595638729999,8.97864703500005,0.000142159347888082,0.000249757227720693,490.152374267578,0.0304480437189341,0.430946469306946,1.5651388168335,-5597.88525390625,0,0,0.311351537704468,1,"Craugastor_omoaensis","Rhinella_horribilis",1,"generalist","specialist",106.25,241,"",NA,0
-81.0595638729999,8.97864703500005,0.000142159347888082,0.000249757227720693,490.152374267578,0.0304480437189341,0.430946469306946,1.5651388168335,-5597.88525390625,0,0,0.311351537704468,1,"Craugastor_omoaensis","Trachycephalus_vermiculatus",1,"generalist","specialist",56.9,105,"",NA,0
-80.0595638729999,8.97864703500005,0.00103631266392767,0.0108185773715377,159.565200805664,0.0806635096669197,0.499267250299454,7.86117887496948,-2560.2109375,0.00334080774337053,0,0.110983408987522,1,"Craugastor_omoaensis","Agalychnis_callidryas",1,"generalist","",12,77.2,"",NA,0
-80.0595638729999,8.97864703500005,0.00103631266392767,0.0108185773715377,159.565200805664,0.0806635096669197,0.499267250299454,7.86117887496948,-2560.2109375,0.00334080774337053,0,0.110983408987522,1,"Craugastor_omoaensis","Dendropsophus_microcephalus",1,"generalist","",28,32,"",NA,0
-80.0595638729999,8.97864703500005,0.00103631266392767,0.0108185773715377,159.565200805664,0.0806635096669197,0.499267250299454,7.86117887496948,-2560.2109375,0.00334080774337053,0,0.110983408987522,1,"Craugastor_omoaensis","Engystomops_pustulosus",1,"generalist","",NA,48.2,"",NA,0
-80.0595638729999,8.97864703500005,0.00103631266392767,0.0108185773715377,159.565200805664,0.0806635096669197,0.499267250299454,7.86117887496948,-2560.2109375,0.00334080774337053,0,0.110983408987522,1,"Craugastor_omoaensis","Leptodactylus_fragilis",1,"generalist","",NA,43,"",NA,0
-80.0595638729999,8.97864703500005,0.00103631266392767,0.0108185773715377,159.565200805664,0.0806635096669197,0.499267250299454,7.86117887496948,-2560.2109375,0.00334080774337053,0,0.110983408987522,1,"Craugastor_omoaensis","Leptodactylus_melanonotus",1,"generalist","",NA,58,"",NA,0
-80.0595638729999,8.97864703500005,0.00103631266392767,0.0108185773715377,159.565200805664,0.0806635096669197,0.499267250299454,7.86117887496948,-2560.2109375,0.00334080774337053,0,0.110983408987522,1,"Craugastor_omoaensis","Lithobates_vaillanti",1,NA,NA,NA,NA,NA,NA,NA
-80.0595638729999,8.97864703500005,0.00103631266392767,0.0108185773715377,159.565200805664,0.0806635096669197,0.499267250299454,7.86117887496948,-2560.2109375,0.00334080774337053,0,0.110983408987522,1,"Craugastor_omoaensis","Rhinella_horribilis",1,"generalist","specialist",106.25,241,"",NA,0
-80.0595638729999,8.97864703500005,0.00103631266392767,0.0108185773715377,159.565200805664,0.0806635096669197,0.499267250299454,7.86117887496948,-2560.2109375,0.00334080774337053,0,0.110983408987522,1,"Craugastor_omoaensis","Trachycephalus_vermiculatus",1,"generalist","specialist",56.9,105,"",NA,0
-79.0595638729999,8.97864703500005,0.00346916913986206,0.0105523383244872,180.804428100586,0.046790849417448,0.380167692899704,4.4651927947998,-4177.091796875,0.0217761322855949,0,0.259891092777252,1,"Craugastor_omoaensis","Agalychnis_callidryas",1,"generalist","",12,77.2,"",NA,0
-79.0595638729999,8.97864703500005,0.00346916913986206,0.0105523383244872,180.804428100586,0.046790849417448,0.380167692899704,4.4651927947998,-4177.091796875,0.0217761322855949,0,0.259891092777252,1,"Craugastor_omoaensis","Dendropsophus_microcephalus",1,"generalist","",28,32,"",NA,0
-79.0595638729999,8.97864703500005,0.00346916913986206,0.0105523383244872,180.804428100586,0.046790849417448,0.380167692899704,4.4651927947998,-4177.091796875,0.0217761322855949,0,0.259891092777252,1,"Craugastor_omoaensis","Engystomops_pustulosus",1,"generalist","",NA,48.2,"",NA,0
-79.0595638729999,8.97864703500005,0.00346916913986206,0.0105523383244872,180.804428100586,0.046790849417448,0.380167692899704,4.4651927947998,-4177.091796875,0.0217761322855949,0,0.259891092777252,1,"Craugastor_omoaensis","Leptodactylus_fragilis",1,"generalist","",NA,43,"",NA,0
-79.0595638729999,8.97864703500005,0.00346916913986206,0.0105523383244872,180.804428100586,0.046790849417448,0.380167692899704,4.4651927947998,-4177.091796875,0.0217761322855949,0,0.259891092777252,1,"Craugastor_omoaensis","Leptodactylus_melanonotus",1,"generalist","",NA,58,"",NA,0
-79.0595638729999,8.97864703500005,0.00346916913986206,0.0105523383244872,180.804428100586,0.046790849417448,0.380167692899704,4.4651927947998,-4177.091796875,0.0217761322855949,0,0.259891092777252,1,"Craugastor_omoaensis","Lithobates_vaillanti",1,NA,NA,NA,NA,NA,NA,NA
-79.0595638729999,8.97864703500005,0.00346916913986206,0.0105523383244872,180.804428100586,0.046790849417448,0.380167692899704,4.4651927947998,-4177.091796875,0.0217761322855949,0,0.259891092777252,1,"Craugastor_omoaensis","Rhinella_horribilis",1,"generalist","specialist",106.25,241,"",NA,0
-79.0595638729999,8.97864703500005,0.00346916913986206,0.0105523383244872,180.804428100586,0.046790849417448,0.380167692899704,4.4651927947998,-4177.091796875,0.0217761322855949,0,0.259891092777252,1,"Craugastor_omoaensis","Trachycephalus_vermiculatus",1,"generalist","specialist",56.9,105,"",NA,0
-78.0595638729999,8.97864703500005,0.00204452965408564,0.000433938665082678,161.962478637695,0.0932341814041138,0.56128054857254,3.21049618721008,-2809.67822265625,0.000395724695408717,0,0.387223571538925,1,"Craugastor_omoaensis","Agalychnis_callidryas",1,"generalist","",12,77.2,"",NA,0
-78.0595638729999,8.97864703500005,0.00204452965408564,0.000433938665082678,161.962478637695,0.0932341814041138,0.56128054857254,3.21049618721008,-2809.67822265625,0.000395724695408717,0,0.387223571538925,1,"Craugastor_omoaensis","Dendropsophus_microcephalus",1,"generalist","",28,32,"",NA,0
-78.0595638729999,8.97864703500005,0.00204452965408564,0.000433938665082678,161.962478637695,0.0932341814041138,0.56128054857254,3.21049618721008,-2809.67822265625,0.000395724695408717,0,0.387223571538925,1,"Craugastor_omoaensis","Engystomops_pustulosus",1,"generalist","",NA,48.2,"",NA,0
-78.0595638729999,8.97864703500005,0.00204452965408564,0.000433938665082678,161.962478637695,0.0932341814041138,0.56128054857254,3.21049618721008,-2809.67822265625,0.000395724695408717,0,0.387223571538925,1,"Craugastor_omoaensis","Leptodactylus_fragilis",1,"generalist","",NA,43,"",NA,0
-78.0595638729999,8.97864703500005,0.00204452965408564,0.000433938665082678,161.962478637695,0.0932341814041138,0.56128054857254,3.21049618721008,-2809.67822265625,0.000395724695408717,0,0.387223571538925,1,"Craugastor_omoaensis","Leptodactylus_melanonotus",1,"generalist","",NA,58,"",NA,0
-78.0595638729999,8.97864703500005,0.00204452965408564,0.000433938665082678,161.962478637695,0.0932341814041138,0.56128054857254,3.21049618721008,-2809.67822265625,0.000395724695408717,0,0.387223571538925,1,"Craugastor_omoaensis","Lithobates_vaillanti",1,NA,NA,NA,NA,NA,NA,NA
-78.0595638729999,8.97864703500005,0.00204452965408564,0.000433938665082678,161.962478637695,0.0932341814041138,0.56128054857254,3.21049618721008,-2809.67822265625,0.000395724695408717,0,0.387223571538925,1,"Craugastor_omoaensis","Rhinella_horribilis",1,"generalist","specialist",106.25,241,"",NA,0
-78.0595638729999,8.97864703500005,0.00204452965408564,0.000433938665082678,161.962478637695,0.0932341814041138,0.56128054857254,3.21049618721008,-2809.67822265625,0.000395724695408717,0,0.387223571538925,1,"Craugastor_omoaensis","Trachycephalus_vermiculatus",1,"generalist","specialist",56.9,105,"",NA,0
-77.0595638729999,8.97864703500005,5.87352769798599e-05,0.000346953020198271,131.268692016602,0.0126457633450627,0.148030951619148,1.04393446445465,-8331.4990234375,0,0,0.0587533637881279,1,"Craugastor_omoaensis","Agalychnis_callidryas",1,"generalist","",12,77.2,"",NA,0
-77.0595638729999,8.97864703500005,5.87352769798599e-05,0.000346953020198271,131.268692016602,0.0126457633450627,0.148030951619148,1.04393446445465,-8331.4990234375,0,0,0.0587533637881279,1,"Craugastor_omoaensis","Dendropsophus_microcephalus",1,"generalist","",28,32,"",NA,0
-77.0595638729999,8.97864703500005,5.87352769798599e-05,0.000346953020198271,131.268692016602,0.0126457633450627,0.148030951619148,1.04393446445465,-8331.4990234375,0,0,0.0587533637881279,1,"Craugastor_omoaensis","Engystomops_pustulosus",1,"generalist","",NA,48.2,"",NA,0
-77.0595638729999,8.97864703500005,5.87352769798599e-05,0.000346953020198271,131.268692016602,0.0126457633450627,0.148030951619148,1.04393446445465,-8331.4990234375,0,0,0.0587533637881279,1,"Craugastor_omoaensis","Leptodactylus_fragilis",1,"generalist","",NA,43,"",NA,0
-77.0595638729999,8.97864703500005,5.87352769798599e-05,0.000346953020198271,131.268692016602,0.0126457633450627,0.148030951619148,1.04393446445465,-8331.4990234375,0,0,0.0587533637881279,1,"Craugastor_omoaensis","Leptodactylus_melanonotus",1,"generalist","",NA,58,"",NA,0
-77.0595638729999,8.97864703500005,5.87352769798599e-05,0.000346953020198271,131.268692016602,0.0126457633450627,0.148030951619148,1.04393446445465,-8331.4990234375,0,0,0.0587533637881279,1,"Craugastor_omoaensis","Lithobates_vaillanti",1,NA,NA,NA,NA,NA,NA,NA
-77.0595638729999,8.97864703500005,5.87352769798599e-05,0.000346953020198271,131.268692016602,0.0126457633450627,0.148030951619148,1.04393446445465,-8331.4990234375,0,0,0.0587533637881279,1,"Craugastor_omoaensis","Rhinella_horribilis",1,"generalist","specialist",106.25,241,"",NA,0
-77.0595638729999,8.97864703500005,5.87352769798599e-05,0.000346953020198271,131.268692016602,0.0126457633450627,0.148030951619148,1.04393446445465,-8331.4990234375,0,0,0.0587533637881279,1,"Craugastor_omoaensis","Trachycephalus_vermiculatus",1,"generalist","specialist",56.9,105,"",NA,0
-76.0595638729999,8.97864703500005,0.0111108468845487,0.00507213594391942,55.6798133850098,0.0296099185943604,0.143170163035393,9.46332168579102,-2164.24877929688,3.46356646332424e-05,0,0.000943651190027595,1,"Craugastor_omoaensis","Dendropsophus_microcephalus",1,"generalist","",28,32,"",NA,0
-76.0595638729999,8.97864703500005,0.0111108468845487,0.00507213594391942,55.6798133850098,0.0296099185943604,0.143170163035393,9.46332168579102,-2164.24877929688,3.46356646332424e-05,0,0.000943651190027595,1,"Craugastor_omoaensis","Engystomops_pustulosus",1,"generalist","",NA,48.2,"",NA,0
-76.0595638729999,8.97864703500005,0.0111108468845487,0.00507213594391942,55.6798133850098,0.0296099185943604,0.143170163035393,9.46332168579102,-2164.24877929688,3.46356646332424e-05,0,0.000943651190027595,1,"Craugastor_omoaensis","Leptodactylus_fragilis",1,"generalist","",NA,43,"",NA,0
-76.0595638729999,8.97864703500005,0.0111108468845487,0.00507213594391942,55.6798133850098,0.0296099185943604,0.143170163035393,9.46332168579102,-2164.24877929688,3.46356646332424e-05,0,0.000943651190027595,1,"Craugastor_omoaensis","Rhinella_horribilis",1,"generalist","specialist",106.25,241,"",NA,0
-76.0595638729999,8.97864703500005,0.0111108468845487,0.00507213594391942,55.6798133850098,0.0296099185943604,0.143170163035393,9.46332168579102,-2164.24877929688,3.46356646332424e-05,0,0.000943651190027595,1,"Craugastor_omoaensis","Trachycephalus_vermiculatus",1,"generalist","specialist",56.9,105,"",NA,0
-75.0595638729999,8.97864703500005,0.0160560086369514,0.0058941594325006,54.0693016052246,0.0348664037883282,0.083540715277195,10.9528217315674,-7.06381607055664,0.000104538172308821,0,0.000103906997537706,1,"Craugastor_omoaensis","Dendropsophus_microcephalus",1,"generalist","",28,32,"",NA,0
-75.0595638729999,8.97864703500005,0.0160560086369514,0.0058941594325006,54.0693016052246,0.0348664037883282,0.083540715277195,10.9528217315674,-7.06381607055664,0.000104538172308821,0,0.000103906997537706,1,"Craugastor_omoaensis","Engystomops_pustulosus",1,"generalist","",NA,48.2,"",NA,0
-75.0595638729999,8.97864703500005,0.0160560086369514,0.0058941594325006,54.0693016052246,0.0348664037883282,0.083540715277195,10.9528217315674,-7.06381607055664,0.000104538172308821,0,0.000103906997537706,1,"Craugastor_omoaensis","Leptodactylus_fragilis",1,"generalist","",NA,43,"",NA,0
-75.0595638729999,8.97864703500005,0.0160560086369514,0.0058941594325006,54.0693016052246,0.0348664037883282,0.083540715277195,10.9528217315674,-7.06381607055664,0.000104538172308821,0,0.000103906997537706,1,"Craugastor_omoaensis","Rhinella_horribilis",1,"generalist","specialist",106.25,241,"",NA,0
-75.0595638729999,8.97864703500005,0.0160560086369514,0.0058941594325006,54.0693016052246,0.0348664037883282,0.083540715277195,10.9528217315674,-7.06381607055664,0.000104538172308821,0,0.000103906997537706,1,"Craugastor_omoaensis","Trachycephalus_vermiculatus",1,"generalist","specialist",56.9,105,"",NA,0
-74.0595638729999,8.97864703500005,0.00709981005638838,0.00271341297775507,64.6508178710938,0.105045355856419,0.258158892393112,9.6472749710083,30.8460235595703,1.89353386303992e-06,0,7.1164860855788e-05,1,"Craugastor_omoaensis","Dendropsophus_microcephalus",1,"generalist","",28,32,"",NA,0
-74.0595638729999,8.97864703500005,0.00709981005638838,0.00271341297775507,64.6508178710938,0.105045355856419,0.258158892393112,9.6472749710083,30.8460235595703,1.89353386303992e-06,0,7.1164860855788e-05,1,"Craugastor_omoaensis","Engystomops_pustulosus",1,"generalist","",NA,48.2,"",NA,0
-74.0595638729999,8.97864703500005,0.00709981005638838,0.00271341297775507,64.6508178710938,0.105045355856419,0.258158892393112,9.6472749710083,30.8460235595703,1.89353386303992e-06,0,7.1164860855788e-05,1,"Craugastor_omoaensis","Leptodactylus_fragilis",1,"generalist","",NA,43,"",NA,0
-74.0595638729999,8.97864703500005,0.00709981005638838,0.00271341297775507,64.6508178710938,0.105045355856419,0.258158892393112,9.6472749710083,30.8460235595703,1.89353386303992e-06,0,7.1164860855788e-05,1,"Craugastor_omoaensis","Rhinella_horribilis",1,"generalist","specialist",106.25,241,"",NA,0
-74.0595638729999,8.97864703500005,0.00709981005638838,0.00271341297775507,64.6508178710938,0.105045355856419,0.258158892393112,9.6472749710083,30.8460235595703,1.89353386303992e-06,0,7.1164860855788e-05,1,"Craugastor_omoaensis","Trachycephalus_vermiculatus",1,"generalist","specialist",56.9,105,"",NA,0
-73.0595638729999,8.97864703500005,0.00141044415067881,0.001137092593126,497.804534912109,0.188524395227432,0.777289748191833,7.04623460769653,29.5547618865967,0,0,0.436160832643509,1,"Craugastor_omoaensis","Dendropsophus_microcephalus",1,"generalist","",28,32,"",NA,0
-73.0595638729999,8.97864703500005,0.00141044415067881,0.001137092593126,497.804534912109,0.188524395227432,0.777289748191833,7.04623460769653,29.5547618865967,0,0,0.436160832643509,1,"Craugastor_omoaensis","Engystomops_pustulosus",1,"generalist","",NA,48.2,"",NA,0
-73.0595638729999,8.97864703500005,0.00141044415067881,0.001137092593126,497.804534912109,0.188524395227432,0.777289748191833,7.04623460769653,29.5547618865967,0,0,0.436160832643509,1,"Craugastor_omoaensis","Leptodactylus_fragilis",1,"generalist","",NA,43,"",NA,0
-73.0595638729999,8.97864703500005,0.00141044415067881,0.001137092593126,497.804534912109,0.188524395227432,0.777289748191833,7.04623460769653,29.5547618865967,0,0,0.436160832643509,1,"Craugastor_omoaensis","Rhinella_horribilis",1,"generalist","specialist",106.25,241,"",NA,0
-73.0595638729999,8.97864703500005,0.00141044415067881,0.001137092593126,497.804534912109,0.188524395227432,0.777289748191833,7.04623460769653,29.5547618865967,0,0,0.436160832643509,1,"Craugastor_omoaensis","Trachycephalus_vermiculatus",1,"generalist","specialist",56.9,105,"",NA,0
-72.0595638729999,8.97864703500005,0.00144297059159726,0.00339157809503376,46.1809272766113,0.0577150210738182,0.203166887164116,8.28348445892334,-800.132141113281,0.000103906997537706,0,0.0483843386173248,1,"Craugastor_omoaensis","Dendropsophus_microcephalus",1,"generalist","",28,32,"",NA,0
-72.0595638729999,8.97864703500005,0.00144297059159726,0.00339157809503376,46.1809272766113,0.0577150210738182,0.203166887164116,8.28348445892334,-800.132141113281,0.000103906997537706,0,0.0483843386173248,1,"Craugastor_omoaensis","Engystomops_pustulosus",1,"generalist","",NA,48.2,"",NA,0
-72.0595638729999,8.97864703500005,0.00144297059159726,0.00339157809503376,46.1809272766113,0.0577150210738182,0.203166887164116,8.28348445892334,-800.132141113281,0.000103906997537706,0,0.0483843386173248,1,"Craugastor_omoaensis","Leptodactylus_fragilis",1,"generalist","",NA,43,"",NA,0
-72.0595638729999,8.97864703500005,0.00144297059159726,0.00339157809503376,46.1809272766113,0.0577150210738182,0.203166887164116,8.28348445892334,-800.132141113281,0.000103906997537706,0,0.0483843386173248,1,"Craugastor_omoaensis","Trachycephalus_vermiculatus",1,"generalist","specialist",56.9,105,"",NA,0
-71.0595638729999,8.97864703500005,0.00251346128061414,0.00820170342922211,1631.07385253906,0.026796143501997,0.422793835401535,8.72310447692871,-1277.04541015625,0.010162859223783,0,0.280283153057098,1,"Craugastor_omoaensis","Dendropsophus_microcephalus",1,"generalist","",28,32,"",NA,0
-71.0595638729999,8.97864703500005,0.00251346128061414,0.00820170342922211,1631.07385253906,0.026796143501997,0.422793835401535,8.72310447692871,-1277.04541015625,0.010162859223783,0,0.280283153057098,1,"Craugastor_omoaensis","Engystomops_pustulosus",1,"generalist","",NA,48.2,"",NA,0
-71.0595638729999,8.97864703500005,0.00251346128061414,0.00820170342922211,1631.07385253906,0.026796143501997,0.422793835401535,8.72310447692871,-1277.04541015625,0.010162859223783,0,0.280283153057098,1,"Craugastor_omoaensis","Leptodactylus_fragilis",1,"generalist","",NA,43,"",NA,0
-70.0595638729999,8.97864703500005,0.023823119699955,0.00919871311634779,710.686462402344,0.0421669520437717,0.454570382833481,10.1420269012451,6.34793853759766,0.0104154041036963,0.0150682711973786,0.109767653048038,1,"Craugastor_omoaensis","Dendropsophus_microcephalus",1,"generalist","",28,32,"",NA,0
-70.0595638729999,8.97864703500005,0.023823119699955,0.00919871311634779,710.686462402344,0.0421669520437717,0.454570382833481,10.1420269012451,6.34793853759766,0.0104154041036963,0.0150682711973786,0.109767653048038,1,"Craugastor_omoaensis","Engystomops_pustulosus",1,"generalist","",NA,48.2,"",NA,0
-70.0595638729999,8.97864703500005,0.023823119699955,0.00919871311634779,710.686462402344,0.0421669520437717,0.454570382833481,10.1420269012451,6.34793853759766,0.0104154041036963,0.0150682711973786,0.109767653048038,1,"Craugastor_omoaensis","Leptodactylus_fragilis",1,"generalist","",NA,43,"",NA,0
-69.0595638729999,8.97864703500005,0.153561130166054,0.00413145683705807,123.731025695801,0.0608293488621712,0.244458124041557,6.56766700744629,32.5937080383301,0.00432385737076402,0.304237693548203,0.00343146943487227,1,"Craugastor_omoaensis","Dendropsophus_microcephalus",1,"generalist","",28,32,"",NA,0
-69.0595638729999,8.97864703500005,0.153561130166054,0.00413145683705807,123.731025695801,0.0608293488621712,0.244458124041557,6.56766700744629,32.5937080383301,0.00432385737076402,0.304237693548203,0.00343146943487227,1,"Craugastor_omoaensis","Engystomops_pustulosus",1,"generalist","",NA,48.2,"",NA,0
-69.0595638729999,8.97864703500005,0.153561130166054,0.00413145683705807,123.731025695801,0.0608293488621712,0.244458124041557,6.56766700744629,32.5937080383301,0.00432385737076402,0.304237693548203,0.00343146943487227,1,"Craugastor_omoaensis","Leptodactylus_fragilis",1,"generalist","",NA,43,"",NA,0
-68.0595638729999,8.97864703500005,0.0482661016285419,0.00109047093428671,90.8675079345703,0.0258821826428175,0.369971305131912,5.14088296890259,33.0483551025391,0.00107983208727092,0.0375193506479263,0.023890433833003,1,"Craugastor_omoaensis","Dendropsophus_microcephalus",1,"generalist","",28,32,"",NA,0
-68.0595638729999,8.97864703500005,0.0482661016285419,0.00109047093428671,90.8675079345703,0.0258821826428175,0.369971305131912,5.14088296890259,33.0483551025391,0.00107983208727092,0.0375193506479263,0.023890433833003,1,"Craugastor_omoaensis","Engystomops_pustulosus",1,"generalist","",NA,48.2,"",NA,0
-68.0595638729999,8.97864703500005,0.0482661016285419,0.00109047093428671,90.8675079345703,0.0258821826428175,0.369971305131912,5.14088296890259,33.0483551025391,0.00107983208727092,0.0375193506479263,0.023890433833003,1,"Craugastor_omoaensis","Leptodactylus_fragilis",1,"generalist","",NA,43,"",NA,0
-67.0595638729999,8.97864703500005,0.0701050460338593,0.00275090918876231,132.429107666016,0.0241692867130041,0.250103831291199,6.08243083953857,32.8870620727539,0.00210433616302907,0.0458915047347546,0.0354282855987549,1,"Craugastor_omoaensis","Dendropsophus_microcephalus",1,"generalist","",28,32,"",NA,0
-67.0595638729999,8.97864703500005,0.0701050460338593,0.00275090918876231,132.429107666016,0.0241692867130041,0.250103831291199,6.08243083953857,32.8870620727539,0.00210433616302907,0.0458915047347546,0.0354282855987549,1,"Craugastor_omoaensis","Engystomops_pustulosus",1,"generalist","",NA,48.2,"",NA,0
-67.0595638729999,8.97864703500005,0.0701050460338593,0.00275090918876231,132.429107666016,0.0241692867130041,0.250103831291199,6.08243083953857,32.8870620727539,0.00210433616302907,0.0458915047347546,0.0354282855987549,1,"Craugastor_omoaensis","Leptodactylus_fragilis",1,"generalist","",NA,43,"",NA,0
-66.0595638729999,8.97864703500005,0.0309875402599573,0.00266921985894442,145.119171142578,0.0328457579016685,0.306932359933853,6.10609817504883,16.9129467010498,7.26501602912322e-05,0.111176244914532,0.00853462889790535,1,"Craugastor_omoaensis","Dendropsophus_microcephalus",1,"generalist","",28,32,"",NA,0
-66.0595638729999,8.97864703500005,0.0309875402599573,0.00266921985894442,145.119171142578,0.0328457579016685,0.306932359933853,6.10609817504883,16.9129467010498,7.26501602912322e-05,0.111176244914532,0.00853462889790535,1,"Craugastor_omoaensis","Engystomops_pustulosus",1,"generalist","",NA,48.2,"",NA,0
-66.0595638729999,8.97864703500005,0.0309875402599573,0.00266921985894442,145.119171142578,0.0328457579016685,0.306932359933853,6.10609817504883,16.9129467010498,7.26501602912322e-05,0.111176244914532,0.00853462889790535,1,"Craugastor_omoaensis","Leptodactylus_fragilis",1,"generalist","",NA,43,"",NA,0
-65.0595638729999,8.97864703500005,0.00766480015590787,0.00188476999755949,134.195678710938,0.0543945878744125,0.461043298244476,6.78559064865112,-26.098445892334,0.000312352174660191,0.0020109573379159,0.0173784419894218,1,"Craugastor_omoaensis","Dendropsophus_microcephalus",1,"generalist","",28,32,"",NA,0
-65.0595638729999,8.97864703500005,0.00766480015590787,0.00188476999755949,134.195678710938,0.0543945878744125,0.461043298244476,6.78559064865112,-26.098445892334,0.000312352174660191,0.0020109573379159,0.0173784419894218,1,"Craugastor_omoaensis","Engystomops_pustulosus",1,"generalist","",NA,48.2,"",NA,0
-65.0595638729999,8.97864703500005,0.00766480015590787,0.00188476999755949,134.195678710938,0.0543945878744125,0.461043298244476,6.78559064865112,-26.098445892334,0.000312352174660191,0.0020109573379159,0.0173784419894218,1,"Craugastor_omoaensis","Leptodactylus_fragilis",1,"generalist","",NA,43,"",NA,0
-64.0595638729999,8.97864703500005,0.0224997941404581,0.00734934117645025,220.30729675293,0.0278766211122274,0.218710571527481,9.50426292419434,26.6806983947754,0.00338112399913371,0,0.0242648553103209,1,"Craugastor_omoaensis","Dendropsophus_microcephalus",1,"generalist","",28,32,"",NA,0
-64.0595638729999,8.97864703500005,0.0224997941404581,0.00734934117645025,220.30729675293,0.0278766211122274,0.218710571527481,9.50426292419434,26.6806983947754,0.00338112399913371,0,0.0242648553103209,1,"Craugastor_omoaensis","Engystomops_pustulosus",1,"generalist","",NA,48.2,"",NA,0
-64.0595638729999,8.97864703500005,0.0224997941404581,0.00734934117645025,220.30729675293,0.0278766211122274,0.218710571527481,9.50426292419434,26.6806983947754,0.00338112399913371,0,0.0242648553103209,1,"Craugastor_omoaensis","Leptodactylus_fragilis",1,"generalist","",NA,43,"",NA,0
-63.0595638729999,8.97864703500005,0.0031386234331876,0.00185531575698406,80.9095306396484,0.264001667499542,0.187887638807297,6.58697032928467,26.8916835784912,0.000373232876881957,0,0.0523952320218086,1,"Craugastor_omoaensis","Dendropsophus_microcephalus",1,"generalist","",28,32,"",NA,0
-63.0595638729999,8.97864703500005,0.0031386234331876,0.00185531575698406,80.9095306396484,0.264001667499542,0.187887638807297,6.58697032928467,26.8916835784912,0.000373232876881957,0,0.0523952320218086,1,"Craugastor_omoaensis","Engystomops_pustulosus",1,"generalist","",NA,48.2,"",NA,0
-63.0595638729999,8.97864703500005,0.0031386234331876,0.00185531575698406,80.9095306396484,0.264001667499542,0.187887638807297,6.58697032928467,26.8916835784912,0.000373232876881957,0,0.0523952320218086,1,"Craugastor_omoaensis","Leptodactylus_fragilis",1,"generalist","",NA,43,"",NA,0
-62.0595638729999,8.97864703500005,0.00203697104007006,0.00131899397820234,14.5678853988647,0.0321592763066292,0.345035970211029,3.93491911888123,-54.9498558044434,5.68060158911976e-06,0,0.221850976347923,1,"Craugastor_omoaensis","Dendropsophus_microcephalus",1,"generalist","",28,32,"",NA,0
-62.0595638729999,8.97864703500005,0.00203697104007006,0.00131899397820234,14.5678853988647,0.0321592763066292,0.345035970211029,3.93491911888123,-54.9498558044434,5.68060158911976e-06,0,0.221850976347923,1,"Craugastor_omoaensis","Engystomops_pustulosus",1,"generalist","",NA,48.2,"",NA,0
-62.0595638729999,8.97864703500005,0.00203697104007006,0.00131899397820234,14.5678853988647,0.0321592763066292,0.345035970211029,3.93491911888123,-54.9498558044434,5.68060158911976e-06,0,0.221850976347923,1,"Craugastor_omoaensis","Leptodactylus_fragilis",1,"generalist","",NA,43,"",NA,0
-61.0595638729999,8.97864703500005,0.000105742299638223,0.000227029056986794,13.183632850647,0.00603981595486403,0.576917052268982,1.11244535446167,-1436.16906738281,0.000103906997537706,0,0.541637420654297,1,"Craugastor_omoaensis","Dendropsophus_microcephalus",1,"generalist","",28,32,"",NA,0
-61.0595638729999,8.97864703500005,0.000105742299638223,0.000227029056986794,13.183632850647,0.00603981595486403,0.576917052268982,1.11244535446167,-1436.16906738281,0.000103906997537706,0,0.541637420654297,1,"Craugastor_omoaensis","Engystomops_pustulosus",1,"generalist","",NA,48.2,"",NA,0
-60.0595638729999,8.97864703500005,2.2358829028235e-06,4.25690950578428e-06,15.2747526168823,0.000255921040661633,0.135767981410027,0.0382476150989532,-8939.3291015625,1.89353386303992e-06,0,0.0749428421258926,1,"Craugastor_omoaensis","Dendropsophus_microcephalus",1,"generalist","",28,32,"",NA,0
-60.0595638729999,8.97864703500005,2.2358829028235e-06,4.25690950578428e-06,15.2747526168823,0.000255921040661633,0.135767981410027,0.0382476150989532,-8939.3291015625,1.89353386303992e-06,0,0.0749428421258926,1,"Craugastor_omoaensis","Engystomops_pustulosus",1,"generalist","",NA,48.2,"",NA,0
-84.0595638729999,7.97864703500005,3.5423490771791e-05,4.84552765556145e-05,168.950393676758,0.000269468640908599,0.0111578200012445,0.0496441349387169,-9938.8935546875,0,0,0.00159324065316468,1,"Craugastor_omoaensis","Agalychnis_callidryas",1,"generalist","",12,77.2,"",NA,0
-84.0595638729999,7.97864703500005,3.5423490771791e-05,4.84552765556145e-05,168.950393676758,0.000269468640908599,0.0111578200012445,0.0496441349387169,-9938.8935546875,0,0,0.00159324065316468,1,"Craugastor_omoaensis","Dendropsophus_microcephalus",1,"generalist","",28,32,"",NA,0
-84.0595638729999,7.97864703500005,3.5423490771791e-05,4.84552765556145e-05,168.950393676758,0.000269468640908599,0.0111578200012445,0.0496441349387169,-9938.8935546875,0,0,0.00159324065316468,1,"Craugastor_omoaensis","Engystomops_pustulosus",1,"generalist","",NA,48.2,"",NA,0
-84.0595638729999,7.97864703500005,3.5423490771791e-05,4.84552765556145e-05,168.950393676758,0.000269468640908599,0.0111578200012445,0.0496441349387169,-9938.8935546875,0,0,0.00159324065316468,1,"Craugastor_omoaensis","Gymnopis_multiplicata",1,"generalist","specialist",NA,480,"carnivore",NA,0
-84.0595638729999,7.97864703500005,3.5423490771791e-05,4.84552765556145e-05,168.950393676758,0.000269468640908599,0.0111578200012445,0.0496441349387169,-9938.8935546875,0,0,0.00159324065316468,1,"Craugastor_omoaensis","Leptodactylus_fragilis",1,"generalist","",NA,43,"",NA,0
-84.0595638729999,7.97864703500005,3.5423490771791e-05,4.84552765556145e-05,168.950393676758,0.000269468640908599,0.0111578200012445,0.0496441349387169,-9938.8935546875,0,0,0.00159324065316468,1,"Craugastor_omoaensis","Rhinella_horribilis",1,"generalist","specialist",106.25,241,"",NA,0
-84.0595638729999,7.97864703500005,3.5423490771791e-05,4.84552765556145e-05,168.950393676758,0.000269468640908599,0.0111578200012445,0.0496441349387169,-9938.8935546875,0,0,0.00159324065316468,1,"Craugastor_omoaensis","Trachycephalus_vermiculatus",1,"generalist","specialist",56.9,105,"",NA,0
-83.0595638729999,7.97864703500005,0.00904819089919329,0.000915275944862515,108.526214599609,0.0161574557423592,0.132744908332825,1.43832302093506,-8324.990234375,0,0.00334080774337053,0.0268120523542166,1,"Craugastor_omoaensis","Agalychnis_callidryas",1,"generalist","",12,77.2,"",NA,0
-83.0595638729999,7.97864703500005,0.00904819089919329,0.000915275944862515,108.526214599609,0.0161574557423592,0.132744908332825,1.43832302093506,-8324.990234375,0,0.00334080774337053,0.0268120523542166,1,"Craugastor_omoaensis","Dendropsophus_microcephalus",1,"generalist","",28,32,"",NA,0
-83.0595638729999,7.97864703500005,0.00904819089919329,0.000915275944862515,108.526214599609,0.0161574557423592,0.132744908332825,1.43832302093506,-8324.990234375,0,0.00334080774337053,0.0268120523542166,1,"Craugastor_omoaensis","Engystomops_pustulosus",1,"generalist","",NA,48.2,"",NA,0
-83.0595638729999,7.97864703500005,0.00904819089919329,0.000915275944862515,108.526214599609,0.0161574557423592,0.132744908332825,1.43832302093506,-8324.990234375,0,0.00334080774337053,0.0268120523542166,1,"Craugastor_omoaensis","Gymnopis_multiplicata",1,"generalist","specialist",NA,480,"carnivore",NA,0
-83.0595638729999,7.97864703500005,0.00904819089919329,0.000915275944862515,108.526214599609,0.0161574557423592,0.132744908332825,1.43832302093506,-8324.990234375,0,0.00334080774337053,0.0268120523542166,1,"Craugastor_omoaensis","Leptodactylus_fragilis",1,"generalist","",NA,43,"",NA,0
-83.0595638729999,7.97864703500005,0.00904819089919329,0.000915275944862515,108.526214599609,0.0161574557423592,0.132744908332825,1.43832302093506,-8324.990234375,0,0.00334080774337053,0.0268120523542166,1,"Craugastor_omoaensis","Leptodactylus_melanonotus",1,"generalist","",NA,58,"",NA,0
-83.0595638729999,7.97864703500005,0.00904819089919329,0.000915275944862515,108.526214599609,0.0161574557423592,0.132744908332825,1.43832302093506,-8324.990234375,0,0.00334080774337053,0.0268120523542166,1,"Craugastor_omoaensis","Rhinella_horribilis",1,"generalist","specialist",106.25,241,"",NA,0
-83.0595638729999,7.97864703500005,0.00904819089919329,0.000915275944862515,108.526214599609,0.0161574557423592,0.132744908332825,1.43832302093506,-8324.990234375,0,0.00334080774337053,0.0268120523542166,1,"Craugastor_omoaensis","Trachycephalus_vermiculatus",1,"generalist","specialist",56.9,105,"",NA,0
-82.0595638729999,7.97864703500005,0.00468894280493259,0.00232217460870743,144.274459838867,0.0273700971156359,0.182947933673859,2.66422939300537,-6082.06201171875,0.00167040387168527,6.08807204116601e-05,0.0288801193237305,1,"Craugastor_omoaensis","Dendropsophus_microcephalus",1,"generalist","",28,32,"",NA,0
-82.0595638729999,7.97864703500005,0.00468894280493259,0.00232217460870743,144.274459838867,0.0273700971156359,0.182947933673859,2.66422939300537,-6082.06201171875,0.00167040387168527,6.08807204116601e-05,0.0288801193237305,1,"Craugastor_omoaensis","Engystomops_pustulosus",1,"generalist","",NA,48.2,"",NA,0
-82.0595638729999,7.97864703500005,0.00468894280493259,0.00232217460870743,144.274459838867,0.0273700971156359,0.182947933673859,2.66422939300537,-6082.06201171875,0.00167040387168527,6.08807204116601e-05,0.0288801193237305,1,"Craugastor_omoaensis","Leptodactylus_fragilis",1,"generalist","",NA,43,"",NA,0
-82.0595638729999,7.97864703500005,0.00468894280493259,0.00232217460870743,144.274459838867,0.0273700971156359,0.182947933673859,2.66422939300537,-6082.06201171875,0.00167040387168527,6.08807204116601e-05,0.0288801193237305,1,"Craugastor_omoaensis","Rhinella_horribilis",1,"generalist","specialist",106.25,241,"",NA,0
-81.0595638729999,7.97864703500005,0.0163743980228901,0.00342192710377276,179.053512573242,0.07418192923069,0.412947088479996,7.86529493331909,-1104.89343261719,3.04403602058301e-05,0.00668161548674107,0.0268659368157387,1,"Craugastor_omoaensis","Dendropsophus_microcephalus",1,"generalist","",28,32,"",NA,0
-81.0595638729999,7.97864703500005,0.0163743980228901,0.00342192710377276,179.053512573242,0.07418192923069,0.412947088479996,7.86529493331909,-1104.89343261719,3.04403602058301e-05,0.00668161548674107,0.0268659368157387,1,"Craugastor_omoaensis","Engystomops_pustulosus",1,"generalist","",NA,48.2,"",NA,0
-81.0595638729999,7.97864703500005,0.0163743980228901,0.00342192710377276,179.053512573242,0.07418192923069,0.412947088479996,7.86529493331909,-1104.89343261719,3.04403602058301e-05,0.00668161548674107,0.0268659368157387,1,"Craugastor_omoaensis","Leptodactylus_fragilis",1,"generalist","",NA,43,"",NA,0
-81.0595638729999,7.97864703500005,0.0163743980228901,0.00342192710377276,179.053512573242,0.07418192923069,0.412947088479996,7.86529493331909,-1104.89343261719,3.04403602058301e-05,0.00668161548674107,0.0268659368157387,1,"Craugastor_omoaensis","Rhinella_horribilis",1,"generalist","specialist",106.25,241,"",NA,0
-81.0595638729999,7.97864703500005,0.0163743980228901,0.00342192710377276,179.053512573242,0.07418192923069,0.412947088479996,7.86529493331909,-1104.89343261719,3.04403602058301e-05,0.00668161548674107,0.0268659368157387,1,"Craugastor_omoaensis","Trachycephalus_vermiculatus",1,"generalist","specialist",56.9,105,"",NA,0
-80.0595638729999,7.97864703500005,0.0320896804332733,0.00444201054051518,101.15892791748,0.00898921675980091,0.0993859842419624,3.61821603775024,-6413.3916015625,0.00341007905080914,0.0235074162483215,0.0026622056029737,1,"Craugastor_omoaensis","Agalychnis_callidryas",1,"generalist","",12,77.2,"",NA,0
-80.0595638729999,7.97864703500005,0.0320896804332733,0.00444201054051518,101.15892791748,0.00898921675980091,0.0993859842419624,3.61821603775024,-6413.3916015625,0.00341007905080914,0.0235074162483215,0.0026622056029737,1,"Craugastor_omoaensis","Dendropsophus_microcephalus",1,"generalist","",28,32,"",NA,0
-80.0595638729999,7.97864703500005,0.0320896804332733,0.00444201054051518,101.15892791748,0.00898921675980091,0.0993859842419624,3.61821603775024,-6413.3916015625,0.00341007905080914,0.0235074162483215,0.0026622056029737,1,"Craugastor_omoaensis","Engystomops_pustulosus",1,"generalist","",NA,48.2,"",NA,0
-80.0595638729999,7.97864703500005,0.0320896804332733,0.00444201054051518,101.15892791748,0.00898921675980091,0.0993859842419624,3.61821603775024,-6413.3916015625,0.00341007905080914,0.0235074162483215,0.0026622056029737,1,"Craugastor_omoaensis","Leptodactylus_fragilis",1,"generalist","",NA,43,"",NA,0
-80.0595638729999,7.97864703500005,0.0320896804332733,0.00444201054051518,101.15892791748,0.00898921675980091,0.0993859842419624,3.61821603775024,-6413.3916015625,0.00341007905080914,0.0235074162483215,0.0026622056029737,1,"Craugastor_omoaensis","Rhinella_horribilis",1,"generalist","specialist",106.25,241,"",NA,0
-80.0595638729999,7.97864703500005,0.0320896804332733,0.00444201054051518,101.15892791748,0.00898921675980091,0.0993859842419624,3.61821603775024,-6413.3916015625,0.00341007905080914,0.0235074162483215,0.0026622056029737,1,"Craugastor_omoaensis","Trachycephalus_vermiculatus",1,"generalist","specialist",56.9,105,"",NA,0
-78.0595638729999,7.97864703500005,0.00121042446698993,0.000176992907654494,238.318664550781,0.0482679232954979,0.644900918006897,2.00016283988953,-2318.37646484375,8.20531386125367e-06,0,0.5645472407341,1,"Craugastor_omoaensis","Agalychnis_callidryas",1,"generalist","",12,77.2,"",NA,0
-78.0595638729999,7.97864703500005,0.00121042446698993,0.000176992907654494,238.318664550781,0.0482679232954979,0.644900918006897,2.00016283988953,-2318.37646484375,8.20531386125367e-06,0,0.5645472407341,1,"Craugastor_omoaensis","Dendropsophus_microcephalus",1,"generalist","",28,32,"",NA,0
-78.0595638729999,7.97864703500005,0.00121042446698993,0.000176992907654494,238.318664550781,0.0482679232954979,0.644900918006897,2.00016283988953,-2318.37646484375,8.20531386125367e-06,0,0.5645472407341,1,"Craugastor_omoaensis","Engystomops_pustulosus",1,"generalist","",NA,48.2,"",NA,0
-78.0595638729999,7.97864703500005,0.00121042446698993,0.000176992907654494,238.318664550781,0.0482679232954979,0.644900918006897,2.00016283988953,-2318.37646484375,8.20531386125367e-06,0,0.5645472407341,1,"Craugastor_omoaensis","Leptodactylus_fragilis",1,"generalist","",NA,43,"",NA,0
-78.0595638729999,7.97864703500005,0.00121042446698993,0.000176992907654494,238.318664550781,0.0482679232954979,0.644900918006897,2.00016283988953,-2318.37646484375,8.20531386125367e-06,0,0.5645472407341,1,"Craugastor_omoaensis","Leptodactylus_melanonotus",1,"generalist","",NA,58,"",NA,0
-78.0595638729999,7.97864703500005,0.00121042446698993,0.000176992907654494,238.318664550781,0.0482679232954979,0.644900918006897,2.00016283988953,-2318.37646484375,8.20531386125367e-06,0,0.5645472407341,1,"Craugastor_omoaensis","Lithobates_vaillanti",1,NA,NA,NA,NA,NA,NA,NA
-78.0595638729999,7.97864703500005,0.00121042446698993,0.000176992907654494,238.318664550781,0.0482679232954979,0.644900918006897,2.00016283988953,-2318.37646484375,8.20531386125367e-06,0,0.5645472407341,1,"Craugastor_omoaensis","Rhinella_horribilis",1,"generalist","specialist",106.25,241,"",NA,0
-78.0595638729999,7.97864703500005,0.00121042446698993,0.000176992907654494,238.318664550781,0.0482679232954979,0.644900918006897,2.00016283988953,-2318.37646484375,8.20531386125367e-06,0,0.5645472407341,1,"Craugastor_omoaensis","Trachycephalus_vermiculatus",1,"generalist","specialist",56.9,105,"",NA,0
-77.0595638729999,7.97864703500005,0.000794921943452209,0.00172220566309988,183.577743530273,0.0645056143403053,0.579374551773071,4.76742172241211,-925.01513671875,0,0,0.445659905672073,1,"Craugastor_omoaensis","Agalychnis_callidryas",1,"generalist","",12,77.2,"",NA,0
-77.0595638729999,7.97864703500005,0.000794921943452209,0.00172220566309988,183.577743530273,0.0645056143403053,0.579374551773071,4.76742172241211,-925.01513671875,0,0,0.445659905672073,1,"Craugastor_omoaensis","Dendropsophus_microcephalus",1,"generalist","",28,32,"",NA,0
-77.0595638729999,7.97864703500005,0.000794921943452209,0.00172220566309988,183.577743530273,0.0645056143403053,0.579374551773071,4.76742172241211,-925.01513671875,0,0,0.445659905672073,1,"Craugastor_omoaensis","Engystomops_pustulosus",1,"generalist","",NA,48.2,"",NA,0
-77.0595638729999,7.97864703500005,0.000794921943452209,0.00172220566309988,183.577743530273,0.0645056143403053,0.579374551773071,4.76742172241211,-925.01513671875,0,0,0.445659905672073,1,"Craugastor_omoaensis","Leptodactylus_fragilis",1,"generalist","",NA,43,"",NA,0
-77.0595638729999,7.97864703500005,0.000794921943452209,0.00172220566309988,183.577743530273,0.0645056143403053,0.579374551773071,4.76742172241211,-925.01513671875,0,0,0.445659905672073,1,"Craugastor_omoaensis","Leptodactylus_melanonotus",1,"generalist","",NA,58,"",NA,0
-77.0595638729999,7.97864703500005,0.000794921943452209,0.00172220566309988,183.577743530273,0.0645056143403053,0.579374551773071,4.76742172241211,-925.01513671875,0,0,0.445659905672073,1,"Craugastor_omoaensis","Lithobates_vaillanti",1,NA,NA,NA,NA,NA,NA,NA
-77.0595638729999,7.97864703500005,0.000794921943452209,0.00172220566309988,183.577743530273,0.0645056143403053,0.579374551773071,4.76742172241211,-925.01513671875,0,0,0.445659905672073,1,"Craugastor_omoaensis","Rhinella_horribilis",1,"generalist","specialist",106.25,241,"",NA,0
-77.0595638729999,7.97864703500005,0.000794921943452209,0.00172220566309988,183.577743530273,0.0645056143403053,0.579374551773071,4.76742172241211,-925.01513671875,0,0,0.445659905672073,1,"Craugastor_omoaensis","Trachycephalus_vermiculatus",1,"generalist","specialist",56.9,105,"",NA,0
-76.0595638729999,7.97864703500005,0.00106850417796522,0.00130931462626904,289.136596679688,0.101378761231899,0.616230368614197,8.21017551422119,-26.7966175079346,0,0,0.330322027206421,1,"Craugastor_omoaensis","Dendropsophus_microcephalus",1,"generalist","",28,32,"",NA,0
-76.0595638729999,7.97864703500005,0.00106850417796522,0.00130931462626904,289.136596679688,0.101378761231899,0.616230368614197,8.21017551422119,-26.7966175079346,0,0,0.330322027206421,1,"Craugastor_omoaensis","Engystomops_pustulosus",1,"generalist","",NA,48.2,"",NA,0
-76.0595638729999,7.97864703500005,0.00106850417796522,0.00130931462626904,289.136596679688,0.101378761231899,0.616230368614197,8.21017551422119,-26.7966175079346,0,0,0.330322027206421,1,"Craugastor_omoaensis","Leptodactylus_fragilis",1,"generalist","",NA,43,"",NA,0
-76.0595638729999,7.97864703500005,0.00106850417796522,0.00130931462626904,289.136596679688,0.101378761231899,0.616230368614197,8.21017551422119,-26.7966175079346,0,0,0.330322027206421,1,"Craugastor_omoaensis","Lithobates_vaillanti",1,NA,NA,NA,NA,NA,NA,NA
-76.0595638729999,7.97864703500005,0.00106850417796522,0.00130931462626904,289.136596679688,0.101378761231899,0.616230368614197,8.21017551422119,-26.7966175079346,0,0,0.330322027206421,1,"Craugastor_omoaensis","Rhinella_horribilis",1,"generalist","specialist",106.25,241,"",NA,0
-76.0595638729999,7.97864703500005,0.00106850417796522,0.00130931462626904,289.136596679688,0.101378761231899,0.616230368614197,8.21017551422119,-26.7966175079346,0,0,0.330322027206421,1,"Craugastor_omoaensis","Trachycephalus_vermiculatus",1,"generalist","specialist",56.9,105,"",NA,0
-75.0595638729999,7.97864703500005,0.0121304737403989,0.00221135513857007,119.418113708496,0.114195235073566,0.413117796182632,8.12137603759766,29.5470581054688,0.00668161548674107,0,0.182937800884247,1,"Craugastor_omoaensis","Dendropsophus_microcephalus",1,"generalist","",28,32,"",NA,0
-75.0595638729999,7.97864703500005,0.0121304737403989,0.00221135513857007,119.418113708496,0.114195235073566,0.413117796182632,8.12137603759766,29.5470581054688,0.00668161548674107,0,0.182937800884247,1,"Craugastor_omoaensis","Engystomops_pustulosus",1,"generalist","",NA,48.2,"",NA,0
-75.0595638729999,7.97864703500005,0.0121304737403989,0.00221135513857007,119.418113708496,0.114195235073566,0.413117796182632,8.12137603759766,29.5470581054688,0.00668161548674107,0,0.182937800884247,1,"Craugastor_omoaensis","Leptodactylus_fragilis",1,"generalist","",NA,43,"",NA,0
-75.0595638729999,7.97864703500005,0.0121304737403989,0.00221135513857007,119.418113708496,0.114195235073566,0.413117796182632,8.12137603759766,29.5470581054688,0.00668161548674107,0,0.182937800884247,1,"Craugastor_omoaensis","Lithobates_vaillanti",1,NA,NA,NA,NA,NA,NA,NA
-75.0595638729999,7.97864703500005,0.0121304737403989,0.00221135513857007,119.418113708496,0.114195235073566,0.413117796182632,8.12137603759766,29.5470581054688,0.00668161548674107,0,0.182937800884247,1,"Craugastor_omoaensis","Rhinella_horribilis",1,"generalist","specialist",106.25,241,"",NA,0
-75.0595638729999,7.97864703500005,0.0121304737403989,0.00221135513857007,119.418113708496,0.114195235073566,0.413117796182632,8.12137603759766,29.5470581054688,0.00668161548674107,0,0.182937800884247,1,"Craugastor_omoaensis","Trachycephalus_vermiculatus",1,"generalist","specialist",56.9,105,"",NA,0
-74.0595638729999,7.97864703500005,0.00474966736510396,0.00175673491321504,411.408782958984,0.124802127480507,0.587066531181335,6.57524156570435,29.2185344696045,0.00012176144082332,0,0.325614631175995,1,"Craugastor_omoaensis","Dendropsophus_microcephalus",1,"generalist","",28,32,"",NA,0
-74.0595638729999,7.97864703500005,0.00474966736510396,0.00175673491321504,411.408782958984,0.124802127480507,0.587066531181335,6.57524156570435,29.2185344696045,0.00012176144082332,0,0.325614631175995,1,"Craugastor_omoaensis","Engystomops_pustulosus",1,"generalist","",NA,48.2,"",NA,0
-74.0595638729999,7.97864703500005,0.00474966736510396,0.00175673491321504,411.408782958984,0.124802127480507,0.587066531181335,6.57524156570435,29.2185344696045,0.00012176144082332,0,0.325614631175995,1,"Craugastor_omoaensis","Leptodactylus_fragilis",1,"generalist","",NA,43,"",NA,0
-74.0595638729999,7.97864703500005,0.00474966736510396,0.00175673491321504,411.408782958984,0.124802127480507,0.587066531181335,6.57524156570435,29.2185344696045,0.00012176144082332,0,0.325614631175995,1,"Craugastor_omoaensis","Rhinella_horribilis",1,"generalist","specialist",106.25,241,"",NA,0
-74.0595638729999,7.97864703500005,0.00474966736510396,0.00175673491321504,411.408782958984,0.124802127480507,0.587066531181335,6.57524156570435,29.2185344696045,0.00012176144082332,0,0.325614631175995,1,"Craugastor_omoaensis","Trachycephalus_vermiculatus",1,"generalist","specialist",56.9,105,"",NA,0
-73.0595638729999,7.97864703500005,0.00689190812408924,0.00313935149461031,1174.57116699219,0.0929641574621201,0.647660315036774,8.09341239929199,26.4184474945068,0,0.00334080774337053,0.188532993197441,1,"Craugastor_omoaensis","Dendropsophus_microcephalus",1,"generalist","",28,32,"",NA,0
-73.0595638729999,7.97864703500005,0.00689190812408924,0.00313935149461031,1174.57116699219,0.0929641574621201,0.647660315036774,8.09341239929199,26.4184474945068,0,0.00334080774337053,0.188532993197441,1,"Craugastor_omoaensis","Engystomops_pustulosus",1,"generalist","",NA,48.2,"",NA,0
-73.0595638729999,7.97864703500005,0.00689190812408924,0.00313935149461031,1174.57116699219,0.0929641574621201,0.647660315036774,8.09341239929199,26.4184474945068,0,0.00334080774337053,0.188532993197441,1,"Craugastor_omoaensis","Leptodactylus_fragilis",1,"generalist","",NA,43,"",NA,0
-73.0595638729999,7.97864703500005,0.00689190812408924,0.00313935149461031,1174.57116699219,0.0929641574621201,0.647660315036774,8.09341239929199,26.4184474945068,0,0.00334080774337053,0.188532993197441,1,"Craugastor_omoaensis","Rhinella_horribilis",1,"generalist","specialist",106.25,241,"",NA,0
-72.0595638729999,7.97864703500005,0.015330801717937,0.0153327686712146,1049.51391601562,0.0604236125946045,0.509817242622375,12.0559043884277,11.9508752822876,0.0150336353108287,0.0201057270169258,0.167859479784966,1,"Craugastor_omoaensis","Dendropsophus_microcephalus",1,"generalist","",28,32,"",NA,0
-72.0595638729999,7.97864703500005,0.015330801717937,0.0153327686712146,1049.51391601562,0.0604236125946045,0.509817242622375,12.0559043884277,11.9508752822876,0.0150336353108287,0.0201057270169258,0.167859479784966,1,"Craugastor_omoaensis","Engystomops_pustulosus",1,"generalist","",NA,48.2,"",NA,0
-72.0595638729999,7.97864703500005,0.015330801717937,0.0153327686712146,1049.51391601562,0.0604236125946045,0.509817242622375,12.0559043884277,11.9508752822876,0.0150336353108287,0.0201057270169258,0.167859479784966,1,"Craugastor_omoaensis","Leptodactylus_fragilis",1,"generalist","",NA,43,"",NA,0
-72.0595638729999,7.97864703500005,0.015330801717937,0.0153327686712146,1049.51391601562,0.0604236125946045,0.509817242622375,12.0559043884277,11.9508752822876,0.0150336353108287,0.0201057270169258,0.167859479784966,1,"Craugastor_omoaensis","Rhinella_horribilis",1,"generalist","specialist",106.25,241,"",NA,0
-71.0595638729999,7.97864703500005,0.00331823504529893,0.00284425960853696,723.536071777344,0.0443873070180416,0.363893032073975,7.94237279891968,3.99544215202332,0.00215218123048544,0.000365284329745919,0.175822854042053,1,"Craugastor_omoaensis","Dendropsophus_microcephalus",1,"generalist","",28,32,"",NA,0
-71.0595638729999,7.97864703500005,0.00331823504529893,0.00284425960853696,723.536071777344,0.0443873070180416,0.363893032073975,7.94237279891968,3.99544215202332,0.00215218123048544,0.000365284329745919,0.175822854042053,1,"Craugastor_omoaensis","Engystomops_pustulosus",1,"generalist","",NA,48.2,"",NA,0
-71.0595638729999,7.97864703500005,0.00331823504529893,0.00284425960853696,723.536071777344,0.0443873070180416,0.363893032073975,7.94237279891968,3.99544215202332,0.00215218123048544,0.000365284329745919,0.175822854042053,1,"Craugastor_omoaensis","Leptodactylus_fragilis",1,"generalist","",NA,43,"",NA,0
-70.0595638729999,7.97864703500005,0.00982980988919735,0.00102536787744612,133.359970092773,0.0462467670440674,0.134991556406021,8.12250328063965,31.9622268676758,0.000242041423916817,0.000311720999889076,0.00529685383662581,1,"Craugastor_omoaensis","Dendropsophus_microcephalus",1,"generalist","",28,32,"",NA,0
-70.0595638729999,7.97864703500005,0.00982980988919735,0.00102536787744612,133.359970092773,0.0462467670440674,0.134991556406021,8.12250328063965,31.9622268676758,0.000242041423916817,0.000311720999889076,0.00529685383662581,1,"Craugastor_omoaensis","Engystomops_pustulosus",1,"generalist","",NA,48.2,"",NA,0
-70.0595638729999,7.97864703500005,0.00982980988919735,0.00102536787744612,133.359970092773,0.0462467670440674,0.134991556406021,8.12250328063965,31.9622268676758,0.000242041423916817,0.000311720999889076,0.00529685383662581,1,"Craugastor_omoaensis","Leptodactylus_fragilis",1,"generalist","",NA,43,"",NA,0
-69.0595638729999,7.97864703500005,0.0095189968124032,0.00049787265015766,78.7048645019531,0.0358249209821224,0.211363106966019,5.10828113555908,32.7877388000488,7.30583997210488e-05,0.00624010013416409,3.9133032259997e-05,1,"Craugastor_omoaensis","Dendropsophus_microcephalus",1,"generalist","",28,32,"",NA,0
-69.0595638729999,7.97864703500005,0.0095189968124032,0.00049787265015766,78.7048645019531,0.0358249209821224,0.211363106966019,5.10828113555908,32.7877388000488,7.30583997210488e-05,0.00624010013416409,3.9133032259997e-05,1,"Craugastor_omoaensis","Engystomops_pustulosus",1,"generalist","",NA,48.2,"",NA,0
-69.0595638729999,7.97864703500005,0.0095189968124032,0.00049787265015766,78.7048645019531,0.0358249209821224,0.211363106966019,5.10828113555908,32.7877388000488,7.30583997210488e-05,0.00624010013416409,3.9133032259997e-05,1,"Craugastor_omoaensis","Leptodactylus_fragilis",1,"generalist","",NA,43,"",NA,0
-68.0595638729999,7.97864703500005,0.0125057948753238,0.000638626457657665,59.7690887451172,0.0355294644832611,0.295784413814545,5.5108003616333,32.9944229125977,1.26235590869328e-06,0.00745330518111587,0.00212066760286689,1,"Craugastor_omoaensis","Dendropsophus_microcephalus",1,"generalist","",28,32,"",NA,0
-68.0595638729999,7.97864703500005,0.0125057948753238,0.000638626457657665,59.7690887451172,0.0355294644832611,0.295784413814545,5.5108003616333,32.9944229125977,1.26235590869328e-06,0.00745330518111587,0.00212066760286689,1,"Craugastor_omoaensis","Engystomops_pustulosus",1,"generalist","",NA,48.2,"",NA,0
-68.0595638729999,7.97864703500005,0.0125057948753238,0.000638626457657665,59.7690887451172,0.0355294644832611,0.295784413814545,5.5108003616333,32.9944229125977,1.26235590869328e-06,0.00745330518111587,0.00212066760286689,1,"Craugastor_omoaensis","Leptodactylus_fragilis",1,"generalist","",NA,43,"",NA,0
-67.0595638729999,7.97864703500005,0.0223179031163454,0.00141695595812052,50.3342819213867,0.0137545634061098,0.240869835019112,5.56891822814941,33.2340049743652,0.00504584750160575,0.00273932074196637,0.00904874317348003,1,"Craugastor_omoaensis","Dendropsophus_microcephalus",1,"generalist","",28,32,"",NA,0
-67.0595638729999,7.97864703500005,0.0223179031163454,0.00141695595812052,50.3342819213867,0.0137545634061098,0.240869835019112,5.56891822814941,33.2340049743652,0.00504584750160575,0.00273932074196637,0.00904874317348003,1,"Craugastor_omoaensis","Engystomops_pustulosus",1,"generalist","",NA,48.2,"",NA,0
-67.0595638729999,7.97864703500005,0.0223179031163454,0.00141695595812052,50.3342819213867,0.0137545634061098,0.240869835019112,5.56891822814941,33.2340049743652,0.00504584750160575,0.00273932074196637,0.00904874317348003,1,"Craugastor_omoaensis","Leptodactylus_fragilis",1,"generalist","",NA,43,"",NA,0
-66.0595638729999,7.97864703500005,0.00472156191244721,0.000502339447848499,67.6156463623047,0.00927039980888367,0.1542599350214,4.20797348022461,32.9751091003418,9.19522572075948e-05,0.00233343616127968,0.00183459813706577,NA,"Craugastor_omoaensis","Dendropsophus_microcephalus",1,"generalist","",28,32,"",NA,0
-66.0595638729999,7.97864703500005,0.00472156191244721,0.000502339447848499,67.6156463623047,0.00927039980888367,0.1542599350214,4.20797348022461,32.9751091003418,9.19522572075948e-05,0.00233343616127968,0.00183459813706577,NA,"Craugastor_omoaensis","Engystomops_pustulosus",1,"generalist","",NA,48.2,"",NA,0
-66.0595638729999,7.97864703500005,0.00472156191244721,0.000502339447848499,67.6156463623047,0.00927039980888367,0.1542599350214,4.20797348022461,32.9751091003418,9.19522572075948e-05,0.00233343616127968,0.00183459813706577,NA,"Craugastor_omoaensis","Leptodactylus_fragilis",1,"generalist","",NA,43,"",NA,0
-65.0595638729999,7.97864703500005,0.00133695628028363,0.000539422384463251,79.9898529052734,0.0132322683930397,0.193552225828171,2.8177535533905,32.6814270019531,0,4.16577458963729e-05,0.00194329395890236,NA,"Craugastor_omoaensis","Dendropsophus_microcephalus",1,"generalist","",28,32,"",NA,0
-65.0595638729999,7.97864703500005,0.00133695628028363,0.000539422384463251,79.9898529052734,0.0132322683930397,0.193552225828171,2.8177535533905,32.6814270019531,0,4.16577458963729e-05,0.00194329395890236,NA,"Craugastor_omoaensis","Engystomops_pustulosus",1,"generalist","",NA,48.2,"",NA,0
-65.0595638729999,7.97864703500005,0.00133695628028363,0.000539422384463251,79.9898529052734,0.0132322683930397,0.193552225828171,2.8177535533905,32.6814270019531,0,4.16577458963729e-05,0.00194329395890236,NA,"Craugastor_omoaensis","Leptodactylus_fragilis",1,"generalist","",NA,43,"",NA,0
-64.0595638729999,7.97864703500005,0.00286138593219221,0.00270489230751991,105.754325866699,0.0129643911495805,0.298857539892197,5.00266027450562,32.2253227233887,0.00508048292249441,0,0.00709746638312936,NA,"Craugastor_omoaensis","Dendropsophus_microcephalus",1,"generalist","",28,32,"",NA,0
-64.0595638729999,7.97864703500005,0.00286138593219221,0.00270489230751991,105.754325866699,0.0129643911495805,0.298857539892197,5.00266027450562,32.2253227233887,0.00508048292249441,0,0.00709746638312936,NA,"Craugastor_omoaensis","Engystomops_pustulosus",1,"generalist","",NA,48.2,"",NA,0
-64.0595638729999,7.97864703500005,0.00286138593219221,0.00270489230751991,105.754325866699,0.0129643911495805,0.298857539892197,5.00266027450562,32.2253227233887,0.00508048292249441,0,0.00709746638312936,NA,"Craugastor_omoaensis","Leptodactylus_fragilis",1,"generalist","",NA,43,"",NA,0
-63.0595638729999,7.97864703500005,0.00111398939043283,0.0105165056884289,165.419586181641,0.0395337231457233,0.259472608566284,6.2766170501709,31.7064838409424,0.0251486413180828,0,0.0845840647816658,1,"Craugastor_omoaensis","Dendropsophus_microcephalus",1,"generalist","",28,32,"",NA,0
-63.0595638729999,7.97864703500005,0.00111398939043283,0.0105165056884289,165.419586181641,0.0395337231457233,0.259472608566284,6.2766170501709,31.7064838409424,0.0251486413180828,0,0.0845840647816658,1,"Craugastor_omoaensis","Engystomops_pustulosus",1,"generalist","",NA,48.2,"",NA,0
-63.0595638729999,7.97864703500005,0.00111398939043283,0.0105165056884289,165.419586181641,0.0395337231457233,0.259472608566284,6.2766170501709,31.7064838409424,0.0251486413180828,0,0.0845840647816658,1,"Craugastor_omoaensis","Leptodactylus_fragilis",1,"generalist","",NA,43,"",NA,0
-62.0595638729999,7.97864703500005,0.000179911468876526,0.0014629663201049,300.134490966797,0.0877568274736404,0.611148774623871,3.88978815078735,31.2502899169922,0.003797413315624,0,0.465298861265182,1,"Craugastor_omoaensis","Dendropsophus_microcephalus",1,"generalist","",28,32,"",NA,0
-62.0595638729999,7.97864703500005,0.000179911468876526,0.0014629663201049,300.134490966797,0.0877568274736404,0.611148774623871,3.88978815078735,31.2502899169922,0.003797413315624,0,0.465298861265182,1,"Craugastor_omoaensis","Engystomops_pustulosus",1,"generalist","",NA,48.2,"",NA,0
-61.0595638729999,7.97864703500005,8.62091292219702e-06,2.54368624155177e-05,123.243118286133,0.008481590077281,0.970418870449066,0.5208899974823,3.68563985824585,6.08807204116601e-05,0,0.971664905548096,1,"Craugastor_omoaensis","Dendropsophus_microcephalus",1,"generalist","",28,32,"",NA,0
-61.0595638729999,7.97864703500005,8.62091292219702e-06,2.54368624155177e-05,123.243118286133,0.008481590077281,0.970418870449066,0.5208899974823,3.68563985824585,6.08807204116601e-05,0,0.971664905548096,1,"Craugastor_omoaensis","Engystomops_pustulosus",1,"generalist","",NA,48.2,"",NA,0
-60.0595638729999,7.97864703500005,5.40127939530066e-06,6.36436889180914e-05,46.8624114990234,0.0163704063743353,0.911134302616119,0.955916404724121,-362.603485107422,0,0,0.930944323539734,1,"Craugastor_omoaensis","Dendropsophus_microcephalus",1,"generalist","",28,32,"",NA,0
-60.0595638729999,7.97864703500005,5.40127939530066e-06,6.36436889180914e-05,46.8624114990234,0.0163704063743353,0.911134302616119,0.955916404724121,-362.603485107422,0,0,0.930944323539734,1,"Craugastor_omoaensis","Engystomops_pustulosus",1,"generalist","",NA,48.2,"",NA,0
-59.0595638729999,7.97864703500005,4.01949801016599e-05,2.56899420492118e-05,19.8164348602295,0.0102659296244383,0.461508750915527,0.66352641582489,-5129.13671875,0,0,0.399167537689209,NA,"Craugastor_omoaensis","Dendropsophus_microcephalus",1,"generalist","",28,32,"",NA,0
-81.0595638729999,6.97864703500005,0.00404194137081504,0.000100631536042783,324.522521972656,0.00522634433582425,0.146451190114021,0.491062700748444,-8808.5771484375,6.3117795434664e-07,0.00013854265853297,0.0476511158049107,1,"Craugastor_omoaensis","Dendropsophus_microcephalus",1,"generalist","",28,32,"",NA,0
-81.0595638729999,6.97864703500005,0.00404194137081504,0.000100631536042783,324.522521972656,0.00522634433582425,0.146451190114021,0.491062700748444,-8808.5771484375,6.3117795434664e-07,0.00013854265853297,0.0476511158049107,1,"Craugastor_omoaensis","Engystomops_pustulosus",1,"generalist","",NA,48.2,"",NA,0
-81.0595638729999,6.97864703500005,0.00404194137081504,0.000100631536042783,324.522521972656,0.00522634433582425,0.146451190114021,0.491062700748444,-8808.5771484375,6.3117795434664e-07,0.00013854265853297,0.0476511158049107,1,"Craugastor_omoaensis","Leptodactylus_fragilis",1,"generalist","",NA,43,"",NA,0
-81.0595638729999,6.97864703500005,0.00404194137081504,0.000100631536042783,324.522521972656,0.00522634433582425,0.146451190114021,0.491062700748444,-8808.5771484375,6.3117795434664e-07,0.00013854265853297,0.0476511158049107,1,"Craugastor_omoaensis","Rhinella_horribilis",1,"generalist","specialist",106.25,241,"",NA,0
-80.0595638729999,6.97864703500005,0.0120821138843894,0.00028501043561846,87.2444686889648,0.00105132756289095,0.0619523636996746,0.45129206776619,-9332.1171875,6.92713292664848e-05,0.000487424025777727,0.000859904219396412,1,"Craugastor_omoaensis","Dendropsophus_microcephalus",1,"generalist","",28,32,"",NA,0
-80.0595638729999,6.97864703500005,0.0120821138843894,0.00028501043561846,87.2444686889648,0.00105132756289095,0.0619523636996746,0.45129206776619,-9332.1171875,6.92713292664848e-05,0.000487424025777727,0.000859904219396412,1,"Craugastor_omoaensis","Engystomops_pustulosus",1,"generalist","",NA,48.2,"",NA,0
-80.0595638729999,6.97864703500005,0.0120821138843894,0.00028501043561846,87.2444686889648,0.00105132756289095,0.0619523636996746,0.45129206776619,-9332.1171875,6.92713292664848e-05,0.000487424025777727,0.000859904219396412,1,"Craugastor_omoaensis","Leptodactylus_fragilis",1,"generalist","",NA,43,"",NA,0
-80.0595638729999,6.97864703500005,0.0120821138843894,0.00028501043561846,87.2444686889648,0.00105132756289095,0.0619523636996746,0.45129206776619,-9332.1171875,6.92713292664848e-05,0.000487424025777727,0.000859904219396412,1,"Craugastor_omoaensis","Rhinella_horribilis",1,"generalist","specialist",106.25,241,"",NA,0
-78.0595638729999,6.97864703500005,2.51420206041075e-05,4.48985119874123e-05,275.181365966797,0.00334718055091798,0.310177832841873,0.530523538589478,-7748.77880859375,0,0,0.181920558214188,1,"Craugastor_omoaensis","Dendropsophus_microcephalus",1,"generalist","",28,32,"",NA,0
-78.0595638729999,6.97864703500005,2.51420206041075e-05,4.48985119874123e-05,275.181365966797,0.00334718055091798,0.310177832841873,0.530523538589478,-7748.77880859375,0,0,0.181920558214188,1,"Craugastor_omoaensis","Engystomops_pustulosus",1,"generalist","",NA,48.2,"",NA,0
-78.0595638729999,6.97864703500005,2.51420206041075e-05,4.48985119874123e-05,275.181365966797,0.00334718055091798,0.310177832841873,0.530523538589478,-7748.77880859375,0,0,0.181920558214188,1,"Craugastor_omoaensis","Leptodactylus_fragilis",1,"generalist","",NA,43,"",NA,0
-78.0595638729999,6.97864703500005,2.51420206041075e-05,4.48985119874123e-05,275.181365966797,0.00334718055091798,0.310177832841873,0.530523538589478,-7748.77880859375,0,0,0.181920558214188,1,"Craugastor_omoaensis","Leptodactylus_melanonotus",1,"generalist","",NA,58,"",NA,0
-78.0595638729999,6.97864703500005,2.51420206041075e-05,4.48985119874123e-05,275.181365966797,0.00334718055091798,0.310177832841873,0.530523538589478,-7748.77880859375,0,0,0.181920558214188,1,"Craugastor_omoaensis","Lithobates_vaillanti",1,NA,NA,NA,NA,NA,NA,NA
-78.0595638729999,6.97864703500005,2.51420206041075e-05,4.48985119874123e-05,275.181365966797,0.00334718055091798,0.310177832841873,0.530523538589478,-7748.77880859375,0,0,0.181920558214188,1,"Craugastor_omoaensis","Rhinella_horribilis",1,"generalist","specialist",106.25,241,"",NA,0
-78.0595638729999,6.97864703500005,2.51420206041075e-05,4.48985119874123e-05,275.181365966797,0.00334718055091798,0.310177832841873,0.530523538589478,-7748.77880859375,0,0,0.181920558214188,1,"Craugastor_omoaensis","Trachycephalus_vermiculatus",1,"generalist","specialist",56.9,105,"",NA,0
-77.0595638729999,6.97864703500005,0.000276376697001979,0.000295969308353961,140.39892578125,0.0451675131917,0.828155696392059,3.35046315193176,-411.981140136719,0,0,0.784046947956085,1,"Craugastor_omoaensis","Dendropsophus_microcephalus",1,"generalist","",28,32,"",NA,0
-77.0595638729999,6.97864703500005,0.000276376697001979,0.000295969308353961,140.39892578125,0.0451675131917,0.828155696392059,3.35046315193176,-411.981140136719,0,0,0.784046947956085,1,"Craugastor_omoaensis","Leptodactylus_melanonotus",1,"generalist","",NA,58,"",NA,0
-77.0595638729999,6.97864703500005,0.000276376697001979,0.000295969308353961,140.39892578125,0.0451675131917,0.828155696392059,3.35046315193176,-411.981140136719,0,0,0.784046947956085,1,"Craugastor_omoaensis","Lithobates_vaillanti",1,NA,NA,NA,NA,NA,NA,NA
-77.0595638729999,6.97864703500005,0.000276376697001979,0.000295969308353961,140.39892578125,0.0451675131917,0.828155696392059,3.35046315193176,-411.981140136719,0,0,0.784046947956085,1,"Craugastor_omoaensis","Rhinella_horribilis",1,"generalist","specialist",106.25,241,"",NA,0
-77.0595638729999,6.97864703500005,0.000276376697001979,0.000295969308353961,140.39892578125,0.0451675131917,0.828155696392059,3.35046315193176,-411.981140136719,0,0,0.784046947956085,1,"Craugastor_omoaensis","Trachycephalus_vermiculatus",1,"generalist","specialist",56.9,105,"",NA,0
-76.0595638729999,6.97864703500005,0.000469799706479535,0.000858298444654793,1467.32092285156,0.0369061827659607,0.801007330417633,6.79268741607666,18.7375984191895,0,0,0.572145521640778,1,"Craugastor_omoaensis","Lithobates_vaillanti",1,NA,NA,NA,NA,NA,NA,NA
-76.0595638729999,6.97864703500005,0.000469799706479535,0.000858298444654793,1467.32092285156,0.0369061827659607,0.801007330417633,6.79268741607666,18.7375984191895,0,0,0.572145521640778,1,"Craugastor_omoaensis","Rhinella_horribilis",1,"generalist","specialist",106.25,241,"",NA,0
-76.0595638729999,6.97864703500005,0.000469799706479535,0.000858298444654793,1467.32092285156,0.0369061827659607,0.801007330417633,6.79268741607666,18.7375984191895,0,0,0.572145521640778,1,"Craugastor_omoaensis","Trachycephalus_vermiculatus",1,"generalist","specialist",56.9,105,"",NA,0
-75.0595638729999,6.97864703500005,0.000982264522463083,0.00157285388559103,1102.35852050781,0.176542922854424,0.628233015537262,7.65538263320923,26.2006587982178,0.00013854265853297,0,0.274421513080597,1,"Craugastor_omoaensis","Dendropsophus_microcephalus",1,"generalist","",28,32,"",NA,0
-75.0595638729999,6.97864703500005,0.000982264522463083,0.00157285388559103,1102.35852050781,0.176542922854424,0.628233015537262,7.65538263320923,26.2006587982178,0.00013854265853297,0,0.274421513080597,1,"Craugastor_omoaensis","Engystomops_pustulosus",1,"generalist","",NA,48.2,"",NA,0
-75.0595638729999,6.97864703500005,0.000982264522463083,0.00157285388559103,1102.35852050781,0.176542922854424,0.628233015537262,7.65538263320923,26.2006587982178,0.00013854265853297,0,0.274421513080597,1,"Craugastor_omoaensis","Leptodactylus_fragilis",1,"generalist","",NA,43,"",NA,0
-75.0595638729999,6.97864703500005,0.000982264522463083,0.00157285388559103,1102.35852050781,0.176542922854424,0.628233015537262,7.65538263320923,26.2006587982178,0.00013854265853297,0,0.274421513080597,1,"Craugastor_omoaensis","Lithobates_vaillanti",1,NA,NA,NA,NA,NA,NA,NA
-75.0595638729999,6.97864703500005,0.000982264522463083,0.00157285388559103,1102.35852050781,0.176542922854424,0.628233015537262,7.65538263320923,26.2006587982178,0.00013854265853297,0,0.274421513080597,1,"Craugastor_omoaensis","Rhinella_horribilis",1,"generalist","specialist",106.25,241,"",NA,0
-75.0595638729999,6.97864703500005,0.000982264522463083,0.00157285388559103,1102.35852050781,0.176542922854424,0.628233015537262,7.65538263320923,26.2006587982178,0.00013854265853297,0,0.274421513080597,1,"Craugastor_omoaensis","Trachycephalus_vermiculatus",1,"generalist","specialist",56.9,105,"",NA,0
-74.0595638729999,6.97864703500005,0.000414846232160926,0.00246541015803814,263.049499511719,0.227173581719398,0.651610851287842,7.61563301086426,30.5702304840088,0.00501373643055558,0,0.198585525155067,1,"Craugastor_omoaensis","Dendropsophus_microcephalus",1,"generalist","",28,32,"",NA,0
-74.0595638729999,6.97864703500005,0.000414846232160926,0.00246541015803814,263.049499511719,0.227173581719398,0.651610851287842,7.61563301086426,30.5702304840088,0.00501373643055558,0,0.198585525155067,1,"Craugastor_omoaensis","Engystomops_pustulosus",1,"generalist","",NA,48.2,"",NA,0
-74.0595638729999,6.97864703500005,0.000414846232160926,0.00246541015803814,263.049499511719,0.227173581719398,0.651610851287842,7.61563301086426,30.5702304840088,0.00501373643055558,0,0.198585525155067,1,"Craugastor_omoaensis","Leptodactylus_fragilis",1,"generalist","",NA,43,"",NA,0
-74.0595638729999,6.97864703500005,0.000414846232160926,0.00246541015803814,263.049499511719,0.227173581719398,0.651610851287842,7.61563301086426,30.5702304840088,0.00501373643055558,0,0.198585525155067,1,"Craugastor_omoaensis","Lithobates_vaillanti",1,NA,NA,NA,NA,NA,NA,NA
-74.0595638729999,6.97864703500005,0.000414846232160926,0.00246541015803814,263.049499511719,0.227173581719398,0.651610851287842,7.61563301086426,30.5702304840088,0.00501373643055558,0,0.198585525155067,1,"Craugastor_omoaensis","Rhinella_horribilis",1,"generalist","specialist",106.25,241,"",NA,0
-74.0595638729999,6.97864703500005,0.000414846232160926,0.00246541015803814,263.049499511719,0.227173581719398,0.651610851287842,7.61563301086426,30.5702304840088,0.00501373643055558,0,0.198585525155067,1,"Craugastor_omoaensis","Trachycephalus_vermiculatus",1,"generalist","specialist",56.9,105,"",NA,0
-73.0595638729999,6.97864703500005,0.0047562220133841,0.00725485803559422,1779.546875,0.0402901507914066,0.510940492153168,9.41790390014648,24.380729675293,0.0167953595519066,6.92713292664848e-05,0.132413536310196,1,"Craugastor_omoaensis","Dendropsophus_microcephalus",1,"generalist","",28,32,"",NA,0
-73.0595638729999,6.97864703500005,0.0047562220133841,0.00725485803559422,1779.546875,0.0402901507914066,0.510940492153168,9.41790390014648,24.380729675293,0.0167953595519066,6.92713292664848e-05,0.132413536310196,1,"Craugastor_omoaensis","Engystomops_pustulosus",1,"generalist","",NA,48.2,"",NA,0
-73.0595638729999,6.97864703500005,0.0047562220133841,0.00725485803559422,1779.546875,0.0402901507914066,0.510940492153168,9.41790390014648,24.380729675293,0.0167953595519066,6.92713292664848e-05,0.132413536310196,1,"Craugastor_omoaensis","Leptodactylus_fragilis",1,"generalist","",NA,43,"",NA,0
-73.0595638729999,6.97864703500005,0.0047562220133841,0.00725485803559422,1779.546875,0.0402901507914066,0.510940492153168,9.41790390014648,24.380729675293,0.0167953595519066,6.92713292664848e-05,0.132413536310196,1,"Craugastor_omoaensis","Lithobates_vaillanti",1,NA,NA,NA,NA,NA,NA,NA
-73.0595638729999,6.97864703500005,0.0047562220133841,0.00725485803559422,1779.546875,0.0402901507914066,0.510940492153168,9.41790390014648,24.380729675293,0.0167953595519066,6.92713292664848e-05,0.132413536310196,1,"Craugastor_omoaensis","Rhinella_horribilis",1,"generalist","specialist",106.25,241,"",NA,0
-72.0595638729999,6.97864703500005,0.0010622680420056,0.0012342237168923,1365.22290039062,0.0646391585469246,0.504382073879242,5.3221173286438,26.6994724273682,0.000616124598309398,0.000416890339693055,0.398287892341614,1,"Craugastor_omoaensis","Dendropsophus_microcephalus",1,"generalist","",28,32,"",NA,0
-72.0595638729999,6.97864703500005,0.0010622680420056,0.0012342237168923,1365.22290039062,0.0646391585469246,0.504382073879242,5.3221173286438,26.6994724273682,0.000616124598309398,0.000416890339693055,0.398287892341614,1,"Craugastor_omoaensis","Engystomops_pustulosus",1,"generalist","",NA,48.2,"",NA,0
-72.0595638729999,6.97864703500005,0.0010622680420056,0.0012342237168923,1365.22290039062,0.0646391585469246,0.504382073879242,5.3221173286438,26.6994724273682,0.000616124598309398,0.000416890339693055,0.398287892341614,1,"Craugastor_omoaensis","Leptodactylus_fragilis",1,"generalist","",NA,43,"",NA,0
-72.0595638729999,6.97864703500005,0.0010622680420056,0.0012342237168923,1365.22290039062,0.0646391585469246,0.504382073879242,5.3221173286438,26.6994724273682,0.000616124598309398,0.000416890339693055,0.398287892341614,1,"Craugastor_omoaensis","Rhinella_horribilis",1,"generalist","specialist",106.25,241,"",NA,0
-71.0595638729999,6.97864703500005,0.00371198449283838,0.0014586157631129,173.442581176758,0.109603084623814,0.298883050680161,6.2272744178772,31.8309669494629,0.00505152810364962,7.57413545215968e-06,0.0156901180744171,1,"Craugastor_omoaensis","Dendropsophus_microcephalus",1,"generalist","",28,32,"",NA,0
-71.0595638729999,6.97864703500005,0.00371198449283838,0.0014586157631129,173.442581176758,0.109603084623814,0.298883050680161,6.2272744178772,31.8309669494629,0.00505152810364962,7.57413545215968e-06,0.0156901180744171,1,"Craugastor_omoaensis","Engystomops_pustulosus",1,"generalist","",NA,48.2,"",NA,0
-71.0595638729999,6.97864703500005,0.00371198449283838,0.0014586157631129,173.442581176758,0.109603084623814,0.298883050680161,6.2272744178772,31.8309669494629,0.00505152810364962,7.57413545215968e-06,0.0156901180744171,1,"Craugastor_omoaensis","Leptodactylus_fragilis",1,"generalist","",NA,43,"",NA,0
-70.0595638729999,6.97864703500005,0.000857821782119572,8.35449463920668e-05,105.084182739258,0.0112189520150423,0.131807029247284,4.71282386779785,32.1808280944824,9.19522572075948e-05,0,0.000154438879690133,1,"Craugastor_omoaensis","Dendropsophus_microcephalus",1,"generalist","",28,32,"",NA,0
-70.0595638729999,6.97864703500005,0.000857821782119572,8.35449463920668e-05,105.084182739258,0.0112189520150423,0.131807029247284,4.71282386779785,32.1808280944824,9.19522572075948e-05,0,0.000154438879690133,1,"Craugastor_omoaensis","Engystomops_pustulosus",1,"generalist","",NA,48.2,"",NA,0
-70.0595638729999,6.97864703500005,0.000857821782119572,8.35449463920668e-05,105.084182739258,0.0112189520150423,0.131807029247284,4.71282386779785,32.1808280944824,9.19522572075948e-05,0,0.000154438879690133,1,"Craugastor_omoaensis","Leptodactylus_fragilis",1,"generalist","",NA,43,"",NA,0
-69.0595638729999,6.97864703500005,0.000999032636173069,0.000137796610943042,82.6845855712891,0.0126347662881017,0.127419695258141,4.06045770645142,32.5250396728516,0,0,0,1,"Craugastor_omoaensis","Dendropsophus_microcephalus",1,"generalist","",28,32,"",NA,0
-69.0595638729999,6.97864703500005,0.000999032636173069,0.000137796610943042,82.6845855712891,0.0126347662881017,0.127419695258141,4.06045770645142,32.5250396728516,0,0,0,1,"Craugastor_omoaensis","Engystomops_pustulosus",1,"generalist","",NA,48.2,"",NA,0
-69.0595638729999,6.97864703500005,0.000999032636173069,0.000137796610943042,82.6845855712891,0.0126347662881017,0.127419695258141,4.06045770645142,32.5250396728516,0,0,0,1,"Craugastor_omoaensis","Leptodactylus_fragilis",1,"generalist","",NA,43,"",NA,0
-68.0595638729999,6.97864703500005,0.00220200815238059,8.75511686899699e-05,64.0164566040039,0.00574455689638853,0.0856922715902328,3.54411673545837,32.9261169433594,0,0.00013854265853297,3.46356646332424e-05,1,"Craugastor_omoaensis","Dendropsophus_microcephalus",1,"generalist","",28,32,"",NA,0
-68.0595638729999,6.97864703500005,0.00220200815238059,8.75511686899699e-05,64.0164566040039,0.00574455689638853,0.0856922715902328,3.54411673545837,32.9261169433594,0,0.00013854265853297,3.46356646332424e-05,1,"Craugastor_omoaensis","Engystomops_pustulosus",1,"generalist","",NA,48.2,"",NA,0
-68.0595638729999,6.97864703500005,0.00220200815238059,8.75511686899699e-05,64.0164566040039,0.00574455689638853,0.0856922715902328,3.54411673545837,32.9261169433594,0,0.00013854265853297,3.46356646332424e-05,1,"Craugastor_omoaensis","Leptodactylus_fragilis",1,"generalist","",NA,43,"",NA,0
-67.0595638729999,6.97864703500005,0.00244262139312923,0.000291846779873595,68.1810913085938,0.0182496160268784,0.263971865177155,2.40651679039001,32.4890365600586,0.000103906997537706,3.71603782696184e-05,0.0686603710055351,1,"Craugastor_omoaensis","Dendropsophus_microcephalus",1,"generalist","",28,32,"",NA,0
-67.0595638729999,6.97864703500005,0.00244262139312923,0.000291846779873595,68.1810913085938,0.0182496160268784,0.263971865177155,2.40651679039001,32.4890365600586,0.000103906997537706,3.71603782696184e-05,0.0686603710055351,1,"Craugastor_omoaensis","Engystomops_pustulosus",1,"generalist","",NA,48.2,"",NA,0
-67.0595638729999,6.97864703500005,0.00244262139312923,0.000291846779873595,68.1810913085938,0.0182496160268784,0.263971865177155,2.40651679039001,32.4890365600586,0.000103906997537706,3.71603782696184e-05,0.0686603710055351,1,"Craugastor_omoaensis","Leptodactylus_fragilis",1,"generalist","",NA,43,"",NA,0
-66.0595638729999,6.97864703500005,0.000256737985182554,4.65590055682696e-05,263.099060058594,0.0171799529343843,0.613985359668732,1.58725953102112,30.6007823944092,1.89353386303992e-06,6.3117795434664e-07,0.385478734970093,NA,"Craugastor_omoaensis","Dendropsophus_microcephalus",1,"generalist","",28,32,"",NA,0
-66.0595638729999,6.97864703500005,0.000256737985182554,4.65590055682696e-05,263.099060058594,0.0171799529343843,0.613985359668732,1.58725953102112,30.6007823944092,1.89353386303992e-06,6.3117795434664e-07,0.385478734970093,NA,"Craugastor_omoaensis","Engystomops_pustulosus",1,"generalist","",NA,48.2,"",NA,0
-66.0595638729999,6.97864703500005,0.000256737985182554,4.65590055682696e-05,263.099060058594,0.0171799529343843,0.613985359668732,1.58725953102112,30.6007823944092,1.89353386303992e-06,6.3117795434664e-07,0.385478734970093,NA,"Craugastor_omoaensis","Leptodactylus_fragilis",1,"generalist","",NA,43,"",NA,0
-65.0595638729999,6.97864703500005,7.11223765392788e-05,0.00016376786516048,192.010284423828,0.0319193676114082,0.891904890537262,1.00163578987122,30.873161315918,0,0,0.858942568302155,NA,"Craugastor_omoaensis","Dendropsophus_microcephalus",1,"generalist","",28,32,"",NA,0
-65.0595638729999,6.97864703500005,7.11223765392788e-05,0.00016376786516048,192.010284423828,0.0319193676114082,0.891904890537262,1.00163578987122,30.873161315918,0,0,0.858942568302155,NA,"Craugastor_omoaensis","Leptodactylus_fragilis",1,"generalist","",NA,43,"",NA,0
-64.0595638729999,6.97864703500005,0.00283482414670289,0.00012985710054636,253.826187133789,0.0390722379088402,0.800394773483276,0.533542990684509,30.8132934570312,0.000103906997537706,0,0.725585401058197,1,"Craugastor_omoaensis","Dendropsophus_microcephalus",1,"generalist","",28,32,"",NA,0
-63.0595638729999,6.97864703500005,0.00209057657048106,0.000484143354697153,318.129364013672,0.0461109951138496,0.489430159330368,1.51067876815796,30.6035232543945,0.000521428533829749,0,0.428931623697281,1,"Craugastor_omoaensis","Dendropsophus_microcephalus",1,"generalist","",28,32,"",NA,0
-63.0595638729999,6.97864703500005,0.00209057657048106,0.000484143354697153,318.129364013672,0.0461109951138496,0.489430159330368,1.51067876815796,30.6035232543945,0.000521428533829749,0,0.428931623697281,1,"Craugastor_omoaensis","Engystomops_pustulosus",1,"generalist","",NA,48.2,"",NA,0
-62.0595638729999,6.97864703500005,0.000101437217381317,0.000490052858367562,226.339996337891,0.0527602024376392,0.747467398643494,3.48306655883789,30.8239269256592,7.87390017649159e-05,0,0.698630392551422,1,"Craugastor_omoaensis","Dendropsophus_microcephalus",1,"generalist","",28,32,"",NA,0
-62.0595638729999,6.97864703500005,0.000101437217381317,0.000490052858367562,226.339996337891,0.0527602024376392,0.747467398643494,3.48306655883789,30.8239269256592,7.87390017649159e-05,0,0.698630392551422,1,"Craugastor_omoaensis","Engystomops_pustulosus",1,"generalist","",NA,48.2,"",NA,0
-61.0595638729999,6.97864703500005,1.86113368272345e-06,0.000205830234335735,204.317749023438,0.0213009957224131,0.958676993846893,1.60020959377289,31.275857925415,1.26235590869328e-06,0,0.967761754989624,1,"Craugastor_omoaensis","Dendropsophus_microcephalus",1,"generalist","",28,32,"",NA,0
-61.0595638729999,6.97864703500005,1.86113368272345e-06,0.000205830234335735,204.317749023438,0.0213009957224131,0.958676993846893,1.60020959377289,31.275857925415,1.26235590869328e-06,0,0.967761754989624,1,"Craugastor_omoaensis","Engystomops_pustulosus",1,"generalist","",NA,48.2,"",NA,0
-60.0595638729999,6.97864703500005,1.60613853950053e-06,2.72359320661053e-05,132.969848632812,0.0192324165254831,0.986704230308533,0.826063573360443,26.8357906341553,0,0,0.998470067977905,1,"Craugastor_omoaensis","Dendropsophus_microcephalus",1,"generalist","",28,32,"",NA,0
-60.0595638729999,6.97864703500005,1.60613853950053e-06,2.72359320661053e-05,132.969848632812,0.0192324165254831,0.986704230308533,0.826063573360443,26.8357906341553,0,0,0.998470067977905,1,"Craugastor_omoaensis","Engystomops_pustulosus",1,"generalist","",NA,48.2,"",NA,0
-59.0595638729999,6.97864703500005,0.00271726446226239,0.000150897918501869,76.7112655639648,0.0247728526592255,0.945523083209991,1.79257667064667,-72.7050018310547,0,0.00668161548674107,0.947872817516327,NA,"Craugastor_omoaensis","Dendropsophus_microcephalus",1,"generalist","",28,32,"",NA,0
-58.0595638729999,6.97864703500005,0.041299968957901,0.00571982935070992,11.8900909423828,0.017781887203455,0.175338491797447,2.47368574142456,-6351.01318359375,0.00167040387168527,0.0669379159808159,0.112160637974739,NA,"Craugastor_omoaensis","Dendropsophus_microcephalus",1,"generalist","",28,32,"",NA,0
-77.0595638729999,5.97864703500005,6.47169554213178e-06,0.000779215130023658,169.965515136719,0.00774414604529738,0.797512233257294,3.55050182342529,-1324.28381347656,0,0,0.769418239593506,1,"Craugastor_omoaensis","Dendropsophus_microcephalus",1,"generalist","",28,32,"",NA,0
-77.0595638729999,5.97864703500005,6.47169554213178e-06,0.000779215130023658,169.965515136719,0.00774414604529738,0.797512233257294,3.55050182342529,-1324.28381347656,0,0,0.769418239593506,1,"Craugastor_omoaensis","Leptodactylus_melanonotus",1,"generalist","",NA,58,"",NA,0
-77.0595638729999,5.97864703500005,6.47169554213178e-06,0.000779215130023658,169.965515136719,0.00774414604529738,0.797512233257294,3.55050182342529,-1324.28381347656,0,0,0.769418239593506,1,"Craugastor_omoaensis","Lithobates_vaillanti",1,NA,NA,NA,NA,NA,NA,NA
-77.0595638729999,5.97864703500005,6.47169554213178e-06,0.000779215130023658,169.965515136719,0.00774414604529738,0.797512233257294,3.55050182342529,-1324.28381347656,0,0,0.769418239593506,1,"Craugastor_omoaensis","Rhinella_horribilis",1,"generalist","specialist",106.25,241,"",NA,0
-77.0595638729999,5.97864703500005,6.47169554213178e-06,0.000779215130023658,169.965515136719,0.00774414604529738,0.797512233257294,3.55050182342529,-1324.28381347656,0,0,0.769418239593506,1,"Craugastor_omoaensis","Trachycephalus_vermiculatus",1,"generalist","specialist",56.9,105,"",NA,0
-76.0595638729999,5.97864703500005,0.000764436088502407,0.00907180365175009,1399.71276855469,0.0512199886143208,0.805556654930115,9.15108680725098,2.93778967857361,0.0167040396481752,0,0.513207912445068,1,"Craugastor_omoaensis","Dendropsophus_microcephalus",1,"generalist","",28,32,"",NA,0
-76.0595638729999,5.97864703500005,0.000764436088502407,0.00907180365175009,1399.71276855469,0.0512199886143208,0.805556654930115,9.15108680725098,2.93778967857361,0.0167040396481752,0,0.513207912445068,1,"Craugastor_omoaensis","Lithobates_vaillanti",1,NA,NA,NA,NA,NA,NA,NA
-76.0595638729999,5.97864703500005,0.000764436088502407,0.00907180365175009,1399.71276855469,0.0512199886143208,0.805556654930115,9.15108680725098,2.93778967857361,0.0167040396481752,0,0.513207912445068,1,"Craugastor_omoaensis","Rhinella_horribilis",1,"generalist","specialist",106.25,241,"",NA,0
-76.0595638729999,5.97864703500005,0.000764436088502407,0.00907180365175009,1399.71276855469,0.0512199886143208,0.805556654930115,9.15108680725098,2.93778967857361,0.0167040396481752,0,0.513207912445068,1,"Craugastor_omoaensis","Trachycephalus_vermiculatus",1,"generalist","specialist",56.9,105,"",NA,0
-75.0595638729999,5.97864703500005,0.00389421312138438,0.00551072182133794,1243.27368164062,0.0896726548671722,0.625357985496521,10.9654293060303,26.1402645111084,0.00197480758652091,0,0.243345379829407,1,"Craugastor_omoaensis","Dendropsophus_microcephalus",1,"generalist","",28,32,"",NA,0
-75.0595638729999,5.97864703500005,0.00389421312138438,0.00551072182133794,1243.27368164062,0.0896726548671722,0.625357985496521,10.9654293060303,26.1402645111084,0.00197480758652091,0,0.243345379829407,1,"Craugastor_omoaensis","Engystomops_pustulosus",1,"generalist","",NA,48.2,"",NA,0
-75.0595638729999,5.97864703500005,0.00389421312138438,0.00551072182133794,1243.27368164062,0.0896726548671722,0.625357985496521,10.9654293060303,26.1402645111084,0.00197480758652091,0,0.243345379829407,1,"Craugastor_omoaensis","Leptodactylus_fragilis",1,"generalist","",NA,43,"",NA,0
-75.0595638729999,5.97864703500005,0.00389421312138438,0.00551072182133794,1243.27368164062,0.0896726548671722,0.625357985496521,10.9654293060303,26.1402645111084,0.00197480758652091,0,0.243345379829407,1,"Craugastor_omoaensis","Lithobates_vaillanti",1,NA,NA,NA,NA,NA,NA,NA
-75.0595638729999,5.97864703500005,0.00389421312138438,0.00551072182133794,1243.27368164062,0.0896726548671722,0.625357985496521,10.9654293060303,26.1402645111084,0.00197480758652091,0,0.243345379829407,1,"Craugastor_omoaensis","Rhinella_horribilis",1,"generalist","specialist",106.25,241,"",NA,0
-75.0595638729999,5.97864703500005,0.00389421312138438,0.00551072182133794,1243.27368164062,0.0896726548671722,0.625357985496521,10.9654293060303,26.1402645111084,0.00197480758652091,0,0.243345379829407,1,"Craugastor_omoaensis","Trachycephalus_vermiculatus",1,"generalist","specialist",56.9,105,"",NA,0
-74.0595638729999,5.97864703500005,0.00353600480593741,0.00185846630483866,1048.38684082031,0.0830864757299423,0.650915205478668,8.66858768463135,26.989070892334,0.000134347355924547,0,0.128417074680328,1,"Craugastor_omoaensis","Dendropsophus_microcephalus",1,"generalist","",28,32,"",NA,0
-74.0595638729999,5.97864703500005,0.00353600480593741,0.00185846630483866,1048.38684082031,0.0830864757299423,0.650915205478668,8.66858768463135,26.989070892334,0.000134347355924547,0,0.128417074680328,1,"Craugastor_omoaensis","Engystomops_pustulosus",1,"generalist","",NA,48.2,"",NA,0
-74.0595638729999,5.97864703500005,0.00353600480593741,0.00185846630483866,1048.38684082031,0.0830864757299423,0.650915205478668,8.66858768463135,26.989070892334,0.000134347355924547,0,0.128417074680328,1,"Craugastor_omoaensis","Leptodactylus_fragilis",1,"generalist","",NA,43,"",NA,0
-74.0595638729999,5.97864703500005,0.00353600480593741,0.00185846630483866,1048.38684082031,0.0830864757299423,0.650915205478668,8.66858768463135,26.989070892334,0.000134347355924547,0,0.128417074680328,1,"Craugastor_omoaensis","Lithobates_vaillanti",1,NA,NA,NA,NA,NA,NA,NA
-74.0595638729999,5.97864703500005,0.00353600480593741,0.00185846630483866,1048.38684082031,0.0830864757299423,0.650915205478668,8.66858768463135,26.989070892334,0.000134347355924547,0,0.128417074680328,1,"Craugastor_omoaensis","Rhinella_horribilis",1,"generalist","specialist",106.25,241,"",NA,0
-74.0595638729999,5.97864703500005,0.00353600480593741,0.00185846630483866,1048.38684082031,0.0830864757299423,0.650915205478668,8.66858768463135,26.989070892334,0.000134347355924547,0,0.128417074680328,1,"Craugastor_omoaensis","Trachycephalus_vermiculatus",1,"generalist","specialist",56.9,105,"",NA,0
-73.0595638729999,5.97864703500005,0.0279677174985409,0.0063107879832387,2514.26879882812,0.0144634237512946,0.409768670797348,9.01341819763184,21.2581100463867,0.0120410779491067,0,0.136821985244751,1,"Craugastor_omoaensis","Lithobates_vaillanti",1,NA,NA,NA,NA,NA,NA,NA
-73.0595638729999,5.97864703500005,0.0279677174985409,0.0063107879832387,2514.26879882812,0.0144634237512946,0.409768670797348,9.01341819763184,21.2581100463867,0.0120410779491067,0,0.136821985244751,1,"Craugastor_omoaensis","Rhinella_horribilis",1,"generalist","specialist",106.25,241,"",NA,0
-72.0595638729999,5.97864703500005,0.0190080981701612,0.00086778006516397,1152.25158691406,0.0499616265296936,0.425771236419678,5.69303226470947,27.1957988739014,0.00021939430735074,0.00334080774337053,0.224403202533722,1,"Craugastor_omoaensis","Engystomops_pustulosus",1,"generalist","",NA,48.2,"",NA,0
-72.0595638729999,5.97864703500005,0.0190080981701612,0.00086778006516397,1152.25158691406,0.0499616265296936,0.425771236419678,5.69303226470947,27.1957988739014,0.00021939430735074,0.00334080774337053,0.224403202533722,1,"Craugastor_omoaensis","Leptodactylus_fragilis",1,"generalist","",NA,43,"",NA,0
-71.0595638729999,5.97864703500005,0.00684048468247056,0.00015356790390797,152.952407836914,0.0266991555690765,0.141965240240097,5.14166402816772,31.7411231994629,0.000103906997537706,6.08807204116601e-05,0.0041486001573503,1,"Craugastor_omoaensis","Engystomops_pustulosus",1,"generalist","",NA,48.2,"",NA,0
-71.0595638729999,5.97864703500005,0.00684048468247056,0.00015356790390797,152.952407836914,0.0266991555690765,0.141965240240097,5.14166402816772,31.7411231994629,0.000103906997537706,6.08807204116601e-05,0.0041486001573503,1,"Craugastor_omoaensis","Leptodactylus_fragilis",1,"generalist","",NA,43,"",NA,0
-70.0595638729999,5.97864703500005,0.000162171592819504,6.33444433333352e-05,104.83088684082,0.00366246467456222,0.122672617435455,2.88143229484558,32.0771484375,1.89353386303992e-06,0,0.0016722974833101,1,"Craugastor_omoaensis","Engystomops_pustulosus",1,"generalist","",NA,48.2,"",NA,0
-70.0595638729999,5.97864703500005,0.000162171592819504,6.33444433333352e-05,104.83088684082,0.00366246467456222,0.122672617435455,2.88143229484558,32.0771484375,1.89353386303992e-06,0,0.0016722974833101,1,"Craugastor_omoaensis","Leptodactylus_fragilis",1,"generalist","",NA,43,"",NA,0
-69.0595638729999,5.97864703500005,7.78447283664718e-05,1.91182771231979e-05,95.4824905395508,0.00283947330899537,0.108636789023876,1.30024003982544,32.388744354248,0,0,3.04403602058301e-05,1,"Craugastor_omoaensis","Engystomops_pustulosus",1,"generalist","",NA,48.2,"",NA,0
-69.0595638729999,5.97864703500005,7.78447283664718e-05,1.91182771231979e-05,95.4824905395508,0.00283947330899537,0.108636789023876,1.30024003982544,32.388744354248,0,0,3.04403602058301e-05,1,"Craugastor_omoaensis","Leptodactylus_fragilis",1,"generalist","",NA,43,"",NA,0
-68.0595638729999,5.97864703500005,0.000255655642831698,0.000795045110862702,76.4728775024414,0.00619622832164168,0.151544064283371,2.05041909217834,32.9609031677246,0.00334080774337053,0,0.0133632309734821,1,"Craugastor_omoaensis","Engystomops_pustulosus",1,"generalist","",NA,48.2,"",NA,0
-68.0595638729999,5.97864703500005,0.000255655642831698,0.000795045110862702,76.4728775024414,0.00619622832164168,0.151544064283371,2.05041909217834,32.9609031677246,0.00334080774337053,0,0.0133632309734821,1,"Craugastor_omoaensis","Leptodactylus_fragilis",1,"generalist","",NA,43,"",NA,0
-67.0595638729999,5.97864703500005,0.000334466778440401,0.000317764264764264,350.034515380859,0.0337557606399059,0.790576040744781,2.07566809654236,29.9543399810791,6.08807204116601e-05,0,0.753345370292664,1,"Craugastor_omoaensis","Engystomops_pustulosus",1,"generalist","",NA,48.2,"",NA,0
-67.0595638729999,5.97864703500005,0.000334466778440401,0.000317764264764264,350.034515380859,0.0337557606399059,0.790576040744781,2.07566809654236,29.9543399810791,6.08807204116601e-05,0,0.753345370292664,1,"Craugastor_omoaensis","Leptodactylus_fragilis",1,"generalist","",NA,43,"",NA,0
-66.0595638729999,5.97864703500005,1.69028808159055e-05,1.49720572153456e-05,556.874450683594,0.0134169869124889,0.860831618309021,0.661179602146149,27.9680976867676,0,0,0.858562588691711,1,"Craugastor_omoaensis","Leptodactylus_fragilis",1,"generalist","",NA,43,"",NA,0
-62.0595638729999,5.97864703500005,2.31243029702455e-05,4.17948176618665e-05,762.206726074219,0.0234585255384445,0.8850217461586,1.21632647514343,28.5365924835205,0,0,0.929524719715118,1,"Craugastor_omoaensis","Engystomops_pustulosus",1,"generalist","",NA,48.2,"",NA,0
-61.0595638729999,5.97864703500005,2.50437242357293e-05,0.000183209733222611,733.726440429688,0.0215350687503815,0.814110159873962,0.758686304092407,29.1475467681885,0,0,0.839494705200195,1,"Craugastor_omoaensis","Dendropsophus_microcephalus",1,"generalist","",28,32,"",NA,0
-61.0595638729999,5.97864703500005,2.50437242357293e-05,0.000183209733222611,733.726440429688,0.0215350687503815,0.814110159873962,0.758686304092407,29.1475467681885,0,0,0.839494705200195,1,"Craugastor_omoaensis","Engystomops_pustulosus",1,"generalist","",NA,48.2,"",NA,0
-60.0595638729999,5.97864703500005,7.54266284275218e-06,4.27133672928903e-05,359.687927246094,0.021354790776968,0.966416716575623,0.0521897189319134,30.2090034484863,0,0,0.985405266284943,1,"Craugastor_omoaensis","Dendropsophus_microcephalus",1,"generalist","",28,32,"",NA,0
-59.0595638729999,5.97864703500005,8.5472798673436e-05,0.000192557476111688,108.561340332031,0.0246207024902105,0.965555131435394,1.19119226932526,31.1824207305908,0,0.00013854265853297,0.993944466114044,NA,"Craugastor_omoaensis","Dendropsophus_microcephalus",1,"generalist","",28,32,"",NA,0
-58.0595638729999,5.97864703500005,0.0188531912863255,0.00105382164474577,40.1813774108887,0.0585508048534393,0.707925975322723,3.2228217124939,-135.219207763672,3.46356646332424e-05,0.0381368361413479,0.642825603485107,NA,"Craugastor_omoaensis","Dendropsophus_microcephalus",1,"generalist","",28,32,"",NA,0
-57.0595638729999,5.97864703500005,0.0569986402988434,0.00186173722613603,10.9775562286377,0.0420115143060684,0.378253757953644,1.77321469783783,-3613.5869140625,0.00167103507556021,0.0975783616304398,0.345471024513245,NA,"Craugastor_omoaensis","Dendropsophus_microcephalus",1,"generalist","",28,32,"",NA,0
-56.0595638729999,5.97864703500005,0.00161260017193854,0.000159949471708387,11.1336364746094,0.0126336757093668,0.371489375829697,0.671467244625092,-5265.79052734375,3.04403602058301e-05,0.001765540917404,0.35186168551445,NA,"Craugastor_omoaensis","Dendropsophus_microcephalus",1,"generalist","",28,32,"",NA,0
-55.0595638729999,5.97864703500005,0.000563172739930451,0.00727450102567673,13.1503591537476,0.0307952146977186,0.437391847372055,2.72504425048828,-4767.37451171875,0.0100224232301116,0,0.377130836248398,NA,"Craugastor_omoaensis","Dendropsophus_microcephalus",1,"generalist","",28,32,"",NA,0
-54.0595638729999,5.97864703500005,4.92274848511443e-05,0.000971958972513676,20.2457714080811,0.0272396523505449,0.405035674571991,0.896868109703064,-6306.12353515625,0.000182642164872959,0,0.285715222358704,NA,"Craugastor_omoaensis","Dendropsophus_microcephalus",1,"generalist","",28,32,"",NA,0
-53.0595638729999,5.97864703500005,2.45097053266363e-05,6.75098999636248e-05,23.4767971038818,0.00555371074005961,0.0826843231916428,0.10149671882391,-9460.3125,0,0,0.0334804058074951,NA,"Craugastor_omoaensis","Dendropsophus_microcephalus",1,"generalist","",28,32,"",NA,0
-77.0595638729999,4.97864703500005,2.76455148195964e-06,0.000507227086927742,100.275238037109,0.0157967545092106,0.763067364692688,3.08514881134033,-1622.32397460938,0,0,0.672089397907257,1,"Craugastor_omoaensis","Dendropsophus_microcephalus",1,"generalist","",28,32,"",NA,0
-77.0595638729999,4.97864703500005,2.76455148195964e-06,0.000507227086927742,100.275238037109,0.0157967545092106,0.763067364692688,3.08514881134033,-1622.32397460938,0,0,0.672089397907257,1,"Craugastor_omoaensis","Leptodactylus_melanonotus",1,"generalist","",NA,58,"",NA,0
-77.0595638729999,4.97864703500005,2.76455148195964e-06,0.000507227086927742,100.275238037109,0.0157967545092106,0.763067364692688,3.08514881134033,-1622.32397460938,0,0,0.672089397907257,1,"Craugastor_omoaensis","Lithobates_vaillanti",1,NA,NA,NA,NA,NA,NA,NA
-77.0595638729999,4.97864703500005,2.76455148195964e-06,0.000507227086927742,100.275238037109,0.0157967545092106,0.763067364692688,3.08514881134033,-1622.32397460938,0,0,0.672089397907257,1,"Craugastor_omoaensis","Rhinella_horribilis",1,"generalist","specialist",106.25,241,"",NA,0
-77.0595638729999,4.97864703500005,2.76455148195964e-06,0.000507227086927742,100.275238037109,0.0157967545092106,0.763067364692688,3.08514881134033,-1622.32397460938,0,0,0.672089397907257,1,"Craugastor_omoaensis","Trachycephalus_vermiculatus",1,"generalist","specialist",56.9,105,"",NA,0
-76.0595638729999,4.97864703500005,0.0194307267665863,0.0082859443500638,1245.79711914062,0.0612172149121761,0.746652245521545,11.0169887542725,-1.83997201919556,0.00368716451339424,0.0601345412433147,0.436621516942978,1,"Craugastor_omoaensis","Lithobates_vaillanti",1,NA,NA,NA,NA,NA,NA,NA
-76.0595638729999,4.97864703500005,0.0194307267665863,0.0082859443500638,1245.79711914062,0.0612172149121761,0.746652245521545,11.0169887542725,-1.83997201919556,0.00368716451339424,0.0601345412433147,0.436621516942978,1,"Craugastor_omoaensis","Rhinella_horribilis",1,"generalist","specialist",106.25,241,"",NA,0
-76.0595638729999,4.97864703500005,0.0194307267665863,0.0082859443500638,1245.79711914062,0.0612172149121761,0.746652245521545,11.0169887542725,-1.83997201919556,0.00368716451339424,0.0601345412433147,0.436621516942978,1,"Craugastor_omoaensis","Trachycephalus_vermiculatus",1,"generalist","specialist",56.9,105,"",NA,0
-75.0595638729999,4.97864703500005,0.0185804795473814,0.00476717436686158,1659.97924804688,0.0520706996321678,0.584880590438843,10.3566217422485,24.6440982818604,0.000101828169135842,0.00276625691913068,0.109362028539181,1,"Craugastor_omoaensis","Dendropsophus_microcephalus",1,"generalist","",28,32,"",NA,0
-75.0595638729999,4.97864703500005,0.0185804795473814,0.00476717436686158,1659.97924804688,0.0520706996321678,0.584880590438843,10.3566217422485,24.6440982818604,0.000101828169135842,0.00276625691913068,0.109362028539181,1,"Craugastor_omoaensis","Engystomops_pustulosus",1,"generalist","",NA,48.2,"",NA,0
-75.0595638729999,4.97864703500005,0.0185804795473814,0.00476717436686158,1659.97924804688,0.0520706996321678,0.584880590438843,10.3566217422485,24.6440982818604,0.000101828169135842,0.00276625691913068,0.109362028539181,1,"Craugastor_omoaensis","Leptodactylus_fragilis",1,"generalist","",NA,43,"",NA,0
-75.0595638729999,4.97864703500005,0.0185804795473814,0.00476717436686158,1659.97924804688,0.0520706996321678,0.584880590438843,10.3566217422485,24.6440982818604,0.000101828169135842,0.00276625691913068,0.109362028539181,1,"Craugastor_omoaensis","Lithobates_vaillanti",1,NA,NA,NA,NA,NA,NA,NA
-75.0595638729999,4.97864703500005,0.0185804795473814,0.00476717436686158,1659.97924804688,0.0520706996321678,0.584880590438843,10.3566217422485,24.6440982818604,0.000101828169135842,0.00276625691913068,0.109362028539181,1,"Craugastor_omoaensis","Rhinella_horribilis",1,"generalist","specialist",106.25,241,"",NA,0
-75.0595638729999,4.97864703500005,0.0185804795473814,0.00476717436686158,1659.97924804688,0.0520706996321678,0.584880590438843,10.3566217422485,24.6440982818604,0.000101828169135842,0.00276625691913068,0.109362028539181,1,"Craugastor_omoaensis","Trachycephalus_vermiculatus",1,"generalist","specialist",56.9,105,"",NA,0
-74.0595638729999,4.97864703500005,0.0317523367702961,0.0361758396029472,2326.31323242188,0.0276209078729153,0.472275465726852,14.2752847671509,21.4017772674561,0.050112746655941,3.04403602058301e-05,0.0761731490492821,1,"Craugastor_omoaensis","Dendropsophus_microcephalus",1,"generalist","",28,32,"",NA,0
-74.0595638729999,4.97864703500005,0.0317523367702961,0.0361758396029472,2326.31323242188,0.0276209078729153,0.472275465726852,14.2752847671509,21.4017772674561,0.050112746655941,3.04403602058301e-05,0.0761731490492821,1,"Craugastor_omoaensis","Engystomops_pustulosus",1,"generalist","",NA,48.2,"",NA,0
-74.0595638729999,4.97864703500005,0.0317523367702961,0.0361758396029472,2326.31323242188,0.0276209078729153,0.472275465726852,14.2752847671509,21.4017772674561,0.050112746655941,3.04403602058301e-05,0.0761731490492821,1,"Craugastor_omoaensis","Leptodactylus_fragilis",1,"generalist","",NA,43,"",NA,0
-74.0595638729999,4.97864703500005,0.0317523367702961,0.0361758396029472,2326.31323242188,0.0276209078729153,0.472275465726852,14.2752847671509,21.4017772674561,0.050112746655941,3.04403602058301e-05,0.0761731490492821,1,"Craugastor_omoaensis","Lithobates_vaillanti",1,NA,NA,NA,NA,NA,NA,NA
-74.0595638729999,4.97864703500005,0.0317523367702961,0.0361758396029472,2326.31323242188,0.0276209078729153,0.472275465726852,14.2752847671509,21.4017772674561,0.050112746655941,3.04403602058301e-05,0.0761731490492821,1,"Craugastor_omoaensis","Rhinella_horribilis",1,"generalist","specialist",106.25,241,"",NA,0
-73.0595638729999,4.97864703500005,0.00878886785358191,0.00286510400474072,1332.20654296875,0.025434497743845,0.477062076330185,7.63637733459473,25.6164054870605,0.00115566048771143,0,0.152756541967392,1,"Craugastor_omoaensis","Rhinella_horribilis",1,"generalist","specialist",106.25,241,"",NA,0
-72.0595638729999,4.97864703500005,0.0246614590287209,0.00158190238289535,230.176879882812,0.0364177450537682,0.212330132722855,6.93557834625244,31.0839748382568,4.41824568042648e-06,0.00341007905080914,0.0172148440033197,1,"Craugastor_omoaensis","Leptodactylus_fragilis",1,"generalist","",NA,43,"",NA,0
-71.0595638729999,4.97864703500005,0.00635981513187289,0.000146910708281212,141.079040527344,0.0118314456194639,0.168277651071548,4.24757671356201,31.5748901367188,0,6.21430808678269e-05,0.00527464458718896,1,"Craugastor_omoaensis","Leptodactylus_fragilis",1,"generalist","",NA,43,"",NA,0
-61.0595638729999,4.97864703500005,0.000105207160231657,0.000338419660693035,1012.09729003906,0.0176544785499573,0.442447006702423,1.00253939628601,28.3898372650146,0,0,0.388259053230286,1,"Craugastor_omoaensis","Dendropsophus_microcephalus",1,"generalist","",28,32,"",NA,0
-60.0595638729999,4.97864703500005,5.76271049794741e-05,7.61576811783016e-05,774.357604980469,0.0206956043839455,0.693642616271973,0.939863383769989,29.0588150024414,0,0,0.68797504901886,1,"Craugastor_omoaensis","Dendropsophus_microcephalus",1,"generalist","",28,32,"",NA,0
-59.0595638729999,4.97864703500005,1.44766991070355e-05,0.000151293585076928,243.169174194336,0.0201545357704163,0.967246413230896,0.469502031803131,30.493257522583,0,0,0.991071581840515,NA,"Craugastor_omoaensis","Dendropsophus_microcephalus",1,"generalist","",28,32,"",NA,0
-58.0595638729999,4.97864703500005,0.000373509101336822,0.000129279331304133,86.8535232543945,0.0243939906358719,0.961843490600586,1.61403250694275,30.8221187591553,0,0.000761984614655375,0.981213331222534,NA,"Craugastor_omoaensis","Dendropsophus_microcephalus",1,"generalist","",28,32,"",NA,0
-57.0595638729999,4.97864703500005,0.00118154019583017,9.75917937466875e-05,84.2682113647461,0.0119844991713762,0.965219259262085,0.8023881316185,-39.6841697692871,3.46356646332424e-05,0.00202275440096855,0.986635804176331,NA,"Craugastor_omoaensis","Dendropsophus_microcephalus",1,"generalist","",28,32,"",NA,0
-56.0595638729999,4.97864703500005,3.33186726493295e-05,6.84305487084202e-05,64.7682647705078,0.024961968883872,0.969982862472534,0.589063107967377,-73.8990783691406,6.3117795434664e-07,3.66083222615998e-05,0.986982107162476,NA,"Craugastor_omoaensis","Dendropsophus_microcephalus",1,"generalist","",28,32,"",NA,0
-55.0595638729999,4.97864703500005,3.59778423444368e-05,0.000590436568018049,72.4999313354492,0.0793469622731209,0.84015017747879,1.39251911640167,-63.7732734680176,0.000207813995075412,0,0.87391859292984,NA,"Craugastor_omoaensis","Dendropsophus_microcephalus",1,"generalist","",28,32,"",NA,0
-54.0595638729999,4.97864703500005,2.76508126262343e-06,0.000185101103852503,93.9096145629883,0.0300676766782999,0.966518700122833,1.91707813739777,-96.014778137207,3.78706772607984e-06,0,0.981870234012604,NA,"Craugastor_omoaensis","Dendropsophus_microcephalus",1,"generalist","",28,32,"",NA,0
-53.0595638729999,4.97864703500005,1.39197163662175e-05,0.000538001244422048,81.6523361206055,0.0168428849428892,0.841882526874542,1.69777834415436,-801.872253417969,0,0,0.843376934528351,1,"Craugastor_omoaensis","Dendropsophus_microcephalus",1,"generalist","",28,32,"",NA,0
-52.0595638729999,4.97864703500005,1.41420041472884e-05,0.0023227808997035,35.4372901916504,0.0143271926790476,0.242503568530083,0.955319166183472,-6890.1845703125,0.00167040387168527,0,0.193781480193138,1,"Craugastor_omoaensis","Dendropsophus_microcephalus",1,"generalist","",28,32,"",NA,0
-77.0595638729999,3.97864703500005,5.83896362513769e-05,0.00223424076102674,389.886352539062,0.0103231063112617,0.685115098953247,4.29690933227539,-1664.73754882812,0.00334080774337053,0,0.683443784713745,1,"Craugastor_omoaensis","Leptodactylus_melanonotus",1,"generalist","",NA,58,"",NA,0
-77.0595638729999,3.97864703500005,5.83896362513769e-05,0.00223424076102674,389.886352539062,0.0103231063112617,0.685115098953247,4.29690933227539,-1664.73754882812,0.00334080774337053,0,0.683443784713745,1,"Craugastor_omoaensis","Lithobates_vaillanti",1,NA,NA,NA,NA,NA,NA,NA
-77.0595638729999,3.97864703500005,5.83896362513769e-05,0.00223424076102674,389.886352539062,0.0103231063112617,0.685115098953247,4.29690933227539,-1664.73754882812,0.00334080774337053,0,0.683443784713745,1,"Craugastor_omoaensis","Rhinella_horribilis",1,"generalist","specialist",106.25,241,"",NA,0
-77.0595638729999,3.97864703500005,5.83896362513769e-05,0.00223424076102674,389.886352539062,0.0103231063112617,0.685115098953247,4.29690933227539,-1664.73754882812,0.00334080774337053,0,0.683443784713745,1,"Craugastor_omoaensis","Trachycephalus_vermiculatus",1,"generalist","specialist",56.9,105,"",NA,0
-76.0595638729999,3.97864703500005,0.0668254047632217,0.00919275544583797,1966.21008300781,0.0381542481482029,0.556947648525238,12.2057867050171,-4.99989080429077,0.00681176781654358,0.0797558650374413,0.310024172067642,1,"Craugastor_omoaensis","Lithobates_vaillanti",1,NA,NA,NA,NA,NA,NA,NA
-76.0595638729999,3.97864703500005,0.0668254047632217,0.00919275544583797,1966.21008300781,0.0381542481482029,0.556947648525238,12.2057867050171,-4.99989080429077,0.00681176781654358,0.0797558650374413,0.310024172067642,1,"Craugastor_omoaensis","Rhinella_horribilis",1,"generalist","specialist",106.25,241,"",NA,0
-75.0595638729999,3.97864703500005,0.0540468655526638,0.00674666184931993,1024.87585449219,0.045979343354702,0.490122556686401,10.6920337677002,26.4495868682861,0.0034638314973563,0.0198624972254038,0.104315012693405,1,"Craugastor_omoaensis","Dendropsophus_microcephalus",1,"generalist","",28,32,"",NA,0
-75.0595638729999,3.97864703500005,0.0540468655526638,0.00674666184931993,1024.87585449219,0.045979343354702,0.490122556686401,10.6920337677002,26.4495868682861,0.0034638314973563,0.0198624972254038,0.104315012693405,1,"Craugastor_omoaensis","Engystomops_pustulosus",1,"generalist","",NA,48.2,"",NA,0
-75.0595638729999,3.97864703500005,0.0540468655526638,0.00674666184931993,1024.87585449219,0.045979343354702,0.490122556686401,10.6920337677002,26.4495868682861,0.0034638314973563,0.0198624972254038,0.104315012693405,1,"Craugastor_omoaensis","Leptodactylus_fragilis",1,"generalist","",NA,43,"",NA,0
-75.0595638729999,3.97864703500005,0.0540468655526638,0.00674666184931993,1024.87585449219,0.045979343354702,0.490122556686401,10.6920337677002,26.4495868682861,0.0034638314973563,0.0198624972254038,0.104315012693405,1,"Craugastor_omoaensis","Lithobates_vaillanti",1,NA,NA,NA,NA,NA,NA,NA
-75.0595638729999,3.97864703500005,0.0540468655526638,0.00674666184931993,1024.87585449219,0.045979343354702,0.490122556686401,10.6920337677002,26.4495868682861,0.0034638314973563,0.0198624972254038,0.104315012693405,1,"Craugastor_omoaensis","Rhinella_horribilis",1,"generalist","specialist",106.25,241,"",NA,0
-74.0595638729999,3.97864703500005,0.011690117418766,0.00668260594829917,2012.45581054688,0.0207833591848612,0.546074628829956,8.84809589385986,21.9937591552734,0.00444075837731361,0.000335475138854235,0.305634588003159,1,"Craugastor_omoaensis","Leptodactylus_fragilis",1,"generalist","",NA,43,"",NA,0
-74.0595638729999,3.97864703500005,0.011690117418766,0.00668260594829917,2012.45581054688,0.0207833591848612,0.546074628829956,8.84809589385986,21.9937591552734,0.00444075837731361,0.000335475138854235,0.305634588003159,1,"Craugastor_omoaensis","Lithobates_vaillanti",1,NA,NA,NA,NA,NA,NA,NA
-74.0595638729999,3.97864703500005,0.011690117418766,0.00668260594829917,2012.45581054688,0.0207833591848612,0.546074628829956,8.84809589385986,21.9937591552734,0.00444075837731361,0.000335475138854235,0.305634588003159,1,"Craugastor_omoaensis","Rhinella_horribilis",1,"generalist","specialist",106.25,241,"",NA,0
-64.0595638729999,3.97864703500005,0,4.17439468947123e-06,706.046264648438,0.00741576217114925,0.996507167816162,0.0517928227782249,29.6991367340088,0,0,0.999930262565613,1,"Craugastor_omoaensis","Dendropsophus_microcephalus",1,"generalist","",28,32,"",NA,0
-63.0595638729999,3.97864703500005,6.23586471348858e-09,5.00571161410335e-07,615.646667480469,0.00318486359901726,0.993288278579712,0.0568793527781963,29.6676692962646,0,0,0.999896109104156,1,"Craugastor_omoaensis","Dendropsophus_microcephalus",1,"generalist","",28,32,"",NA,0
-62.0595638729999,3.97864703500005,2.0300446976762e-06,3.53901159542147e-05,425.847930908203,0.0694629400968552,0.947886168956757,0.169588655233383,30.4981708526611,0,0,0.96757560968399,1,"Craugastor_omoaensis","Dendropsophus_microcephalus",1,"generalist","",28,32,"",NA,0
-61.0595638729999,3.97864703500005,0.000886983179952949,0.000198248992091976,230.951644897461,0.0193375274538994,0.269135534763336,2.04369282722473,31.4460163116455,0,0,0.216780200600624,1,"Craugastor_omoaensis","Dendropsophus_microcephalus",1,"generalist","",28,32,"",NA,0
-60.0595638729999,3.97864703500005,0.00416295696049929,0.000143768338602968,242.692184448242,0.0076123783364892,0.16185861825943,2.47425985336304,31.7766628265381,0,0,0.0708037316799164,1,"Craugastor_omoaensis","Dendropsophus_microcephalus",1,"generalist","",28,32,"",NA,0
-59.0595638729999,3.97864703500005,0.000144444304169156,9.2423266323749e-05,179.247283935547,0.0235082861036062,0.825078010559082,0.577921450138092,31.4797763824463,0,0,0.802853941917419,NA,"Craugastor_omoaensis","Dendropsophus_microcephalus",1,"generalist","",28,32,"",NA,0
-58.0595638729999,3.97864703500005,1.37195365823573e-06,4.49901654064888e-06,120.694183349609,0.00660743378102779,0.979819476604462,0.825523972511292,31.6933612823486,0,0,0.996468722820282,NA,"Craugastor_omoaensis","Dendropsophus_microcephalus",1,"generalist","",28,32,"",NA,0
-57.0595638729999,3.97864703500005,2.1285850859698e-09,1.5537175386271e-06,221.969436645508,0.00102345389313996,0.998699724674225,0.0353984199464321,31.2920989990234,0,0,0.999995589256287,NA,"Craugastor_omoaensis","Dendropsophus_microcephalus",1,"generalist","",28,32,"",NA,0
-56.0595638729999,3.97864703500005,1.13759117681411e-08,7.55603241486824e-06,198.518676757812,0.0052132261916995,0.998767733573914,0.0586719810962677,31.255687713623,0,0,1,NA,"Craugastor_omoaensis","Dendropsophus_microcephalus",1,"generalist","",28,32,"",NA,0
-55.0595638729999,3.97864703500005,1.57440854309243e-06,7.56595109123737e-05,150.124908447266,0.0358048677444458,0.982955157756805,0.187347576022148,31.1921997070312,0,0,0.997644782066345,NA,"Craugastor_omoaensis","Dendropsophus_microcephalus",1,"generalist","",28,32,"",NA,0
-54.0595638729999,3.97864703500005,2.57585156759887e-06,9.51522524701431e-05,158.437225341797,0.0244458913803101,0.988524973392487,0.789423584938049,31.0212078094482,0,0,0.999922454357147,NA,"Craugastor_omoaensis","Dendropsophus_microcephalus",1,"generalist","",28,32,"",NA,0
-53.0595638729999,3.97864703500005,3.24220252423402e-07,2.07173361559398e-05,164.857376098633,0.00323998183012009,0.996174395084381,0.375338107347488,17.523120880127,0,0,0.997159242630005,1,"Craugastor_omoaensis","Dendropsophus_microcephalus",1,"generalist","",28,32,"",NA,0
-52.0595638729999,3.97864703500005,1.90983901120489e-05,0.000352042698068544,77.0662841796875,0.0143754435703158,0.879915773868561,0.792281806468964,-318.453063964844,3.46356646332424e-05,0,0.878468692302704,1,"Craugastor_omoaensis","Dendropsophus_microcephalus",1,"generalist","",28,32,"",NA,0
-78.0595638729999,2.97864703500005,1.01629655091529e-06,0.000275538885034621,29.225399017334,0.0081222839653492,0.176699072122574,1.02175915241241,-6880.59375,0,0,0.177062809467316,1,"Craugastor_omoaensis","Leptodactylus_melanonotus",1,"generalist","",NA,58,"",NA,0
-78.0595638729999,2.97864703500005,1.01629655091529e-06,0.000275538885034621,29.225399017334,0.0081222839653492,0.176699072122574,1.02175915241241,-6880.59375,0,0,0.177062809467316,1,"Craugastor_omoaensis","Lithobates_vaillanti",1,NA,NA,NA,NA,NA,NA,NA
-78.0595638729999,2.97864703500005,1.01629655091529e-06,0.000275538885034621,29.225399017334,0.0081222839653492,0.176699072122574,1.02175915241241,-6880.59375,0,0,0.177062809467316,1,"Craugastor_omoaensis","Rhinella_horribilis",1,"generalist","specialist",106.25,241,"",NA,0
-78.0595638729999,2.97864703500005,1.01629655091529e-06,0.000275538885034621,29.225399017334,0.0081222839653492,0.176699072122574,1.02175915241241,-6880.59375,0,0,0.177062809467316,1,"Craugastor_omoaensis","Trachycephalus_vermiculatus",1,"generalist","specialist",56.9,105,"",NA,0
-77.0595638729999,2.97864703500005,0.0032929687295109,0.00304846721701324,959.929382324219,0.0418608896434307,0.832804143428802,7.21761322021484,-271.690521240234,0.00508048292249441,0.0451009050011635,0.658550679683685,1,"Craugastor_omoaensis","Leptodactylus_melanonotus",1,"generalist","",NA,58,"",NA,0
-77.0595638729999,2.97864703500005,0.0032929687295109,0.00304846721701324,959.929382324219,0.0418608896434307,0.832804143428802,7.21761322021484,-271.690521240234,0.00508048292249441,0.0451009050011635,0.658550679683685,1,"Craugastor_omoaensis","Lithobates_vaillanti",1,NA,NA,NA,NA,NA,NA,NA
-77.0595638729999,2.97864703500005,0.0032929687295109,0.00304846721701324,959.929382324219,0.0418608896434307,0.832804143428802,7.21761322021484,-271.690521240234,0.00508048292249441,0.0451009050011635,0.658550679683685,1,"Craugastor_omoaensis","Rhinella_horribilis",1,"generalist","specialist",106.25,241,"",NA,0
-77.0595638729999,2.97864703500005,0.0032929687295109,0.00304846721701324,959.929382324219,0.0418608896434307,0.832804143428802,7.21761322021484,-271.690521240234,0.00508048292249441,0.0451009050011635,0.658550679683685,1,"Craugastor_omoaensis","Trachycephalus_vermiculatus",1,"generalist","specialist",56.9,105,"",NA,0
-76.0595638729999,2.97864703500005,0.0553629957139492,0.00864115636795759,2203.34497070312,0.0306929666548967,0.567588806152344,10.835129737854,17.4533710479736,0.00357193383388221,0.10434440523386,0.316936463117599,1,"Craugastor_omoaensis","Leptodactylus_fragilis",1,"generalist","",NA,43,"",NA,0
-76.0595638729999,2.97864703500005,0.0553629957139492,0.00864115636795759,2203.34497070312,0.0306929666548967,0.567588806152344,10.835129737854,17.4533710479736,0.00357193383388221,0.10434440523386,0.316936463117599,1,"Craugastor_omoaensis","Lithobates_vaillanti",1,NA,NA,NA,NA,NA,NA,NA
-76.0595638729999,2.97864703500005,0.0553629957139492,0.00864115636795759,2203.34497070312,0.0306929666548967,0.567588806152344,10.835129737854,17.4533710479736,0.00357193383388221,0.10434440523386,0.316936463117599,1,"Craugastor_omoaensis","Rhinella_horribilis",1,"generalist","specialist",106.25,241,"",NA,0
-75.0595638729999,2.97864703500005,0.0235282517969608,0.00350927887484431,1338.72094726562,0.0326420739293098,0.576138138771057,7.97049760818481,24.6039276123047,0.00347348465584219,0.00226751971058547,0.415145426988602,1,"Craugastor_omoaensis","Dendropsophus_microcephalus",1,"generalist","",28,32,"",NA,0
-75.0595638729999,2.97864703500005,0.0235282517969608,0.00350927887484431,1338.72094726562,0.0326420739293098,0.576138138771057,7.97049760818481,24.6039276123047,0.00347348465584219,0.00226751971058547,0.415145426988602,1,"Craugastor_omoaensis","Engystomops_pustulosus",1,"generalist","",NA,48.2,"",NA,0
-75.0595638729999,2.97864703500005,0.0235282517969608,0.00350927887484431,1338.72094726562,0.0326420739293098,0.576138138771057,7.97049760818481,24.6039276123047,0.00347348465584219,0.00226751971058547,0.415145426988602,1,"Craugastor_omoaensis","Leptodactylus_fragilis",1,"generalist","",NA,43,"",NA,0
-75.0595638729999,2.97864703500005,0.0235282517969608,0.00350927887484431,1338.72094726562,0.0326420739293098,0.576138138771057,7.97049760818481,24.6039276123047,0.00347348465584219,0.00226751971058547,0.415145426988602,1,"Craugastor_omoaensis","Lithobates_vaillanti",1,NA,NA,NA,NA,NA,NA,NA
-75.0595638729999,2.97864703500005,0.0235282517969608,0.00350927887484431,1338.72094726562,0.0326420739293098,0.576138138771057,7.97049760818481,24.6039276123047,0.00347348465584219,0.00226751971058547,0.415145426988602,1,"Craugastor_omoaensis","Rhinella_horribilis",1,"generalist","specialist",106.25,241,"",NA,0
-64.0595638729999,2.97864703500005,4.33686273026979e-06,8.81124105944764e-06,822.4208984375,0.0278038643300533,0.978844106197357,0.485619336366653,29.8602428436279,0,0,0.973272264003754,1,"Craugastor_omoaensis","Dendropsophus_microcephalus",1,"generalist","",28,32,"",NA,0
-63.0595638729999,2.97864703500005,7.74901565137043e-08,3.86171109312272e-07,446.228240966797,0.00694606127217412,0.996717691421509,0.539391696453094,30.8920669555664,0,0,0.99951297044754,1,"Craugastor_omoaensis","Dendropsophus_microcephalus",1,"generalist","",28,32,"",NA,0
-62.0595638729999,2.97864703500005,1.21518894502515e-06,1.29242580442224e-05,258.544372558594,0.122222356498241,0.951680719852448,0.504143118858337,31.6251125335693,0,0,0.942582845687866,1,"Craugastor_omoaensis","Dendropsophus_microcephalus",1,"generalist","",28,32,"",NA,0
-61.0595638729999,2.97864703500005,0.0183461923152208,0.0036644961219281,109.592460632324,0.102714024484158,0.360058069229126,5.1274094581604,32.329647064209,0.00334080774337053,0,0.196226388216019,1,"Craugastor_omoaensis","Dendropsophus_microcephalus",1,"generalist","",28,32,"",NA,0
-60.0595638729999,2.97864703500005,0.00856435019522905,0.00049663131358102,136.251495361328,0.0527891144156456,0.277943164110184,3.85880613327026,32.243709564209,6.08807204116601e-05,0,0.193132802844048,NA,"Craugastor_omoaensis","Dendropsophus_microcephalus",1,"generalist","",28,32,"",NA,0
-59.0595638729999,2.97864703500005,0.00015566180809401,4.89268968522083e-05,217.18440246582,0.007727584335953,0.801764130592346,0.772411465644836,31.6159496307373,0,0,0.794736862182617,NA,"Craugastor_omoaensis","Dendropsophus_microcephalus",1,"generalist","",28,32,"",NA,0
-58.0595638729999,2.97864703500005,1.05940877404009e-07,1.05395940863673e-06,231.124145507812,0.000937198812607676,0.989318192005157,0.979966163635254,31.5585803985596,0,0,0.996522486209869,NA,"Craugastor_omoaensis","Dendropsophus_microcephalus",1,"generalist","",28,32,"",NA,0
-57.0595638729999,2.97864703500005,4.32587854426458e-11,8.79411672372044e-08,235.585861206055,0.00055873318342492,0.994905173778534,0.646299481391907,31.4566898345947,0,0,1,NA,"Craugastor_omoaensis","Dendropsophus_microcephalus",1,"generalist","",28,32,"",NA,0
-56.0595638729999,2.97864703500005,0,8.7436643525507e-07,307.018981933594,0.00131049251649529,0.999412298202515,0.0297960713505745,31.0450000762939,0,0,1,NA,"Craugastor_omoaensis","Dendropsophus_microcephalus",1,"generalist","",28,32,"",NA,0
-55.0595638729999,2.97864703500005,2.20955538310363e-08,2.69620477411081e-06,267.264038085938,0.00165249966084957,0.997848689556122,0.0103752436116338,30.8244781494141,0,0,1,NA,"Craugastor_omoaensis","Dendropsophus_microcephalus",1,"generalist","",28,32,"",NA,0
-54.0595638729999,2.97864703500005,6.52055575756094e-07,4.30587488153833e-06,191.816390991211,0.00457231979817152,0.995802164077759,0.166679888963699,30.9054145812988,0,0,1,NA,"Craugastor_omoaensis","Dendropsophus_microcephalus",1,"generalist","",28,32,"",NA,0
-53.0595638729999,2.97864703500005,1.18753007427586e-08,2.48546655257087e-07,180.733169555664,0.00130168255418539,0.999415814876556,0.204440847039223,30.7533226013184,0,0,1,NA,"Craugastor_omoaensis","Dendropsophus_microcephalus",1,"generalist","",28,32,"",NA,0
-52.0595638729999,2.97864703500005,3.90048199960802e-07,2.57832616625819e-05,131.150009155273,0.00391088705509901,0.994683980941772,0.317136526107788,26.5676765441895,0,0,0.997817933559418,1,"Craugastor_omoaensis","Dendropsophus_microcephalus",1,"generalist","",28,32,"",NA,0
-79.0595638729999,1.97864703500005,1.45999802043661e-05,0.00102823518682271,20.0137672424316,0.0165214128792286,0.196835890412331,1.27228558063507,-7821.9755859375,0,0,0.0718273669481277,1,"Craugastor_omoaensis","Leptodactylus_melanonotus",1,"generalist","",NA,58,"",NA,0
-79.0595638729999,1.97864703500005,1.45999802043661e-05,0.00102823518682271,20.0137672424316,0.0165214128792286,0.196835890412331,1.27228558063507,-7821.9755859375,0,0,0.0718273669481277,1,"Craugastor_omoaensis","Lithobates_vaillanti",1,NA,NA,NA,NA,NA,NA,NA
-79.0595638729999,1.97864703500005,1.45999802043661e-05,0.00102823518682271,20.0137672424316,0.0165214128792286,0.196835890412331,1.27228558063507,-7821.9755859375,0,0,0.0718273669481277,1,"Craugastor_omoaensis","Rhinella_horribilis",1,"generalist","specialist",106.25,241,"",NA,0
-79.0595638729999,1.97864703500005,1.45999802043661e-05,0.00102823518682271,20.0137672424316,0.0165214128792286,0.196835890412331,1.27228558063507,-7821.9755859375,0,0,0.0718273669481277,1,"Craugastor_omoaensis","Trachycephalus_vermiculatus",1,"generalist","specialist",56.9,105,"",NA,0
-78.0595638729999,1.97864703500005,9.58099735726137e-06,0.000355877913534641,267.857269287109,0.0451961122453213,0.91275817155838,4.11610221862793,-246.95979309082,0,0,0.805103778839111,1,"Craugastor_omoaensis","Leptodactylus_melanonotus",1,"generalist","",NA,58,"",NA,0
-78.0595638729999,1.97864703500005,9.58099735726137e-06,0.000355877913534641,267.857269287109,0.0451961122453213,0.91275817155838,4.11610221862793,-246.95979309082,0,0,0.805103778839111,1,"Craugastor_omoaensis","Lithobates_vaillanti",1,NA,NA,NA,NA,NA,NA,NA
-78.0595638729999,1.97864703500005,9.58099735726137e-06,0.000355877913534641,267.857269287109,0.0451961122453213,0.91275817155838,4.11610221862793,-246.95979309082,0,0,0.805103778839111,1,"Craugastor_omoaensis","Rhinella_horribilis",1,"generalist","specialist",106.25,241,"",NA,0
-78.0595638729999,1.97864703500005,9.58099735726137e-06,0.000355877913534641,267.857269287109,0.0451961122453213,0.91275817155838,4.11610221862793,-246.95979309082,0,0,0.805103778839111,1,"Craugastor_omoaensis","Trachycephalus_vermiculatus",1,"generalist","specialist",56.9,105,"",NA,0
-77.0595638729999,1.97864703500005,0.000548015115782619,0.00241672224365175,1778.47937011719,0.0354094170033932,0.661832988262177,9.2981538772583,16.263147354126,0.000103906997537706,0.131226673722267,0.388755172491074,1,"Craugastor_omoaensis","Leptodactylus_melanonotus",1,"generalist","",NA,58,"",NA,0
-77.0595638729999,1.97864703500005,0.000548015115782619,0.00241672224365175,1778.47937011719,0.0354094170033932,0.661832988262177,9.2981538772583,16.263147354126,0.000103906997537706,0.131226673722267,0.388755172491074,1,"Craugastor_omoaensis","Lithobates_vaillanti",1,NA,NA,NA,NA,NA,NA,NA
-77.0595638729999,1.97864703500005,0.000548015115782619,0.00241672224365175,1778.47937011719,0.0354094170033932,0.661832988262177,9.2981538772583,16.263147354126,0.000103906997537706,0.131226673722267,0.388755172491074,1,"Craugastor_omoaensis","Rhinella_horribilis",1,"generalist","specialist",106.25,241,"",NA,0
-77.0595638729999,1.97864703500005,0.000548015115782619,0.00241672224365175,1778.47937011719,0.0354094170033932,0.661832988262177,9.2981538772583,16.263147354126,0.000103906997537706,0.131226673722267,0.388755172491074,1,"Craugastor_omoaensis","Trachycephalus_vermiculatus",1,"generalist","specialist",56.9,105,"",NA,0
-76.0595638729999,1.97864703500005,0.00275641144253314,0.00330565683543682,1837.46069335938,0.0540474280714989,0.719736397266388,10.1163215637207,21.7669696807861,7.1164860855788e-05,0.00450416561216116,0.443981468677521,1,"Craugastor_omoaensis","Leptodactylus_fragilis",1,"generalist","",NA,43,"",NA,0
-76.0595638729999,1.97864703500005,0.00275641144253314,0.00330565683543682,1837.46069335938,0.0540474280714989,0.719736397266388,10.1163215637207,21.7669696807861,7.1164860855788e-05,0.00450416561216116,0.443981468677521,1,"Craugastor_omoaensis","Lithobates_vaillanti",1,NA,NA,NA,NA,NA,NA,NA
-76.0595638729999,1.97864703500005,0.00275641144253314,0.00330565683543682,1837.46069335938,0.0540474280714989,0.719736397266388,10.1163215637207,21.7669696807861,7.1164860855788e-05,0.00450416561216116,0.443981468677521,1,"Craugastor_omoaensis","Rhinella_horribilis",1,"generalist","specialist",106.25,241,"",NA,0
-75.0595638729999,1.97864703500005,0.00112183659803122,0.000872686330694705,827.71435546875,0.120104983448982,0.622377216815948,5.73840618133545,26.5377254486084,7.05336860846728e-05,3.85018574888818e-05,0.261967062950134,1,"Craugastor_omoaensis","Leptodactylus_fragilis",1,"generalist","",NA,43,"",NA,0
-70.0595638729999,1.97864703500005,4.36678337933927e-09,8.03485727374209e-06,196.351440429688,0.0075960080139339,0.990728795528412,0.280172377824783,30.4420146942139,0,0,1,NA,"Craugastor_omoaensis","Dendropsophus_microcephalus",1,"generalist","",28,32,"",NA,0
-69.0595638729999,1.97864703500005,7.88362014558786e-11,1.81339964910876e-05,171.915344238281,0.00763797527179122,0.990660130977631,0.125376909971237,30.8694515228271,0,0,1,NA,"Craugastor_omoaensis","Dendropsophus_microcephalus",1,"generalist","",28,32,"",NA,0
-68.0595638729999,1.97864703500005,0,9.33036062633619e-06,142.372741699219,0.00378514756448567,0.991130471229553,0.369296282529831,31.0659828186035,0,0,1,NA,"Craugastor_omoaensis","Dendropsophus_microcephalus",1,"generalist","",28,32,"",NA,0
-67.0595638729999,1.97864703500005,0,2.45423252636101e-05,109.249588012695,0.00907276012003422,0.975332081317902,0.228017836809158,31.975513458252,0,0,1,NA,"Craugastor_omoaensis","Dendropsophus_microcephalus",1,"generalist","",28,32,"",NA,0
-64.0595638729999,1.97864703500005,4.10012432894291e-07,2.2867983773267e-07,475.408996582031,0.0158577840775251,0.996725499629974,0.0250840149819851,30.7936325073242,0,0,0.999445855617523,1,"Craugastor_omoaensis","Dendropsophus_microcephalus",1,"generalist","",28,32,"",NA,0
-63.0595638729999,1.97864703500005,7.43982742079652e-09,3.88504048487448e-07,301.465026855469,0.00265983655117452,0.999590694904327,0.0117678483948112,31.0514526367188,0,0,0.999989926815033,1,"Craugastor_omoaensis","Dendropsophus_microcephalus",1,"generalist","",28,32,"",NA,0
-62.0595638729999,1.97864703500005,4.66720422309663e-07,2.84515181192546e-07,227.197479248047,0.0830071642994881,0.983501732349396,0.0250738970935345,31.5450630187988,0,0,0.990470349788666,1,"Craugastor_omoaensis","Dendropsophus_microcephalus",1,"generalist","",28,32,"",NA,0
-61.0595638729999,1.97864703500005,0.00146165257319808,0.000686491723172367,100.150398254395,0.257010042667389,0.770369529724121,0.950390577316284,31.9926166534424,6.92713292664848e-05,0,0.851551055908203,1,"Craugastor_omoaensis","Dendropsophus_microcephalus",1,"generalist","",28,32,"",NA,0
-60.0595638729999,1.97864703500005,0.000195577216800302,0.000126890081446618,202.068115234375,0.0903949365019798,0.765755712985992,0.991022229194641,31.6026630401611,1.26235590869328e-06,0,0.754086673259735,1,"Craugastor_omoaensis","Dendropsophus_microcephalus",1,"generalist","",28,32,"",NA,0
-59.0595638729999,1.97864703500005,3.16701766678307e-06,1.72665932041127e-05,271.377349853516,0.00737159652635455,0.945654332637787,0.327532708644867,31.1333866119385,0,0,0.94992858171463,NA,"Craugastor_omoaensis","Dendropsophus_microcephalus",1,"generalist","",28,32,"",NA,0
-58.0595638729999,1.97864703500005,1.60990865083477e-09,2.82722595557061e-07,278.876220703125,0.00103473057970405,0.99611759185791,1.25790619850159,31.3125400543213,0,0,0.999168276786804,NA,"Craugastor_omoaensis","Dendropsophus_microcephalus",1,"generalist","",28,32,"",NA,0
-57.0595638729999,1.97864703500005,0,1.19261778763757e-06,267.289672851562,0.00301486533135176,0.999073565006256,0.829776585102081,31.4582061767578,0,0,1,NA,"Craugastor_omoaensis","Dendropsophus_microcephalus",1,"generalist","",28,32,"",NA,0
-56.0595638729999,1.97864703500005,8.7837821638459e-07,9.48403430811595e-06,368.936279296875,0.00265626749023795,0.690959513187408,0.518204689025879,31.0307807922363,0,0,0.637522339820862,NA,"Craugastor_omoaensis","Dendropsophus_microcephalus",1,"generalist","",28,32,"",NA,0
-55.0595638729999,1.97864703500005,1.60069966170795e-08,2.8067682933397e-07,377.163024902344,0.00101665570400655,0.984943091869354,0.428487867116928,30.8155078887939,0,0,0.98671281337738,NA,"Craugastor_omoaensis","Dendropsophus_microcephalus",1,"generalist","",28,32,"",NA,0
-54.0595638729999,1.97864703500005,1.24285923774892e-08,5.13263493928662e-08,285.932250976562,0.000491658807732165,0.99924224615097,0.786713719367981,30.8873023986816,0,0,0.999878227710724,NA,"Craugastor_omoaensis","Dendropsophus_microcephalus",1,"generalist","",28,32,"",NA,0
-53.0595638729999,1.97864703500005,2.26490631805021e-10,1.4989736030202e-07,241.822036743164,0.000952259986661375,0.999828100204468,0.398898065090179,30.8028202056885,0,0,1,NA,"Craugastor_omoaensis","Dendropsophus_microcephalus",1,"generalist","",28,32,"",NA,0
-80.0595638729999,0.978647035000051,0.000225386436795816,0.00364910252392292,152.513702392578,0.020705746486783,0.295332193374634,2.2059326171875,-7481.30322265625,0,0,0.00835201982408762,1,"Craugastor_omoaensis","Rhinella_horribilis",1,"generalist","specialist",106.25,241,"",NA,0
-80.0595638729999,0.978647035000051,0.000225386436795816,0.00364910252392292,152.513702392578,0.020705746486783,0.295332193374634,2.2059326171875,-7481.30322265625,0,0,0.00835201982408762,1,"Craugastor_omoaensis","Trachycephalus_vermiculatus",1,"generalist","specialist",56.9,105,"",NA,0
-79.0595638729999,0.978647035000051,8.98655562195927e-05,0.000961981306318194,284.790771484375,0.0747270360589027,0.679332077503204,4.50527620315552,-2110.07250976562,0,0,0.369130402803421,1,"Craugastor_omoaensis","Leptodactylus_melanonotus",1,"generalist","",NA,58,"",NA,0
-79.0595638729999,0.978647035000051,8.98655562195927e-05,0.000961981306318194,284.790771484375,0.0747270360589027,0.679332077503204,4.50527620315552,-2110.07250976562,0,0,0.369130402803421,1,"Craugastor_omoaensis","Lithobates_vaillanti",1,NA,NA,NA,NA,NA,NA,NA
-79.0595638729999,0.978647035000051,8.98655562195927e-05,0.000961981306318194,284.790771484375,0.0747270360589027,0.679332077503204,4.50527620315552,-2110.07250976562,0,0,0.369130402803421,1,"Craugastor_omoaensis","Rhinella_horribilis",1,"generalist","specialist",106.25,241,"",NA,0
-79.0595638729999,0.978647035000051,8.98655562195927e-05,0.000961981306318194,284.790771484375,0.0747270360589027,0.679332077503204,4.50527620315552,-2110.07250976562,0,0,0.369130402803421,1,"Craugastor_omoaensis","Trachycephalus_vermiculatus",1,"generalist","specialist",56.9,105,"",NA,0
-78.0595638729999,0.978647035000051,0.0173085853457451,0.00376923964358866,1967.24609375,0.0309319980442524,0.691592931747437,7.30106067657471,-15.736946105957,0,0,0.544480502605438,1,"Craugastor_omoaensis","Leptodactylus_melanonotus",1,"generalist","",NA,58,"",NA,0
-78.0595638729999,0.978647035000051,0.0173085853457451,0.00376923964358866,1967.24609375,0.0309319980442524,0.691592931747437,7.30106067657471,-15.736946105957,0,0,0.544480502605438,1,"Craugastor_omoaensis","Lithobates_vaillanti",1,NA,NA,NA,NA,NA,NA,NA
-78.0595638729999,0.978647035000051,0.0173085853457451,0.00376923964358866,1967.24609375,0.0309319980442524,0.691592931747437,7.30106067657471,-15.736946105957,0,0,0.544480502605438,1,"Craugastor_omoaensis","Rhinella_horribilis",1,"generalist","specialist",106.25,241,"",NA,0
-78.0595638729999,0.978647035000051,0.0173085853457451,0.00376923964358866,1967.24609375,0.0309319980442524,0.691592931747437,7.30106067657471,-15.736946105957,0,0,0.544480502605438,1,"Craugastor_omoaensis","Trachycephalus_vermiculatus",1,"generalist","specialist",56.9,105,"",NA,0
-70.0595638729999,0.978647035000051,0,6.34696843917482e-05,194.792877197266,0.0256449077278376,0.990109860897064,0.981700420379639,30.0729999542236,0,0,0.99996954202652,NA,"Craugastor_omoaensis","Dendropsophus_microcephalus",1,"generalist","",28,32,"",NA,0
-69.0595638729999,0.978647035000051,0,2.0110841433052e-05,144.331344604492,0.00982395652681589,0.989846169948578,0.37235364317894,31.015287399292,0,0,1,NA,"Craugastor_omoaensis","Dendropsophus_microcephalus",1,"generalist","",28,32,"",NA,0
-68.0595638729999,0.978647035000051,0,1.56879195856163e-05,112.652626037598,0.00503935478627682,0.990236163139343,0.0182140488177538,31.3715038299561,0,0,1,NA,"Craugastor_omoaensis","Dendropsophus_microcephalus",1,"generalist","",28,32,"",NA,0
-67.0595638729999,0.978647035000051,0,1.62878204719163e-05,104.310554504395,0.0111898621544242,0.978912711143494,0.114422515034676,31.7041397094727,0,0,1,NA,"Craugastor_omoaensis","Dendropsophus_microcephalus",1,"generalist","",28,32,"",NA,0
-66.0595638729999,0.978647035000051,0,5.44760996490368e-06,358.277069091797,0.00322701106779277,0.981958150863647,0.0208711102604866,30.7492256164551,0,0,1,1,"Craugastor_omoaensis","Dendropsophus_microcephalus",1,"generalist","",28,32,"",NA,0
-65.0595638729999,0.978647035000051,0,1.05438523689827e-07,398.352661132812,0.00419002585113049,0.998187661170959,0.00757848098874092,30.7478637695312,0,0,1,1,"Craugastor_omoaensis","Dendropsophus_microcephalus",1,"generalist","",28,32,"",NA,0
-64.0595638729999,0.978647035000051,6.63699406544538e-09,3.28170187913202e-07,180.943084716797,0.0240436065942049,0.979950249195099,0.00622903415933251,31.5881195068359,0,0,1,1,"Craugastor_omoaensis","Dendropsophus_microcephalus",1,"generalist","",28,32,"",NA,0
-63.0595638729999,0.978647035000051,1.27272119243571e-06,2.50917946686968e-06,165.542877197266,0.016747148707509,0.891883850097656,0.000118037998618092,31.8076782226562,0,0,0.921491026878357,1,"Craugastor_omoaensis","Dendropsophus_microcephalus",1,"generalist","",28,32,"",NA,0
-62.0595638729999,0.978647035000051,3.23618145614546e-08,1.17352192319231e-05,78.1381530761719,0.00520887784659863,0.84257036447525,0.000705539947375655,31.8506984710693,0,0,0.941602408885956,1,"Craugastor_omoaensis","Dendropsophus_microcephalus",1,"generalist","",28,32,"",NA,0
-61.0595638729999,0.978647035000051,2.25405747187324e-05,3.65512132702861e-05,59.1744155883789,0.0881583914160728,0.715280950069427,0.194001972675323,31.8085918426514,0,0,0.85257089138031,1,"Craugastor_omoaensis","Dendropsophus_microcephalus",1,"generalist","",28,32,"",NA,0
-60.0595638729999,0.978647035000051,2.9616985557368e-06,0.00056939385831356,134.974960327148,0.215987265110016,0.847855746746063,1.0062974691391,31.5820617675781,0,0,0.960884153842926,1,"Craugastor_omoaensis","Dendropsophus_microcephalus",1,"generalist","",28,32,"",NA,0
-59.0595638729999,0.978647035000051,4.64866189986424e-08,5.29351491422858e-05,275.776977539062,0.0434674359858036,0.974449157714844,0.258368015289307,31.2135696411133,0,0,0.996799468994141,NA,"Craugastor_omoaensis","Dendropsophus_microcephalus",1,"generalist","",28,32,"",NA,0
-58.0595638729999,0.978647035000051,0,7.75785508722038e-07,350.0185546875,0.00135095196310431,0.999251842498779,0.219569623470306,31.3019256591797,0,0,0.999953806400299,NA,"Craugastor_omoaensis","Dendropsophus_microcephalus",1,"generalist","",28,32,"",NA,0
-57.0595638729999,0.978647035000051,0,4.16259325675128e-07,262.368194580078,0.000849983829539269,0.996622145175934,0.230694010853767,31.4468402862549,0,0,1,NA,"Craugastor_omoaensis","Dendropsophus_microcephalus",1,"generalist","",28,32,"",NA,0
-56.0595638729999,0.978647035000051,5.87744443691918e-06,4.63757316992996e-07,329.602630615234,0.00108614936470985,0.91645210981369,0.406856119632721,31.176549911499,0,0,0.955735146999359,NA,"Craugastor_omoaensis","Dendropsophus_microcephalus",1,"generalist","",28,32,"",NA,0
-55.0595638729999,0.978647035000051,1.07106743030272e-07,1.37686652124103e-06,372.611480712891,0.0011612456291914,0.994375288486481,0.605327606201172,31.0366497039795,0,0,0.999054789543152,NA,"Craugastor_omoaensis","Dendropsophus_microcephalus",1,"generalist","",28,32,"",NA,0
-54.0595638729999,0.978647035000051,0,3.21896536092936e-08,337.597961425781,0.0012541163014248,0.996930181980133,0.0918595716357231,31.0364208221436,0,0,0.999997496604919,NA,"Craugastor_omoaensis","Dendropsophus_microcephalus",1,"generalist","",28,32,"",NA,0
-53.0595638729999,0.978647035000051,0,6.83801954437513e-06,282.172912597656,0.00182280538138002,0.996701061725616,0.689770758152008,31.0664539337158,0,0,1,NA,"Craugastor_omoaensis","Dendropsophus_microcephalus",1,"generalist","",28,32,"",NA,0
-80.0595638729999,-0.0213529649999487,0.000962925492785871,0.00202136510051787,210.321258544922,0.0478945933282375,0.430740118026733,6.13158512115479,-3205.91772460938,0,0,0.00518439011648297,1,"Craugastor_omoaensis","Rhinella_horribilis",1,"generalist","specialist",106.25,241,"",NA,0
-80.0595638729999,-0.0213529649999487,0.000962925492785871,0.00202136510051787,210.321258544922,0.0478945933282375,0.430740118026733,6.13158512115479,-3205.91772460938,0,0,0.00518439011648297,1,"Craugastor_omoaensis","Trachycephalus_vermiculatus",1,"generalist","specialist",56.9,105,"",NA,0
-79.0595638729999,-0.0213529649999487,0.0041958880610764,0.00969758816063404,1025.05029296875,0.0586764626204967,0.802723228931427,8.23611545562744,-68.5107498168945,0.00167040387168527,0.00334080774337053,0.281660556793213,1,"Craugastor_omoaensis","Leptodactylus_melanonotus",1,"generalist","",NA,58,"",NA,0
-79.0595638729999,-0.0213529649999487,0.0041958880610764,0.00969758816063404,1025.05029296875,0.0586764626204967,0.802723228931427,8.23611545562744,-68.5107498168945,0.00167040387168527,0.00334080774337053,0.281660556793213,1,"Craugastor_omoaensis","Lithobates_vaillanti",1,NA,NA,NA,NA,NA,NA,NA
-79.0595638729999,-0.0213529649999487,0.0041958880610764,0.00969758816063404,1025.05029296875,0.0586764626204967,0.802723228931427,8.23611545562744,-68.5107498168945,0.00167040387168527,0.00334080774337053,0.281660556793213,1,"Craugastor_omoaensis","Rhinella_horribilis",1,"generalist","specialist",106.25,241,"",NA,0
-79.0595638729999,-0.0213529649999487,0.0041958880610764,0.00969758816063404,1025.05029296875,0.0586764626204967,0.802723228931427,8.23611545562744,-68.5107498168945,0.00167040387168527,0.00334080774337053,0.281660556793213,1,"Craugastor_omoaensis","Trachycephalus_vermiculatus",1,"generalist","specialist",56.9,105,"",NA,0
-78.0595638729999,-0.0213529649999487,0.0258879121392965,0.0281520150601864,2763.62622070312,0.0136948497965932,0.558970332145691,7.98591136932373,19.0933666229248,0.0534833669662476,0.0251169390976429,0.428527176380157,1,"Craugastor_omoaensis","Rhinella_horribilis",1,"generalist","specialist",106.25,241,"",NA,0
-70.0595638729999,-0.0213529649999487,0,1.20041622722056e-05,162.789352416992,0.0152318999171257,0.995911717414856,0.105718404054642,30.1257934570312,0,0,0.999999344348907,1,"Craugastor_omoaensis","Dendropsophus_microcephalus",1,"generalist","",28,32,"",NA,0
-69.0595638729999,-0.0213529649999487,0,4.90075672132662e-06,133.7158203125,0.00391077110543847,0.990683972835541,0.0511149689555168,30.7734622955322,0,0,1,1,"Craugastor_omoaensis","Dendropsophus_microcephalus",1,"generalist","",28,32,"",NA,0
-68.0595638729999,-0.0213529649999487,0,5.32821968590724e-06,102.017166137695,0.00150076858699322,0.980354487895966,0.0552142895758152,31.2340545654297,0,0,1,1,"Craugastor_omoaensis","Dendropsophus_microcephalus",1,"generalist","",28,32,"",NA,0
-67.0595638729999,-0.0213529649999487,0,0.000193556566955522,97.9490966796875,0.0143696265295148,0.97431743144989,0.159907639026642,31.4216823577881,0,0,1,1,"Craugastor_omoaensis","Dendropsophus_microcephalus",1,"generalist","",28,32,"",NA,0
-66.0595638729999,-0.0213529649999487,0,7.14096768206218e-06,111.745071411133,0.00350537360645831,0.963521242141724,0.0570078827440739,31.5772647857666,0,0,0.989977598190308,1,"Craugastor_omoaensis","Dendropsophus_microcephalus",1,"generalist","",28,32,"",NA,0
-65.0595638729999,-0.0213529649999487,0,5.38231615792029e-05,99.8422698974609,0.00878332462161779,0.956900894641876,0.183628752827644,31.6592292785645,0,0,0.986454129219055,1,"Craugastor_omoaensis","Dendropsophus_microcephalus",1,"generalist","",28,32,"",NA,0
-64.0595638729999,-0.0213529649999487,0,2.68676249106647e-05,55.6321563720703,0.00855789240449667,0.887669146060944,0.0175866391509771,31.8819446563721,0,0,0.96801882982254,1,"Craugastor_omoaensis","Dendropsophus_microcephalus",1,"generalist","",28,32,"",NA,0
-63.0595638729999,-0.0213529649999487,7.79082711233059e-07,3.74241280951537e-05,48.0272789001465,0.0325485877692699,0.760844469070435,0.0811207443475723,31.9695739746094,0,0,0.924295961856842,1,"Craugastor_omoaensis","Dendropsophus_microcephalus",1,"generalist","",28,32,"",NA,0
-62.0595638729999,-0.0213529649999487,3.04365471492929e-07,8.63229979586322e-06,46.1677055358887,0.00327015132643282,0.827987313270569,0.00148186949081719,31.8490619659424,0,0,0.887206673622131,1,"Craugastor_omoaensis","Dendropsophus_microcephalus",1,"generalist","",28,32,"",NA,0
-61.0595638729999,-0.0213529649999487,7.63405960668706e-09,8.6490050307475e-05,54.0837516784668,0.0283211302012205,0.90438449382782,0.196784764528275,31.7310466766357,0,0,0.994990825653076,1,"Craugastor_omoaensis","Dendropsophus_microcephalus",1,"generalist","",28,32,"",NA,0
-60.0595638729999,-0.0213529649999487,5.29040207197795e-08,4.88385558128357e-05,132.682754516602,0.0203885845839977,0.991589486598969,0.487034052610397,31.5052757263184,0,0,0.999287664890289,1,"Craugastor_omoaensis","Dendropsophus_microcephalus",1,"generalist","",28,32,"",NA,0
-59.0595638729999,-0.0213529649999487,9.63309543244861e-10,1.73785542756377e-06,195.76481628418,0.00244219833984971,0.997722923755646,0.648823738098145,31.4385414123535,0,0,0.999953389167786,NA,"Craugastor_omoaensis","Dendropsophus_microcephalus",1,"generalist","",28,32,"",NA,0
-58.0595638729999,-0.0213529649999487,5.9604923308143e-07,4.12355518619734e-08,209.737899780273,0.00166288088075817,0.997487127780914,0.0742331743240356,31.4179801940918,0,0,0.999999344348907,NA,"Craugastor_omoaensis","Dendropsophus_microcephalus",1,"generalist","",28,32,"",NA,0
-57.0595638729999,-0.0213529649999487,1.08620161753947e-08,8.57943405208061e-09,191.293243408203,0.000728022365365177,0.993769705295563,0.0833418220281601,31.3222122192383,0,0,1,1,"Craugastor_omoaensis","Dendropsophus_microcephalus",1,"generalist","",28,32,"",NA,0
-56.0595638729999,-0.0213529649999487,1.21490600690777e-07,9.33933961277944e-07,275.050811767578,0.00107610563281924,0.990530371665955,0.522806882858276,31.1695041656494,0,0,0.999238014221191,1,"Craugastor_omoaensis","Dendropsophus_microcephalus",1,"generalist","",28,32,"",NA,0
-55.0595638729999,-0.0213529649999487,2.21396612154479e-09,4.53586288529095e-08,418.829010009766,0.000773114035837352,0.998995125293732,1.15280961990356,30.9306106567383,0,0,0.999986112117767,NA,"Craugastor_omoaensis","Dendropsophus_microcephalus",1,"generalist","",28,32,"",NA,0
-54.0595638729999,-0.0213529649999487,3.20353279903429e-07,1.76600551071715e-07,291.263397216797,0.000959613011218607,0.99600213766098,0.235831409692764,31.1492233276367,0,0,1,NA,"Craugastor_omoaensis","Dendropsophus_microcephalus",1,"generalist","",28,32,"",NA,0
-53.0595638729999,-0.0213529649999487,5.83791104347142e-09,2.63522792920412e-06,193.599899291992,0.00211291527375579,0.99498838186264,0.376467972993851,31.2409534454346,0,0,1,NA,"Craugastor_omoaensis","Dendropsophus_microcephalus",1,"generalist","",28,32,"",NA,0
-51.0595638729999,-0.0213529649999487,0.00198869756422937,0.00394897442311049,18.0834197998047,0.0310872308909893,0.534411251544952,3.57427096366882,-908.241027832031,0.00334080774337053,0,0.400920748710632,1,"Craugastor_omoaensis","Dendropsophus_microcephalus",1,"generalist","",28,32,"",NA,0
-50.0595638729999,-0.0213529649999487,0.00221365410834551,0.000137951210490428,9.44921779632568,0.0231554824858904,0.493545174598694,1.3445633649826,-1747.24670410156,6.08807204116601e-05,0,0.442687541246414,1,"Craugastor_omoaensis","Dendropsophus_microcephalus",1,"generalist","",28,32,"",NA,0
-49.0595638729999,-0.0213529649999487,0.0237436052411795,5.45073316970957e-06,4.60856580734253,0.00707542803138494,0.0723822340369225,1.5413715839386,-5599.84765625,0,0,0.0162916164845228,1,"Craugastor_omoaensis","Dendropsophus_microcephalus",1,"generalist","",28,32,"",NA,0
-48.0595638729999,-0.0213529649999487,0.00542472675442696,1.79619621576421e-06,2.87612462043762,0.000800634908955544,0.0121041741222143,0.166695058345795,-9429.0654296875,0,0,0.000152201799210161,1,"Craugastor_omoaensis","Dendropsophus_microcephalus",1,"generalist","",28,32,"",NA,0
-81.0595638729999,-1.02135296499995,0.00212058098986745,0.00880234874784946,199.585586547852,0.00375784607604146,0.0773330181837082,2.0048668384552,-7965.0615234375,0.00334080774337053,0,0,1,"Craugastor_omoaensis","Rhinella_horribilis",1,"generalist","specialist",106.25,241,"",NA,0
-81.0595638729999,-1.02135296499995,0.00212058098986745,0.00880234874784946,199.585586547852,0.00375784607604146,0.0773330181837082,2.0048668384552,-7965.0615234375,0.00334080774337053,0,0,1,"Craugastor_omoaensis","Trachycephalus_vermiculatus",1,"generalist","specialist",56.9,105,"",NA,0
-80.0595638729999,-1.02135296499995,0.0318179279565811,0.00833628140389919,140.888580322266,0.0521499179303646,0.461654663085938,11.6431999206543,-264.07177734375,0.00340168853290379,0.0818497911095619,0.000103906997537706,1,"Craugastor_omoaensis","Rhinella_horribilis",1,"generalist","specialist",106.25,241,"",NA,0
-80.0595638729999,-1.02135296499995,0.0318179279565811,0.00833628140389919,140.888580322266,0.0521499179303646,0.461654663085938,11.6431999206543,-264.07177734375,0.00340168853290379,0.0818497911095619,0.000103906997537706,1,"Craugastor_omoaensis","Trachycephalus_vermiculatus",1,"generalist","specialist",56.9,105,"",NA,0
-79.0595638729999,-1.02135296499995,0.0409980230033398,0.0168549027293921,1921.21691894531,0.0428949259221554,0.458482444286346,10.8601808547974,20.0145606994629,0.0268219783902168,0.0667065978050232,0.0825207233428955,1,"Craugastor_omoaensis","Leptodactylus_melanonotus",1,"generalist","",NA,58,"",NA,0
-79.0595638729999,-1.02135296499995,0.0409980230033398,0.0168549027293921,1921.21691894531,0.0428949259221554,0.458482444286346,10.8601808547974,20.0145606994629,0.0268219783902168,0.0667065978050232,0.0825207233428955,1,"Craugastor_omoaensis","Rhinella_horribilis",1,"generalist","specialist",106.25,241,"",NA,0
-79.0595638729999,-1.02135296499995,0.0409980230033398,0.0168549027293921,1921.21691894531,0.0428949259221554,0.458482444286346,10.8601808547974,20.0145606994629,0.0268219783902168,0.0667065978050232,0.0825207233428955,1,"Craugastor_omoaensis","Trachycephalus_vermiculatus",1,"generalist","specialist",56.9,105,"",NA,0
-69.0595638729999,-1.02135296499995,0,1.09097491076682e-05,127.470832824707,0.00242118770256639,0.989481329917908,0.000940314377658069,30.7972202301025,0,0,1,1,"Craugastor_omoaensis","Dendropsophus_microcephalus",1,"generalist","",28,32,"",NA,0
-68.0595638729999,-1.02135296499995,0,4.92212393510272e-07,99.4418258666992,0.000501688686199486,0.993220448493958,0.00176831404678524,30.96435546875,0,0,1,1,"Craugastor_omoaensis","Dendropsophus_microcephalus",1,"generalist","",28,32,"",NA,0
-67.0595638729999,-1.02135296499995,0,4.01016677642474e-06,83.7164459228516,0.000979492790065706,0.986951053142548,0.00327993021346629,31.1640758514404,0,0,1,1,"Craugastor_omoaensis","Dendropsophus_microcephalus",1,"generalist","",28,32,"",NA,0
-66.0595638729999,-1.02135296499995,0,2.13396688764078e-07,74.3754425048828,0.00106224301271141,0.991435110569,0.0401567332446575,31.5166568756104,0,0,0.999792158603668,1,"Craugastor_omoaensis","Dendropsophus_microcephalus",1,"generalist","",28,32,"",NA,0
-65.0595638729999,-1.02135296499995,0,1.23717154565384e-06,65.1438446044922,0.00220851600170135,0.980971574783325,0.129244431853294,31.6890335083008,0,0,0.999719142913818,1,"Craugastor_omoaensis","Dendropsophus_microcephalus",1,"generalist","",28,32,"",NA,0
-64.0595638729999,-1.02135296499995,0,5.59143131795281e-07,56.8777732849121,0.000926606357097626,0.968753218650818,0.0180161856114864,31.7761878967285,0,0,0.999336898326874,1,"Craugastor_omoaensis","Dendropsophus_microcephalus",1,"generalist","",28,32,"",NA,0
-63.0595638729999,-1.02135296499995,1.56070694146138e-08,0.000102720172435511,44.9698371887207,0.0274251159280539,0.872838139533997,0.182058542966843,31.8147068023682,0,0,0.963385581970215,1,"Craugastor_omoaensis","Dendropsophus_microcephalus",1,"generalist","",28,32,"",NA,0
-62.0595638729999,-1.02135296499995,6.3010179296441e-09,2.44444327108795e-05,40.1243934631348,0.030192781239748,0.836856365203857,0.0280478522181511,31.7828426361084,0,0,0.92187887430191,1,"Craugastor_omoaensis","Dendropsophus_microcephalus",1,"generalist","",28,32,"",NA,0
-61.0595638729999,-1.02135296499995,1.09642718515435e-10,4.66362052975455e-06,63.3846817016602,0.00625206856057048,0.985024034976959,0.237496584653854,31.6650314331055,0,0,0.998588502407074,1,"Craugastor_omoaensis","Dendropsophus_microcephalus",1,"generalist","",28,32,"",NA,0
-60.0595638729999,-1.02135296499995,1.85403749242141e-07,9.10392482182942e-05,107.56770324707,0.0195148065686226,0.88533353805542,0.912798643112183,31.601770401001,0,0,0.941535890102386,1,"Craugastor_omoaensis","Dendropsophus_microcephalus",1,"generalist","",28,32,"",NA,0
-59.0595638729999,-1.02135296499995,3.37867800404013e-09,1.65762833148619e-06,130.880096435547,0.00200200476683676,0.993472754955292,0.883154988288879,31.6650371551514,0,0,0.99893456697464,NA,"Craugastor_omoaensis","Dendropsophus_microcephalus",1,"generalist","",28,32,"",NA,0
-58.0595638729999,-1.02135296499995,1.71131921433698e-06,4.71322846351541e-06,138.969375610352,0.006696542724967,0.994026839733124,0.707085430622101,31.5862331390381,0,0,1,NA,"Craugastor_omoaensis","Dendropsophus_microcephalus",1,"generalist","",28,32,"",NA,0
-57.0595638729999,-1.02135296499995,3.1185972915182e-08,5.3408966778079e-06,105.519111633301,0.00747563736513257,0.976273775100708,0.12709091603756,31.5552730560303,0,0,1,1,"Craugastor_omoaensis","Dendropsophus_microcephalus",1,"generalist","",28,32,"",NA,0
-56.0595638729999,-1.02135296499995,8.33253011478519e-07,0.000138992952997796,143.451110839844,0.0804544687271118,0.937897801399231,0.652734994888306,31.4865779876709,0,0,0.983295977115631,1,"Craugastor_omoaensis","Dendropsophus_microcephalus",1,"generalist","",28,32,"",NA,0
-55.0595638729999,-1.02135296499995,2.18656623474089e-07,7.63276784709888e-06,289.306610107422,0.0815516859292984,0.959575951099396,1.11523020267487,31.3368244171143,0,0,0.974639534950256,NA,"Craugastor_omoaensis","Dendropsophus_microcephalus",1,"generalist","",28,32,"",NA,0
-54.0595638729999,-1.02135296499995,1.05865456134779e-05,5.62041095690802e-05,311.300170898438,0.123502746224403,0.912643849849701,1.43926239013672,31.2993030548096,0,0,0.854218244552612,NA,"Craugastor_omoaensis","Dendropsophus_microcephalus",1,"generalist","",28,32,"",NA,0
-53.0595638729999,-1.02135296499995,1.51021968122222e-05,0.000324310007272288,159.502365112305,0.130441218614578,0.937148988246918,0.088834285736084,31.436372756958,0,0,0.977306842803955,NA,"Craugastor_omoaensis","Dendropsophus_microcephalus",1,"generalist","",28,32,"",NA,0
-52.0595638729999,-1.02135296499995,0.000164032288012095,0.000476393208373338,38.2895126342773,0.0965437963604927,0.750698626041412,1.43104767799377,31.5266857147217,0,0,0.794286847114563,1,"Craugastor_omoaensis","Dendropsophus_microcephalus",1,"generalist","",28,32,"",NA,0
-51.0595638729999,-1.02135296499995,4.26167716796044e-05,0.000100117060355842,17.8216533660889,0.0158634148538113,0.855368554592133,1.90490031242371,6.89949369430542,6.92713292664848e-05,0,0.875524520874023,1,"Craugastor_omoaensis","Dendropsophus_microcephalus",1,"generalist","",28,32,"",NA,0
-50.0595638729999,-1.02135296499995,4.58431895822287e-05,4.57482419733424e-05,19.8765335083008,0.0319093130528927,0.95989203453064,2.20186543464661,-3.42480611801147,1.26235590869328e-06,0,0.981809139251709,1,"Craugastor_omoaensis","Dendropsophus_microcephalus",1,"generalist","",28,32,"",NA,0
-49.0595638729999,-1.02135296499995,0.00728348456323147,0.000987467472441494,7.82153654098511,0.0298226028680801,0.323050230741501,3.58705282211304,-678.669799804688,0,0,0.283373206853867,1,"Craugastor_omoaensis","Dendropsophus_microcephalus",1,"generalist","",28,32,"",NA,0
-48.0595638729999,-1.02135296499995,0.000454216497018933,0.0164703745394945,20.5714168548584,0.214166402816772,0.472600191831589,7.18885850906372,-1749.26232910156,0.0267264619469643,0,0.158520326018333,1,"Craugastor_omoaensis","Dendropsophus_microcephalus",1,"generalist","",28,32,"",NA,0
-47.0595638729999,-1.02135296499995,0.00133873184677213,0.00342012057080865,32.7109642028809,0.23005111515522,0.407829642295837,5.3621039390564,-1544.07702636719,0.000487045763293281,0,0.0362085923552513,1,"Craugastor_omoaensis","Dendropsophus_microcephalus",1,"generalist","",28,32,"",NA,0
-46.0595638729999,-1.02135296499995,0.000837013591080904,0.000769734790083021,19.8752002716064,0.0784970968961716,0.220536112785339,2.09198212623596,-4743.3779296875,0,0,0.0223240572959185,1,"Craugastor_omoaensis","Dendropsophus_microcephalus",1,"generalist","",28,32,"",NA,0
-81.0595638729999,-2.02135296499995,0.00569374579936266,0.00807051919400692,143.873138427734,0.00383466691710055,0.116070456802845,1.92789232730865,-7245.0361328125,0.00508048292249441,0.0534529238939285,0.0167040396481752,1,"Craugastor_omoaensis","Rhinella_horribilis",1,"generalist","specialist",106.25,241,"",NA,0
-81.0595638729999,-2.02135296499995,0.00569374579936266,0.00807051919400692,143.873138427734,0.00383466691710055,0.116070456802845,1.92789232730865,-7245.0361328125,0.00508048292249441,0.0534529238939285,0.0167040396481752,1,"Craugastor_omoaensis","Trachycephalus_vermiculatus",1,"generalist","specialist",56.9,105,"",NA,0
-80.0595638729999,-2.02135296499995,0.152325123548508,0.0242560040205717,78.2344970703125,0.0369250029325485,0.319006264209747,10.6456928253174,-119.934638977051,0.0285587217658758,0.221494153141975,0.00197480758652091,1,"Craugastor_omoaensis","Rhinella_horribilis",1,"generalist","specialist",106.25,241,"",NA,0
-80.0595638729999,-2.02135296499995,0.152325123548508,0.0242560040205717,78.2344970703125,0.0369250029325485,0.319006264209747,10.6456928253174,-119.934638977051,0.0285587217658758,0.221494153141975,0.00197480758652091,1,"Craugastor_omoaensis","Trachycephalus_vermiculatus",1,"generalist","specialist",56.9,105,"",NA,0
-79.0595638729999,-2.02135296499995,0.0602228790521622,0.0121357683092356,1907.40124511719,0.0252836961299181,0.313810557126999,9.20616817474365,22.9776363372803,0.014436149969697,0.0487999059259892,0.0216685272753239,1,"Craugastor_omoaensis","Leptodactylus_melanonotus",1,"generalist","",NA,58,"",NA,0
-79.0595638729999,-2.02135296499995,0.0602228790521622,0.0121357683092356,1907.40124511719,0.0252836961299181,0.313810557126999,9.20616817474365,22.9776363372803,0.014436149969697,0.0487999059259892,0.0216685272753239,1,"Craugastor_omoaensis","Rhinella_horribilis",1,"generalist","specialist",106.25,241,"",NA,0
-79.0595638729999,-2.02135296499995,0.0602228790521622,0.0121357683092356,1907.40124511719,0.0252836961299181,0.313810557126999,9.20616817474365,22.9776363372803,0.014436149969697,0.0487999059259892,0.0216685272753239,1,"Craugastor_omoaensis","Trachycephalus_vermiculatus",1,"generalist","specialist",56.9,105,"",NA,0
-69.0595638729999,-2.02135296499995,2.39417308200984e-09,1.64863058671472e-06,116.63111114502,0.0044848476536572,0.97688090801239,0.0390214808285236,30.9010982513428,0,0,1,1,"Craugastor_omoaensis","Dendropsophus_microcephalus",1,"generalist","",28,32,"",NA,0
-68.0595638729999,-2.02135296499995,0,3.36131442679743e-08,97.3962707519531,0.00382489990442991,0.97197699546814,0.0610764436423779,31.1341686248779,0,0,0.99832957983017,1,"Craugastor_omoaensis","Dendropsophus_microcephalus",1,"generalist","",28,32,"",NA,0
-67.0595638729999,-2.02135296499995,4.44912956254484e-07,2.98335071420297e-05,72.5987930297852,0.00901748798787594,0.945291697978973,0.695066452026367,31.2982425689697,0,0,0.989947140216827,1,"Craugastor_omoaensis","Dendropsophus_microcephalus",1,"generalist","",28,32,"",NA,0
-66.0595638729999,-2.02135296499995,1.15292664304434e-06,0.00011841317609651,55.6935043334961,0.0111265610903502,0.907211899757385,1.1981452703476,31.4173221588135,0,0,0.968079686164856,1,"Craugastor_omoaensis","Dendropsophus_microcephalus",1,"generalist","",28,32,"",NA,0
-65.0595638729999,-2.02135296499995,1.73514326888835e-05,5.0735752665787e-06,60.1621360778809,0.0087189432233572,0.933086812496185,0.656391143798828,31.56125831604,0,0,0.976035952568054,1,"Craugastor_omoaensis","Dendropsophus_microcephalus",1,"generalist","",28,32,"",NA,0
-64.0595638729999,-2.02135296499995,3.15821125695948e-07,5.33141992775654e-08,63.5741348266602,0.00119914626702666,0.997622787952423,0.0941776558756828,31.6649951934814,0,0,0.999573826789856,1,"Craugastor_omoaensis","Dendropsophus_microcephalus",1,"generalist","",28,32,"",NA,0
-63.0595638729999,-2.02135296499995,0,2.12284749068203e-06,55.3991775512695,0.00299685285426676,0.99309504032135,0.016518272459507,31.7209701538086,0,0,0.999272644519806,1,"Craugastor_omoaensis","Dendropsophus_microcephalus",1,"generalist","",28,32,"",NA,0
-62.0595638729999,-2.02135296499995,0,2.61264995060628e-06,48.8606452941895,0.0108786001801491,0.976193785667419,0.00078646931797266,31.7378044128418,0,0,0.998428165912628,1,"Craugastor_omoaensis","Dendropsophus_microcephalus",1,"generalist","",28,32,"",NA,0
-61.0595638729999,-2.02135296499995,0,1.34613446789444e-06,57.1892127990723,0.00857493467628956,0.918983340263367,0.824622213840485,31.728630065918,0,0,0.946518659591675,1,"Craugastor_omoaensis","Dendropsophus_microcephalus",1,"generalist","",28,32,"",NA,0
-60.0595638729999,-2.02135296499995,8.65321562741883e-05,0.000250726763624698,99.5197525024414,0.0474971495568752,0.911550998687744,2.97819995880127,31.7104988098145,0,0,0.93934953212738,1,"Craugastor_omoaensis","Dendropsophus_microcephalus",1,"generalist","",28,32,"",NA,0
-59.0595638729999,-2.02135296499995,1.57690612923034e-06,5.77242935833056e-05,100.071784973145,0.00899943709373474,0.954978287220001,0.83925199508667,31.7108306884766,0,0,0.978867650032043,1,"Craugastor_omoaensis","Dendropsophus_microcephalus",1,"generalist","",28,32,"",NA,0
-58.0595638729999,-2.02135296499995,1.2689254617726e-05,9.53318231040612e-05,83.3360595703125,0.0258228685706854,0.948976695537567,1.07184600830078,31.7529468536377,0,0,0.981260299682617,NA,"Craugastor_omoaensis","Dendropsophus_microcephalus",1,"generalist","",28,32,"",NA,0
-57.0595638729999,-2.02135296499995,0.000247640418820083,0.000190971957636066,63.7887268066406,0.0677026435732841,0.806050896644592,1.44155192375183,31.7710418701172,0,0,0.814250349998474,1,"Craugastor_omoaensis","Dendropsophus_microcephalus",1,"generalist","",28,32,"",NA,0
-56.0595638729999,-2.02135296499995,0.00077275512740016,0.00116845860611647,46.4436454772949,0.162413537502289,0.58587110042572,1.85272133350372,31.6981182098389,0,0,0.47176793217659,1,"Craugastor_omoaensis","Dendropsophus_microcephalus",1,"generalist","",28,32,"",NA,0
-55.0595638729999,-2.02135296499995,0.000601798936259001,0.00351112172938883,34.3866882324219,0.212501809000969,0.442421317100525,2.96398138999939,31.7128162384033,0.00334080774337053,0,0.199814826250076,1,"Craugastor_omoaensis","Dendropsophus_microcephalus",1,"generalist","",28,32,"",NA,0
-54.0595638729999,-2.02135296499995,0.00181776925455779,0.000918511184863746,53.1926574707031,0.227788582444191,0.468914240598679,2.23999166488647,31.7488212585449,6.08807204116601e-05,0,0.18913708627224,1,"Craugastor_omoaensis","Dendropsophus_microcephalus",1,"generalist","",28,32,"",NA,0
-53.0595638729999,-2.02135296499995,0.00114894786383957,0.000139643234433606,54.1031608581543,0.0633912459015846,0.714827239513397,0.956497490406036,31.7353096008301,0,0,0.63595587015152,1,"Craugastor_omoaensis","Dendropsophus_microcephalus",1,"generalist","",28,32,"",NA,0
-52.0595638729999,-2.02135296499995,6.98221920174547e-05,0.000117039759061299,37.6259117126465,0.0927611663937569,0.764072179794312,1.26521694660187,31.7762584686279,0,0,0.817353248596191,1,"Craugastor_omoaensis","Dendropsophus_microcephalus",1,"generalist","",28,32,"",NA,0
-51.0595638729999,-2.02135296499995,1.52751763380365e-05,0.000144444798934273,28.2303924560547,0.093772865831852,0.869615137577057,1.45555007457733,31.7690315246582,0,0,0.936072170734406,1,"Craugastor_omoaensis","Dendropsophus_microcephalus",1,"generalist","",28,32,"",NA,0
-50.0595638729999,-2.02135296499995,2.83215172203199e-06,0.000426508922828361,20.0435409545898,0.158105581998825,0.806413471698761,2.83123111724854,-184.918411254883,0,0,0.803352415561676,1,"Craugastor_omoaensis","Dendropsophus_microcephalus",1,"generalist","",28,32,"",NA,0
-49.0595638729999,-2.02135296499995,0.000254345970461145,0.00234173354692757,18.1902484893799,0.235801354050636,0.699061393737793,4.04457712173462,-401.739562988281,0.00334080774337053,0,0.621186256408691,1,"Craugastor_omoaensis","Dendropsophus_microcephalus",1,"generalist","",28,32,"",NA,0
-48.0595638729999,-2.02135296499995,0.000173069900483824,0.00194834626745433,38.0359725952148,0.418080359697342,0.75797027349472,5.35807037353516,-8.6857328414917,0.000615051365457475,0,0.430175930261612,1,"Craugastor_omoaensis","Dendropsophus_microcephalus",1,"generalist","",28,32,"",NA,0
-47.0595638729999,-2.02135296499995,0.000219876281335019,0.00190334941726178,66.6286239624023,0.385864794254303,0.545661211013794,4.42448759078979,3.4413046836853,1.00988472695462e-05,0,0.175370827317238,1,"Craugastor_omoaensis","Dendropsophus_microcephalus",1,"generalist","",28,32,"",NA,0
-46.0595638729999,-2.02135296499995,5.21104157087393e-05,0.00127894442994148,47.8870124816895,0.266230046749115,0.439360469579697,5.63882064819336,-62.7282524108887,0,0,0.128787219524384,1,"Craugastor_omoaensis","Dendropsophus_microcephalus",1,"generalist","",28,32,"",NA,0
-80.0595638729999,-3.02135296499995,0.00837671663612127,0.00924279168248177,267.705749511719,0.0149502558633685,0.251912742853165,4.78497266769409,-3154.86254882812,0.00727231567725539,0.0162502974271774,0.0117337750270963,1,"Craugastor_omoaensis","Rhinella_horribilis",1,"generalist","specialist",106.25,241,"",NA,0
-80.0595638729999,-3.02135296499995,0.00837671663612127,0.00924279168248177,267.705749511719,0.0149502558633685,0.251912742853165,4.78497266769409,-3154.86254882812,0.00727231567725539,0.0162502974271774,0.0117337750270963,1,"Craugastor_omoaensis","Trachycephalus_vermiculatus",1,"generalist","specialist",56.9,105,"",NA,0
-79.0595638729999,-3.02135296499995,0.0076281949877739,0.0107759824022651,2623.30590820312,0.0168710555881262,0.350948840379715,8.02615261077881,-33.3610076904297,0.010432000271976,0.0011962940916419,0.179362565279007,1,"Craugastor_omoaensis","Rhinella_horribilis",1,"generalist","specialist",106.25,241,"",NA,0
-69.0595638729999,-3.02135296499995,2.76510149888054e-06,0.000100764809758402,95.2950057983398,0.0151872588321567,0.958069801330566,1.59814774990082,30.9269905090332,0,0,0.994988799095154,1,"Craugastor_omoaensis","Dendropsophus_microcephalus",1,"generalist","",28,32,"",NA,0
-68.0595638729999,-3.02135296499995,4.45806290372275e-06,0.000189801939995959,84.7774505615234,0.0234795715659857,0.94248503446579,1.37952756881714,31.071008682251,0,0,0.969806790351868,1,"Craugastor_omoaensis","Dendropsophus_microcephalus",1,"generalist","",28,32,"",NA,0
-67.0595638729999,-3.02135296499995,1.12357849957334e-06,9.32739130803384e-05,72.1620483398438,0.0212242100387812,0.927212297916412,0.630420565605164,31.2020244598389,0,0,0.969176352024078,1,"Craugastor_omoaensis","Dendropsophus_microcephalus",1,"generalist","",28,32,"",NA,0
-66.0595638729999,-3.02135296499995,1.49339621202671e-05,8.43325396999717e-05,70.2101287841797,0.0121931312605739,0.95715320110321,0.961235225200653,31.3203907012939,0,0,0.983756601810455,1,"Craugastor_omoaensis","Dendropsophus_microcephalus",1,"generalist","",28,32,"",NA,0
-65.0595638729999,-3.02135296499995,1.79781982296845e-05,0.000394459872040898,58.5083389282227,0.0627233386039734,0.873960196971893,1.32063102722168,31.4716529846191,0,0,0.932412981987,1,"Craugastor_omoaensis","Dendropsophus_microcephalus",1,"generalist","",28,32,"",NA,0
-64.0595638729999,-3.02135296499995,3.24539178109262e-06,1.6525040337001e-05,53.6972961425781,0.00786140654236078,0.955650091171265,0.798720419406891,31.6254367828369,0,0,0.987080693244934,1,"Craugastor_omoaensis","Dendropsophus_microcephalus",1,"generalist","",28,32,"",NA,0
-63.0595638729999,-3.02135296499995,5.32617931980894e-08,9.01183398127614e-07,53.3575286865234,0.00773392803966999,0.951308131217957,0.0925580337643623,31.7159194946289,0,0,0.979742050170898,1,"Craugastor_omoaensis","Dendropsophus_microcephalus",1,"generalist","",28,32,"",NA,0
-62.0595638729999,-3.02135296499995,0,2.3619086277904e-06,51.0608901977539,0.0192873664200306,0.983809173107147,0.736353635787964,31.7595996856689,0,0,0.994623482227325,1,"Craugastor_omoaensis","Dendropsophus_microcephalus",1,"generalist","",28,32,"",NA,0
-61.0595638729999,-3.02135296499995,4.1955668166338e-06,0.000688698084559292,41.3305511474609,0.114657878875732,0.804168701171875,2.71868538856506,31.8026466369629,0,0,0.866838455200195,1,"Craugastor_omoaensis","Dendropsophus_microcephalus",1,"generalist","",28,32,"",NA,0
-60.0595638729999,-3.02135296499995,8.26336108730175e-05,0.0147270439192653,50.2972679138184,0.147878348827362,0.75474226474762,6.27042961120605,31.8175563812256,0.0283968672156334,0,0.760835826396942,1,"Craugastor_omoaensis","Dendropsophus_microcephalus",1,"generalist","",28,32,"",NA,0
-59.0595638729999,-3.02135296499995,9.87087769317441e-05,0.000566237838938832,50.5454559326172,0.144951209425926,0.773282945156097,2.73299050331116,31.791540145874,0.000517486128956079,0,0.779788076877594,1,"Craugastor_omoaensis","Dendropsophus_microcephalus",1,"generalist","",28,32,"",NA,0
-58.0595638729999,-3.02135296499995,0.000313866446958855,0.000924690160900354,28.4615154266357,0.13297238945961,0.685392796993256,2.11784601211548,31.8261756896973,0,0,0.666615068912506,1,"Craugastor_omoaensis","Dendropsophus_microcephalus",1,"generalist","",28,32,"",NA,0
-57.0595638729999,-3.02135296499995,0.000726317579392344,0.00059769197832793,35.2512969970703,0.101057507097721,0.726858913898468,2.5538341999054,31.8978900909424,0,0,0.726227939128876,NA,"Craugastor_omoaensis","Dendropsophus_microcephalus",1,"generalist","",28,32,"",NA,0
-56.0595638729999,-3.02135296499995,3.0762173992116e-05,4.85022865177598e-05,82.2030639648438,0.0625406205654144,0.97700446844101,1.08936190605164,31.7592506408691,0,0,0.984244763851166,1,"Craugastor_omoaensis","Dendropsophus_microcephalus",1,"generalist","",28,32,"",NA,0
-55.0595638729999,-3.02135296499995,0.00569224450737238,0.000632298295386136,101.710655212402,0.260830640792847,0.741563677787781,2.73154401779175,31.7989044189453,6.92713292664848e-05,0,0.746221780776978,1,"Craugastor_omoaensis","Dendropsophus_microcephalus",1,"generalist","",28,32,"",NA,0
-54.0595638729999,-3.02135296499995,0.000898894912097603,0.000134043715661392,149.452362060547,0.310922473669052,0.91143125295639,2.27305006980896,31.8898296356201,1.26235590869328e-06,0,0.930485248565674,1,"Craugastor_omoaensis","Dendropsophus_microcephalus",1,"generalist","",28,32,"",NA,0
-53.0595638729999,-3.02135296499995,0.000100648619991262,0.000229860452236608,147.686401367188,0.263002634048462,0.850886881351471,1.89609360694885,31.747386932373,0,0,0.700928270816803,1,"Craugastor_omoaensis","Dendropsophus_microcephalus",1,"generalist","",28,32,"",NA,0
-52.0595638729999,-3.02135296499995,0.000140007716254331,0.00217438582330942,100.473808288574,0.318867295980453,0.618421733379364,2.07340240478516,31.7926254272461,0,0,0.4798603951931,1,"Craugastor_omoaensis","Dendropsophus_microcephalus",1,"generalist","",28,32,"",NA,0
-51.0595638729999,-3.02135296499995,1.46678066812456e-05,0.000393827183870599,75.7796936035156,0.281248927116394,0.852356910705566,1.04305160045624,31.9268531799316,0,0,0.864127695560455,1,"Craugastor_omoaensis","Dendropsophus_microcephalus",1,"generalist","",28,32,"",NA,0
-50.0595638729999,-3.02135296499995,8.31737452244852e-06,0.000301724125165492,55.2049331665039,0.274989157915115,0.844530761241913,1.61985552310944,27.5372104644775,0,0,0.951882421970367,1,"Craugastor_omoaensis","Dendropsophus_microcephalus",1,"generalist","",28,32,"",NA,0
-49.0595638729999,-3.02135296499995,0.00667981710284948,0.000911186041776091,59.2693176269531,0.455535888671875,0.729174494743347,2.91842651367188,23.2270431518555,6.92713292664848e-05,0,0.741123259067535,1,"Craugastor_omoaensis","Dendropsophus_microcephalus",1,"generalist","",28,32,"",NA,0
-48.0595638729999,-3.02135296499995,0.00676351506263018,0.000340837665135041,82.7046356201172,0.351140022277832,0.791803896427155,3.31310844421387,31.8007545471191,1.26235590869328e-06,0,0.830294609069824,1,"Craugastor_omoaensis","Dendropsophus_microcephalus",1,"generalist","",28,32,"",NA,0
-47.0595638729999,-3.02135296499995,0.0262372866272926,0.0015259311767295,113.408836364746,0.37637397646904,0.645212948322296,2.43105626106262,31.8920726776123,0,0,0.629721701145172,1,"Craugastor_omoaensis","Dendropsophus_microcephalus",1,"generalist","",28,32,"",NA,0
-46.0595638729999,-3.02135296499995,0.000509135716129094,0.00121389224659652,74.9554595947266,0.216797947883606,0.598571002483368,4.85773992538452,31.7627582550049,0,0,0.454788595438004,NA,"Craugastor_omoaensis","Dendropsophus_microcephalus",1,"generalist","",28,32,"",NA,0
-45.0595638729999,-3.02135296499995,0.00645925011485815,0.00235609500668943,19.4737701416016,0.228985205292702,0.362069725990295,6.70568084716797,-82.2677459716797,0,0.0183744430541992,0.0138142621144652,1,"Craugastor_omoaensis","Dendropsophus_microcephalus",1,"generalist","",28,32,"",NA,0
-81.0595638729999,-4.02135296499995,0.000748238526284695,0.00147635594476014,315.891296386719,7.6990807428956e-05,0.094673715531826,2.55321574211121,-5189.75537109375,0,0,0.0183744430541992,1,"Craugastor_omoaensis","Rhinella_horribilis",1,"generalist","specialist",106.25,241,"",NA,0
-80.0595638729999,-4.02135296499995,0.0111965918913484,0.00506004691123962,744.37744140625,0.0239224098622799,0.481222957372665,6.68022727966309,-126.018257141113,0.00013854265853297,0.0136056812480092,0.0907791033387184,1,"Craugastor_omoaensis","Rhinella_horribilis",1,"generalist","specialist",106.25,241,"",NA,0
-79.0595638729999,-4.02135296499995,0.0033041057176888,0.0047167781740427,1924.08129882812,0.0259072110056877,0.665540933609009,5.44784164428711,23.0446071624756,0.000210338708711788,0.000247941119596362,0.528190612792969,1,"Craugastor_omoaensis","Rhinella_horribilis",1,"generalist","specialist",106.25,241,"",NA,0
-71.0595638729999,-4.02135296499995,1.88941999113013e-06,4.11423461628146e-05,105.914855957031,0.062523677945137,0.9591144323349,0.932010233402252,30.7591857910156,0,0,0.993225157260895,1,"Craugastor_omoaensis","Dendropsophus_microcephalus",1,"generalist","",28,32,"",NA,0
-70.0595638729999,-4.02135296499995,1.79057533387095e-05,0.000866238202434033,104.661354064941,0.0510284081101418,0.945027887821198,2.36964964866638,30.7901382446289,0.00334080774337053,0,0.976492583751678,1,"Craugastor_omoaensis","Dendropsophus_microcephalus",1,"generalist","",28,32,"",NA,0
-69.0595638729999,-4.02135296499995,2.64750656242541e-06,0.000109577842522413,112.621513366699,0.0178692359477282,0.960983693599701,1.16512501239777,30.903657913208,6.08807204116601e-05,0,0.981095492839813,1,"Craugastor_omoaensis","Dendropsophus_microcephalus",1,"generalist","",28,32,"",NA,0
-68.0595638729999,-4.02135296499995,1.3370325291362e-07,1.10675327960053e-05,104.552978515625,0.00499452045187354,0.984610140323639,0.150620922446251,31.0026512145996,0,0,0.999039828777313,1,"Craugastor_omoaensis","Dendropsophus_microcephalus",1,"generalist","",28,32,"",NA,0
-67.0595638729999,-4.02135296499995,4.9566892812436e-07,4.05825358029688e-06,89.9658813476562,0.0025319189298898,0.989234328269958,0.133754938840866,31.1033134460449,0,0,0.999365210533142,NA,"Craugastor_omoaensis","Dendropsophus_microcephalus",1,"generalist","",28,32,"",NA,0
-66.0595638729999,-4.02135296499995,2.02631031243072e-06,2.61103718912636e-06,84.1199111938477,0.00419342331588268,0.985665023326874,0.884344041347504,31.2270374298096,0,0,0.999676942825317,1,"Craugastor_omoaensis","Dendropsophus_microcephalus",1,"generalist","",28,32,"",NA,0
-65.0595638729999,-4.02135296499995,3.96451554252053e-07,1.43043807838694e-05,77.0640411376953,0.0209176745265722,0.983528316020966,1.72572290897369,31.3514080047607,0,0,0.99025684595108,1,"Craugastor_omoaensis","Dendropsophus_microcephalus",1,"generalist","",28,32,"",NA,0
-64.0595638729999,-4.02135296499995,6.72018074965308e-07,1.18766374725965e-05,62.1676483154297,0.0301203113049269,0.930720806121826,1.28514552116394,31.567720413208,0,0,0.971183240413666,1,"Craugastor_omoaensis","Dendropsophus_microcephalus",1,"generalist","",28,32,"",NA,0
-63.0595638729999,-4.02135296499995,1.60813920047076e-06,0.00033574242843315,46.9431686401367,0.0366823598742485,0.843729853630066,1.10930049419403,31.7126140594482,0,0,0.888815820217133,1,"Craugastor_omoaensis","Dendropsophus_microcephalus",1,"generalist","",28,32,"",NA,0
-62.0595638729999,-4.02135296499995,2.37354361161124e-05,0.000180226561496966,35.4541511535645,0.0435615628957748,0.845419883728027,1.30106985569,31.723331451416,0,0,0.90934807062149,1,"Craugastor_omoaensis","Dendropsophus_microcephalus",1,"generalist","",28,32,"",NA,0
-61.0595638729999,-4.02135296499995,1.20021850307239e-05,0.000231761820032261,38.2993812561035,0.0565353110432625,0.908665716648102,1.36531496047974,31.7775135040283,0,0,0.96224045753479,1,"Craugastor_omoaensis","Dendropsophus_microcephalus",1,"generalist","",28,32,"",NA,0
-60.0595638729999,-4.02135296499995,2.13384191738442e-05,0.000611299066804349,36.752815246582,0.12629522383213,0.900468528270721,2.06312584877014,31.9322528839111,0.000588806287851185,0,0.989446461200714,1,"Craugastor_omoaensis","Dendropsophus_microcephalus",1,"generalist","",28,32,"",NA,0
-59.0595638729999,-4.02135296499995,5.03155606565997e-05,0.000319724262226373,35.8152236938477,0.107808589935303,0.859797954559326,1.83875560760498,31.8979377746582,1.07300256786402e-05,0,0.936887562274933,1,"Craugastor_omoaensis","Dendropsophus_microcephalus",1,"generalist","",28,32,"",NA,0
-58.0595638729999,-4.02135296499995,7.71343820815673e-06,2.98893628496444e-05,49.2390670776367,0.0406545326113701,0.941393911838531,0.866356074810028,31.8322257995605,0,0,0.992029964923859,1,"Craugastor_omoaensis","Dendropsophus_microcephalus",1,"generalist","",28,32,"",NA,0
-57.0595638729999,-4.02135296499995,1.49598108691862e-05,1.58846723934403e-05,85.0636901855469,0.0262646451592445,0.97565746307373,0.793523132801056,31.7575988769531,0,0,0.99273282289505,NA,"Craugastor_omoaensis","Dendropsophus_microcephalus",1,"generalist","",28,32,"",NA,0
-56.0595638729999,-4.02135296499995,1.89490692719119e-05,0.0012363592395559,101.054328918457,0.193372115492821,0.860709249973297,1.70823800563812,31.7746677398682,0,0,0.847863078117371,NA,"Craugastor_omoaensis","Dendropsophus_microcephalus",1,"generalist","",28,32,"",NA,0
-55.0595638729999,-4.02135296499995,0.000259539025137201,0.000549929449334741,173.125106811523,0.281607687473297,0.861125230789185,2.07124018669128,31.8608093261719,0,0,0.948881149291992,1,"Craugastor_omoaensis","Dendropsophus_microcephalus",1,"generalist","",28,32,"",NA,0
-54.0595638729999,-4.02135296499995,0.000124672937090509,0.000660963240079582,220.044815063477,0.285323739051819,0.847104370594025,1.48655903339386,31.9201526641846,0,0,0.924616694450378,1,"Craugastor_omoaensis","Dendropsophus_microcephalus",1,"generalist","",28,32,"",NA,0
-53.0595638729999,-4.02135296499995,8.35549144539982e-06,9.70856926869601e-05,183.299285888672,0.083854466676712,0.922308683395386,0.853459179401398,31.9126930236816,0,0,0.947514832019806,1,"Craugastor_omoaensis","Dendropsophus_microcephalus",1,"generalist","",28,32,"",NA,0
-52.0595638729999,-4.02135296499995,7.81193557486404e-06,7.49307073419914e-05,181.148147583008,0.16050697863102,0.920629560947418,0.242664501070976,31.935474395752,0,0,0.909960806369781,1,"Craugastor_omoaensis","Dendropsophus_microcephalus",1,"generalist","",28,32,"",NA,0
-51.0595638729999,-4.02135296499995,1.66839690791676e-05,0.000405753584345803,150.697357177734,0.368655383586884,0.79906964302063,1.16970825195312,32.0012435913086,0,0,0.650004863739014,1,"Craugastor_omoaensis","Dendropsophus_microcephalus",1,"generalist","",28,32,"",NA,0
-50.0595638729999,-4.02135296499995,0.000115417256893124,0.00179119769018143,109.051109313965,0.41235825419426,0.523626685142517,3.29123067855835,32.0341300964355,0.00167040387168527,0,0.403133034706116,1,"Craugastor_omoaensis","Dendropsophus_microcephalus",1,"generalist","",28,32,"",NA,0
-49.0595638729999,-4.02135296499995,0.00138902256730944,0.00100402242969722,109.098030090332,0.341971218585968,0.533171653747559,3.26191377639771,32.1130828857422,3.04403602058301e-05,0,0.354301154613495,1,"Craugastor_omoaensis","Dendropsophus_microcephalus",1,"generalist","",28,32,"",NA,0
-48.0595638729999,-4.02135296499995,0.0317660346627235,0.000710475724190474,176.503067016602,0.395316272974014,0.70443868637085,3.04178333282471,32.035400390625,0,0,0.641139626502991,1,"Craugastor_omoaensis","Dendropsophus_microcephalus",1,"generalist","",28,32,"",NA,0
-47.0595638729999,-4.02135296499995,0.0366885811090469,0.00131089228671044,184.377090454102,0.450715929269791,0.629395186901093,3.68833255767822,31.9250831604004,0,0.00334080774337053,0.488617360591888,NA,"Craugastor_omoaensis","Dendropsophus_microcephalus",1,"generalist","",28,32,"",NA,0
-46.0595638729999,-4.02135296499995,0.0147489588707685,0.00192805018741637,126.322570800781,0.315936207771301,0.570176064968109,6.6608715057373,32.070484161377,0,6.08807204116601e-05,0.201581671833992,NA,"Craugastor_omoaensis","Dendropsophus_microcephalus",1,"generalist","",28,32,"",NA,0
-45.0595638729999,-4.02135296499995,0.00874114036560059,0.0045200502499938,35.9867553710938,0.23718398809433,0.259944677352905,8.904709815979,30.4597110748291,0,0.000380992307327688,0.00358434207737446,NA,"Craugastor_omoaensis","Dendropsophus_microcephalus",1,"generalist","",28,32,"",NA,0
-81.0595638729999,-5.02135296499995,0.0463379360735416,0.0116248345002532,108.487312316895,0.00115661416202784,0.0179570186883211,5.14778470993042,-3805.35229492188,0.0116928275674582,0.0417600981891155,0.000380992307327688,1,"Craugastor_omoaensis","Rhinella_horribilis",1,"generalist","specialist",106.25,241,"",NA,0
-80.0595638729999,-5.02135296499995,0.0183153655380011,0.00584572181105614,815.512878417969,0.0152028389275074,0.164408504962921,7.31325960159302,-38.5921974182129,0.000213082530535758,0.0177421327680349,0.00354767288081348,1,"Craugastor_omoaensis","Rhinella_horribilis",1,"generalist","specialist",106.25,241,"",NA,0
-73.0595638729999,-5.02135296499995,2.03870740733691e-06,5.1999646530021e-05,144.767074584961,0.00810736324638128,0.992912888526917,0.680954277515411,31.1785163879395,6.92713292664848e-05,0,0.999579131603241,1,"Craugastor_omoaensis","Dendropsophus_microcephalus",1,"generalist","",28,32,"",NA,0
-72.0595638729999,-5.02135296499995,3.13316775191197e-07,3.18321826853207e-06,136.079681396484,0.00194280210416764,0.992621243000031,0.198498904705048,30.9255332946777,1.26235590869328e-06,0,0.999892294406891,1,"Craugastor_omoaensis","Dendropsophus_microcephalus",1,"generalist","",28,32,"",NA,0
-71.0595638729999,-5.02135296499995,4.08475671065389e-08,9.29526777326828e-07,129.014831542969,0.00222473847679794,0.994997680187225,0.165476903319359,30.9014167785645,0,0,0.999859571456909,NA,"Craugastor_omoaensis","Dendropsophus_microcephalus",1,"generalist","",28,32,"",NA,0
-70.0595638729999,-5.02135296499995,1.20634581435297e-06,1.81602790689794e-05,132.508697509766,0.00210274546407163,0.991362631320953,0.913591384887695,30.9051399230957,6.92713292664848e-05,0,0.999512553215027,NA,"Craugastor_omoaensis","Dendropsophus_microcephalus",1,"generalist","",28,32,"",NA,0
-69.0595638729999,-5.02135296499995,1.22712071970454e-06,2.23788902076194e-06,139.065734863281,0.00126954016741365,0.994505882263184,0.212747007608414,30.8953533172607,1.26235590869328e-06,0,0.999610185623169,NA,"Craugastor_omoaensis","Dendropsophus_microcephalus",1,"generalist","",28,32,"",NA,0
-68.0595638729999,-5.02135296499995,2.1961854557162e-08,7.88108536653453e-07,123.129066467285,0.00120494049042463,0.992559194564819,0.447882741689682,30.9997692108154,0,0,0.999993085861206,NA,"Craugastor_omoaensis","Dendropsophus_microcephalus",1,"generalist","",28,32,"",NA,0
-67.0595638729999,-5.02135296499995,9.48474507822539e-07,0.000160603667609394,99.9183044433594,0.0108843604102731,0.975997388362885,1.16882479190826,31.1532878875732,0,0,1,1,"Craugastor_omoaensis","Dendropsophus_microcephalus",1,"generalist","",28,32,"",NA,0
-66.0595638729999,-5.02135296499995,5.68332211514644e-07,4.03860212827567e-06,96.5992660522461,0.0015361572150141,0.997063815593719,1.49433755874634,31.1673336029053,0,0,1,1,"Craugastor_omoaensis","Dendropsophus_microcephalus",1,"generalist","",28,32,"",NA,0
-65.0595638729999,-5.02135296499995,1.16380633130575e-07,0.000123768608318642,85.5279159545898,0.00168075459077954,0.998621881008148,1.23725116252899,31.2718887329102,0,0,0.999826848506927,NA,"Craugastor_omoaensis","Dendropsophus_microcephalus",1,"generalist","",28,32,"",NA,0
-64.0595638729999,-5.02135296499995,1.44795819778665e-08,2.59932176049915e-06,67.8962326049805,0.00365189625881612,0.989376366138458,0.834259629249573,31.5655078887939,0,0,0.996067225933075,NA,"Craugastor_omoaensis","Dendropsophus_microcephalus",1,"generalist","",28,32,"",NA,0
-63.0595638729999,-5.02135296499995,2.49316002509659e-07,8.4429975686362e-06,52.0812149047852,0.00576338404789567,0.947117865085602,0.421883285045624,31.8148002624512,0,0,0.990960836410522,1,"Craugastor_omoaensis","Dendropsophus_microcephalus",1,"generalist","",28,32,"",NA,0
-62.0595638729999,-5.02135296499995,1.56076941948413e-06,0.000104787104646675,54.6123046875,0.0083090253174305,0.953181564807892,0.26280078291893,31.6107368469238,0,0,0.972944855690002,1,"Craugastor_omoaensis","Dendropsophus_microcephalus",1,"generalist","",28,32,"",NA,0
-61.0595638729999,-5.02135296499995,3.06561355500889e-06,6.5482672653161e-05,47.8890686035156,0.0203990302979946,0.955842256546021,0.560333907604218,31.5019111633301,0,0,0.997146844863892,1,"Craugastor_omoaensis","Dendropsophus_microcephalus",1,"generalist","",28,32,"",NA,0
-60.0595638729999,-5.02135296499995,4.00192720917403e-06,0.000133289024233818,45.3267936706543,0.0541571900248528,0.955093324184418,0.613089919090271,31.696533203125,0,0,0.996512234210968,1,"Craugastor_omoaensis","Dendropsophus_microcephalus",1,"generalist","",28,32,"",NA,0
-59.0595638729999,-5.02135296499995,1.06543325273378e-06,9.12365794647485e-06,68.6140518188477,0.00803716015070677,0.974361896514893,0.939460933208466,31.7211780548096,0,0,0.990372955799103,1,"Craugastor_omoaensis","Dendropsophus_microcephalus",1,"generalist","",28,32,"",NA,0
-58.0595638729999,-5.02135296499995,2.57632592592927e-07,1.69514532899484e-06,112.527244567871,0.00483889691531658,0.994928181171417,0.196083709597588,31.6966094970703,0,0,0.999825716018677,1,"Craugastor_omoaensis","Dendropsophus_microcephalus",1,"generalist","",28,32,"",NA,0
-57.0595638729999,-5.02135296499995,1.02884159787209e-05,7.43775890441611e-05,133.559539794922,0.0189956799149513,0.965016663074493,1.1833838224411,31.7516841888428,0,0,0.983261346817017,1,"Craugastor_omoaensis","Dendropsophus_microcephalus",1,"generalist","",28,32,"",NA,0
-56.0595638729999,-5.02135296499995,1.25538263091585e-05,0.00034815986873582,155.251571655273,0.178548648953438,0.922677159309387,1.27771890163422,31.7599945068359,0,0,0.983179867267609,NA,"Craugastor_omoaensis","Dendropsophus_microcephalus",1,"generalist","",28,32,"",NA,0
-55.0595638729999,-5.02135296499995,3.1578924790665e-06,1.73882817762205e-05,236.489837646484,0.0157476309686899,0.991008818149567,0.256369233131409,31.7808456420898,0,0,0.998798489570618,NA,"Craugastor_omoaensis","Dendropsophus_microcephalus",1,"generalist","",28,32,"",NA,0
-54.0595638729999,-5.02135296499995,2.21481673179369e-06,1.49173511090339e-05,213.714065551758,0.0129713695496321,0.984048247337341,0.0333706364035606,31.9803638458252,0,0,0.99845963716507,NA,"Craugastor_omoaensis","Dendropsophus_microcephalus",1,"generalist","",28,32,"",NA,0
-53.0595638729999,-5.02135296499995,1.40217551347632e-07,2.89332911052043e-06,205.852645874023,0.00590478628873825,0.975913524627686,0.0272863004356623,32.0502662658691,0,0,0.989014625549316,1,"Craugastor_omoaensis","Dendropsophus_microcephalus",1,"generalist","",28,32,"",NA,0
-52.0595638729999,-5.02135296499995,1.0237748426789e-07,6.37193409147585e-07,217.89111328125,0.0155555484816432,0.996242463588715,0.164779633283615,32.0407829284668,0,0,0.998172461986542,1,"Craugastor_omoaensis","Dendropsophus_microcephalus",1,"generalist","",28,32,"",NA,0
-51.0595638729999,-5.02135296499995,2.86190115730278e-05,0.000186704332008958,200.302154541016,0.340310037136078,0.764671921730042,1.140620470047,32.0673561096191,0,0,0.667071998119354,1,"Craugastor_omoaensis","Dendropsophus_microcephalus",1,"generalist","",28,32,"",NA,0
-50.0595638729999,-5.02135296499995,0.000143403594847769,0.000505434407386929,169.100280761719,0.40876042842865,0.570324599742889,3.23988246917725,32.1580696105957,3.46356646332424e-05,0,0.305193513631821,1,"Craugastor_omoaensis","Dendropsophus_microcephalus",1,"generalist","",28,32,"",NA,0
-49.0595638729999,-5.02135296499995,0.000795423577073961,0.00390147441066802,134.552764892578,0.33758145570755,0.42427384853363,5.30284070968628,32.4142570495605,0.00167103507556021,0,0.132507637143135,1,"Craugastor_omoaensis","Dendropsophus_microcephalus",1,"generalist","",28,32,"",NA,0
-48.0595638729999,-5.02135296499995,0.0393314324319363,0.00237218104302883,208.327590942383,0.398018807172775,0.431922644376755,7.1612753868103,32.2778778076172,3.04403602058301e-05,0,0.113686338067055,1,"Craugastor_omoaensis","Dendropsophus_microcephalus",1,"generalist","",28,32,"",NA,0
-47.0595638729999,-5.02135296499995,0.0323345512151718,0.00504386564716697,257.748931884766,0.32699915766716,0.417937606573105,7.07522916793823,31.9226913452148,0.00167040387168527,6.92713292664848e-05,0.125245690345764,NA,"Craugastor_omoaensis","Dendropsophus_microcephalus",1,"generalist","",28,32,"",NA,0
-46.0595638729999,-5.02135296499995,0.018216410651803,0.000650132191367447,244.793563842773,0.362837463617325,0.711032629013062,4.50925350189209,32.044734954834,3.04403602058301e-05,1.26235590869328e-06,0.315080046653748,NA,"Craugastor_omoaensis","Dendropsophus_microcephalus",1,"generalist","",28,32,"",NA,0
-45.0595638729999,-5.02135296499995,0.00461719650775194,0.00343156210146844,154.262496948242,0.33393532037735,0.518525958061218,7.2281289100647,32.4649467468262,0,0,0.00904170423746109,NA,"Craugastor_omoaensis","Dendropsophus_microcephalus",1,"generalist","",28,32,"",NA,0
-80.0595638729999,-6.02135296499995,0.0303802005946636,0.00274876086041331,220.593719482422,0.0015687063569203,0.0338255055248737,4.77346611022949,-202.953689575195,4.41824568042648e-06,0.0187365785241127,3.46356646332424e-05,1,"Craugastor_omoaensis","Rhinella_horribilis",1,"generalist","specialist",106.25,241,"",NA,0
-79.0595638729999,-6.02135296499995,0.0119216097518802,0.00424907170236111,1869.06787109375,0.0276204086840153,0.277933150529861,7.34005260467529,23.0684394836426,0,0.00375123484991491,0.0804443880915642,1,"Craugastor_omoaensis","Rhinella_horribilis",1,"generalist","specialist",106.25,241,"",NA,0
-73.0595638729999,-6.02135296499995,3.60466674464988e-06,6.70037593408779e-07,170.2607421875,0.00561481481418014,0.997898638248444,0.147727936506271,31.6580467224121,0,0,0.999995589256287,1,"Craugastor_omoaensis","Dendropsophus_microcephalus",1,"generalist","",28,32,"",NA,0
-72.0595638729999,-6.02135296499995,2.87817806565727e-06,3.495530620512e-07,162.652877807617,0.00105224386788905,0.998175263404846,0.210975170135498,31.2591018676758,0,0,1,1,"Craugastor_omoaensis","Dendropsophus_microcephalus",1,"generalist","",28,32,"",NA,0
-71.0595638729999,-6.02135296499995,1.14261752059974e-06,1.33869605178916e-07,162.462341308594,0.00164867925923318,0.997910678386688,0.167029246687889,31.015438079834,0,0,1,NA,"Craugastor_omoaensis","Dendropsophus_microcephalus",1,"generalist","",28,32,"",NA,0
-70.0595638729999,-6.02135296499995,7.53087363136729e-07,1.09774163092879e-07,170.406234741211,0.00240660551935434,0.998066544532776,0.534512162208557,30.9476890563965,0,0,1,NA,"Craugastor_omoaensis","Dendropsophus_microcephalus",1,"generalist","",28,32,"",NA,0
-69.0595638729999,-6.02135296499995,9.86618601928058e-07,2.07033434840298e-09,154.450729370117,0.00210469984449446,0.992867410182953,0.09701918810606,30.9782466888428,0,0,1,NA,"Craugastor_omoaensis","Dendropsophus_microcephalus",1,"generalist","",28,32,"",NA,0
-68.0595638729999,-6.02135296499995,8.59798547026003e-07,4.42699565610383e-05,129.550216674805,0.00920166913419962,0.980145573616028,0.547066807746887,31.0631637573242,0,0,1,NA,"Craugastor_omoaensis","Dendropsophus_microcephalus",1,"generalist","",28,32,"",NA,0
-67.0595638729999,-6.02135296499995,3.48085578139035e-08,4.31983835369465e-06,118.38809967041,0.00123622571118176,0.998380064964294,0.122007086873055,31.2311916351318,0,0,1,1,"Craugastor_omoaensis","Dendropsophus_microcephalus",1,"generalist","",28,32,"",NA,0
-66.0595638729999,-6.02135296499995,1.1046047632135e-08,1.27915512848631e-07,101.487846374512,0.00177707348484546,0.995579063892365,0.0364537984132767,31.2552452087402,0,0,1,1,"Craugastor_omoaensis","Dendropsophus_microcephalus",1,"generalist","",28,32,"",NA,0
-65.0595638729999,-6.02135296499995,2.39975506133305e-09,2.97676319860329e-06,80.4001770019531,0.00708146579563618,0.986442863941193,0.195235386490822,31.3609218597412,0,0,1,1,"Craugastor_omoaensis","Dendropsophus_microcephalus",1,"generalist","",28,32,"",NA,0
-64.0595638729999,-6.02135296499995,1.54547560669016e-05,6.00216626480687e-05,63.8926963806152,0.00963565334677696,0.961695492267609,0.192481324076653,31.4777126312256,0,0,0.999930739402771,1,"Craugastor_omoaensis","Dendropsophus_microcephalus",1,"generalist","",28,32,"",NA,0
-63.0595638729999,-6.02135296499995,2.01917282538489e-06,0.000135490670800209,64.8239822387695,0.0293029546737671,0.973455190658569,0.206950902938843,31.6580600738525,0,0,0.996519386768341,1,"Craugastor_omoaensis","Dendropsophus_microcephalus",1,"generalist","",28,32,"",NA,0
-62.0595638729999,-6.02135296499995,1.00955230664113e-05,8.89633010956459e-05,61.3932495117188,0.0328708440065384,0.954700648784637,0.244464963674545,31.4951610565186,0,0,0.999417066574097,1,"Craugastor_omoaensis","Dendropsophus_microcephalus",1,"generalist","",28,32,"",NA,0
-61.0595638729999,-6.02135296499995,2.46651979978196e-05,0.000161916788783856,59.0503387451172,0.0297324787825346,0.959847331047058,0.233805105090141,31.4038105010986,0,0,0.99661511182785,1,"Craugastor_omoaensis","Dendropsophus_microcephalus",1,"generalist","",28,32,"",NA,0
-60.0595638729999,-6.02135296499995,5.19608875038102e-07,4.44262877863366e-05,70.9157333374023,0.0569097176194191,0.971203029155731,0.0497106350958347,31.6173610687256,0,0,0.996528387069702,1,"Craugastor_omoaensis","Dendropsophus_microcephalus",1,"generalist","",28,32,"",NA,0
-59.0595638729999,-6.02135296499995,1.33884037190057e-09,3.48020739693311e-06,107.604072570801,0.00527935661375523,0.996663570404053,0.448423504829407,31.6620445251465,0,0,0.999764680862427,1,"Craugastor_omoaensis","Dendropsophus_microcephalus",1,"generalist","",28,32,"",NA,0
-58.0595638729999,-6.02135296499995,1.59502542373957e-05,0.00023304665228352,149.401138305664,0.0826152786612511,0.956264019012451,0.419847697019577,31.6832389831543,0,0,0.988304018974304,1,"Craugastor_omoaensis","Dendropsophus_microcephalus",1,"generalist","",28,32,"",NA,0
-57.0595638729999,-6.02135296499995,1.95135671674507e-05,5.1993272791151e-05,175.820007324219,0.0362930744886398,0.975208103656769,0.744678854942322,31.8515453338623,0,0,0.9844069480896,1,"Craugastor_omoaensis","Dendropsophus_microcephalus",1,"generalist","",28,32,"",NA,0
-56.0595638729999,-6.02135296499995,0.00018645306408871,0.000364377920050174,221.156494140625,0.140533432364464,0.954426050186157,1.04700434207916,31.8425617218018,0,0,0.996101856231689,NA,"Craugastor_omoaensis","Dendropsophus_microcephalus",1,"generalist","",28,32,"",NA,0
-55.0595638729999,-6.02135296499995,0.000156800801050849,4.69249862362631e-05,262.600402832031,0.142397657036781,0.948104679584503,0.333076804876328,31.8699111938477,0,0,0.974878013134003,NA,"Craugastor_omoaensis","Dendropsophus_microcephalus",1,"generalist","",28,32,"",NA,0
-54.0595638729999,-6.02135296499995,6.5048057876993e-05,4.44112411059905e-05,251.83251953125,0.136217832565308,0.94986355304718,0.00942815188318491,32.0389404296875,0,0,0.982839345932007,NA,"Craugastor_omoaensis","Dendropsophus_microcephalus",1,"generalist","",28,32,"",NA,0
-53.0595638729999,-6.02135296499995,0.00010657066013664,0.000127769337268546,247.50617980957,0.346480429172516,0.834906339645386,0.0641459077596664,32.0871772766113,0,0,0.915967583656311,1,"Craugastor_omoaensis","Dendropsophus_microcephalus",1,"generalist","",28,32,"",NA,0
-52.0595638729999,-6.02135296499995,9.33263945626095e-05,0.000415870774304494,263.006408691406,0.377801090478897,0.673327445983887,0.295037776231766,32.1227340698242,0,0,0.58421403169632,1,"Craugastor_omoaensis","Dendropsophus_microcephalus",1,"generalist","",28,32,"",NA,0
-51.0595638729999,-6.02135296499995,0.000271325872745365,0.000253035133937374,291.617980957031,0.28671982884407,0.754859387874603,2.60542225837708,32.1478385925293,0,0,0.723443448543549,NA,"Craugastor_omoaensis","Dendropsophus_microcephalus",1,"generalist","",28,32,"",NA,0
-50.0595638729999,-6.02135296499995,0.000252850877586752,0.00476554874330759,296.004852294922,0.22382278740406,0.639222621917725,5.68838930130005,32.306209564209,0,0,0.476608365774155,1,"Craugastor_omoaensis","Dendropsophus_microcephalus",1,"generalist","",28,32,"",NA,0
-49.0595638729999,-6.02135296499995,0.000587755173910409,0.00153154751751572,165.932479858398,0.279711991548538,0.278945803642273,8.49995994567871,32.7188949584961,3.46356646332424e-05,0,0.0577136687934399,1,"Craugastor_omoaensis","Dendropsophus_microcephalus",1,"generalist","",28,32,"",NA,0
-48.0595638729999,-6.02135296499995,0.00357151147909462,0.00211439607664943,200.956573486328,0.243195474147797,0.433869123458862,7.74426364898682,32.5667572021484,6.3117795434664e-07,0,0.00795249082148075,1,"Craugastor_omoaensis","Dendropsophus_microcephalus",1,"generalist","",28,32,"",NA,0
-47.0595638729999,-6.02135296499995,0.0134795876219869,0.00337055278941989,236.537948608398,0.21489343047142,0.488348335027695,6.95192098617554,32.3437004089355,3.46356646332424e-05,0,0.00415418995544314,1,"Craugastor_omoaensis","Dendropsophus_microcephalus",1,"generalist","",28,32,"",NA,0
-46.0595638729999,-6.02135296499995,0.0148386238142848,0.001141257584095,277.417449951172,0.224890559911728,0.56906259059906,4.50956296920776,32.0787658691406,6.3117795434664e-07,0,0.0482410565018654,1,"Craugastor_omoaensis","Dendropsophus_microcephalus",1,"generalist","",28,32,"",NA,0
-45.0595638729999,-6.02135296499995,0.0190641898661852,0.000502608367241919,276.953216552734,0.214760273694992,0.473006188869476,3.34710693359375,31.7518405914307,0,0,0.0276735108345747,1,"Craugastor_omoaensis","Dendropsophus_microcephalus",1,"generalist","",28,32,"",NA,0
-80.0595638729999,-7.02135296499995,0.0696380361914635,0.00955932307988405,65.9996490478516,0.000527271709870547,0.00670278305187821,2.85391569137573,-6997.03955078125,0.0150336353108287,0.0588451288640499,0,1,"Craugastor_omoaensis","Rhinella_horribilis",1,"generalist","specialist",106.25,241,"",NA,0
-79.0595638729999,-7.02135296499995,0.0421791486442089,0.00569911394268274,1679.13757324219,0.00838321633636951,0.0982041880488396,7.61908149719238,-99.7919845581055,0.000273963232757524,0.0479129366576672,0.0081363134086132,1,"Craugastor_omoaensis","Rhinella_horribilis",1,"generalist","specialist",106.25,241,"",NA,0
-74.0595638729999,-7.02135296499995,3.56337386619998e-06,2.75479874289886e-06,247.023010253906,0.00746311992406845,0.996895670890808,0.741614580154419,32.5841178894043,0,0,0.999967038631439,1,"Craugastor_omoaensis","Dendropsophus_microcephalus",1,"generalist","",28,32,"",NA,0
-73.0595638729999,-7.02135296499995,7.40365067031235e-08,9.45505453273654e-05,211.966918945312,0.0545979626476765,0.974498331546783,0.938417077064514,32.2953491210938,0,0,0.989977598190308,1,"Craugastor_omoaensis","Dendropsophus_microcephalus",1,"generalist","",28,32,"",NA,0
-72.0595638729999,-7.02135296499995,4.02791511078249e-06,6.79912700434215e-05,198.845504760742,0.0252379756420851,0.984676480293274,0.674561500549316,31.8673324584961,0,0,0.996476531028748,1,"Craugastor_omoaensis","Dendropsophus_microcephalus",1,"generalist","",28,32,"",NA,0
-71.0595638729999,-7.02135296499995,9.40532027016161e-06,3.61652428182424e-06,192.089065551758,0.00965325348079205,0.989206075668335,1.04724657535553,31.3406829833984,0,0,0.999939143657684,1,"Craugastor_omoaensis","Dendropsophus_microcephalus",1,"generalist","",28,32,"",NA,0
-70.0595638729999,-7.02135296499995,2.67861923930468e-05,0.000283140951069072,168.004257202148,0.0372185669839382,0.967967689037323,1.28857350349426,31.0291328430176,0,0,0.99832957983017,1,"Craugastor_omoaensis","Dendropsophus_microcephalus",1,"generalist","",28,32,"",NA,0
-69.0595638729999,-7.02135296499995,2.2609640382143e-06,5.35295612280606e-06,159.659027099609,0.00370211340487003,0.991436660289764,0.426156342029572,31.1388740539551,0,0,0.99996954202652,NA,"Craugastor_omoaensis","Dendropsophus_microcephalus",1,"generalist","",28,32,"",NA,0
-68.0595638729999,-7.02135296499995,2.96025859825022e-06,1.1377268265278e-06,146.869354248047,0.00297985342331231,0.995557725429535,0.572637796401978,31.2420349121094,0,0,1,NA,"Craugastor_omoaensis","Dendropsophus_microcephalus",1,"generalist","",28,32,"",NA,0
-67.0595638729999,-7.02135296499995,5.33560680082701e-08,3.81477974542577e-07,131.316009521484,0.00238866428844631,0.998245060443878,0.0405775755643845,31.2728366851807,0,0,1,1,"Craugastor_omoaensis","Dendropsophus_microcephalus",1,"generalist","",28,32,"",NA,0
-66.0595638729999,-7.02135296499995,0,1.69958951801163e-07,110.130592346191,0.00301129417493939,0.997103989124298,0.0185462962836027,31.2632122039795,0,0,1,1,"Craugastor_omoaensis","Dendropsophus_microcephalus",1,"generalist","",28,32,"",NA,0
-65.0595638729999,-7.02135296499995,7.02234228810994e-06,0.000248624302912503,83.0362014770508,0.0381418205797672,0.970240712165833,0.357275098562241,31.3543529510498,0,0,0.99832957983017,1,"Craugastor_omoaensis","Dendropsophus_microcephalus",1,"generalist","",28,32,"",NA,0
-64.0595638729999,-7.02135296499995,6.84262488448439e-07,0.00010899621702265,81.4188690185547,0.0347328335046768,0.986265659332275,0.292168617248535,31.355541229248,0,0,0.99996954202652,1,"Craugastor_omoaensis","Dendropsophus_microcephalus",1,"generalist","",28,32,"",NA,0
-63.0595638729999,-7.02135296499995,4.00240678573027e-05,0.000560316490009427,67.7295455932617,0.0902242138981819,0.947372198104858,0.345842510461807,31.3800144195557,0.00167040387168527,0,0.993249118328094,1,"Craugastor_omoaensis","Dendropsophus_microcephalus",1,"generalist","",28,32,"",NA,0
-62.0595638729999,-7.02135296499995,7.07668777977233e-06,1.34254660224542e-05,69.4504547119141,0.0179086700081825,0.979684352874756,0.0124748321250081,31.3097457885742,3.04403602058301e-05,0,0.998206555843353,1,"Craugastor_omoaensis","Dendropsophus_microcephalus",1,"generalist","",28,32,"",NA,0
-61.0595638729999,-7.02135296499995,6.22097047653369e-07,6.5719272242859e-05,83.294677734375,0.035464596003294,0.974228203296661,0.0344704575836658,31.4055728912354,0,0,0.999900281429291,1,"Craugastor_omoaensis","Dendropsophus_microcephalus",1,"generalist","",28,32,"",NA,0
-60.0595638729999,-7.02135296499995,4.08799814977101e-06,0.000244925904553384,130.403518676758,0.238191917538643,0.912120878696442,0.298512846231461,31.5286922454834,0,0,0.986566245555878,1,"Craugastor_omoaensis","Dendropsophus_microcephalus",1,"generalist","",28,32,"",NA,0
-59.0595638729999,-7.02135296499995,7.43288595117519e-08,0.000117451992991846,143.816696166992,0.17654737830162,0.958097815513611,0.182127803564072,31.5484962463379,0,0,0.998084783554077,1,"Craugastor_omoaensis","Dendropsophus_microcephalus",1,"generalist","",28,32,"",NA,0
-58.0595638729999,-7.02135296499995,6.50409356239834e-06,1.47354230648489e-05,179.370376586914,0.0315513089299202,0.914526879787445,0.169960558414459,31.7636604309082,0,0,0.966319024562836,1,"Craugastor_omoaensis","Dendropsophus_microcephalus",1,"generalist","",28,32,"",NA,0
-54.0595638729999,-7.02135296499995,3.56506570824422e-05,1.39844278237433e-05,272.720489501953,0.0254023056477308,0.986998736858368,0.016933212056756,32.0653877258301,0,0,0.997665524482727,NA,"Craugastor_omoaensis","Dendropsophus_microcephalus",1,"generalist","",28,32,"",NA,0
-53.0595638729999,-7.02135296499995,0.00110112514812499,2.9746044674539e-05,291.810852050781,0.237172856926918,0.939901947975159,0.0182461813092232,32.1401023864746,0,0,0.994921088218689,1,"Craugastor_omoaensis","Dendropsophus_microcephalus",1,"generalist","",28,32,"",NA,0
-52.0595638729999,-7.02135296499995,0.000265764363575727,0.000667993212118745,286.071380615234,0.363869458436966,0.762626230716705,0.554647743701935,32.2579307556152,0,0,0.730734884738922,1,"Craugastor_omoaensis","Dendropsophus_microcephalus",1,"generalist","",28,32,"",NA,0
-51.0595638729999,-7.02135296499995,0.00028903063503094,0.00119890668429434,326.107086181641,0.257462859153748,0.652161777019501,2.54486227035522,32.3064460754395,0,0,0.468490958213806,NA,"Craugastor_omoaensis","Dendropsophus_microcephalus",1,"generalist","",28,32,"",NA,0
-50.0595638729999,-7.02135296499995,0.00249131256714463,0.0019240133697167,274.877075195312,0.23175036907196,0.273179471492767,6.14466524124146,32.5391273498535,0,0,0.0495285652577877,1,"Craugastor_omoaensis","Dendropsophus_microcephalus",1,"generalist","",28,32,"",NA,0
-49.0595638729999,-7.02135296499995,0.00505578005686402,0.000855681544635445,193.894882202148,0.219332039356232,0.36494454741478,7.59904670715332,32.8395652770996,0,0,0.0718780755996704,1,"Craugastor_omoaensis","Dendropsophus_microcephalus",1,"generalist","",28,32,"",NA,0
-48.0595638729999,-7.02135296499995,0.0150441955775023,0.00447478285059333,249.52978515625,0.15040697157383,0.366948366165161,7.22285175323486,32.6877174377441,0,0,0.0164337102323771,1,"Craugastor_omoaensis","Dendropsophus_microcephalus",1,"generalist","",28,32,"",NA,0
-47.0595638729999,-7.02135296499995,0.0131139643490314,0.00166639150120318,299.108612060547,0.148652404546738,0.354161024093628,5.61932420730591,32.428768157959,0,0,0.000310492439894006,1,"Craugastor_omoaensis","Dendropsophus_microcephalus",1,"generalist","",28,32,"",NA,0
-73.0595638729999,-8.02135296499995,5.1215902203694e-05,0.000734334287699312,232.209884643555,0.0949990898370743,0.948759257793427,2.61223649978638,33.1366310119629,0.00173128466121852,0,0.984332382678986,1,"Craugastor_omoaensis","Dendropsophus_microcephalus",1,"generalist","",28,32,"",NA,0
-72.0595638729999,-8.02135296499995,3.63465460395673e-06,9.77604868239723e-05,237.912673950195,0.0703691393136978,0.981119155883789,1.49277877807617,32.6837425231934,3.04403602058301e-05,0,0.997982561588287,1,"Craugastor_omoaensis","Dendropsophus_microcephalus",1,"generalist","",28,32,"",NA,0
-71.0595638729999,-8.02135296499995,3.62836508429609e-05,0.000293116696411744,233.808227539062,0.116476930677891,0.937984228134155,1.2109842300415,32.0687446594238,0,0,0.968230605125427,1,"Craugastor_omoaensis","Dendropsophus_microcephalus",1,"generalist","",28,32,"",NA,0
-70.0595638729999,-8.02135296499995,3.93622722185683e-05,0.00023336308368016,197.083694458008,0.105341173708439,0.951479732990265,0.994556725025177,31.3980388641357,0,0,0.97767174243927,1,"Craugastor_omoaensis","Dendropsophus_microcephalus",1,"generalist","",28,32,"",NA,0
-69.0595638729999,-8.02135296499995,7.41695203032577e-07,4.15985095969518e-06,188.334442138672,0.00261596031486988,0.998909115791321,0.276200294494629,31.1492099761963,0,0,0.999603629112244,NA,"Craugastor_omoaensis","Dendropsophus_microcephalus",1,"generalist","",28,32,"",NA,0
-68.0595638729999,-8.02135296499995,3.33946741193358e-06,8.61740659274801e-07,172.191848754883,0.00309557351283729,0.999093353748322,0.388121008872986,31.3727378845215,0,0,1,NA,"Craugastor_omoaensis","Dendropsophus_microcephalus",1,"generalist","",28,32,"",NA,0
-67.0595638729999,-8.02135296499995,2.57821047853213e-05,5.45862785656936e-05,132.14045715332,0.0382136180996895,0.974488198757172,0.38328954577446,31.3733806610107,0,0,1,1,"Craugastor_omoaensis","Dendropsophus_microcephalus",1,"generalist","",28,32,"",NA,0
-66.0595638729999,-8.02135296499995,1.1384281606297e-05,2.05256128538167e-06,113.522155761719,0.00704667344689369,0.984820365905762,0.210817620158195,31.3522663116455,0,0,1,1,"Craugastor_omoaensis","Dendropsophus_microcephalus",1,"generalist","",28,32,"",NA,0
-65.0595638729999,-8.02135296499995,2.08901678888651e-06,5.75627564103343e-06,96.47314453125,0.0167073272168636,0.983647763729095,0.147563681006432,31.3386936187744,0,0,0.999965369701385,1,"Craugastor_omoaensis","Dendropsophus_microcephalus",1,"generalist","",28,32,"",NA,0
-64.0595638729999,-8.02135296499995,3.45530384038284e-06,0.0001325843622908,88.1538467407227,0.0666328519582748,0.918301045894623,0.897822797298431,31.2651748657227,0,0,0.989976942539215,1,"Craugastor_omoaensis","Dendropsophus_microcephalus",1,"generalist","",28,32,"",NA,0
-63.0595638729999,-8.02135296499995,0.000591350661125034,0.000303728185826913,79.0693511962891,0.138356864452362,0.910398244857788,0.859360456466675,31.2894687652588,3.46356646332424e-05,0,0.981304347515106,1,"Craugastor_omoaensis","Dendropsophus_microcephalus",1,"generalist","",28,32,"",NA,0
-62.0595638729999,-8.02135296499995,1.25976048366283e-05,0.000227249198360369,91.1761779785156,0.0743967667222023,0.880027115345001,0.192628160119057,31.2885704040527,6.3117795434664e-07,0,0.901074171066284,1,"Craugastor_omoaensis","Dendropsophus_microcephalus",1,"generalist","",28,32,"",NA,0
-61.0595638729999,-8.02135296499995,8.43218856516614e-07,0.000200291891815141,114.594924926758,0.170982226729393,0.904286742210388,0.184664025902748,31.4419708251953,0,0,0.936398446559906,1,"Craugastor_omoaensis","Dendropsophus_microcephalus",1,"generalist","",28,32,"",NA,0
-60.0595638729999,-8.02135296499995,9.93339881460997e-08,1.05896833701991e-05,129.621231079102,0.0113729862496257,0.991483390331268,0.0135869784280658,31.5021514892578,0,0,0.998596608638763,1,"Craugastor_omoaensis","Dendropsophus_microcephalus",1,"generalist","",28,32,"",NA,0
-59.0595638729999,-8.02135296499995,1.54120183282203e-09,2.46989975494216e-06,189.738998413086,0.00691910926252604,0.996747970581055,0.00366670824587345,31.3436241149902,0,0,0.99996030330658,1,"Craugastor_omoaensis","Dendropsophus_microcephalus",1,"generalist","",28,32,"",NA,0
-52.0595638729999,-8.02135296499995,7.98860310169403e-06,2.10986690944992e-05,393.999664306641,0.150585845112801,0.93036413192749,0.452842861413956,32.2627563476562,0,0,0.989584386348724,NA,"Craugastor_omoaensis","Dendropsophus_microcephalus",1,"generalist","",28,32,"",NA,0
-51.0595638729999,-8.02135296499995,0.000938641547691077,0.000246996263740584,334.695129394531,0.296353369951248,0.680081188678741,1.73839139938354,32.4163093566895,0,0,0.558039665222168,NA,"Craugastor_omoaensis","Dendropsophus_microcephalus",1,"generalist","",28,32,"",NA,0
-50.0595638729999,-8.02135296499995,0.0225305985659361,0.00219478853978217,237.851486206055,0.200331643223763,0.387252867221832,6.24490833282471,32.6473617553711,0.00167040387168527,0,0.0656280741095543,NA,"Craugastor_omoaensis","Dendropsophus_microcephalus",1,"generalist","",28,32,"",NA,0
-49.0595638729999,-8.02135296499995,0.00494786165654659,0.00148034945596009,225.20393371582,0.147363841533661,0.322511821985245,6.70175361633301,32.9426307678223,3.04403602058301e-05,0,0.00247122230939567,NA,"Craugastor_omoaensis","Dendropsophus_microcephalus",1,"generalist","",28,32,"",NA,0
-48.0595638729999,-8.02135296499995,0.0310391932725906,0.00198537530377507,232.136993408203,0.102570280432701,0.309117704629898,4.52729034423828,32.9712791442871,0,0,0.00701984623447061,1,"Craugastor_omoaensis","Dendropsophus_microcephalus",1,"generalist","",28,32,"",NA,0
-73.0595638729999,-9.02135296499995,2.18242639675736e-05,6.36596596450545e-05,264.701324462891,0.0401941649615765,0.987500190734863,0.899270832538605,33.8010673522949,3.58980214514304e-05,0,0.999466359615326,1,"Craugastor_omoaensis","Dendropsophus_microcephalus",1,"generalist","",28,32,"",NA,0
-72.0595638729999,-9.02135296499995,9.75623788690427e-06,4.0209291910287e-05,302.598785400391,0.0375711768865585,0.992655813694,0.618481397628784,33.3292350769043,6.3117795434664e-07,0,0.999959707260132,1,"Craugastor_omoaensis","Dendropsophus_microcephalus",1,"generalist","",28,32,"",NA,0
-71.0595638729999,-9.02135296499995,2.4692375518498e-05,9.94486254057847e-06,260.738372802734,0.0683305710554123,0.973396301269531,1.05444121360779,32.7330284118652,0,0,0.999341309070587,1,"Craugastor_omoaensis","Dendropsophus_microcephalus",1,"generalist","",28,32,"",NA,0
-70.0595638729999,-9.02135296499995,1.45915801113006e-05,3.77299620595295e-05,229.458938598633,0.051864679902792,0.983649551868439,0.634934544563293,31.9466876983643,0,0,0.999537765979767,1,"Craugastor_omoaensis","Dendropsophus_microcephalus",1,"generalist","",28,32,"",NA,0
-69.0595638729999,-9.02135296499995,8.61064254422672e-05,0.000316484074573964,195.86686706543,0.1789341121912,0.896939218044281,1.31368935108185,31.4150791168213,0,0,0.946538865566254,NA,"Craugastor_omoaensis","Dendropsophus_microcephalus",1,"generalist","",28,32,"",NA,0
-68.0595638729999,-9.02135296499995,0.000194213789654896,4.95750464324374e-05,175.403015136719,0.180225685238838,0.9101722240448,1.42271971702576,31.3035888671875,0,0,0.945572972297668,NA,"Craugastor_omoaensis","Dendropsophus_microcephalus",1,"generalist","",28,32,"",NA,0
-67.0595638729999,-9.02135296499995,0.000317576981615275,0.000429990264819935,150.374786376953,0.343606352806091,0.793858826160431,0.977140247821808,31.3803386688232,0,0,0.873745620250702,1,"Craugastor_omoaensis","Dendropsophus_microcephalus",1,"generalist","",28,32,"",NA,0
-66.0595638729999,-9.02135296499995,0.00025244802236557,6.80410739732906e-05,148.919998168945,0.200809925794601,0.940685272216797,0.145667910575867,31.4129066467285,0,0,0.972660899162292,1,"Craugastor_omoaensis","Dendropsophus_microcephalus",1,"generalist","",28,32,"",NA,0
-65.0595638729999,-9.02135296499995,0.000286744412733242,0.000311400304781273,128.487976074219,0.14292885363102,0.888745605945587,0.296287208795547,31.2695159912109,0,0,0.954442501068115,1,"Craugastor_omoaensis","Dendropsophus_microcephalus",1,"generalist","",28,32,"",NA,0
-64.0595638729999,-9.02135296499995,0.00726131489500403,0.00713290181010962,107.384124755859,0.303063750267029,0.728781640529633,4.67681550979614,31.2997379302979,0.0050112116150558,0,0.80186265707016,1,"Craugastor_omoaensis","Dendropsophus_microcephalus",1,"generalist","",28,32,"",NA,0
-63.0595638729999,-9.02135296499995,0.0112521899864078,0.00132130086421967,111.255111694336,0.324776768684387,0.710265755653381,2.32027268409729,31.2632522583008,9.13210824364796e-05,0,0.685328125953674,1,"Craugastor_omoaensis","Dendropsophus_microcephalus",1,"generalist","",28,32,"",NA,0
-49.0595638729999,-9.02135296499995,0.0361735299229622,0.00143844308331609,263.683502197266,0.163538828492165,0.392420679330826,5.78583526611328,33.1087532043457,6.3117795434664e-07,0.000182642164872959,0.0152713628485799,1,"Craugastor_omoaensis","Dendropsophus_microcephalus",1,"generalist","",28,32,"",NA,0
-48.0595638729999,-9.02135296499995,0.0866254866123199,0.00165328930597752,256.137054443359,0.173921003937721,0.396748751401901,4.53762483596802,33.236515045166,0,0.0100224232301116,0.00372287328355014,1,"Craugastor_omoaensis","Dendropsophus_microcephalus",1,"generalist","",28,32,"",NA,0
-72.0595638729999,-10.0213529649999,1.29259897221345e-05,8.93062974682834e-07,365.023315429688,0.00188536115456372,0.998950064182281,0.277320206165314,33.4564743041992,0,0,1,1,"Craugastor_omoaensis","Dendropsophus_microcephalus",1,"generalist","",28,32,"",NA,0
-71.0595638729999,-10.0213529649999,3.11339281324763e-05,2.22748003579909e-05,302.652557373047,0.00579055771231651,0.993322730064392,0.333054721355438,33.2083168029785,0,0,1,1,"Craugastor_omoaensis","Dendropsophus_microcephalus",1,"generalist","",28,32,"",NA,0
-70.0595638729999,-10.0213529649999,1.3921569006925e-05,1.18263426429621e-06,260.763702392578,0.00603163428604603,0.997481107711792,0.730380713939667,32.575855255127,0,0,1,NA,"Craugastor_omoaensis","Dendropsophus_microcephalus",1,"generalist","",28,32,"",NA,0
-69.0595638729999,-10.0213529649999,4.59480870631523e-05,1.42071348818718e-05,234.146621704102,0.118072643876076,0.951209723949432,2.32588863372803,31.7257537841797,0,0,0.983858048915863,NA,"Craugastor_omoaensis","Dendropsophus_microcephalus",1,"generalist","",28,32,"",NA,0
-68.0595638729999,-10.0213529649999,0.00158451986499131,0.0041460320353508,192.179779052734,0.263883650302887,0.665171504020691,5.15712928771973,31.3419723510742,0.00167040387168527,0,0.527543604373932,1,"Craugastor_omoaensis","Dendropsophus_microcephalus",1,"generalist","",28,32,"",NA,0
-67.0595638729999,-10.0213529649999,0.000645007123239338,0.000723271514289081,168.572418212891,0.272414147853851,0.685737431049347,2.90672183036804,31.2565383911133,3.04403602058301e-05,0,0.567856132984161,1,"Craugastor_omoaensis","Dendropsophus_microcephalus",1,"generalist","",28,32,"",NA,0
-66.0595638729999,-10.0213529649999,0.00256659067235887,0.000564309593755752,152.713134765625,0.117885135114193,0.896017909049988,0.805270075798035,31.2951240539551,0,0,0.948331654071808,1,"Craugastor_omoaensis","Dendropsophus_microcephalus",1,"generalist","",28,32,"",NA,0
-65.0595638729999,-10.0213529649999,0.00168674276210368,0.00100042077247053,149.934066772461,0.407856673002243,0.673192322254181,1.91640937328339,31.1882495880127,0,0,0.684228003025055,1,"Craugastor_omoaensis","Dendropsophus_microcephalus",1,"generalist","",28,32,"",NA,0
-64.0595638729999,-10.0213529649999,0.000517090782523155,0.00160754029639065,167.925094604492,0.630293726921082,0.476830959320068,3.59073567390442,30.9619960784912,0.000103906997537706,0,0.328693211078644,1,"Craugastor_omoaensis","Dendropsophus_microcephalus",1,"generalist","",28,32,"",NA,0
-63.0595638729999,-10.0213529649999,0.00961234606802464,0.00369571940973401,173.846237182617,0.328270375728607,0.422685146331787,7.44783687591553,30.9033012390137,0.0016722974833101,0,0.15624937415123,1,"Craugastor_omoaensis","Dendropsophus_microcephalus",1,"generalist","",28,32,"",NA,0
-62.0595638729999,-10.0213529649999,0.000608394097071141,0.00159207126125693,175.465393066406,0.226563632488251,0.575398743152618,6.44886493682861,31.0273170471191,3.04403602058301e-05,0,0.443838953971863,1,"Craugastor_omoaensis","Dendropsophus_microcephalus",1,"generalist","",28,32,"",NA,0
-70.0595638729999,-11.0213529649999,4.74221305921674e-05,0.000139869123813696,327.268463134766,0.0556436590850353,0.983797430992126,1.25980973243713,32.9705238342285,0,0,0.993318378925323,NA,"Craugastor_omoaensis","Dendropsophus_microcephalus",1,"generalist","",28,32,"",NA,0
-69.0595638729999,-11.0213529649999,0.000256593077210709,0.00165323249530047,267.795135498047,0.239828780293465,0.81361848115921,3.44249725341797,31.9435176849365,0.00334080774337053,0,0.827514886856079,1,"Craugastor_omoaensis","Dendropsophus_microcephalus",1,"generalist","",28,32,"",NA,0
-68.0595638729999,-11.0213529649999,0.000125358943478204,0.000691504974383861,215.605972290039,0.144777655601501,0.846988916397095,3.2607204914093,31.4967880249023,9.55163850449026e-05,0,0.870163440704346,1,"Craugastor_omoaensis","Dendropsophus_microcephalus",1,"generalist","",28,32,"",NA,0
-65.0595638729999,-11.0213529649999,0.000115092509076931,0.0014383033849299,163.838684082031,0.150872498750687,0.86437314748764,2.4856173992157,31.1426029205322,0.00680337706580758,0,0.907672703266144,1,"Craugastor_omoaensis","Dendropsophus_microcephalus",1,"generalist","",28,32,"",NA,0
-64.0595638729999,-11.0213529649999,8.93764172360534e-06,0.0001546231796965,270.097717285156,0.0854585766792297,0.951090812683105,1.7703891992569,30.5683212280273,0.00012176144082332,0,0.959557116031647,1,"Craugastor_omoaensis","Dendropsophus_microcephalus",1,"generalist","",28,32,"",NA,0
-63.0595638729999,-11.0213529649999,0.00140654749702662,0.000560309970751405,263.79931640625,0.136049181222916,0.741692662239075,4.33942937850952,30.5405693054199,3.46356646332424e-05,0,0.699885189533234,1,"Craugastor_omoaensis","Dendropsophus_microcephalus",1,"generalist","",28,32,"",NA,0
-62.0595638729999,-11.0213529649999,0.00259809009730816,0.00470248842611909,216.050247192383,0.155325919389725,0.309335350990295,8.95743083953857,31.0993213653564,0.00501184305176139,0,0.068079024553299,1,"Craugastor_omoaensis","Dendropsophus_microcephalus",1,"generalist","",28,32,"",NA,0
-61.0595638729999,-11.0213529649999,0.000708081759512424,0.00266161956824362,243.854843139648,0.146333545446396,0.683613896369934,3.45239305496216,31.0657844543457,0.0034321288112551,0,0.605189800262451,1,"Craugastor_omoaensis","Dendropsophus_microcephalus",1,"generalist","",28,32,"",NA,0
-65.0595638729999,-12.0213529649999,0.000587232294492424,0.000149716157466173,152.835678100586,0.101858265697956,0.7045818567276,1.95066177845001,31.5159816741943,0.000141067372169346,0,0.752329111099243,1,"Craugastor_omoaensis","Dendropsophus_microcephalus",1,"generalist","",28,32,"",NA,0
-64.0595638729999,-12.0213529649999,0.00056611024774611,0.000780616188421845,192.113052368164,0.278439521789551,0.706865847110748,1.43770134449005,31.2325954437256,2.52471181738656e-06,0,0.70605456829071,1,"Craugastor_omoaensis","Dendropsophus_microcephalus",1,"generalist","",28,32,"",NA,0
-63.0595638729999,-12.0213529649999,0.0173388496041298,0.00082168827066198,190.106658935547,0.215207278728485,0.652097225189209,2.55204296112061,31.0433559417725,0,0,0.674834966659546,1,"Craugastor_omoaensis","Dendropsophus_microcephalus",1,"generalist","",28,32,"",NA,0
-62.0595638729999,-12.0213529649999,0.00897303689271212,0.00335766677744687,294.39013671875,0.211552977561951,0.424400180578232,5.82681798934937,30.7028255462646,0.00177431094925851,0,0.225178837776184,1,"Craugastor_omoaensis","Dendropsophus_microcephalus",1,"generalist","",28,32,"",NA,0
-61.0595638729999,-12.0213529649999,0.013815063983202,0.00204942817799747,282.427642822266,0.247859001159668,0.532725274562836,4.44354438781738,30.5793914794922,0.00177200918551534,0,0.415232628583908,1,"Craugastor_omoaensis","Dendropsophus_microcephalus",1,"generalist","",28,32,"",NA,0
-60.0595638729999,-12.0213529649999,0.00580978998914361,0.000208701123483479,402.931488037109,0.134448781609535,0.893253087997437,1.89470100402832,29.9272518157959,3.17027152050287e-05,0,0.954520463943481,NA,"Craugastor_omoaensis","Dendropsophus_microcephalus",1,"generalist","",28,32,"",NA,0
-64.0595638729999,-13.0213529649999,0.000254861399298534,0.000196443856111728,147.91862487793,0.0401485078036785,0.429325222969055,3.20877552032471,31.5015678405762,0,0,0.359946757555008,1,"Craugastor_omoaensis","Dendropsophus_microcephalus",1,"generalist","",28,32,"",NA,0
-63.0595638729999,-13.0213529649999,0.000543822534382343,2.31211542995879e-05,161.115814208984,0.0490661971271038,0.696861684322357,1.53104174137115,31.1825180053711,0,0,0.826768815517426,1,"Craugastor_omoaensis","Dendropsophus_microcephalus",1,"generalist","",28,32,"",NA,0
-62.0595638729999,-13.0213529649999,0.00442750612273812,0.000152980908751488,179.555694580078,0.129154771566391,0.62658429145813,1.5759254693985,31.0138511657715,3.46356646332424e-05,0,0.764346480369568,1,"Craugastor_omoaensis","Dendropsophus_microcephalus",1,"generalist","",28,32,"",NA,0
-61.0595638729999,-13.0213529649999,0.130498498678207,0.00150567572563887,260.777587890625,0.165487229824066,0.43653467297554,3.91180515289307,30.5491561889648,3.52668430423364e-05,0.0116928275674582,0.372719317674637,1,"Craugastor_omoaensis","Dendropsophus_microcephalus",1,"generalist","",28,32,"",NA,0
-60.0595638729999,-13.0213529649999,0.062287375330925,0.00287827476859093,458.397735595703,0.193390429019928,0.71685779094696,2.6137261390686,29.6315212249756,0.00334143894724548,0.025269141420722,0.695598065853119,1,"Craugastor_omoaensis","Dendropsophus_microcephalus",1,"generalist","",28,32,"",NA,0
