cs,species,extant,community,class
0,craugastor_myllomyllon,0,Assemblage,Amphibians
0,craugastor_chac,1,Assemblage,Amphibians
0,incilius_valliceps,1,Assemblage,Amphibians
0,bolitoglossa_nympha,1,Assemblage,Amphibians
0,hyalinobatrachium_viridissimum,1,Assemblage,Amphibians
0,leptodactylus_fragilis,1,Assemblage,Amphibians
0,bolitoglossa_dofleini,1,Assemblage,Amphibians
0,bolitoglossa_mexicana,1,Assemblage,Amphibians
0,scinax_staufferi,1,Assemblage,Amphibians
0,plectrohyla_quecchi,1,Assemblage,Amphibians
0,lithobates_maculatus,1,Assemblage,Amphibians
0,craugastor_sandersoni,1,Assemblage,Amphibians
0,agalychnis_moreletii,1,Assemblage,Amphibians
0,craugastor_bocourti,1,Assemblage,Amphibians
0,tlalocohyla_loquax,1,Assemblage,Amphibians
0,rhinella_horribilis,1,Assemblage,Amphibians
0,bolitoglossa_odonnelli,1,Assemblage,Amphibians
0,ptychohyla_hypomykter,1,Assemblage,Amphibians
0,trachycephalus_vermiculatus,1,Assemblage,Amphibians
0,bromeliohyla_bromeliacia,1,Assemblage,Amphibians
0,craugastor_rivulus,1,Assemblage,Amphibians
0,plectrohyla_teuchestes,1,Assemblage,Amphibians
0,craugastor_xucanebi,1,Assemblage,Amphibians
0,bolitoglossa_helmrichi,1,Assemblage,Amphibians
1,hypselotriton_wolterstorffi,0,Assemblage,Amphibians
1,kaloula_verrucosa,1,Assemblage,Amphibians
1,odorrana_yunnanensis,1,Assemblage,Amphibians
1,zhangixalus_feae,1,Assemblage,Amphibians
1,microhyla_fissipes,1,Assemblage,Amphibians
1,nanorana_yunnanensis,1,Assemblage,Amphibians
1,kurixalus_verrucosus,1,Assemblage,Amphibians
1,megophrys_minor,1,Assemblage,Amphibians
1,odorrana_grahami,1,Assemblage,Amphibians
1,microhyla_butleri,1,Assemblage,Amphibians
1,bufo_gargarizans,1,Assemblage,Amphibians
1,hypselotriton_yunnanensis,1,Assemblage,Amphibians
1,bombina_maxima,1,Assemblage,Amphibians
1,hyla_annectans,1,Assemblage,Amphibians
1,rana_chaochiaoensis,1,Assemblage,Amphibians
1,glyphoglossus_yunnanensis,1,Assemblage,Amphibians
1,aquarana_catesbeianus,1,Assemblage,Amphibians
1,hoplobatrachus_rugulosus,1,Assemblage,Amphibians
1,hypselotriton_chenggongensis,1,Assemblage,Amphibians
1,megophrys_platyparietus,1,Assemblage,Amphibians
1,duttaphrynus_melanostictus,1,Assemblage,Amphibians
1,hylarana_guentheri,1,Assemblage,Amphibians
1,fejervarya_multistriata,1,Assemblage,Amphibians
1,nidirana_pleuraden,1,Assemblage,Amphibians
2,craugastor_anciano,0,Assemblage,Amphibians
2,smilisca_baudinii,1,Assemblage,Amphibians
2,leptodactylus_fragilis,1,Assemblage,Amphibians
2,leptodactylus_silvanimbus,1,Assemblage,Amphibians
2,plectrohyla_calvata,1,Assemblage,Amphibians
2,bolitoglossa_mexicana,1,Assemblage,Amphibians
2,scinax_staufferi,1,Assemblage,Amphibians
2,lithobates_maculatus,1,Assemblage,Amphibians
2,engystomops_pustulosus,1,Assemblage,Amphibians
2,duellmanohyla_salvadorensis,1,Assemblage,Amphibians
2,rhinella_horribilis,1,Assemblage,Amphibians
2,leptodactylus_melanonotus,1,Assemblage,Amphibians
2,plectrohyla_matudai,1,Assemblage,Amphibians
2,bolitoglossa_conanti,1,Assemblage,Amphibians
2,ptychohyla_hypomykter,1,Assemblage,Amphibians
2,dendropsophus_microcephalus,1,Assemblage,Amphibians
2,hypopachus_barberi,1,Assemblage,Amphibians
2,incilius_porteri,1,Assemblage,Amphibians
2,hypopachus_variolosus,1,Assemblage,Amphibians
3,plethodon_ainsworthi,0,Assemblage,Amphibians
3,pseudacris_fouquettei,1,Assemblage,Amphibians
3,siren_intermedia,1,Assemblage,Amphibians
3,acris_crepitans,1,Assemblage,Amphibians
3,plethodon_glutinosus,1,Assemblage,Amphibians
3,dryophytes_squirellus,1,Assemblage,Amphibians
3,lithobates_sphenocephalus,1,Assemblage,Amphibians
3,dryophytes_femoralis,1,Assemblage,Amphibians
3,desmognathus_conanti,1,Assemblage,Amphibians
3,eurycea_paludicola,1,Assemblage,Amphibians
3,pseudacris_crucifer,1,Assemblage,Amphibians
3,anaxyrus_terrestris,1,Assemblage,Amphibians
3,dryophytes_chrysoscelis,1,Assemblage,Amphibians
3,pseudotriton_ruber,1,Assemblage,Amphibians
3,ambystoma_maculatum,1,Assemblage,Amphibians
3,notophthalmus_viridescens,1,Assemblage,Amphibians
3,ambystoma_opacum,1,Assemblage,Amphibians
3,ambystoma_texanum,1,Assemblage,Amphibians
3,aquarana_clamitans,1,Assemblage,Amphibians
3,eurycea_guttolineata,1,Assemblage,Amphibians
3,necturus_beyeri,1,Assemblage,Amphibians
3,aquarana_catesbeianus,1,Assemblage,Amphibians
3,desmognathus_valentinei,1,Assemblage,Amphibians
3,dryophytes_avivoca,1,Assemblage,Amphibians
3,eurycea_cirrigera,1,Assemblage,Amphibians
3,dryophytes_cinereus,1,Assemblage,Amphibians
3,amphiuma_tridactylum,1,Assemblage,Amphibians
3,ambystoma_talpoideum,1,Assemblage,Amphibians
3,lithobates_palustris,1,Assemblage,Amphibians
3,acris_gryllus,1,Assemblage,Amphibians
3,anaxyrus_fowleri,1,Assemblage,Amphibians
3,scaphiopus_holbrookii,1,Assemblage,Amphibians
3,gastrophryne_carolinensis,1,Assemblage,Amphibians
4,nectophrynoides_asperginis,0,Assemblage,Amphibians
4,ptychadena_porosissima,1,Assemblage,Amphibians
4,mertensophryne_micranotis,1,Assemblage,Amphibians
4,sclerophrys_pusilla,1,Assemblage,Amphibians
4,leptopelis_flavomaculatus,1,Assemblage,Amphibians
4,probreviceps_loveridgei,1,Assemblage,Amphibians
4,leptopelis_bocagii,1,Assemblage,Amphibians
4,ptychadena_nilotica,1,Assemblage,Amphibians
4,phrynobatrachus_acridoides,1,Assemblage,Amphibians
4,hyperolius_glandicolor,1,Assemblage,Amphibians
4,hyperolius_mitchelli,1,Assemblage,Amphibians
4,xenopus_muelleri,1,Assemblage,Amphibians
4,ptychadena_mossambica,1,Assemblage,Amphibians
4,hyperolius_kivuensis,1,Assemblage,Amphibians
4,afrixalus_stuhlmanni,1,Assemblage,Amphibians
4,phrynobatrachus_mababiensis,1,Assemblage,Amphibians
4,spelaeophryne_methneri,1,Assemblage,Amphibians
4,pyxicephalus_edulis,1,Assemblage,Amphibians
4,hyperolius_marginatus,1,Assemblage,Amphibians
4,amietia_nutti,1,Assemblage,Amphibians
4,sclerophrys_gutturalis,1,Assemblage,Amphibians
4,ptychadena_oxyrhynchus,1,Assemblage,Amphibians
4,arthroleptis_stenodactylus,1,Assemblage,Amphibians
4,arthroleptis_xenodactyloides,1,Assemblage,Amphibians
4,kassina_senegalensis,1,Assemblage,Amphibians
4,schismaderma_carens,1,Assemblage,Amphibians
4,ptychadena_taenioscelis,1,Assemblage,Amphibians
4,ptychadena_anchietae,1,Assemblage,Amphibians
4,phrynomantis_bifasciatus,1,Assemblage,Amphibians
4,hyperolius_tuberilinguis,1,Assemblage,Amphibians
4,phrynobatrachus_natalensis,1,Assemblage,Amphibians
4,hyperolius_substriatus,1,Assemblage,Amphibians
4,hylarana_galamensis,1,Assemblage,Amphibians
4,mertensophryne_taitana,1,Assemblage,Amphibians
4,hemisus_marmoratus,1,Assemblage,Amphibians
4,arthroleptis_affinis,1,Assemblage,Amphibians
4,ptychadena_uzungwensis,1,Assemblage,Amphibians
4,chiromantis_xerampelina,1,Assemblage,Amphibians
4,afrixalus_quadrivittatus,1,Assemblage,Amphibians
4,ptychadena_schillukorum,1,Assemblage,Amphibians
4,hildebrandtia_ornata,1,Assemblage,Amphibians
5,boana_cymbalum,0,Assemblage,Amphibians
5,ischnocnema_lactea,1,Assemblage,Amphibians
5,dendropsophus_nanus,1,Assemblage,Amphibians
5,scinax_nasicus,1,Assemblage,Amphibians
5,scinax_hayii,1,Assemblage,Amphibians
5,crossodactylus_gaudichaudii,1,Assemblage,Amphibians
5,ololygon_brieni,1,Assemblage,Amphibians
5,chiasmocleis_leucosticta,1,Assemblage,Amphibians
5,dendrophryniscus_imitator,1,Assemblage,Amphibians
5,chiasmocleis_lacrimae,1,Assemblage,Amphibians
5,ololygon_catharinae,1,Assemblage,Amphibians
5,siphonops_annulatus,1,Assemblage,Amphibians
5,dendropsophus_minutus,1,Assemblage,Amphibians
5,ololygon_hiemalis,1,Assemblage,Amphibians
5,siphonops_paulensis,1,Assemblage,Amphibians
5,leptodactylus_furnarius,1,Assemblage,Amphibians
5,boana_faber,1,Assemblage,Amphibians
5,brachycephalus_hermogenesi,1,Assemblage,Amphibians
5,boana_bischoffi,1,Assemblage,Amphibians
5,cycloramphus_semipalmatus,1,Assemblage,Amphibians
5,bokermannohyla_hylax,1,Assemblage,Amphibians
5,thoropa_miliaris,1,Assemblage,Amphibians
5,cycloramphus_acangatan,1,Assemblage,Amphibians
5,vitreorana_uranoscopa,1,Assemblage,Amphibians
5,cycloramphus_dubius,1,Assemblage,Amphibians
5,chthonerpeton_viviparum,1,Assemblage,Amphibians
5,brachycephalus_ephippium,1,Assemblage,Amphibians
5,gastrotheca_microdiscus,1,Assemblage,Amphibians
5,physalaemus_moreirae,1,Assemblage,Amphibians
5,leptodactylus_luctator,1,Assemblage,Amphibians
5,odontophrynus_americanus,1,Assemblage,Amphibians
5,boana_prasina,1,Assemblage,Amphibians
5,phyllomedusa_burmeisteri,1,Assemblage,Amphibians
5,scinax_crospedospilus,1,Assemblage,Amphibians
5,scinax_x-signatus,1,Assemblage,Amphibians
5,haddadus_binotatus,1,Assemblage,Amphibians
5,adenomera_thomei,1,Assemblage,Amphibians
5,adenomera_ajurauna,1,Assemblage,Amphibians
5,dendropsophus_elegans,1,Assemblage,Amphibians
5,leptodactylus_fuscus,1,Assemblage,Amphibians
5,fritziana_ohausi,1,Assemblage,Amphibians
5,arcovomer_passarellii,1,Assemblage,Amphibians
5,aplastodiscus_perviridis,1,Assemblage,Amphibians
5,ololygon_littoralis,1,Assemblage,Amphibians
5,cycloramphus_eleutherodactylus,1,Assemblage,Amphibians
5,vitreorana_eurygnatha,1,Assemblage,Amphibians
5,adenomera_marmorata,1,Assemblage,Amphibians
5,ischnocnema_gehrti,1,Assemblage,Amphibians
5,ischnocnema_henselii,1,Assemblage,Amphibians
5,rhinella_icterica,1,Assemblage,Amphibians
5,ischnocnema_guentheri,1,Assemblage,Amphibians
5,siphonops_hardyi,1,Assemblage,Amphibians
5,ischnocnema_parva,1,Assemblage,Amphibians
5,scinax_fuscomarginatus,1,Assemblage,Amphibians
5,dendropsophus_seniculus,1,Assemblage,Amphibians
5,macrogenioglottus_alipioi,1,Assemblage,Amphibians
5,ololygon_obtriangulata,1,Assemblage,Amphibians
5,proceratophrys_melanopogon,1,Assemblage,Amphibians
5,rhinella_crucifer,1,Assemblage,Amphibians
5,ololygon_berthae,1,Assemblage,Amphibians
5,crossodactylus_boulengeri,1,Assemblage,Amphibians
5,sphaenorhynchus_platycephalus,1,Assemblage,Amphibians
5,boana_raniceps,1,Assemblage,Amphibians
5,luetkenotyphlus_brasiliensis,1,Assemblage,Amphibians
5,proceratophrys_pombali,1,Assemblage,Amphibians
5,dendropsophus_microps,1,Assemblage,Amphibians
5,myersiella_microps,1,Assemblage,Amphibians
5,boana_albopunctata,1,Assemblage,Amphibians
5,aplastodiscus_arildae,1,Assemblage,Amphibians
5,phasmahyla_cochranae,1,Assemblage,Amphibians
5,hylodes_caete,1,Assemblage,Amphibians
5,boana_pardalis,1,Assemblage,Amphibians
5,ischnocnema_hoehnei,1,Assemblage,Amphibians
5,aplastodiscus_leucopygius,1,Assemblage,Amphibians
5,dendropsophus_decipiens,1,Assemblage,Amphibians
5,brachycephalus_nodoterga,1,Assemblage,Amphibians
5,leptodactylus_paranaru,1,Assemblage,Amphibians
5,thoropa_petropolitana,1,Assemblage,Amphibians
5,phrynomedusa_dryade,1,Assemblage,Amphibians
5,trachycephalus_mesophaeus,1,Assemblage,Amphibians
5,leptodactylus_flavopictus,1,Assemblage,Amphibians
5,ololygon_flavoguttata,1,Assemblage,Amphibians
5,proceratophrys_boiei,1,Assemblage,Amphibians
5,ololygon_rizibilis,1,Assemblage,Amphibians
5,leptodactylus_jolyi,1,Assemblage,Amphibians
5,dendropsophus_giesleri,1,Assemblage,Amphibians
5,scinax_fuscovarius,1,Assemblage,Amphibians
5,bokermannohyla_luctuosa,1,Assemblage,Amphibians
5,boana_polytaenia,1,Assemblage,Amphibians
5,ceratophrys_aurita,1,Assemblage,Amphibians
5,gastrotheca_fulvorufa,1,Assemblage,Amphibians
5,ischnocnema_nigriventris,1,Assemblage,Amphibians
5,ololygon_argyreornata,1,Assemblage,Amphibians
5,phantasmarana_massarti,1,Assemblage,Amphibians
5,bokermannohyla_astartea,1,Assemblage,Amphibians
5,ololygon_humilis,1,Assemblage,Amphibians
5,trachycephalus_imitatrix,1,Assemblage,Amphibians
5,ololygon_trapicheiroi,1,Assemblage,Amphibians
5,leptodactylus_gracilis,1,Assemblage,Amphibians
5,pithecopus_rohdei,1,Assemblage,Amphibians
5,aplastodiscus_albosignatus,1,Assemblage,Amphibians
5,boana_albomarginata,1,Assemblage,Amphibians
5,bokermannohyla_circumdata,1,Assemblage,Amphibians
5,phrynomedusa_appendiculata,1,Assemblage,Amphibians
5,physalaemus_olfersii,1,Assemblage,Amphibians
5,itapotihyla_langsdorffii,1,Assemblage,Amphibians
5,dendropsophus_werneri,1,Assemblage,Amphibians
5,hylodes_phyllodes,1,Assemblage,Amphibians
5,boana_semilineata,1,Assemblage,Amphibians
5,scinax_granulatus,1,Assemblage,Amphibians
5,scinax_tymbamirim,1,Assemblage,Amphibians
5,hylodes_asper,1,Assemblage,Amphibians
5,leptodactylus_podicipinus,1,Assemblage,Amphibians
5,physalaemus_cuvieri,1,Assemblage,Amphibians
5,ischnocnema_spanios,1,Assemblage,Amphibians
5,dendropsophus_jimi,1,Assemblage,Amphibians
5,paratelmatobius_cardosoi,1,Assemblage,Amphibians
5,elachistocleis_cesarii,1,Assemblage,Amphibians
5,dendropsophus_berthalutzae,1,Assemblage,Amphibians
5,rhinella_ornata,1,Assemblage,Amphibians
5,ololygon_perpusilla,1,Assemblage,Amphibians
5,hylodes_nasus,1,Assemblage,Amphibians
5,thoropa_taophora,1,Assemblage,Amphibians
5,pseudopaludicola_saltica,1,Assemblage,Amphibians
5,eleutherodactylus_johnstonei,1,Assemblage,Amphibians
5,dendrophryniscus_leucomystax,1,Assemblage,Amphibians
5,rhinella_diptycha,1,Assemblage,Amphibians
5,scinax_squalirostris,1,Assemblage,Amphibians
5,fritziana_mitus,1,Assemblage,Amphibians
5,dendrophryniscus_berthalutzae,1,Assemblage,Amphibians
5,rhinella_hoogmoedi,1,Assemblage,Amphibians
5,leptodactylus_mystacinus,1,Assemblage,Amphibians
5,physalaemus_atlanticus,1,Assemblage,Amphibians
5,physalaemus_bokermanni,1,Assemblage,Amphibians
5,physalaemus_maculiventris,1,Assemblage,Amphibians
6,craugastor_omoaensis,0,Assemblage,Amphibians
6,craugastor_chac,1,Assemblage,Amphibians
6,incilius_valliceps,1,Assemblage,Amphibians
6,bolitoglossa_nympha,1,Assemblage,Amphibians
6,hyalinobatrachium_viridissimum,1,Assemblage,Amphibians
6,bolitoglossa_dunni,1,Assemblage,Amphibians
6,smilisca_baudinii,1,Assemblage,Amphibians
6,leptodactylus_fragilis,1,Assemblage,Amphibians
6,bolitoglossa_dofleini,1,Assemblage,Amphibians
6,bolitoglossa_mexicana,1,Assemblage,Amphibians
6,scinax_staufferi,1,Assemblage,Amphibians
6,cryptotriton_nasalis,1,Assemblage,Amphibians
6,craugastor_laticeps,1,Assemblage,Amphibians
6,lithobates_maculatus,1,Assemblage,Amphibians
6,engystomops_pustulosus,1,Assemblage,Amphibians
6,lithobates_brownorum,1,Assemblage,Amphibians
6,agalychnis_callidryas,1,Assemblage,Amphibians
6,duellmanohyla_soralia,1,Assemblage,Amphibians
6,leptodactylus_melanonotus,1,Assemblage,Amphibians
6,craugastor_laevissimus,1,Assemblage,Amphibians
6,tlalocohyla_loquax,1,Assemblage,Amphibians
6,rhinella_horribilis,1,Assemblage,Amphibians
6,rhinophrynus_dorsalis,1,Assemblage,Amphibians
6,dermophis_mexicanus,1,Assemblage,Amphibians
6,bolitoglossa_conanti,1,Assemblage,Amphibians
6,ptychohyla_hypomykter,1,Assemblage,Amphibians
6,craugastor_charadra,1,Assemblage,Amphibians
6,trachycephalus_vermiculatus,1,Assemblage,Amphibians
6,bromeliohyla_bromeliacia,1,Assemblage,Amphibians
6,craugastor_rostralis,1,Assemblage,Amphibians
6,dendropsophus_microcephalus,1,Assemblage,Amphibians
6,bromeliohyla_melacaena,1,Assemblage,Amphibians
6,bolitoglossa_diaphora,1,Assemblage,Amphibians
6,hypopachus_variolosus,1,Assemblage,Amphibians
6,incilius_campbelli,1,Assemblage,Amphibians
6,lithobates_vaillanti,1,Assemblage,Amphibians
6,gymnopis_multiplicata,1,Assemblage,Amphibians
7,rheobatrachus_silus,0,Assemblage,Amphibians
7,litoria_brevipalmata,1,Assemblage,Amphibians
7,litoria_balatus,1,Assemblage,Amphibians
7,crinia_parinsignifera,1,Assemblage,Amphibians
7,cyclorana_brevipes,1,Assemblage,Amphibians
7,litoria_nasuta,1,Assemblage,Amphibians
7,mixophyes_fasciolatus,1,Assemblage,Amphibians
7,limnodynastes_salmini,1,Assemblage,Amphibians
7,litoria_fallax,1,Assemblage,Amphibians
7,uperoleia_laevigata,1,Assemblage,Amphibians
7,litoria_tyleri,1,Assemblage,Amphibians
7,uperoleia_rugosa,1,Assemblage,Amphibians
7,mixophyes_fleayi,1,Assemblage,Amphibians
7,litoria_latopalmata,1,Assemblage,Amphibians
7,limnodynastes_tasmaniensis,1,Assemblage,Amphibians
7,litoria_verreauxii,1,Assemblage,Amphibians
7,litoria_pearsoniana,1,Assemblage,Amphibians
7,crinia_tinnula,1,Assemblage,Amphibians
7,assa_darlingtoni,1,Assemblage,Amphibians
7,mixophyes_iteratus,1,Assemblage,Amphibians
7,litoria_wilcoxii,1,Assemblage,Amphibians
7,pseudophryne_major,1,Assemblage,Amphibians
7,rhinella_marina,1,Assemblage,Amphibians
7,platyplectrum_ornatum,1,Assemblage,Amphibians
7,crinia_signifera,1,Assemblage,Amphibians
7,litoria_peronii,1,Assemblage,Amphibians
7,limnodynastes_dumerilii,1,Assemblage,Amphibians
7,limnodynastes_peronii,1,Assemblage,Amphibians
7,cyclorana_alboguttata,1,Assemblage,Amphibians
7,litoria_freycineti,1,Assemblage,Amphibians
7,uperoleia_fusca,1,Assemblage,Amphibians
7,litoria_gracilenta,1,Assemblage,Amphibians
7,litoria_chloris,1,Assemblage,Amphibians
7,limnodynastes_terraereginae,1,Assemblage,Amphibians
7,litoria_rubella,1,Assemblage,Amphibians
7,adelotus_brevis,1,Assemblage,Amphibians
7,litoria_rothii,1,Assemblage,Amphibians
7,pseudophryne_raveni,1,Assemblage,Amphibians
7,litoria_caerulea,1,Assemblage,Amphibians
8,oophaga_speciosa,0,Assemblage,Amphibians
8,pristimantis_altae,1,Assemblage,Amphibians
8,boana_rufitela,1,Assemblage,Amphibians
8,pristimantis_gaigei,1,Assemblage,Amphibians
8,isthmohyla_zeteki,1,Assemblage,Amphibians
8,rhaebo_haematiticus,1,Assemblage,Amphibians
8,hyalinobatrachium_tatayoi,1,Assemblage,Amphibians
8,bolitoglossa_schizodactyla,1,Assemblage,Amphibians
8,incilius_coniferus,1,Assemblage,Amphibians
8,smilisca_sila,1,Assemblage,Amphibians
8,bolitoglossa_robusta,1,Assemblage,Amphibians
8,allobates_talamancae,1,Assemblage,Amphibians
8,phyllobates_lugubris,1,Assemblage,Amphibians
8,dendrobates_auratus,1,Assemblage,Amphibians
8,gastrotheca_cornuta,1,Assemblage,Amphibians
8,craugastor_monnichorum,1,Assemblage,Amphibians
8,craugastor_obesus,1,Assemblage,Amphibians
8,diasporus_diastema,1,Assemblage,Amphibians
8,oophaga_pumilio,1,Assemblage,Amphibians
8,isthmohyla_picadoi,1,Assemblage,Amphibians
8,pristimantis_pardalis,1,Assemblage,Amphibians
8,ecnomiohyla_miliaria,1,Assemblage,Amphibians
8,lithobates_pipiens,1,Assemblage,Amphibians
8,cochranella_euknemos,1,Assemblage,Amphibians
8,ctenophryne_aterrima,1,Assemblage,Amphibians
8,hyloscirtus_colymba,1,Assemblage,Amphibians
8,dendropsophus_phlebodes,1,Assemblage,Amphibians
8,sachatamia_albomaculata,1,Assemblage,Amphibians
8,oedipina_cyclocauda,1,Assemblage,Amphibians
8,bolitoglossa_colonnea,1,Assemblage,Amphibians
8,craugastor_megacephalus,1,Assemblage,Amphibians
8,scinax_elaeochroa,1,Assemblage,Amphibians
8,craugastor_crassidigitus,1,Assemblage,Amphibians
8,caecilia_volcani,1,Assemblage,Amphibians
8,pristimantis_caryophyllaceus,1,Assemblage,Amphibians
8,cochranella_granulosa,1,Assemblage,Amphibians
8,cruziohyla_calcarifer,1,Assemblage,Amphibians
8,craugastor_gulosus,1,Assemblage,Amphibians
8,agalychnis_spurrelli,1,Assemblage,Amphibians
8,leptodactylus_insularum,1,Assemblage,Amphibians
8,triprion_spinosus,1,Assemblage,Amphibians
8,craugastor_fitzingeri,1,Assemblage,Amphibians
8,craugastor_blairi,1,Assemblage,Amphibians
8,hyalinobatrachium_valerioi,1,Assemblage,Amphibians
8,pristimantis_museosus,1,Assemblage,Amphibians
8,sachatamia_ilex,1,Assemblage,Amphibians
8,oedipina_gracilis,1,Assemblage,Amphibians
8,oedipina_fortunensis,1,Assemblage,Amphibians
8,bolitoglossa_biseriata,1,Assemblage,Amphibians
8,pristimantis_cruentus,1,Assemblage,Amphibians
8,craugastor_punctariolus,1,Assemblage,Amphibians
8,diasporus_citrinobapheus,1,Assemblage,Amphibians
8,teratohyla_spinosa,1,Assemblage,Amphibians
8,craugastor_melanostictus,1,Assemblage,Amphibians
8,rhinella_horribilis,1,Assemblage,Amphibians
8,duellmanohyla_uranochroa,1,Assemblage,Amphibians
8,strabomantis_bufoniformis,1,Assemblage,Amphibians
8,pristimantis_cerasinus,1,Assemblage,Amphibians
8,bolitoglossa_jugivagans,1,Assemblage,Amphibians
8,pristimantis_ridens,1,Assemblage,Amphibians
8,hyalinobatrachium_colymbiphyllum,1,Assemblage,Amphibians
8,colostethus_pratti,1,Assemblage,Amphibians
8,teratohyla_pulverata,1,Assemblage,Amphibians
8,atelopus_varius,1,Assemblage,Amphibians
8,isthmohyla_tica,1,Assemblage,Amphibians
8,oedipina_collaris,1,Assemblage,Amphibians
8,dermophis_glandulosus,1,Assemblage,Amphibians
8,dermophis_parviceps,1,Assemblage,Amphibians
8,bolitoglossa_anthracina,1,Assemblage,Amphibians
8,isthmohyla_lancasteri,1,Assemblage,Amphibians
8,silverstoneia_flotator,1,Assemblage,Amphibians
8,cruziohyla_sylviae,1,Assemblage,Amphibians
8,silverstoneia_nubicola,1,Assemblage,Amphibians
8,isthmohyla_debilis,1,Assemblage,Amphibians
8,isthmohyla_rivularis,1,Assemblage,Amphibians
8,hyalinobatrachium_vireovittatum,1,Assemblage,Amphibians
8,diasporus_vocator,1,Assemblage,Amphibians
8,isthmohyla_graceae,1,Assemblage,Amphibians
8,leptodactylus_melanonotus,1,Assemblage,Amphibians
8,craugastor_ranoides,1,Assemblage,Amphibians
8,espadarana_prosoblepon,1,Assemblage,Amphibians
8,leptodactylus_savagei,1,Assemblage,Amphibians
8,smilisca_phaeota,1,Assemblage,Amphibians
8,dermophis_gracilior,1,Assemblage,Amphibians
8,agalychnis_lemur,1,Assemblage,Amphibians
8,scinax_boulengeri,1,Assemblage,Amphibians
8,craugastor_gollmeri,1,Assemblage,Amphibians
8,lithobates_warszewitschii,1,Assemblage,Amphibians
8,craugastor_emcelae,1,Assemblage,Amphibians
8,craugastor_talamancae,1,Assemblage,Amphibians
9,phrynomedusa_fimbriata,0,Assemblage,Amphibians
9,ischnocnema_lactea,1,Assemblage,Amphibians
9,dendropsophus_nanus,1,Assemblage,Amphibians
9,leptodactylus_notoaktites,1,Assemblage,Amphibians
9,scinax_nasicus,1,Assemblage,Amphibians
9,scinax_hayii,1,Assemblage,Amphibians
9,crossodactylus_gaudichaudii,1,Assemblage,Amphibians
9,ololygon_brieni,1,Assemblage,Amphibians
9,chiasmocleis_leucosticta,1,Assemblage,Amphibians
9,dendrophryniscus_imitator,1,Assemblage,Amphibians
9,chiasmocleis_lacrimae,1,Assemblage,Amphibians
9,ololygon_catharinae,1,Assemblage,Amphibians
9,nyctimantis_bokermanni,1,Assemblage,Amphibians
9,siphonops_annulatus,1,Assemblage,Amphibians
9,dendropsophus_minutus,1,Assemblage,Amphibians
9,crossodactylus_caramaschii,1,Assemblage,Amphibians
9,siphonops_paulensis,1,Assemblage,Amphibians
9,leptodactylus_furnarius,1,Assemblage,Amphibians
9,boana_faber,1,Assemblage,Amphibians
9,brachycephalus_hermogenesi,1,Assemblage,Amphibians
9,boana_bischoffi,1,Assemblage,Amphibians
9,cycloramphus_semipalmatus,1,Assemblage,Amphibians
9,adenomera_bokermanni,1,Assemblage,Amphibians
9,bokermannohyla_hylax,1,Assemblage,Amphibians
9,scinax_perereca,1,Assemblage,Amphibians
9,thoropa_miliaris,1,Assemblage,Amphibians
9,cycloramphus_acangatan,1,Assemblage,Amphibians
9,vitreorana_uranoscopa,1,Assemblage,Amphibians
9,cycloramphus_dubius,1,Assemblage,Amphibians
9,cycloramphus_mirandaribeiroi,1,Assemblage,Amphibians
9,chthonerpeton_viviparum,1,Assemblage,Amphibians
9,hylodes_heyeri,1,Assemblage,Amphibians
9,brachycephalus_ephippium,1,Assemblage,Amphibians
9,gastrotheca_microdiscus,1,Assemblage,Amphibians
9,physalaemus_moreirae,1,Assemblage,Amphibians
9,leptodactylus_luctator,1,Assemblage,Amphibians
9,scinax_imbegue,1,Assemblage,Amphibians
9,odontophrynus_americanus,1,Assemblage,Amphibians
9,boana_prasina,1,Assemblage,Amphibians
9,phyllomedusa_burmeisteri,1,Assemblage,Amphibians
9,scinax_crospedospilus,1,Assemblage,Amphibians
9,scinax_x-signatus,1,Assemblage,Amphibians
9,haddadus_binotatus,1,Assemblage,Amphibians
9,cycloramphus_bolitoglossus,1,Assemblage,Amphibians
9,adenomera_ajurauna,1,Assemblage,Amphibians
9,paratelmatobius_poecilogaster,1,Assemblage,Amphibians
9,dendropsophus_elegans,1,Assemblage,Amphibians
9,leptodactylus_fuscus,1,Assemblage,Amphibians
9,fritziana_ohausi,1,Assemblage,Amphibians
9,arcovomer_passarellii,1,Assemblage,Amphibians
9,aplastodiscus_perviridis,1,Assemblage,Amphibians
9,ololygon_littoralis,1,Assemblage,Amphibians
9,cycloramphus_eleutherodactylus,1,Assemblage,Amphibians
9,vitreorana_eurygnatha,1,Assemblage,Amphibians
9,aplastodiscus_ehrhardti,1,Assemblage,Amphibians
9,adenomera_marmorata,1,Assemblage,Amphibians
9,sphaenorhynchus_caramaschii,1,Assemblage,Amphibians
9,ischnocnema_gehrti,1,Assemblage,Amphibians
9,ischnocnema_henselii,1,Assemblage,Amphibians
9,phyllomedusa_distincta,1,Assemblage,Amphibians
9,ischnocnema_guentheri,1,Assemblage,Amphibians
9,rhinella_icterica,1,Assemblage,Amphibians
9,siphonops_hardyi,1,Assemblage,Amphibians
9,ischnocnema_parva,1,Assemblage,Amphibians
9,scinax_fuscomarginatus,1,Assemblage,Amphibians
9,dendropsophus_seniculus,1,Assemblage,Amphibians
9,macrogenioglottus_alipioi,1,Assemblage,Amphibians
9,adenomera_nana,1,Assemblage,Amphibians
9,ololygon_obtriangulata,1,Assemblage,Amphibians
9,proceratophrys_melanopogon,1,Assemblage,Amphibians
9,rhinella_crucifer,1,Assemblage,Amphibians
9,ololygon_berthae,1,Assemblage,Amphibians
9,crossodactylus_boulengeri,1,Assemblage,Amphibians
9,sphaenorhynchus_platycephalus,1,Assemblage,Amphibians
9,boana_raniceps,1,Assemblage,Amphibians
9,luetkenotyphlus_brasiliensis,1,Assemblage,Amphibians
9,proceratophrys_pombali,1,Assemblage,Amphibians
9,dendropsophus_microps,1,Assemblage,Amphibians
9,myersiella_microps,1,Assemblage,Amphibians
9,brachycephalus_sulfuratus,1,Assemblage,Amphibians
9,aplastodiscus_arildae,1,Assemblage,Amphibians
9,phasmahyla_cochranae,1,Assemblage,Amphibians
9,hylodes_caete,1,Assemblage,Amphibians
9,trachycephalus_dibernardoi,1,Assemblage,Amphibians
9,boana_pardalis,1,Assemblage,Amphibians
9,ischnocnema_hoehnei,1,Assemblage,Amphibians
9,aplastodiscus_leucopygius,1,Assemblage,Amphibians
9,dendropsophus_decipiens,1,Assemblage,Amphibians
9,brachycephalus_nodoterga,1,Assemblage,Amphibians
9,leptodactylus_paranaru,1,Assemblage,Amphibians
9,phrynomedusa_dryade,1,Assemblage,Amphibians
9,trachycephalus_mesophaeus,1,Assemblage,Amphibians
9,leptodactylus_flavopictus,1,Assemblage,Amphibians
9,dendropsophus_nahdereri,1,Assemblage,Amphibians
9,ololygon_flavoguttata,1,Assemblage,Amphibians
9,proceratophrys_boiei,1,Assemblage,Amphibians
9,ololygon_rizibilis,1,Assemblage,Amphibians
9,cycloramphus_lutzorum,1,Assemblage,Amphibians
9,leptodactylus_jolyi,1,Assemblage,Amphibians
9,dendropsophus_giesleri,1,Assemblage,Amphibians
9,holoaden_suarezi,1,Assemblage,Amphibians
9,scinax_fuscovarius,1,Assemblage,Amphibians
9,elachistocleis_bicolor,1,Assemblage,Amphibians
9,boana_polytaenia,1,Assemblage,Amphibians
9,sphaenorhynchus_surdus,1,Assemblage,Amphibians
9,ceratophrys_aurita,1,Assemblage,Amphibians
9,gastrotheca_fulvorufa,1,Assemblage,Amphibians
9,ischnocnema_nigriventris,1,Assemblage,Amphibians
9,ololygon_argyreornata,1,Assemblage,Amphibians
9,phantasmarana_massarti,1,Assemblage,Amphibians
9,bokermannohyla_astartea,1,Assemblage,Amphibians
9,ololygon_humilis,1,Assemblage,Amphibians
9,trachycephalus_imitatrix,1,Assemblage,Amphibians
9,ololygon_trapicheiroi,1,Assemblage,Amphibians
9,pithecopus_rohdei,1,Assemblage,Amphibians
9,leptodactylus_gracilis,1,Assemblage,Amphibians
9,aplastodiscus_albosignatus,1,Assemblage,Amphibians
9,boana_albomarginata,1,Assemblage,Amphibians
9,bokermannohyla_circumdata,1,Assemblage,Amphibians
9,phrynomedusa_appendiculata,1,Assemblage,Amphibians
9,physalaemus_olfersii,1,Assemblage,Amphibians
9,itapotihyla_langsdorffii,1,Assemblage,Amphibians
9,dendropsophus_werneri,1,Assemblage,Amphibians
9,hylodes_phyllodes,1,Assemblage,Amphibians
9,boana_semilineata,1,Assemblage,Amphibians
9,scinax_granulatus,1,Assemblage,Amphibians
9,scinax_tymbamirim,1,Assemblage,Amphibians
9,hylodes_asper,1,Assemblage,Amphibians
9,leptodactylus_podicipinus,1,Assemblage,Amphibians
9,physalaemus_lateristriga,1,Assemblage,Amphibians
9,physalaemus_cuvieri,1,Assemblage,Amphibians
9,ischnocnema_sambaqui,1,Assemblage,Amphibians
9,ischnocnema_spanios,1,Assemblage,Amphibians
9,paratelmatobius_cardosoi,1,Assemblage,Amphibians
9,elachistocleis_cesarii,1,Assemblage,Amphibians
9,physalaemus_nanus,1,Assemblage,Amphibians
9,dendropsophus_berthalutzae,1,Assemblage,Amphibians
9,rhinella_ornata,1,Assemblage,Amphibians
9,rhinella_henseli,1,Assemblage,Amphibians
9,ololygon_perpusilla,1,Assemblage,Amphibians
9,physalaemus_insperatus,1,Assemblage,Amphibians
9,thoropa_taophora,1,Assemblage,Amphibians
9,scythrophrys_sawayae,1,Assemblage,Amphibians
9,dendrophryniscus_leucomystax,1,Assemblage,Amphibians
9,rhinella_diptycha,1,Assemblage,Amphibians
9,scinax_squalirostris,1,Assemblage,Amphibians
9,fritziana_mitus,1,Assemblage,Amphibians
9,dendrophryniscus_berthalutzae,1,Assemblage,Amphibians
9,rhinella_hoogmoedi,1,Assemblage,Amphibians
9,leptodactylus_mystacinus,1,Assemblage,Amphibians
9,physalaemus_atlanticus,1,Assemblage,Amphibians
9,physalaemus_bokermanni,1,Assemblage,Amphibians
9,proceratophrys_subguttata,1,Assemblage,Amphibians
9,physalaemus_maculiventris,1,Assemblage,Amphibians
10,rheobatrachus_vitellinus,0,Assemblage,Amphibians
10,crinia_deserticola,1,Assemblage,Amphibians
10,cyclorana_brevipes,1,Assemblage,Amphibians
10,taudactylus_liemi,1,Assemblage,Amphibians
10,litoria_nasuta,1,Assemblage,Amphibians
10,mixophyes_fasciolatus,1,Assemblage,Amphibians
10,litoria_fallax,1,Assemblage,Amphibians
10,litoria_latopalmata,1,Assemblage,Amphibians
10,limnodynastes_tasmaniensis,1,Assemblage,Amphibians
10,limnodynastes_convexiusculus,1,Assemblage,Amphibians
10,litoria_wilcoxii,1,Assemblage,Amphibians
10,pseudophryne_major,1,Assemblage,Amphibians
10,rhinella_marina,1,Assemblage,Amphibians
10,platyplectrum_ornatum,1,Assemblage,Amphibians
10,litoria_inermis,1,Assemblage,Amphibians
10,limnodynastes_peronii,1,Assemblage,Amphibians
10,litoria_revelata,1,Assemblage,Amphibians
10,cyclorana_alboguttata,1,Assemblage,Amphibians
10,litoria_pallida,1,Assemblage,Amphibians
10,uperoleia_fusca,1,Assemblage,Amphibians
10,litoria_gracilenta,1,Assemblage,Amphibians
10,litoria_chloris,1,Assemblage,Amphibians
10,limnodynastes_terraereginae,1,Assemblage,Amphibians
10,cyclorana_novaehollandiae,1,Assemblage,Amphibians
10,litoria_rubella,1,Assemblage,Amphibians
10,litoria_jungguy,1,Assemblage,Amphibians
10,taudactylus_eungellensis,1,Assemblage,Amphibians
10,litoria_rothii,1,Assemblage,Amphibians
10,adelotus_brevis,1,Assemblage,Amphibians
10,pseudophryne_raveni,1,Assemblage,Amphibians
10,litoria_caerulea,1,Assemblage,Amphibians
11,lithobates_fisheri,0,Assemblage,Amphibians
11,anaxyrus_microscaphus,1,Assemblage,Amphibians
11,anaxyrus_woodhousii,1,Assemblage,Amphibians
11,spea_intermontana,1,Assemblage,Amphibians
11,anaxyrus_cognatus,1,Assemblage,Amphibians
11,aquarana_catesbeianus,1,Assemblage,Amphibians
11,pseudacris_hypochondriaca,1,Assemblage,Amphibians
11,anaxyrus_punctatus,1,Assemblage,Amphibians
12,anaxyrus_baxteri,0,Assemblage,Amphibians
12,ambystoma_mavortium,1,Assemblage,Amphibians
12,anaxyrus_boreas,1,Assemblage,Amphibians
12,anaxyrus_woodhousii,1,Assemblage,Amphibians
12,ambystoma_tigrinum,1,Assemblage,Amphibians
12,pseudacris_maculata,1,Assemblage,Amphibians
12,spea_intermontana,1,Assemblage,Amphibians
12,anaxyrus_cognatus,1,Assemblage,Amphibians
12,aquarana_catesbeianus,1,Assemblage,Amphibians
12,spea_bombifrons,1,Assemblage,Amphibians
12,lithobates_pipiens,1,Assemblage,Amphibians
12,lithobates_sylvaticus,1,Assemblage,Amphibians
13,taudactylus_diurnus,0,Assemblage,Amphibians
13,litoria_brevipalmata,1,Assemblage,Amphibians
13,litoria_balatus,1,Assemblage,Amphibians
13,crinia_parinsignifera,1,Assemblage,Amphibians
13,cyclorana_brevipes,1,Assemblage,Amphibians
13,litoria_nasuta,1,Assemblage,Amphibians
13,mixophyes_fasciolatus,1,Assemblage,Amphibians
13,limnodynastes_salmini,1,Assemblage,Amphibians
13,litoria_fallax,1,Assemblage,Amphibians
13,uperoleia_laevigata,1,Assemblage,Amphibians
13,litoria_tyleri,1,Assemblage,Amphibians
13,uperoleia_rugosa,1,Assemblage,Amphibians
13,mixophyes_fleayi,1,Assemblage,Amphibians
13,litoria_latopalmata,1,Assemblage,Amphibians
13,limnodynastes_tasmaniensis,1,Assemblage,Amphibians
13,litoria_verreauxii,1,Assemblage,Amphibians
13,litoria_pearsoniana,1,Assemblage,Amphibians
13,crinia_tinnula,1,Assemblage,Amphibians
13,assa_darlingtoni,1,Assemblage,Amphibians
13,mixophyes_iteratus,1,Assemblage,Amphibians
13,litoria_wilcoxii,1,Assemblage,Amphibians
13,pseudophryne_major,1,Assemblage,Amphibians
13,rhinella_marina,1,Assemblage,Amphibians
13,platyplectrum_ornatum,1,Assemblage,Amphibians
13,crinia_signifera,1,Assemblage,Amphibians
13,litoria_peronii,1,Assemblage,Amphibians
13,limnodynastes_dumerilii,1,Assemblage,Amphibians
13,limnodynastes_peronii,1,Assemblage,Amphibians
13,cyclorana_alboguttata,1,Assemblage,Amphibians
13,litoria_freycineti,1,Assemblage,Amphibians
13,uperoleia_fusca,1,Assemblage,Amphibians
13,litoria_gracilenta,1,Assemblage,Amphibians
13,litoria_chloris,1,Assemblage,Amphibians
13,limnodynastes_terraereginae,1,Assemblage,Amphibians
13,litoria_rubella,1,Assemblage,Amphibians
13,adelotus_brevis,1,Assemblage,Amphibians
13,litoria_rothii,1,Assemblage,Amphibians
13,pseudophryne_raveni,1,Assemblage,Amphibians
13,limnodynastes_fletcheri,1,Assemblage,Amphibians
13,litoria_caerulea,1,Assemblage,Amphibians
14,incilius_periglenes,0,Assemblage,Amphibians
14,pristimantis_altae,1,Assemblage,Amphibians
14,isthmohyla_pseudopuma,1,Assemblage,Amphibians
14,lithobates_forreri,1,Assemblage,Amphibians
14,sachatamia_albomaculata,1,Assemblage,Amphibians
14,duellmanohyla_rufioculis,1,Assemblage,Amphibians
14,smilisca_baudinii,1,Assemblage,Amphibians
14,leptodactylus_fragilis,1,Assemblage,Amphibians
14,pristimantis_cruentus,1,Assemblage,Amphibians
14,isthmohyla_zeteki,1,Assemblage,Amphibians
14,incilius_coccifer,1,Assemblage,Amphibians
14,rhaebo_haematiticus,1,Assemblage,Amphibians
14,scinax_staufferi,1,Assemblage,Amphibians
14,craugastor_bransfordii,1,Assemblage,Amphibians
14,oedipina_poelzi,1,Assemblage,Amphibians
14,craugastor_megacephalus,1,Assemblage,Amphibians
14,isthmohyla_angustilineata,1,Assemblage,Amphibians
14,agalychnis_annae,1,Assemblage,Amphibians
14,isthmohyla_rivularis,1,Assemblage,Amphibians
14,engystomops_pustulosus,1,Assemblage,Amphibians
14,craugastor_crassidigitus,1,Assemblage,Amphibians
14,smilisca_sordida,1,Assemblage,Amphibians
14,craugastor_cuaquero,1,Assemblage,Amphibians
14,craugastor_stejnegerianus,1,Assemblage,Amphibians
14,leptodactylus_poecilochilus,1,Assemblage,Amphibians
14,agalychnis_callidryas,1,Assemblage,Amphibians
14,diasporus_hylaeformis,1,Assemblage,Amphibians
14,dermophis_costaricense,1,Assemblage,Amphibians
14,incilius_coniferus,1,Assemblage,Amphibians
14,hyalinobatrachium_vireovittatum,1,Assemblage,Amphibians
14,craugastor_persimilis,1,Assemblage,Amphibians
14,dendropsophus_ebraccatus,1,Assemblage,Amphibians
14,nototriton_gamezi,1,Assemblage,Amphibians
14,rhinella_horribilis,1,Assemblage,Amphibians
14,bolitoglossa_robusta,1,Assemblage,Amphibians
14,pristimantis_caryophyllaceus,1,Assemblage,Amphibians
14,craugastor_melanostictus,1,Assemblage,Amphibians
14,cochranella_granulosa,1,Assemblage,Amphibians
14,craugastor_angelicus,1,Assemblage,Amphibians
14,espadarana_prosoblepon,1,Assemblage,Amphibians
14,rhinophrynus_dorsalis,1,Assemblage,Amphibians
14,incilius_melanochlorus,1,Assemblage,Amphibians
14,leptodactylus_savagei,1,Assemblage,Amphibians
14,oedipina_uniformis,1,Assemblage,Amphibians
14,duellmanohyla_uranochroa,1,Assemblage,Amphibians
14,smilisca_phaeota,1,Assemblage,Amphibians
14,leptodactylus_insularum,1,Assemblage,Amphibians
14,hyalinobatrachium_fleischmanni,1,Assemblage,Amphibians
14,triprion_spinosus,1,Assemblage,Amphibians
14,trachycephalus_vermiculatus,1,Assemblage,Amphibians
14,incilius_luetkenii,1,Assemblage,Amphibians
14,pristimantis_ridens,1,Assemblage,Amphibians
14,agalychnis_lemur,1,Assemblage,Amphibians
14,hyalinobatrachium_colymbiphyllum,1,Assemblage,Amphibians
14,craugastor_podiciferus,1,Assemblage,Amphibians
14,lithobates_warszewitschii,1,Assemblage,Amphibians
14,craugastor_fitzingeri,1,Assemblage,Amphibians
14,dendropsophus_microcephalus,1,Assemblage,Amphibians
14,diasporus_diastema,1,Assemblage,Amphibians
14,hyalinobatrachium_valerioi,1,Assemblage,Amphibians
14,craugastor_andi,1,Assemblage,Amphibians
14,atelopus_varius,1,Assemblage,Amphibians
14,isthmohyla_tica,1,Assemblage,Amphibians
14,ecnomiohyla_sukia,1,Assemblage,Amphibians
14,hypopachus_variolosus,1,Assemblage,Amphibians
14,bolitoglossa_subpalmata,1,Assemblage,Amphibians
14,ecnomiohyla_miliaria,1,Assemblage,Amphibians
14,lithobates_vaillanti,1,Assemblage,Amphibians
14,ctenophryne_aterrima,1,Assemblage,Amphibians
14,ecnomiohyla_fimbrimembra,1,Assemblage,Amphibians
14,lithobates_vibicarius,1,Assemblage,Amphibians
14,gymnopis_multiplicata,1,Assemblage,Amphibians
15,atelopus_senex,0,Assemblage,Amphibians
15,pristimantis_altae,1,Assemblage,Amphibians
15,bolitoglossa_obscura,1,Assemblage,Amphibians
15,incilius_holdridgei,1,Assemblage,Amphibians
15,incilius_coccifer,1,Assemblage,Amphibians
15,isthmohyla_zeteki,1,Assemblage,Amphibians
15,rhaebo_haematiticus,1,Assemblage,Amphibians
15,isthmohyla_angustilineata,1,Assemblage,Amphibians
15,incilius_chompipe,1,Assemblage,Amphibians
15,incilius_coniferus,1,Assemblage,Amphibians
15,bolitoglossa_robusta,1,Assemblage,Amphibians
15,oedipina_altura,1,Assemblage,Amphibians
15,incilius_melanochlorus,1,Assemblage,Amphibians
15,allobates_talamancae,1,Assemblage,Amphibians
15,lithobates_taylori,1,Assemblage,Amphibians
15,craugastor_escoces,1,Assemblage,Amphibians
15,bolitoglossa_diminuta,1,Assemblage,Amphibians
15,diasporus_diastema,1,Assemblage,Amphibians
15,bolitoglossa_tica,1,Assemblage,Amphibians
15,isthmohyla_picadoi,1,Assemblage,Amphibians
15,craugastor_noblei,1,Assemblage,Amphibians
15,cochranella_euknemos,1,Assemblage,Amphibians
15,ctenophryne_aterrima,1,Assemblage,Amphibians
15,sachatamia_albomaculata,1,Assemblage,Amphibians
15,duellmanohyla_rufioculis,1,Assemblage,Amphibians
15,smilisca_baudinii,1,Assemblage,Amphibians
15,bolitoglossa_colonnea,1,Assemblage,Amphibians
15,nototriton_tapanti,1,Assemblage,Amphibians
15,bolitoglossa_striatula,1,Assemblage,Amphibians
15,scinax_elaeochroa,1,Assemblage,Amphibians
15,craugastor_crassidigitus,1,Assemblage,Amphibians
15,smilisca_sordida,1,Assemblage,Amphibians
15,agalychnis_callidryas,1,Assemblage,Amphibians
15,nototriton_richardi,1,Assemblage,Amphibians
15,pristimantis_caryophyllaceus,1,Assemblage,Amphibians
15,cochranella_granulosa,1,Assemblage,Amphibians
15,craugastor_angelicus,1,Assemblage,Amphibians
15,isthmohyla_xanthosticta,1,Assemblage,Amphibians
15,craugastor_underwoodi,1,Assemblage,Amphibians
15,leptodactylus_insularum,1,Assemblage,Amphibians
15,bolitoglossa_nigrescens,1,Assemblage,Amphibians
15,triprion_spinosus,1,Assemblage,Amphibians
15,trachycephalus_vermiculatus,1,Assemblage,Amphibians
15,craugastor_fitzingeri,1,Assemblage,Amphibians
15,hyalinobatrachium_valerioi,1,Assemblage,Amphibians
15,craugastor_andi,1,Assemblage,Amphibians
15,bolitoglossa_gracilis,1,Assemblage,Amphibians
15,incilius_epioticus,1,Assemblage,Amphibians
15,gymnopis_multiplicata,1,Assemblage,Amphibians
15,isthmohyla_pseudopuma,1,Assemblage,Amphibians
15,nototriton_picadoi,1,Assemblage,Amphibians
15,pristimantis_cruentus,1,Assemblage,Amphibians
15,scinax_staufferi,1,Assemblage,Amphibians
15,agalychnis_annae,1,Assemblage,Amphibians
15,diasporus_hylaeformis,1,Assemblage,Amphibians
15,dermophis_costaricense,1,Assemblage,Amphibians
15,craugastor_persimilis,1,Assemblage,Amphibians
15,rhinella_horribilis,1,Assemblage,Amphibians
15,craugastor_melanostictus,1,Assemblage,Amphibians
15,duellmanohyla_uranochroa,1,Assemblage,Amphibians
15,pristimantis_cerasinus,1,Assemblage,Amphibians
15,pristimantis_ridens,1,Assemblage,Amphibians
15,nototriton_abscondens,1,Assemblage,Amphibians
15,hyalinobatrachium_colymbiphyllum,1,Assemblage,Amphibians
15,teratohyla_pulverata,1,Assemblage,Amphibians
15,nototriton_major,1,Assemblage,Amphibians
15,atelopus_varius,1,Assemblage,Amphibians
15,isthmohyla_tica,1,Assemblage,Amphibians
15,dermophis_occidentalis,1,Assemblage,Amphibians
15,oedipina_collaris,1,Assemblage,Amphibians
15,hyalinobatrachium_fleischmanni,1,Assemblage,Amphibians
15,ecnomiohyla_fimbrimembra,1,Assemblage,Amphibians
15,lithobates_vibicarius,1,Assemblage,Amphibians
15,isthmohyla_pictipes,1,Assemblage,Amphibians
15,isthmohyla_lancasteri,1,Assemblage,Amphibians
15,oedipina_poelzi,1,Assemblage,Amphibians
15,isthmohyla_debilis,1,Assemblage,Amphibians
15,isthmohyla_rivularis,1,Assemblage,Amphibians
15,craugastor_stejnegerianus,1,Assemblage,Amphibians
15,craugastor_fleischmanni,1,Assemblage,Amphibians
15,bolitoglossa_epimela,1,Assemblage,Amphibians
15,leptodactylus_melanonotus,1,Assemblage,Amphibians
15,craugastor_ranoides,1,Assemblage,Amphibians
15,espadarana_prosoblepon,1,Assemblage,Amphibians
15,leptodactylus_savagei,1,Assemblage,Amphibians
15,oedipina_uniformis,1,Assemblage,Amphibians
15,smilisca_phaeota,1,Assemblage,Amphibians
15,craugastor_podiciferus,1,Assemblage,Amphibians
15,agalychnis_lemur,1,Assemblage,Amphibians
15,scinax_boulengeri,1,Assemblage,Amphibians
15,craugastor_gollmeri,1,Assemblage,Amphibians
15,lithobates_warszewitschii,1,Assemblage,Amphibians
15,ecnomiohyla_sukia,1,Assemblage,Amphibians
15,hypopachus_variolosus,1,Assemblage,Amphibians
15,bolitoglossa_subpalmata,1,Assemblage,Amphibians
16,litoria_nyakalensis,0,Assemblage,Amphibians
16,austrochaperina_robusta,1,Assemblage,Amphibians
16,mixophyes_carbinensis,1,Assemblage,Amphibians
16,crinia_deserticola,1,Assemblage,Amphibians
16,cyclorana_brevipes,1,Assemblage,Amphibians
16,litoria_rheocola,1,Assemblage,Amphibians
16,papurana_daemeli,1,Assemblage,Amphibians
16,cophixalus_neglectus,1,Assemblage,Amphibians
16,litoria_nasuta,1,Assemblage,Amphibians
16,cophixalus_monticola,1,Assemblage,Amphibians
16,cophixalus_concinnus,1,Assemblage,Amphibians
16,crinia_remota,1,Assemblage,Amphibians
16,litoria_microbelos,1,Assemblage,Amphibians
16,litoria_fallax,1,Assemblage,Amphibians
16,mixophyes_coggeri,1,Assemblage,Amphibians
16,pseudophryne_covacevichae,1,Assemblage,Amphibians
16,litoria_xanthomera,1,Assemblage,Amphibians
16,litoria_latopalmata,1,Assemblage,Amphibians
16,limnodynastes_tasmaniensis,1,Assemblage,Amphibians
16,cophixalus_hosmeri,1,Assemblage,Amphibians
16,limnodynastes_convexiusculus,1,Assemblage,Amphibians
16,litoria_myola,1,Assemblage,Amphibians
16,cophixalus_australis,1,Assemblage,Amphibians
16,litoria_dayi,1,Assemblage,Amphibians
16,taudactylus_rheophilus,1,Assemblage,Amphibians
16,cophixalus_infacetus,1,Assemblage,Amphibians
16,litoria_wilcoxii,1,Assemblage,Amphibians
16,rhinella_marina,1,Assemblage,Amphibians
16,platyplectrum_ornatum,1,Assemblage,Amphibians
16,litoria_serrata,1,Assemblage,Amphibians
16,litoria_inermis,1,Assemblage,Amphibians
16,litoria_infrafrenata,1,Assemblage,Amphibians
16,limnodynastes_peronii,1,Assemblage,Amphibians
16,cyclorana_cryptotis,1,Assemblage,Amphibians
16,cyclorana_alboguttata,1,Assemblage,Amphibians
16,litoria_lorica,1,Assemblage,Amphibians
16,cophixalus_bombiens,1,Assemblage,Amphibians
16,uperoleia_altissima,1,Assemblage,Amphibians
16,austrochaperina_pluvialis,1,Assemblage,Amphibians
16,litoria_nannotis,1,Assemblage,Amphibians
16,litoria_pallida,1,Assemblage,Amphibians
16,uperoleia_mimula,1,Assemblage,Amphibians
16,litoria_bicolor,1,Assemblage,Amphibians
16,litoria_gracilenta,1,Assemblage,Amphibians
16,litoria_nigrofrenata,1,Assemblage,Amphibians
16,uperoleia_lithomoda,1,Assemblage,Amphibians
16,limnodynastes_terraereginae,1,Assemblage,Amphibians
16,cyclorana_novaehollandiae,1,Assemblage,Amphibians
16,litoria_rubella,1,Assemblage,Amphibians
16,austrochaperina_fryi,1,Assemblage,Amphibians
16,litoria_caerulea,1,Assemblage,Amphibians
16,cophixalus_aenigma,1,Assemblage,Amphibians
16,litoria_jungguy,1,Assemblage,Amphibians
16,litoria_rothii,1,Assemblage,Amphibians
16,mixophyes_schevilli,1,Assemblage,Amphibians
16,cophixalus_ornatus,1,Assemblage,Amphibians
17,pseudoeurycea_exspectata,0,Assemblage,Amphibians
17,lithobates_macroglossa,1,Assemblage,Amphibians
17,incilius_valliceps,1,Assemblage,Amphibians
17,lithobates_maculatus,1,Assemblage,Amphibians
17,plectrohyla_guatemalensis,1,Assemblage,Amphibians
17,trachycephalus_vermiculatus,1,Assemblage,Amphibians
17,incilius_ibarrai,1,Assemblage,Amphibians
17,leptodactylus_fragilis,1,Assemblage,Amphibians
17,plectrohyla_glandulosa,1,Assemblage,Amphibians
17,scinax_staufferi,1,Assemblage,Amphibians
18,taudactylus_acutirostris,0,Assemblage,Amphibians
18,austrochaperina_robusta,1,Assemblage,Amphibians
18,mixophyes_carbinensis,1,Assemblage,Amphibians
18,crinia_deserticola,1,Assemblage,Amphibians
18,cyclorana_brevipes,1,Assemblage,Amphibians
18,litoria_rheocola,1,Assemblage,Amphibians
18,papurana_daemeli,1,Assemblage,Amphibians
18,cophixalus_neglectus,1,Assemblage,Amphibians
18,litoria_nasuta,1,Assemblage,Amphibians
18,cophixalus_monticola,1,Assemblage,Amphibians
18,cophixalus_concinnus,1,Assemblage,Amphibians
18,crinia_remota,1,Assemblage,Amphibians
18,litoria_microbelos,1,Assemblage,Amphibians
18,litoria_fallax,1,Assemblage,Amphibians
18,mixophyes_coggeri,1,Assemblage,Amphibians
18,pseudophryne_covacevichae,1,Assemblage,Amphibians
18,litoria_xanthomera,1,Assemblage,Amphibians
18,litoria_latopalmata,1,Assemblage,Amphibians
18,limnodynastes_tasmaniensis,1,Assemblage,Amphibians
18,cophixalus_hosmeri,1,Assemblage,Amphibians
18,limnodynastes_convexiusculus,1,Assemblage,Amphibians
18,cophixalus_saxatilis,1,Assemblage,Amphibians
18,litoria_myola,1,Assemblage,Amphibians
18,cophixalus_australis,1,Assemblage,Amphibians
18,litoria_dayi,1,Assemblage,Amphibians
18,taudactylus_rheophilus,1,Assemblage,Amphibians
18,cophixalus_infacetus,1,Assemblage,Amphibians
18,litoria_wilcoxii,1,Assemblage,Amphibians
18,rhinella_marina,1,Assemblage,Amphibians
18,platyplectrum_ornatum,1,Assemblage,Amphibians
18,litoria_serrata,1,Assemblage,Amphibians
18,litoria_inermis,1,Assemblage,Amphibians
18,litoria_infrafrenata,1,Assemblage,Amphibians
18,limnodynastes_peronii,1,Assemblage,Amphibians
18,cyclorana_cryptotis,1,Assemblage,Amphibians
18,cyclorana_alboguttata,1,Assemblage,Amphibians
18,litoria_lorica,1,Assemblage,Amphibians
18,cophixalus_bombiens,1,Assemblage,Amphibians
18,uperoleia_altissima,1,Assemblage,Amphibians
18,austrochaperina_pluvialis,1,Assemblage,Amphibians
18,litoria_nannotis,1,Assemblage,Amphibians
18,litoria_pallida,1,Assemblage,Amphibians
18,uperoleia_mimula,1,Assemblage,Amphibians
18,cophixalus_exiguus,1,Assemblage,Amphibians
18,litoria_bicolor,1,Assemblage,Amphibians
18,litoria_gracilenta,1,Assemblage,Amphibians
18,litoria_nigrofrenata,1,Assemblage,Amphibians
18,uperoleia_lithomoda,1,Assemblage,Amphibians
18,limnodynastes_terraereginae,1,Assemblage,Amphibians
18,cyclorana_novaehollandiae,1,Assemblage,Amphibians
18,litoria_rubella,1,Assemblage,Amphibians
18,austrochaperina_fryi,1,Assemblage,Amphibians
18,litoria_caerulea,1,Assemblage,Amphibians
18,cophixalus_aenigma,1,Assemblage,Amphibians
18,litoria_jungguy,1,Assemblage,Amphibians
18,litoria_rothii,1,Assemblage,Amphibians
18,mixophyes_schevilli,1,Assemblage,Amphibians
18,cophixalus_ornatus,1,Assemblage,Amphibians
19,atelopus_vogli,0,Assemblage,Amphibians
19,leptodactylus_fuscus,1,Assemblage,Amphibians
19,rhinella_sternosignata,1,Assemblage,Amphibians
19,rhinella_beebei,1,Assemblage,Amphibians
19,scinax_ruber,1,Assemblage,Amphibians
19,leptodactylus_fragilis,1,Assemblage,Amphibians
19,pipa_parva,1,Assemblage,Amphibians
19,dendropsophus_luteoocellatus,1,Assemblage,Amphibians
19,pleurodema_brachyops,1,Assemblage,Amphibians
19,phyllomedusa_trinitatis,1,Assemblage,Amphibians
19,hyalinobatrachium_fragile,1,Assemblage,Amphibians
19,scinax_rostratus,1,Assemblage,Amphibians
19,engystomops_pustulosus,1,Assemblage,Amphibians
19,leptodactylus_poecilochilus,1,Assemblage,Amphibians
19,dendropsophus_minutus,1,Assemblage,Amphibians
19,rhinella_marina,1,Assemblage,Amphibians
19,vitreorana_antisthenesi,1,Assemblage,Amphibians
19,caecilia_tentaculata,1,Assemblage,Amphibians
19,elachistocleis_ovalis,1,Assemblage,Amphibians
19,elachistocleis_surinamensis,1,Assemblage,Amphibians
19,leptodactylus_insularum,1,Assemblage,Amphibians
19,lithobates_palmipes,1,Assemblage,Amphibians
19,eleutherodactylus_johnstonei,1,Assemblage,Amphibians
19,dendropsophus_minusculus,1,Assemblage,Amphibians
19,dendropsophus_microcephalus,1,Assemblage,Amphibians
19,atelopus_cruciger,1,Assemblage,Amphibians
19,boana_platanera,1,Assemblage,Amphibians
19,scarthyla_vigilans,1,Assemblage,Amphibians
19,trachycephalus_typhonius,1,Assemblage,Amphibians
19,flectonotus_pygmaeus,1,Assemblage,Amphibians
20,atelopus_chiriquiensis,0,Assemblage,Amphibians
20,leptodactylus_fragilis,1,Assemblage,Amphibians
20,isthmohyla_zeteki,1,Assemblage,Amphibians
20,rhaebo_haematiticus,1,Assemblage,Amphibians
20,hyalinobatrachium_tatayoi,1,Assemblage,Amphibians
20,incilius_coniferus,1,Assemblage,Amphibians
20,smilisca_sila,1,Assemblage,Amphibians
20,craugastor_zunigai,1,Assemblage,Amphibians
20,bolitoglossa_robusta,1,Assemblage,Amphibians
20,craugastor_rugosus,1,Assemblage,Amphibians
20,craugastor_monnichorum,1,Assemblage,Amphibians
20,oedipina_savagei,1,Assemblage,Amphibians
20,craugastor_obesus,1,Assemblage,Amphibians
20,diasporus_diastema,1,Assemblage,Amphibians
20,isthmohyla_picadoi,1,Assemblage,Amphibians
20,craugastor_noblei,1,Assemblage,Amphibians
20,pristimantis_pardalis,1,Assemblage,Amphibians
20,ecnomiohyla_miliaria,1,Assemblage,Amphibians
20,lithobates_pipiens,1,Assemblage,Amphibians
20,sachatamia_albomaculata,1,Assemblage,Amphibians
20,duellmanohyla_rufioculis,1,Assemblage,Amphibians
20,smilisca_baudinii,1,Assemblage,Amphibians
20,bolitoglossa_kamuk,1,Assemblage,Amphibians
20,scinax_elaeochroa,1,Assemblage,Amphibians
20,craugastor_crassidigitus,1,Assemblage,Amphibians
20,agalychnis_callidryas,1,Assemblage,Amphibians
20,bolitoglossa_lignicolor,1,Assemblage,Amphibians
20,pristimantis_caryophyllaceus,1,Assemblage,Amphibians
20,cochranella_granulosa,1,Assemblage,Amphibians
20,oedipina_grandis,1,Assemblage,Amphibians
20,craugastor_gulosus,1,Assemblage,Amphibians
20,craugastor_underwoodi,1,Assemblage,Amphibians
20,leptodactylus_insularum,1,Assemblage,Amphibians
20,bolitoglossa_nigrescens,1,Assemblage,Amphibians
20,triprion_spinosus,1,Assemblage,Amphibians
20,trachycephalus_vermiculatus,1,Assemblage,Amphibians
20,bolitoglossa_bramei,1,Assemblage,Amphibians
20,craugastor_fitzingeri,1,Assemblage,Amphibians
20,craugastor_blairi,1,Assemblage,Amphibians
20,pristimantis_museosus,1,Assemblage,Amphibians
20,craugastor_rayo,1,Assemblage,Amphibians
20,sachatamia_ilex,1,Assemblage,Amphibians
20,incilius_epioticus,1,Assemblage,Amphibians
20,gymnopis_multiplicata,1,Assemblage,Amphibians
20,bolitoglossa_pesrubra,1,Assemblage,Amphibians
20,bolitoglossa_marmorea,1,Assemblage,Amphibians
20,isthmohyla_pseudopuma,1,Assemblage,Amphibians
20,diasporus_ventrimaculatus,1,Assemblage,Amphibians
20,incilius_fastidiosus,1,Assemblage,Amphibians
20,bolitoglossa_gomezi,1,Assemblage,Amphibians
20,pristimantis_cruentus,1,Assemblage,Amphibians
20,bolitoglossa_compacta,1,Assemblage,Amphibians
20,isthmohyla_calypsa,1,Assemblage,Amphibians
20,bolitoglossa_aureogularis,1,Assemblage,Amphibians
20,bolitoglossa_magnifica,1,Assemblage,Amphibians
20,craugastor_gabbi,1,Assemblage,Amphibians
20,diasporus_hylaeformis,1,Assemblage,Amphibians
20,rhinella_horribilis,1,Assemblage,Amphibians
20,craugastor_melanostictus,1,Assemblage,Amphibians
20,duellmanohyla_uranochroa,1,Assemblage,Amphibians
20,bolitoglossa_splendida,1,Assemblage,Amphibians
20,pristimantis_cerasinus,1,Assemblage,Amphibians
20,pristimantis_ridens,1,Assemblage,Amphibians
20,hyalinobatrachium_colymbiphyllum,1,Assemblage,Amphibians
20,bolitoglossa_cerroensis,1,Assemblage,Amphibians
20,atelopus_varius,1,Assemblage,Amphibians
20,isthmohyla_tica,1,Assemblage,Amphibians
20,teratohyla_pulverata,1,Assemblage,Amphibians
20,hyalinobatrachium_fleischmanni,1,Assemblage,Amphibians
20,ecnomiohyla_fimbrimembra,1,Assemblage,Amphibians
20,lithobates_vibicarius,1,Assemblage,Amphibians
20,craugastor_catalinae,1,Assemblage,Amphibians
20,craugastor_phasma,1,Assemblage,Amphibians
20,dermophis_glandulosus,1,Assemblage,Amphibians
20,isthmohyla_pictipes,1,Assemblage,Amphibians
20,bolitoglossa_anthracina,1,Assemblage,Amphibians
20,bolitoglossa_sooyorum,1,Assemblage,Amphibians
20,silverstoneia_nubicola,1,Assemblage,Amphibians
20,isthmohyla_debilis,1,Assemblage,Amphibians
20,craugastor_aenigmaticus,1,Assemblage,Amphibians
20,isthmohyla_rivularis,1,Assemblage,Amphibians
20,engystomops_pustulosus,1,Assemblage,Amphibians
20,craugastor_stejnegerianus,1,Assemblage,Amphibians
20,leptodactylus_poecilochilus,1,Assemblage,Amphibians
20,bolitoglossa_minutula,1,Assemblage,Amphibians
20,dendropsophus_ebraccatus,1,Assemblage,Amphibians
20,diasporus_vocator,1,Assemblage,Amphibians
20,craugastor_rhyacobatrachus,1,Assemblage,Amphibians
20,leptodactylus_melanonotus,1,Assemblage,Amphibians
20,craugastor_ranoides,1,Assemblage,Amphibians
20,bolitoglossa_sombra,1,Assemblage,Amphibians
20,espadarana_prosoblepon,1,Assemblage,Amphibians
20,leptodactylus_savagei,1,Assemblage,Amphibians
20,oedipina_uniformis,1,Assemblage,Amphibians
20,smilisca_phaeota,1,Assemblage,Amphibians
20,dermophis_gracilior,1,Assemblage,Amphibians
20,craugastor_podiciferus,1,Assemblage,Amphibians
20,lithobates_warszewitschii,1,Assemblage,Amphibians
20,duellmanohyla_legleri,1,Assemblage,Amphibians
20,craugastor_emcelae,1,Assemblage,Amphibians
21,sus_bucculentus,0,Assemblage,Mammals
21,bos_javanicus,1,Assemblage,Mammals
21,rhinolophus_affinis,1,Assemblage,Mammals
21,pygathrix_nigripes,1,Assemblage,Mammals
21,hesperoptenus_blanfordi,1,Assemblage,Mammals
21,pipistrellus_javanicus,1,Assemblage,Mammals
21,arctogalidia_trivirgata,1,Assemblage,Mammals
21,crocidura_attenuata,1,Assemblage,Mammals
21,paradoxurus_hermaphroditus,1,Assemblage,Mammals
21,rattus_tanezumi,1,Assemblage,Mammals
21,petaurista_philippensis,1,Assemblage,Mammals
21,aonyx_cinereus,1,Assemblage,Mammals
21,menetes_berdmorei,1,Assemblage,Mammals
21,bos_gaurus,1,Assemblage,Mammals
21,crocidura_phanluongi,1,Assemblage,Mammals
21,rattus_nitidus,1,Assemblage,Mammals
21,berylmys_bowersii,1,Assemblage,Mammals
21,megaerops_niphanae,1,Assemblage,Mammals
21,coelops_frithii,1,Assemblage,Mammals
21,nomascus_siki,1,Assemblage,Mammals
21,tragulus_kanchil,1,Assemblage,Mammals
21,capricornis_sumatraensis,1,Assemblage,Mammals
21,hipposideros_cineraceus,1,Assemblage,Mammals
21,rhinolophus_luctus,1,Assemblage,Mammals
21,hipposideros_griffini,1,Assemblage,Mammals
21,cynopterus_brachyotis,1,Assemblage,Mammals
21,rousettus_amplexicaudatus,1,Assemblage,Mammals
21,rousettus_leschenaultii,1,Assemblage,Mammals
21,trachypithecus_crepusculus,1,Assemblage,Mammals
21,cuon_alpinus,1,Assemblage,Mammals
21,tylonycteris_pachypus,1,Assemblage,Mammals
21,kerivoula_picta,1,Assemblage,Mammals
21,niviventer_tenaster,1,Assemblage,Mammals
21,nomascus_gabriellae,1,Assemblage,Mammals
21,hylopetes_spadiceus,1,Assemblage,Mammals
21,petaurista_elegans,1,Assemblage,Mammals
21,chimarrogale_himalayica,1,Assemblage,Mammals
21,mus_cookii,1,Assemblage,Mammals
21,rhinolophus_microglobosus,1,Assemblage,Mammals
21,tamiops_maritimus,1,Assemblage,Mammals
21,hylopetes_alboniger,1,Assemblage,Mammals
21,phoniscus_jagorii,1,Assemblage,Mammals
21,rhinolophus_shameli,1,Assemblage,Mammals
21,kerivoula_titania,1,Assemblage,Mammals
21,martes_flavigula,1,Assemblage,Mammals
21,muntiacus_vaginalis,1,Assemblage,Mammals
21,tadarida_latouchei,1,Assemblage,Mammals
21,hipposideros_scutinares,1,Assemblage,Mammals
21,myotis_rosseti,1,Assemblage,Mammals
21,prionodon_pardicolor,1,Assemblage,Mammals
21,hylomys_suillus,1,Assemblage,Mammals
21,hipposideros_galeritus,1,Assemblage,Mammals
21,scotophilus_heathii,1,Assemblage,Mammals
21,miniopterus_pusillus,1,Assemblage,Mammals
21,rhinolophus_siamensis,1,Assemblage,Mammals
21,crocidura_fuliginosa,1,Assemblage,Mammals
21,rhinolophus_malayanus,1,Assemblage,Mammals
21,crocidura_indochinensis,1,Assemblage,Mammals
21,berylmys_berdmorei,1,Assemblage,Mammals
21,eonycteris_spelaea,1,Assemblage,Mammals
21,mustela_strigidorsa,1,Assemblage,Mammals
21,hystrix_brachyura,1,Assemblage,Mammals
21,paguma_larvata,1,Assemblage,Mammals
21,muntiacus_vuquangensis,1,Assemblage,Mammals
21,catopuma_temminckii,1,Assemblage,Mammals
21,hypsugo_dolichodon,1,Assemblage,Mammals
21,scotomanes_ornatus,1,Assemblage,Mammals
21,hesperoptenus_tickelli,1,Assemblage,Mammals
21,lyroderma_lyra,1,Assemblage,Mammals
21,vandeleuria_oleracea,1,Assemblage,Mammals
21,pipistrellus_paterculus,1,Assemblage,Mammals
21,urva_javanica,1,Assemblage,Mammals
21,hipposideros_armiger,1,Assemblage,Mammals
21,leopoldamys_edwardsi,1,Assemblage,Mammals
21,myotis_indochinensis,1,Assemblage,Mammals
21,macaca_leonina,1,Assemblage,Mammals
21,rhinolophus_pusillus,1,Assemblage,Mammals
21,bandicota_indica,1,Assemblage,Mammals
21,tylonycteris_robustula,1,Assemblage,Mammals
21,rhizomys_pruinosus,1,Assemblage,Mammals
21,niviventer_langbianis,1,Assemblage,Mammals
21,canis_aureus,1,Assemblage,Mammals
21,pipistrellus_coromandra,1,Assemblage,Mammals
21,mus_pahari,1,Assemblage,Mammals
21,macaca_fascicularis,1,Assemblage,Mammals
21,viverra_megaspila,1,Assemblage,Mammals
21,murina_annamitica,1,Assemblage,Mammals
21,suncus_murinus,1,Assemblage,Mammals
21,urva_urva,1,Assemblage,Mammals
21,melogale_moschata,1,Assemblage,Mammals
21,kerivoula_dongduongana,1,Assemblage,Mammals
21,euroscaptor_klossi,1,Assemblage,Mammals
21,manis_javanica,1,Assemblage,Mammals
21,rhinolophus_thomasi,1,Assemblage,Mammals
21,rhinolophus_paradoxolophus,1,Assemblage,Mammals
21,xanthonycticebus_pygmaeus,1,Assemblage,Mammals
21,myotis_siligorensis,1,Assemblage,Mammals
21,macaca_arctoides,1,Assemblage,Mammals
21,hypsugo_pulveratus,1,Assemblage,Mammals
21,myotis_muricola,1,Assemblage,Mammals
21,aselliscus_stoliczkanus,1,Assemblage,Mammals
21,pardofelis_marmorata,1,Assemblage,Mammals
21,murina_fionae,1,Assemblage,Mammals
21,prionailurus_bengalensis,1,Assemblage,Mammals
21,taphozous_theobaldi,1,Assemblage,Mammals
21,ratufa_bicolor,1,Assemblage,Mammals
21,myotis_chinensis,1,Assemblage,Mammals
21,tamiops_rodolphii,1,Assemblage,Mammals
21,miniopterus_magnater,1,Assemblage,Mammals
21,mus_caroli,1,Assemblage,Mammals
21,murina_feae,1,Assemblage,Mammals
21,dendrogale_murina,1,Assemblage,Mammals
21,macaca_mulatta,1,Assemblage,Mammals
21,arctictis_binturong,1,Assemblage,Mammals
21,dremomys_rufigenis,1,Assemblage,Mammals
21,leopoldamys_sabanus,1,Assemblage,Mammals
21,nycticebus_bengalensis,1,Assemblage,Mammals
21,hapalomys_delacouri,1,Assemblage,Mammals
21,bandicota_savilei,1,Assemblage,Mammals
21,arctonyx_collaris,1,Assemblage,Mammals
21,hipposideros_rotalis,1,Assemblage,Mammals
21,kerivoula_kachinensis,1,Assemblage,Mammals
21,manis_pentadactyla,1,Assemblage,Mammals
21,rattus_rattus,1,Assemblage,Mammals
21,pygathrix_nemaeus,1,Assemblage,Mammals
21,glischropus_bucephalus,1,Assemblage,Mammals
21,rattus_argentiventer,1,Assemblage,Mammals
21,hypsugo_cadornae,1,Assemblage,Mammals
21,megaderma_spasma,1,Assemblage,Mammals
21,melogale_personata,1,Assemblage,Mammals
21,callosciurus_inornatus,1,Assemblage,Mammals
21,leopoldamys_neilli,1,Assemblage,Mammals
21,lepus_peguensis,1,Assemblage,Mammals
21,panthera_tigris,1,Assemblage,Mammals
21,hipposideros_larvatus,1,Assemblage,Mammals
21,murina_aurata,1,Assemblage,Mammals
21,rhinolophus_marshalli,1,Assemblage,Mammals
21,rhizomys_sumatrensis,1,Assemblage,Mammals
21,muntiacus_rooseveltorum,1,Assemblage,Mammals
21,neofelis_nebulosa,1,Assemblage,Mammals
21,rhinolophus_acuminatus,1,Assemblage,Mammals
21,lutra_lutra,1,Assemblage,Mammals
21,viverra_zibetha,1,Assemblage,Mammals
21,rhinolophus_macrotis,1,Assemblage,Mammals
21,cynopterus_sphinx,1,Assemblage,Mammals
21,rhinolophus_pearsonii,1,Assemblage,Mammals
21,hylopetes_phayrei,1,Assemblage,Mammals
21,rattus_exulans,1,Assemblage,Mammals
21,crocidura_vorax,1,Assemblage,Mammals
21,lutrogale_perspicillata,1,Assemblage,Mammals
21,myotis_pilosus,1,Assemblage,Mammals
21,chiromyscus_chiropus,1,Assemblage,Mammals
21,viverricula_indica,1,Assemblage,Mammals
21,kerivoula_depressa,1,Assemblage,Mammals
21,mustela_kathiah,1,Assemblage,Mammals
21,pteropus_vampyrus,1,Assemblage,Mammals
21,callosciurus_erythraeus,1,Assemblage,Mammals
21,felis_chaus,1,Assemblage,Mammals
21,myotis_annectans,1,Assemblage,Mammals
21,sus_scrofa,1,Assemblage,Mammals
21,taphozous_melanopogon,1,Assemblage,Mammals
21,maxomys_surifer,1,Assemblage,Mammals
21,tupaia_belangeri,1,Assemblage,Mammals
21,macaca_assamensis,1,Assemblage,Mammals
21,ursus_thibetanus,1,Assemblage,Mammals
21,macroglossus_sobrinus,1,Assemblage,Mammals
21,hipposideros_diadema,1,Assemblage,Mammals
21,helarctos_malayanus,1,Assemblage,Mammals
21,rattus_andamanensis,1,Assemblage,Mammals
21,ia_io,1,Assemblage,Mammals
21,hipposideros_gentilis,1,Assemblage,Mammals
21,kerivoula_hardwickii,1,Assemblage,Mammals
21,panthera_pardus,1,Assemblage,Mammals
21,harpiocephalus_harpia,1,Assemblage,Mammals
21,scotophilus_kuhlii,1,Assemblage,Mammals
21,muntiacus_truongsonensis,1,Assemblage,Mammals
21,rusa_unicolor,1,Assemblage,Mammals
21,mus_musculus,1,Assemblage,Mammals
21,myotis_horsfieldii,1,Assemblage,Mammals
21,murina_cyclotis,1,Assemblage,Mammals
21,niviventer_fulvescens,1,Assemblage,Mammals
21,suncus_etruscus,1,Assemblage,Mammals
21,atherurus_macrourus,1,Assemblage,Mammals
22,dusicyon_avus,0,Assemblage,Mammals
22,conepatus_humboldtii,1,Assemblage,Mammals
22,didelphis_albiventris,1,Assemblage,Mammals
22,otaria_byronia,1,Assemblage,Mammals
22,abrothrix_longipilis,1,Assemblage,Mammals
22,oligoryzomys_delticola,1,Assemblage,Mammals
22,chelemys_macronyx,1,Assemblage,Mammals
22,lasiurus_ega,1,Assemblage,Mammals
22,holochilus_brasiliensis,1,Assemblage,Mammals
22,cavia_aperea,1,Assemblage,Mammals
22,chaetophractus_villosus,1,Assemblage,Mammals
22,loxodontomys_micropus,1,Assemblage,Mammals
22,oligoryzomys_magellanicus,1,Assemblage,Mammals
22,herpailurus_yagouaroundi,1,Assemblage,Mammals
22,balaenoptera_acutorostrata,1,Assemblage,Mammals
22,mesoplodon_densirostris,1,Assemblage,Mammals
22,caperea_marginata,1,Assemblage,Mammals
22,ctenomys_torquatus,1,Assemblage,Mammals
22,hyperoodon_planifrons,1,Assemblage,Mammals
22,ozotoceros_bezoarticus,1,Assemblage,Mammals
22,megaptera_novaeangliae,1,Assemblage,Mammals
22,ctenomys_haigi,1,Assemblage,Mammals
22,eligmodontia_typus,1,Assemblage,Mammals
22,platyrrhinus_lineatus,1,Assemblage,Mammals
22,globicephala_macrorhynchus,1,Assemblage,Mammals
22,lagenorhynchus_australis,1,Assemblage,Mammals
22,lagostomus_maximus,1,Assemblage,Mammals
22,octodon_bridgesi,1,Assemblage,Mammals
22,orcinus_orca,1,Assemblage,Mammals
22,chaetophractus_vellerosus,1,Assemblage,Mammals
22,leopardus_jacobita,1,Assemblage,Mammals
22,graomys_griseoflavus,1,Assemblage,Mammals
22,necromys_benefactus,1,Assemblage,Mammals
22,mesoplodon_layardii,1,Assemblage,Mammals
22,monodelphis_dimidiata,1,Assemblage,Mammals
22,dasypus_novemcinctus,1,Assemblage,Mammals
22,lagidium_viscacia,1,Assemblage,Mammals
22,kogia_breviceps,1,Assemblage,Mammals
22,tadarida_brasiliensis,1,Assemblage,Mammals
22,thylamys_pulchellus,1,Assemblage,Mammals
22,berardius_arnuxii,1,Assemblage,Mammals
22,ctenomys_azarae,1,Assemblage,Mammals
22,leopardus_geoffroyi,1,Assemblage,Mammals
22,sciurus_aestuans,1,Assemblage,Mammals
22,galea_leucoblephara,1,Assemblage,Mammals
22,ctenomys_pearsoni,1,Assemblage,Mammals
22,scapteromys_aquaticus,1,Assemblage,Mammals
22,noctilio_leporinus,1,Assemblage,Mammals
22,myotis_albescens,1,Assemblage,Mammals
22,leopardus_wiedii,1,Assemblage,Mammals
22,balaenoptera_physalus,1,Assemblage,Mammals
22,microcavia_australis,1,Assemblage,Mammals
22,akodon_reigi,1,Assemblage,Mammals
22,myotis_levis,1,Assemblage,Mammals
22,mirounga_leonina,1,Assemblage,Mammals
22,balaenoptera_edeni,1,Assemblage,Mammals
22,lagenodelphis_hosei,1,Assemblage,Mammals
22,akodon_iniscatus,1,Assemblage,Mammals
22,myocastor_coypus,1,Assemblage,Mammals
22,phyllotis_bonariensis,1,Assemblage,Mammals
22,delphinus_delphis,1,Assemblage,Mammals
22,nyctinomops_laticaudatus,1,Assemblage,Mammals
22,sturnira_lilium,1,Assemblage,Mammals
22,eumops_auripendulus,1,Assemblage,Mammals
22,stenella_frontalis,1,Assemblage,Mammals
22,cephalorhynchus_commersonii,1,Assemblage,Mammals
22,globicephala_melas,1,Assemblage,Mammals
22,ctenomys_yolandae,1,Assemblage,Mammals
22,lundomys_molitor,1,Assemblage,Mammals
22,oligoryzomys_nigripes,1,Assemblage,Mammals
22,dasyprocta_azarae,1,Assemblage,Mammals
22,phocoena_spinipinnis,1,Assemblage,Mammals
22,akodon_molinae,1,Assemblage,Mammals
22,ctenomys_australis,1,Assemblage,Mammals
22,ziphius_cavirostris,1,Assemblage,Mammals
22,lagenorhynchus_obscurus,1,Assemblage,Mammals
22,myrmecophaga_tridactyla,1,Assemblage,Mammals
22,pecari_tajacu,1,Assemblage,Mammals
22,balaenoptera_bonaerensis,1,Assemblage,Mammals
22,stenella_coeruleoalba,1,Assemblage,Mammals
22,lycalopex_culpaeus,1,Assemblage,Mammals
22,ctenomys_sociabilis,1,Assemblage,Mammals
22,dolichotis_patagonum,1,Assemblage,Mammals
22,calomys_venustus,1,Assemblage,Mammals
22,rattus_norvegicus,1,Assemblage,Mammals
22,ctenomys_emilianus,1,Assemblage,Mammals
22,brucepattersonius_iheringi,1,Assemblage,Mammals
22,euphractus_sexcinctus,1,Assemblage,Mammals
22,oligoryzomys_longicaudatus,1,Assemblage,Mammals
22,thylamys_pallidior,1,Assemblage,Mammals
22,pudu_puda,1,Assemblage,Mammals
22,neoeptesicus_diminutus,1,Assemblage,Mammals
22,chrysocyon_brachyurus,1,Assemblage,Mammals
22,lontra_longicaudis,1,Assemblage,Mammals
22,balaenoptera_borealis,1,Assemblage,Mammals
22,kogia_sima,1,Assemblage,Mammals
22,oligoryzomys_flavescens,1,Assemblage,Mammals
22,molossus_currentium,1,Assemblage,Mammals
22,zaedyus_pichiy,1,Assemblage,Mammals
22,hydrochoerus_hydrochaeris,1,Assemblage,Mammals
22,notiomys_edwardsii,1,Assemblage,Mammals
22,tamandua_tetradactyla,1,Assemblage,Mammals
22,molossus_rufus,1,Assemblage,Mammals
22,calomys_laucha,1,Assemblage,Mammals
22,necromys_obscurus,1,Assemblage,Mammals
22,eira_barbara,1,Assemblage,Mammals
22,neoeptesicus_furinalis,1,Assemblage,Mammals
22,ctenomys_osvaldoreigi,1,Assemblage,Mammals
22,lasiurus_cinereus,1,Assemblage,Mammals
22,myotis_riparius,1,Assemblage,Mammals
22,cryptonanus_chacoensis,1,Assemblage,Mammals
22,histiotus_alienus,1,Assemblage,Mammals
22,molossops_temminckii,1,Assemblage,Mammals
22,lontra_provocax,1,Assemblage,Mammals
22,galictis_cuja,1,Assemblage,Mammals
22,abrothrix_lanosus,1,Assemblage,Mammals
22,ctenomys_mendocinus,1,Assemblage,Mammals
22,cephalorhynchus_eutropia,1,Assemblage,Mammals
22,coendou_spinosus,1,Assemblage,Mammals
22,calomys_callidus,1,Assemblage,Mammals
22,leopardus_guigna,1,Assemblage,Mammals
22,cavia_magna,1,Assemblage,Mammals
22,ctenomys_flamarioni,1,Assemblage,Mammals
22,euneomys_petersoni,1,Assemblage,Mammals
22,procyon_cancrivorus,1,Assemblage,Mammals
22,euneomys_chinchilloides,1,Assemblage,Mammals
22,ctenomys_porteousi,1,Assemblage,Mammals
22,reithrodon_auritus,1,Assemblage,Mammals
22,oxymycterus_rufus,1,Assemblage,Mammals
22,arctocephalus_australis,1,Assemblage,Mammals
22,lycalopex_griseus,1,Assemblage,Mammals
22,mesoplodon_grayi,1,Assemblage,Mammals
22,hippocamelus_bisulcus,1,Assemblage,Mammals
22,chlamyphorus_truncatus,1,Assemblage,Mammals
22,lycalopex_gymnocercus,1,Assemblage,Mammals
22,ctenomys_pundti,1,Assemblage,Mammals
22,nasua_nasua,1,Assemblage,Mammals
22,wilfredomys_oenax,1,Assemblage,Mammals
22,ctenomys_coyhaiquensis,1,Assemblage,Mammals
22,calomys_musculinus,1,Assemblage,Mammals
22,myotis_ruber,1,Assemblage,Mammals
22,phyllomys_dasythrix,1,Assemblage,Mammals
22,abrothrix_sanborni,1,Assemblage,Mammals
22,geoxus_valdivianus,1,Assemblage,Mammals
22,lasiurus_salinae,1,Assemblage,Mammals
22,graomys_chacoensis,1,Assemblage,Mammals
22,phocoena_dioptrica,1,Assemblage,Mammals
22,akodon_polopi,1,Assemblage,Mammals
22,myotis_nigricans,1,Assemblage,Mammals
22,grampus_griseus,1,Assemblage,Mammals
22,histiotus_magellanicus,1,Assemblage,Mammals
22,holochilus_chacarius,1,Assemblage,Mammals
22,histiotus_macrotus,1,Assemblage,Mammals
22,thylamys_citellus,1,Assemblage,Mammals
22,abrothrix_olivaceus,1,Assemblage,Mammals
22,tympanoctomys_kirchnerorum,1,Assemblage,Mammals
22,desmodus_rotundus,1,Assemblage,Mammals
22,lasiurus_varius,1,Assemblage,Mammals
22,phyllotis_xanthopygus,1,Assemblage,Mammals
22,physeter_macrocephalus,1,Assemblage,Mammals
22,ctenomys_brasiliensis,1,Assemblage,Mammals
22,tayassu_pecari,1,Assemblage,Mammals
22,cabassous_tatouay,1,Assemblage,Mammals
22,scapteromys_tumidus,1,Assemblage,Mammals
22,steno_bredanensis,1,Assemblage,Mammals
22,lissodelphis_peronii,1,Assemblage,Mammals
22,conepatus_chinga,1,Assemblage,Mammals
22,myotis_dinellii,1,Assemblage,Mammals
22,tympanoctomys_barrerae,1,Assemblage,Mammals
22,pontoporia_blainvillei,1,Assemblage,Mammals
22,stenella_attenuata,1,Assemblage,Mammals
22,lutreolina_crassicaudata,1,Assemblage,Mammals
22,ctenomys_magellanicus,1,Assemblage,Mammals
22,lestodelphys_halli,1,Assemblage,Mammals
22,lama_guanicoe,1,Assemblage,Mammals
22,dasypus_hybridus,1,Assemblage,Mammals
22,alouatta_caraya,1,Assemblage,Mammals
22,oxymycterus_nasutus,1,Assemblage,Mammals
22,akodon_azarae,1,Assemblage,Mammals
22,balaenoptera_musculus,1,Assemblage,Mammals
22,leopardus_colocolo,1,Assemblage,Mammals
22,cerdocyon_thous,1,Assemblage,Mammals
22,molossus_molossus,1,Assemblage,Mammals
22,eumops_bonariensis,1,Assemblage,Mammals
22,ctenomys_colburni,1,Assemblage,Mammals
22,lasiurus_blossevillii,1,Assemblage,Mammals
22,eligmodontia_morgani,1,Assemblage,Mammals
22,ctenomys_fodax,1,Assemblage,Mammals
22,reithrodon_typicus,1,Assemblage,Mammals
22,puma_concolor,1,Assemblage,Mammals
22,chironectes_minimus,1,Assemblage,Mammals
22,lagenorhynchus_cruciger,1,Assemblage,Mammals
22,blastocerus_dichotomus,1,Assemblage,Mammals
22,tursiops_truncatus,1,Assemblage,Mammals
22,irenomys_tarsalis,1,Assemblage,Mammals
22,bibimys_torresi,1,Assemblage,Mammals
22,lyncodon_patagonicus,1,Assemblage,Mammals
22,pseudorca_crassidens,1,Assemblage,Mammals
22,eumops_patagonicus,1,Assemblage,Mammals
22,mazama_gouazoubira,1,Assemblage,Mammals
22,lepus_europaeus,1,Assemblage,Mammals
22,mesoplodon_eueu,1,Assemblage,Mammals
22,ctenomys_talarum,1,Assemblage,Mammals
22,eubalaena_australis,1,Assemblage,Mammals
22,pseudoryzomys_simplex,1,Assemblage,Mammals
22,castor_canadensis,1,Assemblage,Mammals
22,tolypeutes_matacus,1,Assemblage,Mammals
22,deltamys_kempi,1,Assemblage,Mammals
22,lagidium_wolffsohni,1,Assemblage,Mammals
22,mus_musculus,1,Assemblage,Mammals
22,tasmacetus_shepherdi,1,Assemblage,Mammals
22,ctenomys_sericeus,1,Assemblage,Mammals
22,thylamys_fenestrae,1,Assemblage,Mammals
22,oxymycterus_josei,1,Assemblage,Mammals
22,ctenomys_rionegrensis,1,Assemblage,Mammals
22,histiotus_montanus,1,Assemblage,Mammals
22,ctenomys_dorbignyi,1,Assemblage,Mammals
22,myotis_chiloensis,1,Assemblage,Mammals
22,akodon_dolores,1,Assemblage,Mammals
22,eumops_perotis,1,Assemblage,Mammals
23,juscelinomys_candango,0,Assemblage,Mammals
23,chiroderma_villosum,1,Assemblage,Mammals
23,didelphis_albiventris,1,Assemblage,Mammals
23,lasiurus_ega,1,Assemblage,Mammals
23,thylamys_velutinus,1,Assemblage,Mammals
23,cavia_aperea,1,Assemblage,Mammals
23,herpailurus_yagouaroundi,1,Assemblage,Mammals
23,monodelphis_americana,1,Assemblage,Mammals
23,glossophaga_soricina,1,Assemblage,Mammals
23,platyrrhinus_lineatus,1,Assemblage,Mammals
23,euryoryzomys_lamia,1,Assemblage,Mammals
23,gardnerycteris_crenulatum,1,Assemblage,Mammals
23,oxymycterus_roberti,1,Assemblage,Mammals
23,calomys_tener,1,Assemblage,Mammals
23,dasypus_novemcinctus,1,Assemblage,Mammals
23,macrophyllum_macrophyllum,1,Assemblage,Mammals
23,tadarida_brasiliensis,1,Assemblage,Mammals
23,sciurus_aestuans,1,Assemblage,Mammals
23,saccopteryx_bilineata,1,Assemblage,Mammals
23,sapajus_libidinosus,1,Assemblage,Mammals
23,uroderma_bilobatum,1,Assemblage,Mammals
23,noctilio_leporinus,1,Assemblage,Mammals
23,myotis_albescens,1,Assemblage,Mammals
23,potos_flavus,1,Assemblage,Mammals
23,proechimys_roberti,1,Assemblage,Mammals
23,oligoryzomys_fornesi,1,Assemblage,Mammals
23,leopardus_wiedii,1,Assemblage,Mammals
23,nyctinomops_aurispinosus,1,Assemblage,Mammals
23,cabassous_squamicaudis,1,Assemblage,Mammals
23,holochilus_sciureus,1,Assemblage,Mammals
23,gracilinanus_agilis,1,Assemblage,Mammals
23,nyctinomops_laticaudatus,1,Assemblage,Mammals
23,sturnira_lilium,1,Assemblage,Mammals
23,eumops_auripendulus,1,Assemblage,Mammals
23,cynomops_planirostris,1,Assemblage,Mammals
23,cryptonanus_agricolai,1,Assemblage,Mammals
23,saccopteryx_leptura,1,Assemblage,Mammals
23,thalpomys_lasiotis,1,Assemblage,Mammals
23,oligoryzomys_nigripes,1,Assemblage,Mammals
23,clyomys_laticeps,1,Assemblage,Mammals
23,myrmecophaga_tridactyla,1,Assemblage,Mammals
23,pecari_tajacu,1,Assemblage,Mammals
23,lonchorhina_aurita,1,Assemblage,Mammals
23,chiroderma_doriae,1,Assemblage,Mammals
23,phyllostomus_discolor,1,Assemblage,Mammals
23,necromys_lasiurus,1,Assemblage,Mammals
23,diaemus_youngii,1,Assemblage,Mammals
23,dasyprocta_leporina,1,Assemblage,Mammals
23,euphractus_sexcinctus,1,Assemblage,Mammals
23,carterodon_sulcidens,1,Assemblage,Mammals
23,chrotopterus_auritus,1,Assemblage,Mammals
23,chrysocyon_brachyurus,1,Assemblage,Mammals
23,lontra_longicaudis,1,Assemblage,Mammals
23,nyctinomops_macrotis,1,Assemblage,Mammals
23,hydrochoerus_hydrochaeris,1,Assemblage,Mammals
23,tamandua_tetradactyla,1,Assemblage,Mammals
23,leopardus_pardalis,1,Assemblage,Mammals
23,cuniculus_paca,1,Assemblage,Mammals
23,molossus_rufus,1,Assemblage,Mammals
23,micronycteris_megalotis,1,Assemblage,Mammals
23,eira_barbara,1,Assemblage,Mammals
23,priodontes_maximus,1,Assemblage,Mammals
23,neoeptesicus_furinalis,1,Assemblage,Mammals
23,lasiurus_cinereus,1,Assemblage,Mammals
23,myotis_riparius,1,Assemblage,Mammals
23,leopardus_tigrinus,1,Assemblage,Mammals
23,microakodontomys_transitorius,1,Assemblage,Mammals
23,molossops_temminckii,1,Assemblage,Mammals
23,galictis_cuja,1,Assemblage,Mammals
23,artibeus_lituratus,1,Assemblage,Mammals
23,mazama_americana,1,Assemblage,Mammals
23,monodelphis_kunsi,1,Assemblage,Mammals
23,calomys_callosus,1,Assemblage,Mammals
23,procyon_cancrivorus,1,Assemblage,Mammals
23,bradypus_variegatus,1,Assemblage,Mammals
23,monodelphis_domestica,1,Assemblage,Mammals
23,coendou_prehensilis,1,Assemblage,Mammals
23,oecomys_bicolor,1,Assemblage,Mammals
23,calomys_expulsus,1,Assemblage,Mammals
23,lycalopex_vetulus,1,Assemblage,Mammals
23,nasua_nasua,1,Assemblage,Mammals
23,promops_nasutus,1,Assemblage,Mammals
23,oecomys_catherinae,1,Assemblage,Mammals
23,furipterus_horrens,1,Assemblage,Mammals
23,oecomys_cleberi,1,Assemblage,Mammals
23,cerradomys_scotti,1,Assemblage,Mammals
23,myotis_nigricans,1,Assemblage,Mammals
23,tapirus_terrestris,1,Assemblage,Mammals
23,dermanura_cinerea,1,Assemblage,Mammals
23,peropteryx_macrotis,1,Assemblage,Mammals
23,desmodus_rotundus,1,Assemblage,Mammals
23,anoura_geoffroyi,1,Assemblage,Mammals
23,anoura_caudifer,1,Assemblage,Mammals
23,hylaeamys_megacephalus,1,Assemblage,Mammals
23,mimon_bennettii,1,Assemblage,Mammals
23,diphylla_ecaudata,1,Assemblage,Mammals
23,dermanura_gnoma,1,Assemblage,Mammals
23,thalpomys_cerradensis,1,Assemblage,Mammals
23,akodon_lindberghi,1,Assemblage,Mammals
23,marmosa_murina,1,Assemblage,Mammals
23,thylamys_karimii,1,Assemblage,Mammals
23,tayassu_pecari,1,Assemblage,Mammals
23,diclidurus_albus,1,Assemblage,Mammals
23,cabassous_tatouay,1,Assemblage,Mammals
23,micronycteris_minuta,1,Assemblage,Mammals
23,phyllostomus_elongatus,1,Assemblage,Mammals
23,phylloderma_stenops,1,Assemblage,Mammals
23,dasypus_septemcinctus,1,Assemblage,Mammals
23,sturnira_tildae,1,Assemblage,Mammals
23,histiotus_velatus,1,Assemblage,Mammals
23,alouatta_caraya,1,Assemblage,Mammals
23,cerdocyon_thous,1,Assemblage,Mammals
23,molossus_molossus,1,Assemblage,Mammals
23,phyllostomus_hastatus,1,Assemblage,Mammals
23,platyrrhinus_helleri,1,Assemblage,Mammals
23,proechimys_longicaudatus,1,Assemblage,Mammals
23,lasiurus_blossevillii,1,Assemblage,Mammals
23,noctilio_albiventris,1,Assemblage,Mammals
23,puma_concolor,1,Assemblage,Mammals
23,artibeus_obscurus,1,Assemblage,Mammals
23,chironectes_minimus,1,Assemblage,Mammals
23,rhynchonycteris_naso,1,Assemblage,Mammals
23,blastocerus_dichotomus,1,Assemblage,Mammals
23,chiroderma_trinitatum,1,Assemblage,Mammals
23,rhipidomys_macrurus,1,Assemblage,Mammals
23,mazama_gouazoubira,1,Assemblage,Mammals
23,pseudoryzomys_simplex,1,Assemblage,Mammals
23,trachops_cirrhosus,1,Assemblage,Mammals
23,neoeptesicus_brasiliensis,1,Assemblage,Mammals
23,eumops_glaucinus,1,Assemblage,Mammals
23,oligoryzomys_rupestris,1,Assemblage,Mammals
23,speothos_venaticus,1,Assemblage,Mammals
23,callithrix_penicillata,1,Assemblage,Mammals
23,eumops_perotis,1,Assemblage,Mammals
23,carollia_perspicillata,1,Assemblage,Mammals
23,oligoryzomys_eliurus,1,Assemblage,Mammals
24,leporillus_apicalis,0,Assemblage,Mammals
24,ozimops_lumsdenae,1,Assemblage,Mammals
24,lagorchestes_hirsutus,1,Assemblage,Mammals
24,antechinomys_laniger,1,Assemblage,Mammals
24,dasycercus_blythi,1,Assemblage,Mammals
24,ningaui_ridei,1,Assemblage,Mammals
24,pseudantechinus_macdonnellensis,1,Assemblage,Mammals
24,scotorepens_greyii,1,Assemblage,Mammals
24,osphranter_robustus,1,Assemblage,Mammals
24,notoryctes_typhlops,1,Assemblage,Mammals
24,sminthopsis_ooldea,1,Assemblage,Mammals
24,vulpes_vulpes,1,Assemblage,Mammals
24,notoryctes_caurinus,1,Assemblage,Mammals
24,petrogale_lateralis,1,Assemblage,Mammals
24,planigale_kendricki,1,Assemblage,Mammals
24,tachyglossus_aculeatus,1,Assemblage,Mammals
24,isoodon_auratus,1,Assemblage,Mammals
24,chalinolobus_morio,1,Assemblage,Mammals
24,ozimops_petersi,1,Assemblage,Mammals
24,pseudomys_gouldii,1,Assemblage,Mammals
24,macroderma_gigas,1,Assemblage,Mammals
24,pseudomys_desertor,1,Assemblage,Mammals
24,sminthopsis_hirtipes,1,Assemblage,Mammals
24,pseudomys_chapmani,1,Assemblage,Mammals
24,ozimops_planiceps,1,Assemblage,Mammals
24,sminthopsis_youngsoni,1,Assemblage,Mammals
24,trichosurus_vulpecula,1,Assemblage,Mammals
24,zyzomys_argurus,1,Assemblage,Mammals
24,dasykaluta_rosamondae,1,Assemblage,Mammals
24,rattus_villosissimus,1,Assemblage,Mammals
24,austronomus_australis,1,Assemblage,Mammals
24,taphozous_georgianus,1,Assemblage,Mammals
24,pseudantechinus_woolleyae,1,Assemblage,Mammals
24,pseudomys_bolami,1,Assemblage,Mammals
24,nyctophilus_major,1,Assemblage,Mammals
24,taphozous_hilli,1,Assemblage,Mammals
24,chalinolobus_gouldii,1,Assemblage,Mammals
24,osphranter_rufus,1,Assemblage,Mammals
24,pseudomys_hermannsburgensis,1,Assemblage,Mammals
24,saccolaimus_flaviventris,1,Assemblage,Mammals
24,vespadelus_finlaysoni,1,Assemblage,Mammals
24,vespadelus_baverstocki,1,Assemblage,Mammals
24,setirostris_eleryi,1,Assemblage,Mammals
24,antechinomys_longicaudatus,1,Assemblage,Mammals
24,notomys_mitchellii,1,Assemblage,Mammals
24,ningaui_timealeyi,1,Assemblage,Mammals
24,pseudantechinus_roryi,1,Assemblage,Mammals
24,mus_musculus,1,Assemblage,Mammals
24,macropus_fuliginosus,1,Assemblage,Mammals
24,sminthopsis_crassicaudata,1,Assemblage,Mammals
24,notomys_alexis,1,Assemblage,Mammals
24,scotorepens_balstoni,1,Assemblage,Mammals
24,macrotis_lagotis,1,Assemblage,Mammals
24,sminthopsis_macroura,1,Assemblage,Mammals
24,nyctophilus_geoffroyi,1,Assemblage,Mammals
24,leggadina_forresti,1,Assemblage,Mammals
25,elaphurus_davidianus,0,Assemblage,Mammals
25,hipposideros_pratti,1,Assemblage,Mammals
25,myotis_pequinius,1,Assemblage,Mammals
25,crocidura_attenuata,1,Assemblage,Mammals
25,myotis_fimbriatus,1,Assemblage,Mammals
25,rattus_tanezumi,1,Assemblage,Mammals
25,rattus_nitidus,1,Assemblage,Mammals
25,balaenoptera_acutorostrata,1,Assemblage,Mammals
25,lasiopodomys_mandarinus,1,Assemblage,Mammals
25,hypsugo_alaschanicus,1,Assemblage,Mammals
25,megaptera_novaeangliae,1,Assemblage,Mammals
25,globicephala_macrorhynchus,1,Assemblage,Mammals
25,orcinus_orca,1,Assemblage,Mammals
25,murina_leucogaster,1,Assemblage,Mammals
25,mustela_eversmanii,1,Assemblage,Mammals
25,lipotes_vexillifer,1,Assemblage,Mammals
25,kogia_breviceps,1,Assemblage,Mammals
25,chimarrogale_himalayica,1,Assemblage,Mammals
25,apodemus_agrarius,1,Assemblage,Mammals
25,cricetulus_barabensis,1,Assemblage,Mammals
25,balaenoptera_physalus,1,Assemblage,Mammals
25,myotis_davidii,1,Assemblage,Mammals
25,stenella_longirostris,1,Assemblage,Mammals
25,elaphodus_cephalophus,1,Assemblage,Mammals
25,delphinus_delphis,1,Assemblage,Mammals
25,crocidura_shantungensis,1,Assemblage,Mammals
25,ziphius_cavirostris,1,Assemblage,Mammals
25,hystrix_brachyura,1,Assemblage,Mammals
25,paguma_larvata,1,Assemblage,Mammals
25,catopuma_temminckii,1,Assemblage,Mammals
25,scotomanes_ornatus,1,Assemblage,Mammals
25,niviventer_confucianus,1,Assemblage,Mammals
25,rhinolophus_sinicus,1,Assemblage,Mammals
25,stenella_coeruleoalba,1,Assemblage,Mammals
25,tscherskia_triton,1,Assemblage,Mammals
25,arctonyx_albogularis,1,Assemblage,Mammals
25,spermophilus_dauricus,1,Assemblage,Mammals
25,balaenoptera_borealis,1,Assemblage,Mammals
25,kogia_sima,1,Assemblage,Mammals
25,erinaceus_amurensis,1,Assemblage,Mammals
25,muntiacus_reevesi,1,Assemblage,Mammals
25,lagenorhynchus_obliquidens,1,Assemblage,Mammals
25,urva_urva,1,Assemblage,Mammals
25,melogale_moschata,1,Assemblage,Mammals
25,crocidura_lasiura,1,Assemblage,Mammals
25,nyctereutes_procyonoides,1,Assemblage,Mammals
25,prionailurus_bengalensis,1,Assemblage,Mammals
25,myospalax_psilurus,1,Assemblage,Mammals
25,ondatra_zibethicus,1,Assemblage,Mammals
25,hydropotes_inermis,1,Assemblage,Mammals
25,macaca_mulatta,1,Assemblage,Mammals
25,nyctalus_plancyi,1,Assemblage,Mammals
25,eschrichtius_robustus,1,Assemblage,Mammals
25,rattus_rattus,1,Assemblage,Mammals
25,lepus_tolai,1,Assemblage,Mammals
25,panthera_tigris,1,Assemblage,Mammals
25,myotis_laniger,1,Assemblage,Mammals
25,eothenomys_melanogaster,1,Assemblage,Mammals
25,neofelis_nebulosa,1,Assemblage,Mammals
25,lutra_lutra,1,Assemblage,Mammals
25,mustela_sibirica,1,Assemblage,Mammals
25,viverra_zibetha,1,Assemblage,Mammals
25,sciurus_vulgaris,1,Assemblage,Mammals
25,physeter_macrocephalus,1,Assemblage,Mammals
25,steno_bredanensis,1,Assemblage,Mammals
25,stenella_attenuata,1,Assemblage,Mammals
25,cnephaeus_pachyomus,1,Assemblage,Mammals
25,vulpes_vulpes,1,Assemblage,Mammals
25,mesechinus_dauuricus,1,Assemblage,Mammals
25,micromys_minutus,1,Assemblage,Mammals
25,myotis_pilosus,1,Assemblage,Mammals
25,balaenoptera_musculus,1,Assemblage,Mammals
25,pipistrellus_abramus,1,Assemblage,Mammals
25,viverricula_indica,1,Assemblage,Mammals
25,callosciurus_erythraeus,1,Assemblage,Mammals
25,sus_scrofa,1,Assemblage,Mammals
25,vespertilio_sinensis,1,Assemblage,Mammals
25,neophocaena_asiaeorientalis,1,Assemblage,Mammals
25,scaptochirus_moschatus,1,Assemblage,Mammals
25,ursus_thibetanus,1,Assemblage,Mammals
25,meles_leucurus,1,Assemblage,Mammals
25,rhinolophus_ferrumequinum,1,Assemblage,Mammals
25,canis_lupus,1,Assemblage,Mammals
25,apodemus_peninsulae,1,Assemblage,Mammals
25,ia_io,1,Assemblage,Mammals
25,tursiops_truncatus,1,Assemblage,Mammals
25,pseudorca_crassidens,1,Assemblage,Mammals
25,panthera_pardus,1,Assemblage,Mammals
25,mus_musculus,1,Assemblage,Mammals
25,eutamias_sibiricus,1,Assemblage,Mammals
25,niviventer_fulvescens,1,Assemblage,Mammals
26,scelotes_guentheri,0,Assemblage,Reptiles
26,afroedura_pondolia,1,Assemblage,Reptiles
26,dasypeltis_scabra,1,Assemblage,Reptiles
26,chelonia_mydas,1,Assemblage,Reptiles
26,dendroaspis_polylepis,1,Assemblage,Reptiles
26,afrotyphlops_bibronii,1,Assemblage,Reptiles
26,chamaeleo_dilepis,1,Assemblage,Reptiles
26,dermochelys_coriacea,1,Assemblage,Reptiles
26,lycodonomorphus_inornatus,1,Assemblage,Reptiles
26,leptotyphlops_conjunctus,1,Assemblage,Reptiles
26,psammophis_brevirostris,1,Assemblage,Reptiles
26,scelotes_inornatus,1,Assemblage,Reptiles
26,chamaesaura_macrolepis,1,Assemblage,Reptiles
26,causus_defilippii,1,Assemblage,Reptiles
26,scelotes_mossambicus,1,Assemblage,Reptiles
26,duberria_lutrix,1,Assemblage,Reptiles
26,bradypodion_melanocephalum,1,Assemblage,Reptiles
26,hydrophis_platurus,1,Assemblage,Reptiles
26,thelotornis_capensis,1,Assemblage,Reptiles
26,dispholidus_typus,1,Assemblage,Reptiles
26,boaedon_capensis,1,Assemblage,Reptiles
26,lycodonomorphus_rufulus,1,Assemblage,Reptiles
26,lamprophis_aurora,1,Assemblage,Reptiles
26,psammophylax_rhombeatus,1,Assemblage,Reptiles
26,varanus_niloticus,1,Assemblage,Reptiles
26,tetradactylus_africanus,1,Assemblage,Reptiles
26,causus_rhombeatus,1,Assemblage,Reptiles
26,trachylepis_varia,1,Assemblage,Reptiles
26,eretmochelys_imbricata,1,Assemblage,Reptiles
26,pelomedusa_galeata,1,Assemblage,Reptiles
26,indotyphlops_braminus,1,Assemblage,Reptiles
26,varanus_albigularis,1,Assemblage,Reptiles
26,philothamnus_semivariegatus,1,Assemblage,Reptiles
26,lycophidion_capense,1,Assemblage,Reptiles
26,gerrhosaurus_flavigularis,1,Assemblage,Reptiles
26,dendroaspis_angusticeps,1,Assemblage,Reptiles
26,pseudaspis_cana,1,Assemblage,Reptiles
26,panaspis_wahlbergii,1,Assemblage,Reptiles
26,amblyodipsas_concolor,1,Assemblage,Reptiles
26,lycodonomorphus_laevissimus,1,Assemblage,Reptiles
26,dasypeltis_inornata,1,Assemblage,Reptiles
26,elapsoidea_sundevallii,1,Assemblage,Reptiles
26,amblyodipsas_polylepis,1,Assemblage,Reptiles
26,naja_mossambica,1,Assemblage,Reptiles
26,limaformosa_capensis,1,Assemblage,Reptiles
26,chamaesaura_anguina,1,Assemblage,Reptiles
26,macrelaps_microlepidotus,1,Assemblage,Reptiles
26,acontias_plumbeus,1,Assemblage,Reptiles
26,python_natalensis,1,Assemblage,Reptiles
26,philothamnus_hoplogaster,1,Assemblage,Reptiles
26,hemidactylus_mabouia,1,Assemblage,Reptiles
26,philothamnus_natalensis,1,Assemblage,Reptiles
26,philothamnus_occidentalis,1,Assemblage,Reptiles
26,caretta_caretta,1,Assemblage,Reptiles
26,psammophis_mossambicus,1,Assemblage,Reptiles
26,aparallactus_capensis,1,Assemblage,Reptiles
26,agama_aculeata,1,Assemblage,Reptiles
26,bitis_arietans,1,Assemblage,Reptiles
26,trachylepis_capensis,1,Assemblage,Reptiles
26,crotaphopeltis_hotamboeia,1,Assemblage,Reptiles
26,leptotyphlops_scutifrons,1,Assemblage,Reptiles
26,gracililima_nyassae,1,Assemblage,Reptiles
26,lygodactylus_capensis,1,Assemblage,Reptiles
26,atractaspis_bibronii,1,Assemblage,Reptiles
27,tetradactylus_eastwoodae,0,Assemblage,Reptiles
27,dasypeltis_scabra,1,Assemblage,Reptiles
27,afrotyphlops_bibronii,1,Assemblage,Reptiles
27,rhinotyphlops_lalandei,1,Assemblage,Reptiles
27,trachylepis_margaritifer,1,Assemblage,Reptiles
27,psammophis_brevirostris,1,Assemblage,Reptiles
27,smaug_depressus,1,Assemblage,Reptiles
27,duberria_lutrix,1,Assemblage,Reptiles
27,boaedon_capensis,1,Assemblage,Reptiles
27,lycodonomorphus_rufulus,1,Assemblage,Reptiles
27,afroedura_multiporis,1,Assemblage,Reptiles
27,platysaurus_intermedius,1,Assemblage,Reptiles
27,varanus_albigularis,1,Assemblage,Reptiles
27,lycophidion_capense,1,Assemblage,Reptiles
27,nucras_intertexta,1,Assemblage,Reptiles
27,inyoka_swazicus,1,Assemblage,Reptiles
27,elapsoidea_sundevallii,1,Assemblage,Reptiles
27,amblyodipsas_polylepis,1,Assemblage,Reptiles
27,naja_mossambica,1,Assemblage,Reptiles
27,acontias_cregoi,1,Assemblage,Reptiles
27,naja_annulifera,1,Assemblage,Reptiles
27,lycophidion_variegatum,1,Assemblage,Reptiles
27,python_natalensis,1,Assemblage,Reptiles
27,philothamnus_hoplogaster,1,Assemblage,Reptiles
27,ichnotropis_capensis,1,Assemblage,Reptiles
27,nucras_holubi,1,Assemblage,Reptiles
27,philothamnus_natalensis,1,Assemblage,Reptiles
27,agama_aculeata,1,Assemblage,Reptiles
27,crotaphopeltis_hotamboeia,1,Assemblage,Reptiles
27,trachylepis_punctatissima,1,Assemblage,Reptiles
27,leptotyphlops_scutifrons,1,Assemblage,Reptiles
27,lygodactylus_capensis,1,Assemblage,Reptiles
27,dendroaspis_polylepis,1,Assemblage,Reptiles
27,chondrodactylus_turneri,1,Assemblage,Reptiles
27,pachydactylus_vansoni,1,Assemblage,Reptiles
27,dispholidus_typus,1,Assemblage,Reptiles
27,lamprophis_aurora,1,Assemblage,Reptiles
27,agama_atra,1,Assemblage,Reptiles
27,lygodactylus_methueni,1,Assemblage,Reptiles
27,natriciteres_olivacea,1,Assemblage,Reptiles
27,pedioplanis_lineoocellata,1,Assemblage,Reptiles
27,pseudocordylus_transvaalensis,1,Assemblage,Reptiles
27,meroles_squamulosus,1,Assemblage,Reptiles
27,nucras_lalandii,1,Assemblage,Reptiles
27,matobosaurus_validus,1,Assemblage,Reptiles
27,psammophis_crucifer,1,Assemblage,Reptiles
27,lygodactylus_nigropunctatus,1,Assemblage,Reptiles
27,heliobolus_lugubris,1,Assemblage,Reptiles
27,dasypeltis_inornata,1,Assemblage,Reptiles
27,afrotyphlops_schlegelii,1,Assemblage,Reptiles
27,nucras_ornata,1,Assemblage,Reptiles
27,telescopus_semiannulatus,1,Assemblage,Reptiles
27,hemidactylus_mabouia,1,Assemblage,Reptiles
27,acontias_rieppeli,1,Assemblage,Reptiles
27,homopholis_wahlbergii,1,Assemblage,Reptiles
27,cordylus_vittifer,1,Assemblage,Reptiles
27,gracililima_nyassae,1,Assemblage,Reptiles
27,psammophis_subtaeniatus,1,Assemblage,Reptiles
27,pachydactylus_punctatus,1,Assemblage,Reptiles
27,scelotes_mirus,1,Assemblage,Reptiles
27,lycodonomorphus_inornatus,1,Assemblage,Reptiles
27,myriopholis_longicauda,1,Assemblage,Reptiles
27,trachylepis_damarana,1,Assemblage,Reptiles
27,cordylus_jonesii,1,Assemblage,Reptiles
27,thelotornis_capensis,1,Assemblage,Reptiles
27,stigmochelys_pardalis,1,Assemblage,Reptiles
27,afrotyphlops_dinga,1,Assemblage,Reptiles
27,acontias_occidentalis,1,Assemblage,Reptiles
27,psammophylax_rhombeatus,1,Assemblage,Reptiles
27,prosymna_sundevalli,1,Assemblage,Reptiles
27,kinixys_lobatsiana,1,Assemblage,Reptiles
27,varanus_niloticus,1,Assemblage,Reptiles
27,indotyphlops_braminus,1,Assemblage,Reptiles
27,philothamnus_semivariegatus,1,Assemblage,Reptiles
27,gerrhosaurus_flavigularis,1,Assemblage,Reptiles
27,pseudaspis_cana,1,Assemblage,Reptiles
27,bradypodion_transvaalense,1,Assemblage,Reptiles
27,smaug_vandami,1,Assemblage,Reptiles
27,panaspis_wahlbergii,1,Assemblage,Reptiles
27,amblyodipsas_concolor,1,Assemblage,Reptiles
27,lycodonomorphus_laevissimus,1,Assemblage,Reptiles
27,psammophylax_tritaeniatus,1,Assemblage,Reptiles
27,pachydactylus_capensis,1,Assemblage,Reptiles
27,trachylepis_punctulata,1,Assemblage,Reptiles
27,philothamnus_occidentalis,1,Assemblage,Reptiles
27,psammophis_mossambicus,1,Assemblage,Reptiles
27,acanthocercus_atricollis,1,Assemblage,Reptiles
27,bitis_arietans,1,Assemblage,Reptiles
27,trachylepis_homalocephala,1,Assemblage,Reptiles
27,aparallactus_capensis,1,Assemblage,Reptiles
27,atractaspis_bibronii,1,Assemblage,Reptiles
27,zygaspis_quadrifrons,1,Assemblage,Reptiles
27,chamaeleo_dilepis,1,Assemblage,Reptiles
27,mochlus_sundevallii,1,Assemblage,Reptiles
27,causus_defilippii,1,Assemblage,Reptiles
27,bitis_atropos,1,Assemblage,Reptiles
27,leptotyphlops_incognitus,1,Assemblage,Reptiles
27,psammophis_jallae,1,Assemblage,Reptiles
27,monopeltis_infuscata,1,Assemblage,Reptiles
27,pachydactylus_affinis,1,Assemblage,Reptiles
27,causus_rhombeatus,1,Assemblage,Reptiles
27,limaformosa_capensis,1,Assemblage,Reptiles
27,trachylepis_varia,1,Assemblage,Reptiles
27,prosymna_bivittata,1,Assemblage,Reptiles
27,chamaesaura_anguina,1,Assemblage,Reptiles
27,lamprophis_guttatus,1,Assemblage,Reptiles
27,psammophis_angolensis,1,Assemblage,Reptiles
27,psammophis_leightoni,1,Assemblage,Reptiles
27,trachylepis_capensis,1,Assemblage,Reptiles
27,aspidelaps_scutatus,1,Assemblage,Reptiles
28,contomastix_charrua,0,Assemblage,Reptiles
28,chelonia_mydas,1,Assemblage,Reptiles
28,erythrolamprus_semiaureus,1,Assemblage,Reptiles
28,urostrophus_undulatus,1,Assemblage,Reptiles
28,teius_oculatus,1,Assemblage,Reptiles
28,contomastix_lacertoides,1,Assemblage,Reptiles
28,philodryas_agassizii,1,Assemblage,Reptiles
28,ophiodes_vertebralis,1,Assemblage,Reptiles
28,bothrops_alternatus,1,Assemblage,Reptiles
28,cercosaura_schreibersii,1,Assemblage,Reptiles
28,amphisbaena_munoai,1,Assemblage,Reptiles
28,liolaemus_wiegmannii,1,Assemblage,Reptiles
28,eretmochelys_imbricata,1,Assemblage,Reptiles
28,philodryas_aestiva,1,Assemblage,Reptiles
28,boiruna_maculata,1,Assemblage,Reptiles
28,erythrolamprus_jaegeri,1,Assemblage,Reptiles
28,lepidochelys_olivacea,1,Assemblage,Reptiles
28,paraphimophis_rusticus,1,Assemblage,Reptiles
28,caiman_latirostris,1,Assemblage,Reptiles
28,dibernardia_poecilopogon,1,Assemblage,Reptiles
28,psomophis_obtusus,1,Assemblage,Reptiles
28,oxyrhopus_rhombifer,1,Assemblage,Reptiles
28,tachymenis_ocellata,1,Assemblage,Reptiles
28,hemidactylus_mabouia,1,Assemblage,Reptiles
28,epictia_munoai,1,Assemblage,Reptiles
28,micrurus_altirostris,1,Assemblage,Reptiles
28,calamodontophis_paucidens,1,Assemblage,Reptiles
28,ophiodes_striatus,1,Assemblage,Reptiles
28,bothrops_pubescens,1,Assemblage,Reptiles
28,caretta_caretta,1,Assemblage,Reptiles
28,amphisbaena_kingii,1,Assemblage,Reptiles
28,erythrolamprus_poecilogyrus,1,Assemblage,Reptiles
28,xenodon_dorbignyi,1,Assemblage,Reptiles
28,amphisbaena_darwinii,1,Assemblage,Reptiles
28,dermochelys_coriacea,1,Assemblage,Reptiles
28,lygophis_anomalus,1,Assemblage,Reptiles
29,podiceps_andinus,0,Assemblage,Birds
29,calidris_alba,1,Assemblage,Birds
29,calidris_canutus,1,Assemblage,Birds
29,arenaria_interpres,1,Assemblage,Birds
29,calidris_melanotos,1,Assemblage,Birds
29,nannopterum_brasilianum,1,Assemblage,Birds
29,zonotrichia_capensis,1,Assemblage,Birds
29,falco_femoralis,1,Assemblage,Birds
29,caracara_plancus,1,Assemblage,Birds
29,hirundo_rustica,1,Assemblage,Birds
29,pluvialis_squatarola,1,Assemblage,Birds
29,calidris_fuscicollis,1,Assemblage,Birds
29,asio_flammeus,1,Assemblage,Birds
29,pluvialis_dominica,1,Assemblage,Birds
29,bubulcus_ibis,1,Assemblage,Birds
29,accipiter_striatus,1,Assemblage,Birds
29,sayornis_nigricans,1,Assemblage,Birds
29,tringa_melanoleuca,1,Assemblage,Birds
29,nycticorax_nycticorax,1,Assemblage,Birds
29,falco_peregrinus,1,Assemblage,Birds
29,spatula_cyanoptera,1,Assemblage,Birds
29,tringa_flavipes,1,Assemblage,Birds
29,pyrocephalus_rubinus,1,Assemblage,Birds
29,pandion_haliaetus,1,Assemblage,Birds
29,cathartes_aura,1,Assemblage,Birds
29,tyto_alba,1,Assemblage,Birds
29,coragyps_atratus,1,Assemblage,Birds
29,falco_sparverius,1,Assemblage,Birds
29,athene_cunicularia,1,Assemblage,Birds
29,troglodytes_aedon,1,Assemblage,Birds
29,catharus_aurantiirostris,1,Assemblage,Birds
29,nomonyx_dominicus,1,Assemblage,Birds
29,megaceryle_torquata,1,Assemblage,Birds
29,penelope_purpurascens,1,Assemblage,Birds
29,empidonax_traillii,1,Assemblage,Birds
29,setophaga_virens,1,Assemblage,Birds
29,streptoprocne_zonaris,1,Assemblage,Birds
29,leiothlypis_peregrina,1,Assemblage,Birds
29,podilymbus_podiceps,1,Assemblage,Birds
29,ardea_alba,1,Assemblage,Birds
29,sicalis_luteola,1,Assemblage,Birds
29,dendrocygna_viduata,1,Assemblage,Birds
29,asio_clamator,1,Assemblage,Birds
29,chordeiles_minor,1,Assemblage,Birds
29,columbina_talpacoti,1,Assemblage,Birds
29,tapera_naevia,1,Assemblage,Birds
29,patagioenas_cayennensis,1,Assemblage,Birds
29,crotophaga_major,1,Assemblage,Birds
29,taraba_major,1,Assemblage,Birds
29,lurocalis_semitorquatus,1,Assemblage,Birds
29,spizaetus_melanoleucus,1,Assemblage,Birds
29,elaenia_flavogaster,1,Assemblage,Birds
29,pulsatrix_perspicillata,1,Assemblage,Birds
29,legatus_leucophaius,1,Assemblage,Birds
29,colaptes_rubiginosus,1,Assemblage,Birds
29,leptodon_cayanensis,1,Assemblage,Birds
29,columbina_minuta,1,Assemblage,Birds
29,coccyzus_melacoryphus,1,Assemblage,Birds
29,botaurus_pinnatus,1,Assemblage,Birds
29,dysithamnus_mentalis,1,Assemblage,Birds
29,molothrus_oryzivorus,1,Assemblage,Birds
29,ramphocaenus_melanurus,1,Assemblage,Birds
29,neocrex_erythrops,1,Assemblage,Birds
29,tyrannus_savana,1,Assemblage,Birds
29,herpsilochmus_scapularis,1,Assemblage,Birds
29,colibri_coruscans,1,Assemblage,Birds
29,ortalis_guttata,1,Assemblage,Birds
29,ciccaba_albitarsis,1,Assemblage,Birds
29,schistochlamys_melanopis,1,Assemblage,Birds
29,elaenia_albiceps,1,Assemblage,Birds
29,dendrocygna_bicolor,1,Assemblage,Birds
29,calidris_pusilla,1,Assemblage,Birds
29,butorides_striata,1,Assemblage,Birds
29,calidris_subruficollis,1,Assemblage,Birds
29,bubo_virginianus,1,Assemblage,Birds
29,calidris_himantopus,1,Assemblage,Birds
29,chloroceryle_americana,1,Assemblage,Birds
29,tachybaptus_dominicus,1,Assemblage,Birds
29,glaucidium_brasilianum,1,Assemblage,Birds
29,geranospiza_caerulescens,1,Assemblage,Birds
29,leptotila_verreauxi,1,Assemblage,Birds
29,hylatomus_lineatus,1,Assemblage,Birds
29,falco_rufigularis,1,Assemblage,Birds
29,tringa_solitaria,1,Assemblage,Birds
29,tyrannus_melancholicus,1,Assemblage,Birds
29,dendrocygna_autumnalis,1,Assemblage,Birds
29,asio_stygius,1,Assemblage,Birds
29,volatinia_jacarina,1,Assemblage,Birds
29,nyctidromus_albicollis,1,Assemblage,Birds
29,progne_chalybea,1,Assemblage,Birds
29,busarellus_nigricollis,1,Assemblage,Birds
29,setophaga_pitiayumi,1,Assemblage,Birds
29,geotrygon_montana,1,Assemblage,Birds
29,riparia_riparia,1,Assemblage,Birds
29,limnodromus_griseus,1,Assemblage,Birds
29,calidris_bairdii,1,Assemblage,Birds
29,chondrohierax_uncinatus,1,Assemblage,Birds
29,falco_deiroleucus,1,Assemblage,Birds
29,panyptila_cayennensis,1,Assemblage,Birds
29,catharus_maculatus,1,Assemblage,Birds
29,sclerurus_mexicanus,1,Assemblage,Birds
29,saltator_maximus,1,Assemblage,Birds
29,mionectes_oleagineus,1,Assemblage,Birds
29,crypturellus_soui,1,Assemblage,Birds
29,dendrocolaptes_picumnus,1,Assemblage,Birds
29,mimus_gilvus,1,Assemblage,Birds
29,trogon_personatus,1,Assemblage,Birds
29,paraclaravis_mondetoura,1,Assemblage,Birds
29,automolus_ochrolaemus,1,Assemblage,Birds
29,nyctibius_grandis,1,Assemblage,Birds
29,icterus_mesomelas,1,Assemblage,Birds
29,glyphorynchus_spirurus,1,Assemblage,Birds
29,vireo_leucophrys,1,Assemblage,Birds
29,spodiornis_rusticus,1,Assemblage,Birds
29,atlapetes_albinucha,1,Assemblage,Birds
29,tangara_episcopus,1,Assemblage,Birds
29,contopus_bogotensis,1,Assemblage,Birds
29,tinamus_major,1,Assemblage,Birds
29,heliomaster_longirostris,1,Assemblage,Birds
29,cercomacroides_tyrannina,1,Assemblage,Birds
29,buteo_platypterus,1,Assemblage,Birds
29,terenotriccus_erythrurus,1,Assemblage,Birds
29,myrmotherula_schisticolor,1,Assemblage,Birds
29,ara_macao,1,Assemblage,Birds
29,setophaga_fusca,1,Assemblage,Birds
29,steatornis_caripensis,1,Assemblage,Birds
29,odontophorus_gujanensis,1,Assemblage,Birds
29,saltator_striatipectus,1,Assemblage,Birds
29,piranga_olivacea,1,Assemblage,Birds
29,eremophila_alpestris,1,Assemblage,Birds
29,mareca_americana,1,Assemblage,Birds
29,spatula_clypeata,1,Assemblage,Birds
29,spatula_discors,1,Assemblage,Birds
29,anas_acuta,1,Assemblage,Birds
29,melanerpes_formicivorus,1,Assemblage,Birds
29,falco_columbarius,1,Assemblage,Birds
29,spinus_psaltria,1,Assemblage,Birds
29,gallinago_delicata,1,Assemblage,Birds
29,circus_hudsonius,1,Assemblage,Birds
29,fulica_americana,1,Assemblage,Birds
29,setophaga_ruticilla,1,Assemblage,Birds
29,mniotilta_varia,1,Assemblage,Birds
29,sturnella_magna,1,Assemblage,Birds
29,parkesia_noveboracensis,1,Assemblage,Birds
29,setophaga_petechia,1,Assemblage,Birds
29,tiaris_olivaceus,1,Assemblage,Birds
29,tyrannus_tyrannus,1,Assemblage,Birds
29,antrostomus_carolinensis,1,Assemblage,Birds
29,chaetura_meridionalis,1,Assemblage,Birds
29,ognorhynchus_icterotis,1,Assemblage,Birds
29,vermivora_chrysoptera,1,Assemblage,Birds
29,elaenia_frantzii,1,Assemblage,Birds
29,setophaga_castanea,1,Assemblage,Birds
29,setophaga_pensylvanica,1,Assemblage,Birds
29,vireo_flavifrons,1,Assemblage,Birds
29,parkesia_motacilla,1,Assemblage,Birds
29,icterus_spurius,1,Assemblage,Birds
29,ardea_herodias,1,Assemblage,Birds
29,myiarchus_tuberculifer,1,Assemblage,Birds
29,catharus_fuscescens,1,Assemblage,Birds
29,harpagus_bidentatus,1,Assemblage,Birds
29,buteogallus_solitarius,1,Assemblage,Birds
29,chelidoptera_tenebrosa,1,Assemblage,Birds
29,columbina_passerina,1,Assemblage,Birds
29,henicorhina_leucophrys,1,Assemblage,Birds
29,streptoprocne_rutila,1,Assemblage,Birds
29,progne_subis,1,Assemblage,Birds
29,ictinia_mississippiensis,1,Assemblage,Birds
29,icterus_galbula,1,Assemblage,Birds
29,pheucticus_ludovicianus,1,Assemblage,Birds
29,myioborus_miniatus,1,Assemblage,Birds
29,trogon_collaris,1,Assemblage,Birds
29,charadrius_vociferus,1,Assemblage,Birds
29,porzana_carolina,1,Assemblage,Birds
29,dolichonyx_oryzivorus,1,Assemblage,Birds
29,cyanocorax_yncas,1,Assemblage,Birds
29,contopus_cooperi,1,Assemblage,Birds
29,calidris_minutilla,1,Assemblage,Birds
29,gallinula_galeata,1,Assemblage,Birds
29,himantopus_himantopus,1,Assemblage,Birds
29,actitis_macularius,1,Assemblage,Birds
29,bartramia_longicauda,1,Assemblage,Birds
29,elanus_leucurus,1,Assemblage,Birds
29,limosa_haemastica,1,Assemblage,Birds
29,grallaria_guatimalensis,1,Assemblage,Birds
29,xiphocolaptes_promeropirhynchus,1,Assemblage,Birds
29,clibanornis_rubiginosus,1,Assemblage,Birds
29,arremon_brunneinucha,1,Assemblage,Birds
29,colibri_thalassinus,1,Assemblage,Birds
29,chamaepetes_goudotii,1,Assemblage,Birds
29,ensifera_ensifera,1,Assemblage,Birds
29,vireo_flavoviridis,1,Assemblage,Birds
29,chordeiles_rupestris,1,Assemblage,Birds
29,porphyrio_martinicus,1,Assemblage,Birds
29,pardirallus_maculatus,1,Assemblage,Birds
29,rupornis_magnirostris,1,Assemblage,Birds
29,habia_rubica,1,Assemblage,Birds
29,sarcoramphus_papa,1,Assemblage,Birds
29,dromococcyx_phasianellus,1,Assemblage,Birds
29,micrastur_ruficollis,1,Assemblage,Birds
29,egretta_caerulea,1,Assemblage,Birds
29,buteo_swainsoni,1,Assemblage,Birds
29,ciccaba_virgata,1,Assemblage,Birds
29,piranga_rubra,1,Assemblage,Birds
29,megarynchus_pitangua,1,Assemblage,Birds
29,chlorospingus_flavopectus,1,Assemblage,Birds
29,vanellus_chilensis,1,Assemblage,Birds
29,circus_cinereus,1,Assemblage,Birds
29,geranoaetus_melanoleucus,1,Assemblage,Birds
29,zenaida_auriculata,1,Assemblage,Birds
29,ardea_cocoi,1,Assemblage,Birds
29,molothrus_bonariensis,1,Assemblage,Birds
29,sicalis_flaveola,1,Assemblage,Birds
29,synallaxis_albescens,1,Assemblage,Birds
29,turdus_albicollis,1,Assemblage,Birds
29,pipraeidea_melanonota,1,Assemblage,Birds
29,catamenia_analis,1,Assemblage,Birds
29,machetornis_rixosa,1,Assemblage,Birds
29,systellura_longirostris,1,Assemblage,Birds
29,euphonia_cyanocephala,1,Assemblage,Birds
29,oxyura_ferruginea,1,Assemblage,Birds
29,catamenia_inornata,1,Assemblage,Birds
29,merganetta_armata,1,Assemblage,Birds
29,geospizopsis_unicolor,1,Assemblage,Birds
29,crotophaga_ani,1,Assemblage,Birds
29,gallinago_paraguaiae,1,Assemblage,Birds
29,ammodramus_humeralis,1,Assemblage,Birds
29,geranoaetus_albicaudatus,1,Assemblage,Birds
29,chloroceryle_amazona,1,Assemblage,Birds
29,muscisaxicola_maculirostris,1,Assemblage,Birds
29,euphonia_chlorotica,1,Assemblage,Birds
29,crypturellus_obsoletus,1,Assemblage,Birds
29,pheucticus_aureoventris,1,Assemblage,Birds
29,porphyriops_melanops,1,Assemblage,Birds
29,ciconia_maguari,1,Assemblage,Birds
29,vireo_chivi,1,Assemblage,Birds
29,vireo_olivaceus,1,Assemblage,Birds
29,megascops_choliba,1,Assemblage,Birds
29,chrysuronia_versicolor,1,Assemblage,Birds
29,sarkidiornis_sylvicola,1,Assemblage,Birds
29,milvago_chimachima,1,Assemblage,Birds
29,patagioenas_plumbea,1,Assemblage,Birds
29,catharus_swainsoni,1,Assemblage,Birds
29,xenops_rutilus,1,Assemblage,Birds
29,colonia_colonus,1,Assemblage,Birds
29,mecocerculus_leucophrys,1,Assemblage,Birds
29,nyctibius_griseus,1,Assemblage,Birds
29,parabuteo_leucorrhous,1,Assemblage,Birds
29,campylorhamphus_trochilirostris,1,Assemblage,Birds
29,hemithraupis_guira,1,Assemblage,Birds
29,anthracothorax_nigricollis,1,Assemblage,Birds
29,buteo_brachyurus,1,Assemblage,Birds
29,chaetura_cinereiventris,1,Assemblage,Birds
29,tigrisoma_fasciatum,1,Assemblage,Birds
29,tangara_palmarum,1,Assemblage,Birds
29,accipiter_poliogaster,1,Assemblage,Birds
29,columbina_squammata,1,Assemblage,Birds
29,chloroceryle_inda,1,Assemblage,Birds
29,turdus_flavipes,1,Assemblage,Birds
29,leptopogon_amaurocephalus,1,Assemblage,Birds
29,gampsonyx_swainsonii,1,Assemblage,Birds
29,elaenia_chiriquensis,1,Assemblage,Birds
29,stelgidopteryx_ruficollis,1,Assemblage,Birds
29,dendrocincla_fuliginosa,1,Assemblage,Birds
29,capsiempis_flaveola,1,Assemblage,Birds
29,platyrinchus_albogularis,1,Assemblage,Birds
29,patagioenas_subvinacea,1,Assemblage,Birds
29,catharus_fuscater,1,Assemblage,Birds
29,grallaricula_flavirostris,1,Assemblage,Birds
29,dendroma_rufa,1,Assemblage,Birds
29,spinus_xanthogastrus,1,Assemblage,Birds
29,buteo_nitidus,1,Assemblage,Birds
29,campephilus_melanoleucos,1,Assemblage,Birds
29,amazona_farinosa,1,Assemblage,Birds
29,progne_tapera,1,Assemblage,Birds
29,coccyzus_erythropthalmus,1,Assemblage,Birds
29,sclerurus_albigularis,1,Assemblage,Birds
29,patagioenas_albilinea,1,Assemblage,Birds
29,troglodytes_solstitialis,1,Assemblage,Birds
29,adelomyia_melanogenys,1,Assemblage,Birds
29,contopus_fumigatus,1,Assemblage,Birds
29,synallaxis_azarae,1,Assemblage,Birds
29,tersina_viridis,1,Assemblage,Birds
29,diglossa_sittoides,1,Assemblage,Birds
29,catamblyrhynchus_diadema,1,Assemblage,Birds
29,cantorchilus_leucotis,1,Assemblage,Birds
29,myadestes_ralloides,1,Assemblage,Birds
29,pseudocolaptes_boissonneauii,1,Assemblage,Birds
29,ochthoeca_rufipectoralis,1,Assemblage,Birds
29,turdus_serranus,1,Assemblage,Birds
29,psarocolius_angustifrons,1,Assemblage,Birds
29,aeronautes_montivagus,1,Assemblage,Birds
29,lepidocolaptes_lacrymiger,1,Assemblage,Birds
29,ampelion_rubrocristatus,1,Assemblage,Birds
29,myiotheretes_striaticollis,1,Assemblage,Birds
29,phyllomyias_uropygialis,1,Assemblage,Birds
29,pyrrhomyias_cinnamomeus,1,Assemblage,Birds
29,spizaetus_isidori,1,Assemblage,Birds
29,lurocalis_rufiventris,1,Assemblage,Birds
29,leuconotopicus_fumigatus,1,Assemblage,Birds
29,cranioleuca_curtata,1,Assemblage,Birds
29,anthus_bogotensis,1,Assemblage,Birds
29,tangara_xanthocephala,1,Assemblage,Birds
29,neochen_jubata,1,Assemblage,Birds
29,elaenia_parvirostris,1,Assemblage,Birds
29,empidonax_alnorum,1,Assemblage,Birds
29,uropsalis_lyra,1,Assemblage,Birds
29,tachornis_squamata,1,Assemblage,Birds
29,sporophila_lineola,1,Assemblage,Birds
29,ramphotrigon_megacephalum,1,Assemblage,Birds
29,amazona_amazonica,1,Assemblage,Birds
29,euphonia_xanthogaster,1,Assemblage,Birds
29,accipiter_superciliosus,1,Assemblage,Birds
29,ramphocelus_carbo,1,Assemblage,Birds
29,chaetura_meridionalis,1,Assemblage,Birds
29,tolmomyias_flaviventris,1,Assemblage,Birds
29,pilherodius_pileatus,1,Assemblage,Birds
29,cranioleuca_vulpina,1,Assemblage,Birds
29,formicivora_grisea,1,Assemblage,Birds
29,campylopterus_largipennis,1,Assemblage,Birds
29,phaethornis_hispidus,1,Assemblage,Birds
29,penelope_montagnii,1,Assemblage,Birds
29,myiodynastes_luteiventris,1,Assemblage,Birds
29,saltator_grossus,1,Assemblage,Birds
29,sirystes_albocinereus,1,Assemblage,Birds
29,anabacerthia_striaticollis,1,Assemblage,Birds
29,capito_auratus,1,Assemblage,Birds
29,amblycercus_holosericeus,1,Assemblage,Birds
29,knipolegus_poecilurus,1,Assemblage,Birds
29,silvicultrix_frontalis,1,Assemblage,Birds
29,metallura_tyrianthina,1,Assemblage,Birds
29,coeligena_coeligena,1,Assemblage,Birds
29,sphenopsis_melanotis,1,Assemblage,Birds
29,amazona_mercenarius,1,Assemblage,Birds
29,pipreola_arcuata,1,Assemblage,Birds
29,pachyramphus_versicolor,1,Assemblage,Birds
29,pterophanes_cyanopterus,1,Assemblage,Birds
29,buthraupis_montana,1,Assemblage,Birds
29,uropsalis_segmentata,1,Assemblage,Birds
29,conirostrum_albifrons,1,Assemblage,Birds
29,myiarchus_cephalotes,1,Assemblage,Birds
29,megascops_albogularis,1,Assemblage,Birds
29,xiphorhynchus_triangularis,1,Assemblage,Birds
29,thripadectes_holostictus,1,Assemblage,Birds
29,rupicola_peruvianus,1,Assemblage,Birds
29,schistes_geoffroyi,1,Assemblage,Birds
29,cnemarchus_erythropygius,1,Assemblage,Birds
29,leptasthenura_andicola,1,Assemblage,Birds
29,cacicus_chrysonotus,1,Assemblage,Birds
29,heliodoxa_leadbeateri,1,Assemblage,Birds
29,oporornis_agilis,1,Assemblage,Birds
29,psittacara_wagleri,1,Assemblage,Birds
29,colibri_delphinae,1,Assemblage,Birds
29,picumnus_olivaceus,1,Assemblage,Birds
29,ramphastos_ambiguus,1,Assemblage,Birds
29,tangara_gyrola,1,Assemblage,Birds
29,lophotriccus_pileatus,1,Assemblage,Birds
29,formicarius_analis,1,Assemblage,Birds
29,phaethornis_guy,1,Assemblage,Birds
29,premnoplex_brunnescens,1,Assemblage,Birds
29,pionus_menstruus,1,Assemblage,Birds
29,eupsittula_pertinax,1,Assemblage,Birds
29,catharus_minimus,1,Assemblage,Birds
29,mionectes_galbinus,1,Assemblage,Birds
29,tangara_cyanicollis,1,Assemblage,Birds
29,myrmeciza_longipes,1,Assemblage,Birds
29,pharomachrus_auriceps,1,Assemblage,Birds
29,cinclus_leucocephalus,1,Assemblage,Birds
29,mecocerculus_stictopterus,1,Assemblage,Birds
29,margarornis_squamiger,1,Assemblage,Birds
29,ocreatus_underwoodii,1,Assemblage,Birds
29,sporophila_crassirostris,1,Assemblage,Birds
29,myiothlypis_coronata,1,Assemblage,Birds
29,mionectes_striaticollis,1,Assemblage,Birds
29,diglossa_cyanea,1,Assemblage,Birds
29,thlypopsis_superciliaris,1,Assemblage,Birds
29,orochelidon_murina,1,Assemblage,Birds
29,ochthoeca_fumicolor,1,Assemblage,Birds
29,conirostrum_sitticolor,1,Assemblage,Birds
29,tangara_nigroviridis,1,Assemblage,Birds
29,serpophaga_cinerea,1,Assemblage,Birds
29,aglaiocercus_kingii,1,Assemblage,Birds
29,chaetocercus_mulsant,1,Assemblage,Birds
29,chrysomus_icterocephalus,1,Assemblage,Birds
29,sporathraupis_cyanocephala,1,Assemblage,Birds
29,daptrius_ater,1,Assemblage,Birds
29,gallinago_jamesoni,1,Assemblage,Birds
29,pseudotriccus_ruficeps,1,Assemblage,Birds
29,ramphomicron_microrhynchum,1,Assemblage,Birds
29,aburria_aburri,1,Assemblage,Birds
29,campephilus_haematogaster,1,Assemblage,Birds
29,hemitriccus_granadensis,1,Assemblage,Birds
29,veniliornis_passerinus,1,Assemblage,Birds
29,ramphastos_culminatus,1,Assemblage,Birds
29,sicalis_citrina,1,Assemblage,Birds
29,pseudopipra_pipra,1,Assemblage,Birds
29,jacana_jacana,1,Assemblage,Birds
29,piaya_cayana,1,Assemblage,Birds
29,coccyzus_americanus,1,Assemblage,Birds
29,tachyphonus_rufus,1,Assemblage,Birds
29,pygochelidon_cyanoleuca,1,Assemblage,Birds
29,camptostoma_obsoletum,1,Assemblage,Birds
29,elanoides_forficatus,1,Assemblage,Birds
29,myiophobus_fasciatus,1,Assemblage,Birds
29,myiarchus_tyrannulus,1,Assemblage,Birds
29,chaetura_pelagica,1,Assemblage,Birds
29,sporophila_nigricollis,1,Assemblage,Birds
29,myiozetetes_cayanensis,1,Assemblage,Birds
29,netta_erythrophthalma,1,Assemblage,Birds
29,petrochelidon_pyrrhonota,1,Assemblage,Birds
29,ixobrychus_exilis,1,Assemblage,Birds
29,pharomachrus_antisianus,1,Assemblage,Birds
29,glaucis_hirsutus,1,Assemblage,Birds
29,contopus_virens,1,Assemblage,Birds
29,arremon_assimilis,1,Assemblage,Birds
29,turdus_fuscater,1,Assemblage,Birds
29,contopus_sordidulus,1,Assemblage,Birds
29,lesbia_nuna,1,Assemblage,Birds
29,tangara_aurulenta,1,Assemblage,Birds
29,myiophobus_flavicans,1,Assemblage,Birds
29,anisognathus_somptuosus,1,Assemblage,Birds
29,grallaria_squamigera,1,Assemblage,Birds
29,sporophila_angolensis,1,Assemblage,Birds
29,pyroderus_scutatus,1,Assemblage,Birds
29,chlorophonia_cyanea,1,Assemblage,Birds
29,cnemotriccus_fuscatus,1,Assemblage,Birds
29,myiarchus_ferox,1,Assemblage,Birds
29,chamaeza_campanisona,1,Assemblage,Birds
29,conirostrum_speciosum,1,Assemblage,Birds
29,pipile_cumanensis,1,Assemblage,Birds
29,tangara_ruficervix,1,Assemblage,Birds
29,poecilotriccus_ruficeps,1,Assemblage,Birds
29,eriocnemis_vestita,1,Assemblage,Birds
29,muscisaxicola_alpinus,1,Assemblage,Birds
29,diglossa_lafresnayii,1,Assemblage,Birds
29,kleinothraupis_atropileus,1,Assemblage,Birds
29,cinnycerthia_unirufa,1,Assemblage,Birds
29,touit_stictopterus,1,Assemblage,Birds
29,scytalopus_micropterus,1,Assemblage,Birds
29,lophornis_stictolophus,1,Assemblage,Birds
29,atlapetes_schistaceus,1,Assemblage,Birds
29,malacoptila_mystacalis,1,Assemblage,Birds
29,basileuterus_cabanisi,1,Assemblage,Birds
29,thripadectes_flammulatus,1,Assemblage,Birds
29,andigena_nigrirostris,1,Assemblage,Birds
29,anas_andium,1,Assemblage,Birds
29,aulacorhynchus_albivitta,1,Assemblage,Birds
29,chaetocercus_heliodor,1,Assemblage,Birds
29,geothlypis_philadelphia,1,Assemblage,Birds
29,heliangelus_exortis,1,Assemblage,Birds
29,cyclarhis_nigrirostris,1,Assemblage,Birds
29,notharchus_pectoralis,1,Assemblage,Birds
29,heliangelus_clarisse,1,Assemblage,Birds
29,chlorestes_julie,1,Assemblage,Birds
29,conirostrum_rufum,1,Assemblage,Birds
29,thamnophilus_multistriatus,1,Assemblage,Birds
29,hapalopsittaca_amazonina,1,Assemblage,Birds
29,pyrrhura_calliptera,1,Assemblage,Birds
29,polystictus_pectoralis,1,Assemblage,Birds
29,cistothorus_apolinari,1,Assemblage,Birds
29,anas_georgica,1,Assemblage,Birds
29,scytalopus_griseicollis,1,Assemblage,Birds
29,macroagelaius_subalaris,1,Assemblage,Birds
29,myiarchus_apicalis,1,Assemblage,Birds
29,saucerottia_viridigaster,1,Assemblage,Birds
29,melanerpes_rubricapillus,1,Assemblage,Birds
29,vireolanius_eximius,1,Assemblage,Birds
29,odontophorus_strophium,1,Assemblage,Birds
29,rallus_semiplumbeus,1,Assemblage,Birds
29,podiceps_andinus,1,Assemblage,Birds
29,pyrrhura_calliptera,1,Assemblage,Birds
29,hapalopsittaca_amazonina,1,Assemblage,Birds
29,rallus_semiplumbeus,1,Assemblage,Birds
29,pyrrhura_calliptera,1,Assemblage,Birds
29,coeligena_helianthea,1,Assemblage,Birds
29,heliangelus_mavors,1,Assemblage,Birds
29,clytoctantes_alixii,1,Assemblage,Birds
29,oxypogon_guerinii,1,Assemblage,Birds
29,grallaria_alticola,1,Assemblage,Birds
29,scytalopus_griseicollis,1,Assemblage,Birds
29,coeligena_bonapartei,1,Assemblage,Birds
29,synallaxis_subpudica,1,Assemblage,Birds
29,chalcostigma_heteropogon,1,Assemblage,Birds
29,tangara_vitriolina,1,Assemblage,Birds
29,dysithamnus_leucostictus,1,Assemblage,Birds
29,arremonops_conirostris,1,Assemblage,Birds
29,empidonax_virescens,1,Assemblage,Birds
29,campylopterus_falcatus,1,Assemblage,Birds
29,thalurania_colombica,1,Assemblage,Birds
29,laterallus_albigularis,1,Assemblage,Birds
29,zentrygon_linearis,1,Assemblage,Birds
29,picumnus_squamulatus,1,Assemblage,Birds
29,grallaricula_ferrugineipectus,1,Assemblage,Birds
29,synallaxis_cinnamomea,1,Assemblage,Birds
29,atlapetes_semirufus,1,Assemblage,Birds
29,cranioleuca_subcristata,1,Assemblage,Birds
29,quiscalus_lugubris,1,Assemblage,Birds
29,colinus_cristatus,1,Assemblage,Birds
29,sporophila_intermedia,1,Assemblage,Birds
29,coccycua_pumila,1,Assemblage,Birds
29,thamnophilus_amazonicus,1,Assemblage,Birds
29,leptopogon_superciliaris,1,Assemblage,Birds
29,chlorospingus_canigularis,1,Assemblage,Birds
29,amazona_ochrocephala,1,Assemblage,Birds
29,ara_severus,1,Assemblage,Birds
29,basileuterus_tristriatus,1,Assemblage,Birds
29,rhynchocyclus_aequinoctialis,1,Assemblage,Birds
29,grallaria_rufula,1,Assemblage,Birds
29,diglossa_caerulescens,1,Assemblage,Birds
29,chlorornis_riefferii,1,Assemblage,Birds
29,chlorospingus_parvirostris,1,Assemblage,Birds
29,threnetes_leucurus,1,Assemblage,Birds
29,doryfera_ludovicae,1,Assemblage,Birds
29,setophaga_cerulea,1,Assemblage,Birds
29,conopias_cinchoneti,1,Assemblage,Birds
29,bucco_capensis,1,Assemblage,Birds
29,phyllaemulor_bracteatus,1,Assemblage,Birds
29,sphenopsis_frontalis,1,Assemblage,Birds
29,premnornis_guttuliger,1,Assemblage,Birds
29,pogonotriccus_poecilotis,1,Assemblage,Birds
29,accipiter_collaris,1,Assemblage,Birds
29,hirundinea_ferruginea,1,Assemblage,Birds
29,dendrocincla_tyrannina,1,Assemblage,Birds
29,lafresnaya_lafresnayi,1,Assemblage,Birds
29,pogonotriccus_poecilotis,1,Assemblage,Birds
29,lesbia_victoriae,1,Assemblage,Birds
29,chlorospingus_flavigularis,1,Assemblage,Birds
29,aglaeactis_cupripennis,1,Assemblage,Birds
29,drymotoxeres_pucheranii,1,Assemblage,Birds
29,mecocerculus_poecilocercus,1,Assemblage,Birds
29,coeligena_torquata,1,Assemblage,Birds
29,heliodoxa_rubinoides,1,Assemblage,Birds
29,nothocercus_julius,1,Assemblage,Birds
29,anisognathus_lunulatus,1,Assemblage,Birds
29,tangara_parzudakii,1,Assemblage,Birds
29,asthenes_flammulata,1,Assemblage,Birds
29,conopophaga_castaneiceps,1,Assemblage,Birds
29,scytalopus_atratus,1,Assemblage,Birds
29,sericossypha_albocristata,1,Assemblage,Birds
29,sporophila_luctuosa,1,Assemblage,Birds
29,syndactyla_subalaris,1,Assemblage,Birds
29,tangara_guttata,1,Assemblage,Birds
29,cardellina_canadensis,1,Assemblage,Birds
29,momotus_subrufescens,1,Assemblage,Birds
29,ramphocelus_dimidiatus,1,Assemblage,Birds
29,eutoxeres_aquila,1,Assemblage,Birds
29,myornis_senilis,1,Assemblage,Birds
29,mecocerculus_minor,1,Assemblage,Birds
29,asthenes_fuliginosa,1,Assemblage,Birds
29,pipreola_riefferii,1,Assemblage,Birds
29,myiothlypis_nigrocristata,1,Assemblage,Birds
29,eriocnemis_aline,1,Assemblage,Birds
29,piranga_rubriceps,1,Assemblage,Birds
29,lepidothrix_isidorei,1,Assemblage,Birds
29,scytalopus_latrans,1,Assemblage,Birds
29,thamnophilus_tenuepunctatus,1,Assemblage,Birds
29,doryfera_johannae,1,Assemblage,Birds
29,phaethornis_augusti,1,Assemblage,Birds
29,turdus_ignobilis,1,Assemblage,Birds
29,leptopogon_rufipectus,1,Assemblage,Birds
29,myiothlypis_luteoviridis,1,Assemblage,Birds
29,cnemoscopus_rubrirostris,1,Assemblage,Birds
29,ochthoeca_cinnamomeiventris,1,Assemblage,Birds
29,cnemathraupis_eximia,1,Assemblage,Birds
29,iridosornis_rufivertex,1,Assemblage,Birds
29,pseudospingus_verticalis,1,Assemblage,Birds
29,lipaugus_fuscocinereus,1,Assemblage,Birds
29,gallinago_nobilis,1,Assemblage,Birds
29,atlapetes_pallidinucha,1,Assemblage,Birds
29,grallaria_hypoleuca,1,Assemblage,Birds
29,uromyias_agilis,1,Assemblage,Birds
29,eubucco_richardsoni,1,Assemblage,Birds
29,nothocercus_bonapartei,1,Assemblage,Birds
29,myiodynastes_hemichrysus,1,Assemblage,Birds
29,eubucco_bourcierii,1,Assemblage,Birds
29,veniliornis_kirkii,1,Assemblage,Birds
29,turdus_obsoletus,1,Assemblage,Birds
29,icterus_chrysater,1,Assemblage,Birds
29,odontophorus_atrifrons,1,Assemblage,Birds
29,penelope_argyrotis,1,Assemblage,Birds
29,cinclodes_albidiventris,1,Assemblage,Birds
29,spinus_spinescens,1,Assemblage,Birds
29,pheugopedius_mystacalis,1,Assemblage,Birds
29,paroaria_nigrogenis,1,Assemblage,Birds
29,tangara_heinei,1,Assemblage,Birds
29,pionus_chalcopterus,1,Assemblage,Birds
29,silvicultrix_diadema,1,Assemblage,Birds
29,aulacorhynchus_haematopygus,1,Assemblage,Birds
29,scytalopus_spillmanni,1,Assemblage,Birds
29,amazilia_franciae,1,Assemblage,Birds
29,grallaria_ruficapilla,1,Assemblage,Birds
29,setophaga_striata,1,Assemblage,Birds
29,vireo_altiloquus,1,Assemblage,Birds
29,schiffornis_stenorhyncha,1,Assemblage,Birds
29,zimmerius_chrysops,1,Assemblage,Birds
29,chalybura_buffonii,1,Assemblage,Birds
29,ortalis_ruficauda,1,Assemblage,Birds
29,gymnomystax_mexicanus,1,Assemblage,Birds
29,sakesphorus_canadensis,1,Assemblage,Birds
29,thamnophilus_nigrocinereus,1,Assemblage,Birds
29,haplophaedia_aureliae,1,Assemblage,Birds
29,tangara_labradorides,1,Assemblage,Birds
29,dubusia_taeniata,1,Assemblage,Birds
29,cinnycerthia_olivascens,1,Assemblage,Birds
29,masius_chrysopterus,1,Assemblage,Birds
29,cyanolyca_armillata,1,Assemblage,Birds
29,acropternis_orthonyx,1,Assemblage,Birds
29,myiothlypis_cinereicollis,1,Assemblage,Birds
29,odontophorus_atrifrons,1,Assemblage,Birds
29,boissonneaua_flavescens,1,Assemblage,Birds
29,chlorochrysa_calliparaea,1,Assemblage,Birds
29,scytalopus_spillmanni,1,Assemblage,Birds
29,myioborus_ornatus,1,Assemblage,Birds
29,chlorostilbon_poortmani,1,Assemblage,Birds
29,grallaricula_cucullata,1,Assemblage,Birds
29,drymophila_caudata,1,Assemblage,Birds
29,eriocnemis_cupreoventris,1,Assemblage,Birds
29,atlapetes_albofrenatus,1,Assemblage,Birds
29,grallaria_kaestneri,1,Assemblage,Birds
29,grallaria_kaestneri,1,Assemblage,Birds
29,amazilia_cyanifrons,1,Assemblage,Birds
29,arremon_atricapillus,1,Assemblage,Birds
29,coeligena_prunellei,1,Assemblage,Birds
29,atlapetes_latinuchus,1,Assemblage,Birds
29,pionus_seniloides,1,Assemblage,Birds
29,tangara_vassorii,1,Assemblage,Birds
29,phaethornis_griseogularis,1,Assemblage,Birds
29,grallaricula_nana,1,Assemblage,Birds
29,myiotheretes_fumigatus,1,Assemblage,Birds
29,colaptes_rivolii,1,Assemblage,Birds
29,hellmayrea_gularis,1,Assemblage,Birds
29,thamnophilus_unicolor,1,Assemblage,Birds
29,glaucidium_jardinii,1,Assemblage,Birds
29,phyllomyias_nigrocapillus,1,Assemblage,Birds
29,pseudotriccus_pelzelni,1,Assemblage,Birds
29,anisognathus_lacrymosus,1,Assemblage,Birds
29,campephilus_pollens,1,Assemblage,Birds
29,diglossa_albilatera,1,Assemblage,Birds
29,diglossa_humeralis,1,Assemblage,Birds
30,numenius_tenuirostris,0,Assemblage,Birds
30,calidris_alba,1,Assemblage,Birds
30,calidris_canutus,1,Assemblage,Birds
30,arenaria_interpres,1,Assemblage,Birds
30,calidris_melanotos,1,Assemblage,Birds
30,pluvialis_squatarola,1,Assemblage,Birds
30,falco_peregrinus,1,Assemblage,Birds
30,calidris_ruficollis,1,Assemblage,Birds
30,limosa_lapponica,1,Assemblage,Birds
30,muscicapa_striata,1,Assemblage,Birds
30,calidris_falcinellus,1,Assemblage,Birds
30,cuculus_canorus,1,Assemblage,Birds
30,alauda_arvensis,1,Assemblage,Birds
30,phalacrocorax_carbo,1,Assemblage,Birds
30,calidris_alpina,1,Assemblage,Birds
30,falco_peregrinus,1,Assemblage,Birds
30,cinclus_pallasii,1,Assemblage,Birds
30,mergus_serrator,1,Assemblage,Birds
30,loxia_curvirostra,1,Assemblage,Birds
30,larus_fuscus,1,Assemblage,Birds
30,motacilla_flava,1,Assemblage,Birds
30,passer_domesticus,1,Assemblage,Birds
30,pica_pica,1,Assemblage,Birds
30,hirundo_rustica,1,Assemblage,Birds
30,parus_major,1,Assemblage,Birds
30,passer_montanus,1,Assemblage,Birds
30,gelochelidon_nilotica,1,Assemblage,Birds
30,himantopus_himantopus,1,Assemblage,Birds
30,himantopus_himantopus,1,Assemblage,Birds
30,tringa_brevipes,1,Assemblage,Birds
30,columba_livia,1,Assemblage,Birds
30,calidris_tenuirostris,1,Assemblage,Birds
30,calidris_ferruginea,1,Assemblage,Birds
30,limosa_limosa,1,Assemblage,Birds
30,aquila_chrysaetos,1,Assemblage,Birds
30,spilopelia_senegalensis,1,Assemblage,Birds
30,apus_pacificus,1,Assemblage,Birds
30,muscicapa_sibirica,1,Assemblage,Birds
30,muscicapa_dauurica,1,Assemblage,Birds
30,fringilla_coelebs,1,Assemblage,Birds
30,aegithalos_caudatus,1,Assemblage,Birds
30,zapornia_pusilla,1,Assemblage,Birds
30,fulica_atra,1,Assemblage,Birds
30,mareca_strepera,1,Assemblage,Birds
30,zoothera_aurea,1,Assemblage,Birds
30,larvivora_sibilans,1,Assemblage,Birds
30,phylloscopus_proregulus,1,Assemblage,Birds
30,turdus_merula,1,Assemblage,Birds
30,petronia_petronia,1,Assemblage,Birds
30,picus_canus,1,Assemblage,Birds
30,anser_fabalis,1,Assemblage,Birds
30,emberiza_calandra,1,Assemblage,Birds
30,pyrrhocorax_pyrrhocorax,1,Assemblage,Birds
30,falco_naumanni,1,Assemblage,Birds
30,sylvia_borin,1,Assemblage,Birds
30,gyps_fulvus,1,Assemblage,Birds
30,corvus_ruficollis,1,Assemblage,Birds
30,streptopelia_turtur,1,Assemblage,Birds
30,phoenicurus_phoenicurus,1,Assemblage,Birds
30,lanius_excubitor,1,Assemblage,Birds
30,phylloscopus_trochilus,1,Assemblage,Birds
30,curruca_communis,1,Assemblage,Birds
30,dendrocopos_major,1,Assemblage,Birds
30,anthus_trivialis,1,Assemblage,Birds
30,columba_livia,1,Assemblage,Birds
30,aythya_nyroca,1,Assemblage,Birds
30,galerida_cristata,1,Assemblage,Birds
30,gallinago_solitaria,1,Assemblage,Birds
30,streptopelia_decaocto,1,Assemblage,Birds
30,saxicola_torquatus,1,Assemblage,Birds
30,glaucidium_passerinum,1,Assemblage,Birds
30,tringa_ochropus,1,Assemblage,Birds
30,falco_tinnunculus,1,Assemblage,Birds
30,lyrurus_tetrix,1,Assemblage,Birds
30,tetrastes_bonasia,1,Assemblage,Birds
30,turdus_merula,1,Assemblage,Birds
30,regulus_regulus,1,Assemblage,Birds
30,emberiza_leucocephalos,1,Assemblage,Birds
30,syrrhaptes_paradoxus,1,Assemblage,Birds
30,syrrhaptes_paradoxus,1,Assemblage,Birds
30,cuculus_optatus,1,Assemblage,Birds
30,ficedula_albicilla,1,Assemblage,Birds
30,alaudala_cheleensis,1,Assemblage,Birds
30,otis_tarda,1,Assemblage,Birds
30,otis_tarda,1,Assemblage,Birds
30,phasianus_colchicus,1,Assemblage,Birds
30,acridotheres_tristis,1,Assemblage,Birds
30,buteo_hemilasius,1,Assemblage,Birds
30,carpodacus_sibiricus,1,Assemblage,Birds
30,buteo_hemilasius,1,Assemblage,Birds
30,carpodacus_sibiricus,1,Assemblage,Birds
30,lanius_excubitor,1,Assemblage,Birds
30,gyps_himalayensis,1,Assemblage,Birds
30,haliaeetus_leucoryphus,1,Assemblage,Birds
30,pelecanus_onocrotalus,1,Assemblage,Birds
30,phylloscopus_trochiloides,1,Assemblage,Birds
30,pelecanus_crispus,1,Assemblage,Birds
30,alauda_arvensis,1,Assemblage,Birds
30,alaudala_heinei,1,Assemblage,Birds
30,streptopelia_orientalis,1,Assemblage,Birds
30,oxyura_leucocephala,1,Assemblage,Birds
30,anas_platyrhynchos,1,Assemblage,Birds
30,sternula_albifrons,1,Assemblage,Birds
30,motacilla_alba,1,Assemblage,Birds
30,corvus_corax,1,Assemblage,Birds
30,lanius_cristatus,1,Assemblage,Birds
30,riparia_riparia,1,Assemblage,Birds
30,asio_otus,1,Assemblage,Birds
30,saxicola_torquatus,1,Assemblage,Birds
30,cuculus_optatus,1,Assemblage,Birds
30,haematopus_ostralegus,1,Assemblage,Birds
30,dendrocopos_leucotos,1,Assemblage,Birds
30,anthus_rubescens,1,Assemblage,Birds
30,milvus_migrans,1,Assemblage,Birds
30,acanthis_flammea,1,Assemblage,Birds
30,spatula_clypeata,1,Assemblage,Birds
30,dryobates_minor,1,Assemblage,Birds
30,dryocopus_martius,1,Assemblage,Birds
30,aegolius_funereus,1,Assemblage,Birds
30,larus_canus,1,Assemblage,Birds
30,sterna_hirundo,1,Assemblage,Birds
30,haliaeetus_albicilla,1,Assemblage,Birds
30,poecile_montanus,1,Assemblage,Birds
30,haliaeetus_albicilla,1,Assemblage,Birds
30,emberiza_pallasi,1,Assemblage,Birds
30,nucifraga_caryocatactes,1,Assemblage,Birds
30,turdus_iliacus,1,Assemblage,Birds
30,strix_uralensis,1,Assemblage,Birds
30,cecropis_daurica,1,Assemblage,Birds
30,buteo_lagopus,1,Assemblage,Birds
30,falco_subbuteo,1,Assemblage,Birds
30,accipiter_gentilis,1,Assemblage,Birds
30,phylloscopus_inornatus,1,Assemblage,Birds
30,calliope_calliope,1,Assemblage,Birds
30,carpodacus_erythrinus,1,Assemblage,Birds
30,periparus_ater,1,Assemblage,Birds
30,sitta_europaea,1,Assemblage,Birds
30,anser_erythropus,1,Assemblage,Birds
30,anthus_hodgsoni,1,Assemblage,Birds
30,actitis_hypoleucos,1,Assemblage,Birds
30,motacilla_cinerea,1,Assemblage,Birds
30,anthus_pratensis,1,Assemblage,Birds
30,falco_tinnunculus,1,Assemblage,Birds
30,hirundapus_caudacutus,1,Assemblage,Birds
30,pernis_ptilorhynchus,1,Assemblage,Birds
30,circus_cyaneus,1,Assemblage,Birds
30,emberiza_schoeniclus,1,Assemblage,Birds
30,lanius_excubitor,1,Assemblage,Birds
30,fringilla_coelebs,1,Assemblage,Birds
30,sturnus_vulgaris,1,Assemblage,Birds
30,perisoreus_infaustus,1,Assemblage,Birds
30,hydrocoloeus_minutus,1,Assemblage,Birds
30,podiceps_nigricollis,1,Assemblage,Birds
30,larus_ridibundus,1,Assemblage,Birds
30,turdus_merula,1,Assemblage,Birds
30,tetrao_urogallus,1,Assemblage,Birds
30,linaria_cannabina,1,Assemblage,Birds
30,carduelis_caniceps,1,Assemblage,Birds
30,saxicola_rubetra,1,Assemblage,Birds
30,geokichla_sibirica,1,Assemblage,Birds
30,spinus_spinus,1,Assemblage,Birds
30,chloris_chloris,1,Assemblage,Birds
30,emberiza_leucocephalos,1,Assemblage,Birds
30,melanitta_fusca,1,Assemblage,Birds
30,spinus_spinus,1,Assemblage,Birds
30,certhia_familiaris,1,Assemblage,Birds
30,pyrrhula_pyrrhula,1,Assemblage,Birds
30,mareca_falcata,1,Assemblage,Birds
30,locustella_lanceolata,1,Assemblage,Birds
30,aythya_fuligula,1,Assemblage,Birds
30,tarsiger_cyanurus,1,Assemblage,Birds
30,grus_grus,1,Assemblage,Birds
30,chlidonias_niger,1,Assemblage,Birds
30,tetrax_tetrax,1,Assemblage,Birds
30,falco_columbarius,1,Assemblage,Birds
30,phylloscopus_borealis,1,Assemblage,Birds
30,larus_smithsonianus,1,Assemblage,Birds
30,clangula_hyemalis,1,Assemblage,Birds
30,anas_acuta,1,Assemblage,Birds
30,asio_flammeus,1,Assemblage,Birds
30,anas_crecca,1,Assemblage,Birds
30,gavia_arctica,1,Assemblage,Birds
30,calidris_subminuta,1,Assemblage,Birds
30,prunella_montanella,1,Assemblage,Birds
30,mareca_penelope,1,Assemblage,Birds
30,corvus_corone,1,Assemblage,Birds
30,poecile_cinctus,1,Assemblage,Birds
30,calidris_pugnax,1,Assemblage,Birds
30,larus_fuscus,1,Assemblage,Birds
30,buteo_lagopus,1,Assemblage,Birds
30,phylloscopus_tristis,1,Assemblage,Birds
30,turdus_iliacus,1,Assemblage,Birds
30,numenius_phaeopus,1,Assemblage,Birds
30,xenus_cinereus,1,Assemblage,Birds
30,mergellus_albellus,1,Assemblage,Birds
30,emberiza_rustica,1,Assemblage,Birds
30,tringa_nebularia,1,Assemblage,Birds
30,bombycilla_garrulus,1,Assemblage,Birds
30,tadorna_tadorna,1,Assemblage,Birds
30,chloris_chloris,1,Assemblage,Birds
30,linaria_cannabina,1,Assemblage,Birds
30,anthus_pratensis,1,Assemblage,Birds
30,calandrella_brachydactyla,1,Assemblage,Birds
30,delichon_lagopodum,1,Assemblage,Birds
30,acanthis_flammea,1,Assemblage,Birds
30,fringilla_montifringilla,1,Assemblage,Birds
30,anser_fabalis,1,Assemblage,Birds
30,emberiza_pallasi,1,Assemblage,Birds
30,melanitta_stejnegeri,1,Assemblage,Birds
30,ficedula_albicilla,1,Assemblage,Birds
30,gallinago_stenura,1,Assemblage,Birds
30,lagopus_lagopus,1,Assemblage,Birds
30,tringa_glareola,1,Assemblage,Birds
30,lanius_borealis,1,Assemblage,Birds
30,tetrax_tetrax,1,Assemblage,Birds
30,columba_palumbus,1,Assemblage,Birds
30,gallinago_media,1,Assemblage,Birds
30,phylloscopus_trochiloides,1,Assemblage,Birds
30,clanga_clanga,1,Assemblage,Birds
30,acrocephalus_agricola,1,Assemblage,Birds
30,riparia_diluta,1,Assemblage,Birds
30,gallinago_gallinago,1,Assemblage,Birds
30,emberiza_aureola,1,Assemblage,Birds
30,eudromias_morinellus,1,Assemblage,Birds
30,picoides_tridactylus,1,Assemblage,Birds
30,podiceps_grisegena,1,Assemblage,Birds
30,loxia_leucoptera,1,Assemblage,Birds
30,lanius_borealis,1,Assemblage,Birds
30,cygnus_cygnus,1,Assemblage,Birds
30,mergus_serrator,1,Assemblage,Birds
30,surnia_ulula,1,Assemblage,Birds
30,podiceps_auritus,1,Assemblage,Birds
30,falco_rusticolus,1,Assemblage,Birds
30,strix_nebulosa,1,Assemblage,Birds
30,bubo_scandiacus,1,Assemblage,Birds
30,phylloscopus_trochilus,1,Assemblage,Birds
30,bucephala_clangula,1,Assemblage,Birds
30,haliaeetus_albicilla,1,Assemblage,Birds
30,emberiza_pusilla,1,Assemblage,Birds
30,phylloscopus_inornatus,1,Assemblage,Birds
30,pinicola_enucleator,1,Assemblage,Birds
30,limosa_limosa,1,Assemblage,Birds
30,delichon_urbicum,1,Assemblage,Birds
30,cinclus_cinclus,1,Assemblage,Birds
30,muscicapa_striata,1,Assemblage,Birds
30,circus_cyaneus,1,Assemblage,Birds
30,phylloscopus_sibilatrix,1,Assemblage,Birds
30,luscinia_megarhynchos,1,Assemblage,Birds
30,phoenicurus_phoenicurus,1,Assemblage,Birds
30,ardea_purpurea,1,Assemblage,Birds
30,oriolus_oriolus,1,Assemblage,Birds
30,chlidonias_hybrida,1,Assemblage,Birds
30,curruca_curruca,1,Assemblage,Birds
30,turdus_philomelos,1,Assemblage,Birds
30,recurvirostra_avosetta,1,Assemblage,Birds
30,loxia_pytyopsittacus,1,Assemblage,Birds
30,bubo_bubo,1,Assemblage,Birds
30,corvus_corone,1,Assemblage,Birds
30,pandion_haliaetus,1,Assemblage,Birds
30,accipiter_nisus,1,Assemblage,Birds
30,anthus_trivialis,1,Assemblage,Birds
30,accipiter_nisus,1,Assemblage,Birds
30,garrulus_glandarius,1,Assemblage,Birds
30,jynx_torquilla,1,Assemblage,Birds
30,hydroprogne_caspia,1,Assemblage,Birds
30,lymnocryptes_minimus,1,Assemblage,Birds
30,troglodytes_troglodytes,1,Assemblage,Birds
30,falco_peregrinus,1,Assemblage,Birds
30,oenanthe_oenanthe,1,Assemblage,Birds
30,phylloscopus_fuscatus,1,Assemblage,Birds
30,anas_platyrhynchos,1,Assemblage,Birds
30,larus_canus,1,Assemblage,Birds
30,anthus_rubescens,1,Assemblage,Birds
30,luscinia_svecica,1,Assemblage,Birds
30,lagopus_muta,1,Assemblage,Birds
30,mergus_merganser,1,Assemblage,Birds
30,phoenicurus_erythronotus,1,Assemblage,Birds
30,podoces_hendersoni,1,Assemblage,Birds
30,lanius_isabellinus,1,Assemblage,Birds
30,turdus_ruficollis,1,Assemblage,Birds
30,larvivora_cyane,1,Assemblage,Birds
30,phylloscopus_schwarzi,1,Assemblage,Birds
30,accipiter_gularis,1,Assemblage,Birds
30,tetraogallus_altaicus,1,Assemblage,Birds
30,carpodacus_roseus,1,Assemblage,Birds
30,helopsaltes_fasciolatus,1,Assemblage,Birds
30,leucosticte_arctoa,1,Assemblage,Birds
30,anthus_godlewskii,1,Assemblage,Birds
30,sitta_villosa,1,Assemblage,Birds
30,ficedula_mugimaki,1,Assemblage,Birds
30,anser_cygnoid,1,Assemblage,Birds
30,saxicola_insignis,1,Assemblage,Birds
30,emberiza_spodocephala,1,Assemblage,Birds
30,turdus_obscurus,1,Assemblage,Birds
30,grus_monacha,1,Assemblage,Birds
30,melanocorypha_mongolica,1,Assemblage,Birds
30,anser_cygnoid,1,Assemblage,Birds
30,carpodacus_roseus,1,Assemblage,Birds
30,gallinago_solitaria,1,Assemblage,Birds
30,calliope_calliope,1,Assemblage,Birds
30,phylloscopus_fuscatus,1,Assemblage,Birds
30,locustella_tacsanowskia,1,Assemblage,Birds
30,buteo_japonicus,1,Assemblage,Birds
30,pyrgilauda_davidiana,1,Assemblage,Birds
30,phylloscopus_plumbeitarsus,1,Assemblage,Birds
30,locustella_davidi,1,Assemblage,Birds
30,charadrius_dubius,1,Assemblage,Birds
30,ficedula_parva,1,Assemblage,Birds
30,ptyonoprogne_rupestris,1,Assemblage,Birds
30,carduelis_carduelis,1,Assemblage,Birds
30,prunella_collaris,1,Assemblage,Birds
30,anthus_spinoletta,1,Assemblage,Birds
30,caprimulgus_europaeus,1,Assemblage,Birds
30,iduna_caligata,1,Assemblage,Birds
30,streptopelia_orientalis,1,Assemblage,Birds
30,falco_naumanni,1,Assemblage,Birds
30,linaria_flavirostris,1,Assemblage,Birds
30,monticola_saxatilis,1,Assemblage,Birds
30,hieraaetus_pennatus,1,Assemblage,Birds
30,cyanistes_caeruleus,1,Assemblage,Birds
30,botaurus_stellaris,1,Assemblage,Birds
30,anthus_campestris,1,Assemblage,Birds
30,coccothraustes_coccothraustes,1,Assemblage,Birds
30,emberiza_schoeniclus,1,Assemblage,Birds
30,circus_pygargus,1,Assemblage,Birds
30,gallinula_chloropus,1,Assemblage,Birds
30,curruca_communis,1,Assemblage,Birds
30,poecile_palustris,1,Assemblage,Birds
30,remiz_pendulinus,1,Assemblage,Birds
30,remiz_pendulinus,1,Assemblage,Birds
30,pterocles_alchata,1,Assemblage,Birds
30,acrocephalus_melanopogon,1,Assemblage,Birds
30,cettia_cetti,1,Assemblage,Birds
30,montifringilla_nivalis,1,Assemblage,Birds
30,gyps_fulvus,1,Assemblage,Birds
30,ardeola_ralloides,1,Assemblage,Birds
30,falco_vespertinus,1,Assemblage,Birds
30,passer_hispaniolensis,1,Assemblage,Birds
30,accipiter_brevipes,1,Assemblage,Birds
30,glareola_nordmanni,1,Assemblage,Birds
30,circus_macrourus,1,Assemblage,Birds
30,falco_cherrug,1,Assemblage,Birds
30,vanellus_gregarius,1,Assemblage,Birds
30,charadrius_leschenaultii,1,Assemblage,Birds
30,oxyura_leucocephala,1,Assemblage,Birds
30,vanellus_gregarius,1,Assemblage,Birds
30,dendrocopos_leucopterus,1,Assemblage,Birds
30,columba_leuconota,1,Assemblage,Birds
30,charadrius_veredus,1,Assemblage,Birds
30,corvus_monedula,1,Assemblage,Birds
30,oenanthe_pleschanka,1,Assemblage,Birds
30,helopsaltes_certhiola,1,Assemblage,Birds
30,mycerobas_carnipes,1,Assemblage,Birds
30,prunella_montanella,1,Assemblage,Birds
30,pelecanus_crispus,1,Assemblage,Birds
30,emberiza_rustica,1,Assemblage,Birds
30,turdus_obscurus,1,Assemblage,Birds
30,gypaetus_barbatus,1,Assemblage,Birds
30,burhinus_oedicnemus,1,Assemblage,Birds
30,emberiza_citrinella,1,Assemblage,Birds
30,buteo_buteo,1,Assemblage,Birds
30,locustella_naevia,1,Assemblage,Birds
30,alauda_leucoptera,1,Assemblage,Birds
30,carduelis_carduelis,1,Assemblage,Birds
30,periparus_ater,1,Assemblage,Birds
30,lophophanes_cristatus,1,Assemblage,Birds
30,rallus_aquaticus,1,Assemblage,Birds
30,remiz_pendulinus,1,Assemblage,Birds
30,coccothraustes_coccothraustes,1,Assemblage,Birds
30,acrocephalus_palustris,1,Assemblage,Birds
30,circus_cyaneus,1,Assemblage,Birds
30,columba_oenas,1,Assemblage,Birds
30,anthropoides_virgo,1,Assemblage,Birds
30,carpodacus_roseus,1,Assemblage,Birds
30,plectrophenax_nivalis,1,Assemblage,Birds
30,locustella_luscinioides,1,Assemblage,Birds
30,lanius_collurio,1,Assemblage,Birds
30,linaria_flavirostris,1,Assemblage,Birds
30,circus_aeruginosus,1,Assemblage,Birds
30,tachybaptus_ruficollis,1,Assemblage,Birds
30,anthus_spinoletta,1,Assemblage,Birds
30,alcedo_atthis,1,Assemblage,Birds
30,perdix_perdix,1,Assemblage,Birds
30,curruca_nisoria,1,Assemblage,Birds
30,pernis_apivorus,1,Assemblage,Birds
30,spatula_querquedula,1,Assemblage,Birds
30,ardea_alba,1,Assemblage,Birds
30,motacilla_flava,1,Assemblage,Birds
30,spinus_spinus,1,Assemblage,Birds
30,regulus_regulus,1,Assemblage,Birds
30,motacilla_citreola,1,Assemblage,Birds
30,tringa_totanus,1,Assemblage,Birds
30,turdus_pilaris,1,Assemblage,Birds
30,turdus_pilaris,1,Assemblage,Birds
30,apus_apus,1,Assemblage,Birds
30,calcarius_lapponicus,1,Assemblage,Birds
30,charadrius_alexandrinus,1,Assemblage,Birds
30,scolopax_rusticola,1,Assemblage,Birds
30,asio_otus,1,Assemblage,Birds
30,ardea_cinerea,1,Assemblage,Birds
30,anser_anser,1,Assemblage,Birds
30,ficedula_hypoleuca,1,Assemblage,Birds
30,pyrrhula_pyrrhula,1,Assemblage,Birds
30,ficedula_parva,1,Assemblage,Birds
30,pinicola_enucleator,1,Assemblage,Birds
30,carpodacus_sibiricus,1,Assemblage,Birds
30,erithacus_rubecula,1,Assemblage,Birds
30,branta_ruficollis,1,Assemblage,Birds
30,plegadis_falcinellus,1,Assemblage,Birds
30,sylvia_borin,1,Assemblage,Birds
30,turdus_viscivorus,1,Assemblage,Birds
30,acrocephalus_schoenobaenus,1,Assemblage,Birds
30,vanellus_vanellus,1,Assemblage,Birds
30,numenius_arquata,1,Assemblage,Birds
30,emberiza_citrinella,1,Assemblage,Birds
30,chlidonias_leucopterus,1,Assemblage,Birds
30,erithacus_rubecula,1,Assemblage,Birds
30,glareola_pratincola,1,Assemblage,Birds
30,acrocephalus_palustris,1,Assemblage,Birds
30,lanius_isabellinus,1,Assemblage,Birds
30,coturnix_coturnix,1,Assemblage,Birds
30,numenius_arquata,1,Assemblage,Birds
30,limnodromus_semipalmatus,1,Assemblage,Birds
30,melanocorypha_calandra,1,Assemblage,Birds
30,circus_macrourus,1,Assemblage,Birds
30,muscicapa_dauurica,1,Assemblage,Birds
30,recurvirostra_avosetta,1,Assemblage,Birds
30,falco_cherrug,1,Assemblage,Birds
30,athene_noctua,1,Assemblage,Birds
30,coracias_garrulus,1,Assemblage,Birds
30,curruca_curruca,1,Assemblage,Birds
30,zapornia_pusilla,1,Assemblage,Birds
30,aegypius_monachus,1,Assemblage,Birds
30,upupa_epops,1,Assemblage,Birds
30,circus_cyaneus,1,Assemblage,Birds
30,circaetus_gallicus,1,Assemblage,Birds
30,iduna_pallida,1,Assemblage,Birds
30,vanellus_leucurus,1,Assemblage,Birds
30,cercotrichas_galactotes,1,Assemblage,Birds
30,oxyura_leucocephala,1,Assemblage,Birds
30,vanellus_gregarius,1,Assemblage,Birds
30,vanellus_leucurus,1,Assemblage,Birds
30,remiz_pendulinus,1,Assemblage,Birds
30,curruca_crassirostris,1,Assemblage,Birds
30,dendrocopos_syriacus,1,Assemblage,Birds
30,emberiza_citrinella,1,Assemblage,Birds
30,emberiza_godlewskii,1,Assemblage,Birds
30,regulus_regulus,1,Assemblage,Birds
30,zoothera_aurea,1,Assemblage,Birds
30,motacilla_citreola,1,Assemblage,Birds
30,emberiza_cioides,1,Assemblage,Birds
30,tadorna_ferruginea,1,Assemblage,Birds
30,nycticorax_nycticorax,1,Assemblage,Birds
30,upupa_epops,1,Assemblage,Birds
30,aegypius_monachus,1,Assemblage,Birds
30,ciconia_ciconia,1,Assemblage,Birds
30,oenanthe_deserti,1,Assemblage,Birds
30,egretta_garzetta,1,Assemblage,Birds
30,turdus_atrogularis,1,Assemblage,Birds
30,columba_rupestris,1,Assemblage,Birds
30,strix_aluco,1,Assemblage,Birds
30,netta_rufina,1,Assemblage,Birds
30,alauda_arvensis,1,Assemblage,Birds
30,ciconia_nigra,1,Assemblage,Birds
30,podiceps_cristatus,1,Assemblage,Birds
30,lanius_minor,1,Assemblage,Birds
30,panurus_biarmicus,1,Assemblage,Birds
30,perdix_dauurica,1,Assemblage,Birds
30,cyanistes_cyanus,1,Assemblage,Birds
30,platalea_leucorodia,1,Assemblage,Birds
30,zapornia_parva,1,Assemblage,Birds
30,cygnus_olor,1,Assemblage,Birds
30,acrocephalus_dumetorum,1,Assemblage,Birds
30,corvus_frugilegus,1,Assemblage,Birds
30,acrocephalus_arundinaceus,1,Assemblage,Birds
30,anthus_richardi,1,Assemblage,Birds
30,porzana_porzana,1,Assemblage,Birds
30,merops_apiaster,1,Assemblage,Birds
30,circaetus_gallicus,1,Assemblage,Birds
30,caprimulgus_aegyptius,1,Assemblage,Birds
30,lanius_excubitor,1,Assemblage,Birds
30,coracias_garrulus,1,Assemblage,Birds
30,otus_scops,1,Assemblage,Birds
30,merops_persicus,1,Assemblage,Birds
30,ixobrychus_minutus,1,Assemblage,Birds
30,acrocephalus_scirpaceus,1,Assemblage,Birds
30,neophron_percnopterus,1,Assemblage,Birds
30,larus_genei,1,Assemblage,Birds
30,gallinago_media,1,Assemblage,Birds
30,phoenicurus_ochruros,1,Assemblage,Birds
30,clanga_clanga,1,Assemblage,Birds
30,aythya_nyroca,1,Assemblage,Birds
30,fringilla_coelebs,1,Assemblage,Birds
30,aythya_ferina,1,Assemblage,Birds
30,tichodroma_muraria,1,Assemblage,Birds
30,pyrrhocorax_graculus,1,Assemblage,Birds
30,aquila_heliaca,1,Assemblage,Birds
30,accipiter_badius,1,Assemblage,Birds
30,ardeola_ralloides,1,Assemblage,Birds
30,pernis_apivorus,1,Assemblage,Birds
30,microcarbo_pygmaeus,1,Assemblage,Birds
30,otis_tarda,1,Assemblage,Birds
30,turdus_pilaris,1,Assemblage,Birds
30,arundinax_aedon,1,Assemblage,Birds
30,crex_crex,1,Assemblage,Birds
30,cygnus_olor,1,Assemblage,Birds
30,locustella_fluviatilis,1,Assemblage,Birds
30,tringa_stagnatilis,1,Assemblage,Birds
30,gallinago_megala,1,Assemblage,Birds
30,emberiza_rutila,1,Assemblage,Birds
30,acrocephalus_paludicola,1,Assemblage,Birds
30,emberiza_chrysophrys,1,Assemblage,Birds
30,bombycilla_garrulus,1,Assemblage,Birds
30,luscinia_luscinia,1,Assemblage,Birds
30,limnodromus_semipalmatus,1,Assemblage,Birds
30,numenius_tenuirostris,1,Assemblage,Birds
30,bombycilla_garrulus,1,Assemblage,Birds
30,turdus_atrogularis,1,Assemblage,Birds
30,sylvia_atricapilla,1,Assemblage,Birds
30,emberiza_hortulana,1,Assemblage,Birds
30,hippolais_icterina,1,Assemblage,Birds
30,cinclus_cinclus,1,Assemblage,Birds
30,prunella_atrogularis,1,Assemblage,Birds
30,locustella_fluviatilis,1,Assemblage,Birds
30,phoenicurus_coeruleocephala,1,Assemblage,Birds
30,ibidorhyncha_struthersii,1,Assemblage,Birds
30,phoenicurus_erythronotus,1,Assemblage,Birds
30,mycerobas_carnipes,1,Assemblage,Birds
30,sitta_tephronota,1,Assemblage,Birds
30,carduelis_caniceps,1,Assemblage,Birds
30,chlamydotis_macqueenii,1,Assemblage,Birds
30,scotocerca_inquieta,1,Assemblage,Birds
30,alauda_gulgula,1,Assemblage,Birds
30,larus_relictus,1,Assemblage,Birds
30,gyps_himalayensis,1,Assemblage,Birds
30,alauda_leucoptera,1,Assemblage,Birds
30,charadrius_asiaticus,1,Assemblage,Birds
30,bucanetes_mongolicus,1,Assemblage,Birds
30,tetraogallus_himalayensis,1,Assemblage,Birds
30,columba_eversmanni,1,Assemblage,Birds
30,iduna_rama,1,Assemblage,Birds
30,carpodacus_rubicilla,1,Assemblage,Birds
30,turdus_atrogularis,1,Assemblage,Birds
30,phoenicurus_erythrogastrus,1,Assemblage,Birds
30,podoces_panderi,1,Assemblage,Birds
30,phoenicopterus_roseus,1,Assemblage,Birds
30,emberiza_stewarti,1,Assemblage,Birds
30,acrocephalus_stentoreus,1,Assemblage,Birds
30,saxicola_caprata,1,Assemblage,Birds
30,calliope_pectoralis,1,Assemblage,Birds
30,carpodacus_puniceus,1,Assemblage,Birds
30,leptopoecile_sophiae,1,Assemblage,Birds
30,buteo_rufinus,1,Assemblage,Birds
30,falco_cherrug,1,Assemblage,Birds
30,larus_cachinnans,1,Assemblage,Birds
30,microcarbo_pygmaeus,1,Assemblage,Birds
30,pastor_roseus,1,Assemblage,Birds
30,alectoris_chukar,1,Assemblage,Birds
30,oenanthe_isabellina,1,Assemblage,Birds
30,melanocorypha_calandra,1,Assemblage,Birds
30,serinus_pusillus,1,Assemblage,Birds
30,monticola_solitarius,1,Assemblage,Birds
30,melanocorypha_yeltoniensis,1,Assemblage,Birds
30,serinus_pusillus,1,Assemblage,Birds
30,iduna_caligata,1,Assemblage,Birds
30,emberiza_bruniceps,1,Assemblage,Birds
30,pterocles_orientalis,1,Assemblage,Birds
30,fringilla_coelebs,1,Assemblage,Birds
30,lanius_phoenicuroides,1,Assemblage,Birds
30,remiz_coronatus,1,Assemblage,Birds
30,passer_ammodendri,1,Assemblage,Birds
30,phylloscopus_griseolus,1,Assemblage,Birds
30,carpodacus_rhodochlamys,1,Assemblage,Birds
30,emberiza_cia,1,Assemblage,Birds
30,prunella_himalayana,1,Assemblage,Birds
30,leucosticte_nemoricola,1,Assemblage,Birds
30,anser_indicus,1,Assemblage,Birds
30,leucosticte_brandti,1,Assemblage,Birds
30,prunella_fulvescens,1,Assemblage,Birds
30,aegithalos_caudatus,1,Assemblage,Birds
30,alaudala_cheleensis,1,Assemblage,Birds
30,prunella_atrogularis,1,Assemblage,Birds
30,rhodospiza_obsoleta,1,Assemblage,Birds
30,melanocorypha_yeltoniensis,1,Assemblage,Birds
30,curruca_nana,1,Assemblage,Birds
30,eremophila_alpestris,1,Assemblage,Birds
30,larus_ichthyaetus,1,Assemblage,Birds
30,alauda_leucoptera,1,Assemblage,Birds
30,melanocorypha_bimaculata,1,Assemblage,Birds
30,alaudala_heinei,1,Assemblage,Birds
30,aquila_nipalensis,1,Assemblage,Birds
30,rhodospiza_obsoleta,1,Assemblage,Birds
30,curruca_mystacea,1,Assemblage,Birds
30,otus_brucei,1,Assemblage,Birds
30,emberiza_buchanani,1,Assemblage,Birds
30,bucanetes_mongolicus,1,Assemblage,Birds
30,phoenicurus_erythrogastrus,1,Assemblage,Birds
30,melanocorypha_yeltoniensis,1,Assemblage,Birds
30,prunella_atrogularis,1,Assemblage,Birds
30,phylloscopus_humei,1,Assemblage,Birds
30,oceanites_oceanicus,1,Assemblage,Birds
30,fregetta_tropica,1,Assemblage,Birds
30,ardenna_grisea,1,Assemblage,Birds
30,calidris_alba,1,Assemblage,Birds
30,calidris_canutus,1,Assemblage,Birds
30,xema_sabini,1,Assemblage,Birds
30,arenaria_interpres,1,Assemblage,Birds
30,puffinus_puffinus,1,Assemblage,Birds
30,psittacara_erythrogenys,1,Assemblage,Birds
30,thalasseus_maximus,1,Assemblage,Birds
30,phaethon_aethereus,1,Assemblage,Birds
30,hydroprogne_caspia,1,Assemblage,Birds
30,calidris_ferruginea,1,Assemblage,Birds
30,pluvialis_squatarola,1,Assemblage,Birds
30,calidris_alba,1,Assemblage,Birds
30,falco_peregrinus,1,Assemblage,Birds
30,passer_domesticus,1,Assemblage,Birds
30,pelagodroma_marina,1,Assemblage,Birds
30,calidris_canutus,1,Assemblage,Birds
30,bubulcus_ibis,1,Assemblage,Birds
30,limosa_lapponica,1,Assemblage,Birds
30,bubulcus_ibis,1,Assemblage,Birds
30,falco_peregrinus,1,Assemblage,Birds
30,podiceps_nigricollis,1,Assemblage,Birds
30,pandion_haliaetus,1,Assemblage,Birds
30,ardea_alba,1,Assemblage,Birds
30,phalaropus_lobatus,1,Assemblage,Birds
30,chlidonias_niger,1,Assemblage,Birds
30,gelochelidon_nilotica,1,Assemblage,Birds
30,larus_fuscus,1,Assemblage,Birds
30,plegadis_falcinellus,1,Assemblage,Birds
30,catharacta_skua,1,Assemblage,Birds
30,himantopus_himantopus,1,Assemblage,Birds
30,muscicapa_striata,1,Assemblage,Birds
30,calidris_falcinellus,1,Assemblage,Birds
30,arenaria_interpres,1,Assemblage,Birds
30,ardea_alba,1,Assemblage,Birds
30,tyto_alba,1,Assemblage,Birds
30,anous_stolidus,1,Assemblage,Birds
30,cuculus_canorus,1,Assemblage,Birds
30,alauda_arvensis,1,Assemblage,Birds
30,thalasseus_bergii,1,Assemblage,Birds
30,thalasseus_bergii,1,Assemblage,Birds
30,ardenna_pacifica,1,Assemblage,Birds
30,acridotheres_tristis,1,Assemblage,Birds
30,numenius_phaeopus,1,Assemblage,Birds
30,numida_meleagris,1,Assemblage,Birds
30,callipepla_californica,1,Assemblage,Birds
30,zapornia_pusilla,1,Assemblage,Birds
30,porphyrio_porphyrio,1,Assemblage,Birds
30,anous_stolidus,1,Assemblage,Birds
30,anous_stolidus,1,Assemblage,Birds
30,phalacrocorax_carbo,1,Assemblage,Birds
30,pluvialis_squatarola,1,Assemblage,Birds
30,hydrobates_leucorhous,1,Assemblage,Birds
30,pandion_haliaetus,1,Assemblage,Birds
30,butorides_striata,1,Assemblage,Birds
30,onychoprion_fuscatus,1,Assemblage,Birds
30,alexandrinus_krameri,1,Assemblage,Birds
30,hydroprogne_caspia,1,Assemblage,Birds
30,ardea_alba,1,Assemblage,Birds
30,pandion_haliaetus,1,Assemblage,Birds
30,gelochelidon_nilotica,1,Assemblage,Birds
30,onychoprion_anaethetus,1,Assemblage,Birds
30,todiramphus_chloris,1,Assemblage,Birds
30,rissa_tridactyla,1,Assemblage,Birds
30,larus_marinus,1,Assemblage,Birds
30,calidris_alpina,1,Assemblage,Birds
30,uria_aalge,1,Assemblage,Birds
30,sula_leucogaster,1,Assemblage,Birds
30,pycnonotus_cafer,1,Assemblage,Birds
30,ortygornis_pondicerianus,1,Assemblage,Birds
30,phaethon_aethereus,1,Assemblage,Birds
30,eremophila_alpestris,1,Assemblage,Birds
30,falco_peregrinus,1,Assemblage,Birds
30,bubulcus_ibis,1,Assemblage,Birds
30,larus_canus,1,Assemblage,Birds
30,bulweria_bulwerii,1,Assemblage,Birds
30,francolinus_francolinus,1,Assemblage,Birds
30,mergus_serrator,1,Assemblage,Birds
30,loxia_curvirostra,1,Assemblage,Birds
30,chlidonias_niger,1,Assemblage,Birds
30,falco_columbarius,1,Assemblage,Birds
30,larus_fuscus,1,Assemblage,Birds
30,phalacrocorax_carbo,1,Assemblage,Birds
30,larus_ridibundus,1,Assemblage,Birds
30,motacilla_flava,1,Assemblage,Birds
30,passer_domesticus,1,Assemblage,Birds
30,motacilla_flava,1,Assemblage,Birds
30,morus_bassanus,1,Assemblage,Birds
30,pica_pica,1,Assemblage,Birds
30,hirundo_rustica,1,Assemblage,Birds
30,parus_major,1,Assemblage,Birds
30,larus_ridibundus,1,Assemblage,Birds
30,passer_montanus,1,Assemblage,Birds
30,himantopus_himantopus,1,Assemblage,Birds
30,gelochelidon_nilotica,1,Assemblage,Birds
30,euodice_malabarica,1,Assemblage,Birds
30,estrilda_troglodytes,1,Assemblage,Birds
30,psittacara_mitratus,1,Assemblage,Birds
30,asio_otus,1,Assemblage,Birds
30,phalaropus_lobatus,1,Assemblage,Birds
30,thalasseus_sandvicensis,1,Assemblage,Birds
30,ardea_cinerea,1,Assemblage,Birds
30,himantopus_himantopus,1,Assemblage,Birds
30,himantopus_himantopus,1,Assemblage,Birds
30,anas_platyrhynchos,1,Assemblage,Birds
30,bulweria_bulwerii,1,Assemblage,Birds
30,nycticorax_nycticorax,1,Assemblage,Birds
30,hydrobates_castro,1,Assemblage,Birds
30,amandava_amandava,1,Assemblage,Birds
30,coturnix_japonica,1,Assemblage,Birds
30,hydrobates_castro,1,Assemblage,Birds
30,sula_dactylatra,1,Assemblage,Birds
30,alectoris_chukar,1,Assemblage,Birds
30,calidris_alpina,1,Assemblage,Birds
30,pelagodroma_marina,1,Assemblage,Birds
30,ardenna_carneipes,1,Assemblage,Birds
30,cygnus_atratus,1,Assemblage,Birds
30,phalacrocorax_carbo,1,Assemblage,Birds
30,stercorarius_pomarinus,1,Assemblage,Birds
30,calidris_tenuirostris,1,Assemblage,Birds
30,calidris_ferruginea,1,Assemblage,Birds
30,phasianus_colchicus,1,Assemblage,Birds
30,limosa_lapponica,1,Assemblage,Birds
30,myiopsitta_monachus,1,Assemblage,Birds
30,larus_fuscus,1,Assemblage,Birds
30,thalasseus_sandvicensis,1,Assemblage,Birds
30,hydrobates_jabejabe,1,Assemblage,Birds
30,puffinus_lherminieri,1,Assemblage,Birds
30,onychoprion_anaethetus,1,Assemblage,Birds
30,sula_leucogaster,1,Assemblage,Birds
30,limosa_limosa,1,Assemblage,Birds
30,aquila_chrysaetos,1,Assemblage,Birds
30,luscinia_svecica,1,Assemblage,Birds
30,calonectris_edwardsii,1,Assemblage,Birds
30,calonectris_diomedea,1,Assemblage,Birds
30,pterodroma_madeira,1,Assemblage,Birds
30,neophron_percnopterus,1,Assemblage,Birds
30,charadrius_hiaticula,1,Assemblage,Birds
30,falco_tinnunculus,1,Assemblage,Birds
30,circus_aeruginosus,1,Assemblage,Birds
30,coturnix_coturnix,1,Assemblage,Birds
30,spilopelia_senegalensis,1,Assemblage,Birds
30,calidris_minuta,1,Assemblage,Birds
30,calidris_pugnax,1,Assemblage,Birds
30,tringa_ochropus,1,Assemblage,Birds
30,rallus_aquaticus,1,Assemblage,Birds
30,fringilla_coelebs,1,Assemblage,Birds
30,spatula_clypeata,1,Assemblage,Birds
30,aegithalos_caudatus,1,Assemblage,Birds
30,hydrocoloeus_minutus,1,Assemblage,Birds
30,zapornia_pusilla,1,Assemblage,Birds
30,fulica_atra,1,Assemblage,Birds
30,turdus_merula,1,Assemblage,Birds
30,petronia_petronia,1,Assemblage,Birds
30,picus_canus,1,Assemblage,Birds
30,anser_fabalis,1,Assemblage,Birds
30,buteo_buteo,1,Assemblage,Birds
30,anthus_cervinus,1,Assemblage,Birds
30,phylloscopus_collybita,1,Assemblage,Birds
30,gallinago_gallinago,1,Assemblage,Birds
30,emberiza_calandra,1,Assemblage,Birds
30,phoenicurus_ochruros,1,Assemblage,Birds
30,motacilla_alba,1,Assemblage,Birds
30,anas_crecca,1,Assemblage,Birds
30,pyrrhocorax_pyrrhocorax,1,Assemblage,Birds
30,haematopus_ostralegus,1,Assemblage,Birds
30,spatula_clypeata,1,Assemblage,Birds
30,larus_genei,1,Assemblage,Birds
30,iduna_pallida,1,Assemblage,Birds
30,platalea_leucorodia,1,Assemblage,Birds
30,merops_viridissimus,1,Assemblage,Birds
30,charadrius_dubius,1,Assemblage,Birds
30,accipiter_nisus,1,Assemblage,Birds
30,lanius_phoenicuroides,1,Assemblage,Birds
30,aquila_fasciata,1,Assemblage,Birds
30,falco_naumanni,1,Assemblage,Birds
30,monticola_solitarius,1,Assemblage,Birds
30,monticola_solitarius,1,Assemblage,Birds
30,sylvia_borin,1,Assemblage,Birds
30,calidris_temminckii,1,Assemblage,Birds
30,asio_flammeus,1,Assemblage,Birds
30,alaemon_alaudipes,1,Assemblage,Birds
30,botaurus_stellaris,1,Assemblage,Birds
30,aythya_fuligula,1,Assemblage,Birds
30,gyps_fulvus,1,Assemblage,Birds
30,corvus_ruficollis,1,Assemblage,Birds
30,eremopterix_nigriceps,1,Assemblage,Birds
30,anthus_campestris,1,Assemblage,Birds
30,anthus_campestris,1,Assemblage,Birds
30,tringa_erythropus,1,Assemblage,Birds
30,charadrius_alexandrinus,1,Assemblage,Birds
30,charadrius_alexandrinus,1,Assemblage,Birds
30,luscinia_svecica,1,Assemblage,Birds
30,passer_hispaniolensis,1,Assemblage,Birds
30,curruca_conspicillata,1,Assemblage,Birds
30,buteo_rufinus,1,Assemblage,Birds
30,cursorius_cursor,1,Assemblage,Birds
30,ammomanes_cinctura,1,Assemblage,Birds
30,larus_audouinii,1,Assemblage,Birds
30,anthus_berthelotii,1,Assemblage,Birds
30,apus_pallidus,1,Assemblage,Birds
30,curruca_conspicillata,1,Assemblage,Birds
30,oenanthe_hispanica,1,Assemblage,Birds
30,bucanetes_githagineus,1,Assemblage,Birds
30,otus_scops,1,Assemblage,Birds
30,phylloscopus_ibericus,1,Assemblage,Birds
30,curruca_hortensis,1,Assemblage,Birds
30,curruca_conspicillata,1,Assemblage,Birds
30,clamator_glandarius,1,Assemblage,Birds
30,cercotrichas_galactotes,1,Assemblage,Birds
30,accipiter_badius,1,Assemblage,Birds
30,passer_simplex,1,Assemblage,Birds
30,curruca_deserti,1,Assemblage,Birds
30,locustella_naevia,1,Assemblage,Birds
30,burhinus_oedicnemus,1,Assemblage,Birds
30,mareca_penelope,1,Assemblage,Birds
30,streptopelia_turtur,1,Assemblage,Birds
30,upupa_epops,1,Assemblage,Birds
30,phoenicurus_phoenicurus,1,Assemblage,Birds
30,thalasseus_bengalensis,1,Assemblage,Birds
30,cypsiurus_parvus,1,Assemblage,Birds
30,falco_vespertinus,1,Assemblage,Birds
30,coracias_garrulus,1,Assemblage,Birds
30,falco_biarmicus,1,Assemblage,Birds
30,phoenicopterus_roseus,1,Assemblage,Birds
30,circus_pygargus,1,Assemblage,Birds
30,lanius_excubitor,1,Assemblage,Birds
30,pelecanus_onocrotalus,1,Assemblage,Birds
30,circus_macrourus,1,Assemblage,Birds
30,recurvirostra_avosetta,1,Assemblage,Birds
30,milvus_migrans,1,Assemblage,Birds
30,elanus_caeruleus,1,Assemblage,Birds
30,phylloscopus_trochilus,1,Assemblage,Birds
30,torgos_tracheliotos,1,Assemblage,Birds
30,cisticola_juncidis,1,Assemblage,Birds
30,curruca_communis,1,Assemblage,Birds
30,acrocephalus_scirpaceus,1,Assemblage,Birds
30,saxicola_torquatus,1,Assemblage,Birds
30,anthus_similis,1,Assemblage,Birds
30,podiceps_cristatus,1,Assemblage,Birds
30,dendrocopos_major,1,Assemblage,Birds
30,ciconia_ciconia,1,Assemblage,Birds
30,anthus_trivialis,1,Assemblage,Birds
30,egretta_garzetta,1,Assemblage,Birds
30,columba_livia,1,Assemblage,Birds
30,gallinula_chloropus,1,Assemblage,Birds
30,limosa_limosa,1,Assemblage,Birds
30,lymnocryptes_minimus,1,Assemblage,Birds
30,tachybaptus_ruficollis,1,Assemblage,Birds
30,numenius_arquata,1,Assemblage,Birds
30,tringa_totanus,1,Assemblage,Birds
30,actitis_hypoleucos,1,Assemblage,Birds
30,sternula_albifrons,1,Assemblage,Birds
30,sternula_albifrons,1,Assemblage,Birds
30,xenus_cinereus,1,Assemblage,Birds
30,charadrius_leschenaultii,1,Assemblage,Birds
30,sterna_hirundo,1,Assemblage,Birds
30,milvus_migrans,1,Assemblage,Birds
30,chlidonias_hybrida,1,Assemblage,Birds
30,milvus_aegyptius,1,Assemblage,Birds
30,ixobrychus_minutus,1,Assemblage,Birds
30,burhinus_capensis,1,Assemblage,Birds
30,chrysococcyx_caprius,1,Assemblage,Birds
30,phoeniconaias_minor,1,Assemblage,Birds
30,mirafra_javanica,1,Assemblage,Birds
30,tringa_stagnatilis,1,Assemblage,Birds
30,plegadis_falcinellus,1,Assemblage,Birds
30,tringa_glareola,1,Assemblage,Birds
30,ceryle_rudis,1,Assemblage,Birds
30,delichon_urbicum,1,Assemblage,Birds
30,hirundo_rustica,1,Assemblage,Birds
30,rostratula_benghalensis,1,Assemblage,Birds
30,hieraaetus_pennatus,1,Assemblage,Birds
30,aquila_rapax,1,Assemblage,Birds
30,hieraaetus_pennatus,1,Assemblage,Birds
30,accipiter_badius,1,Assemblage,Birds
30,cecropis_daurica,1,Assemblage,Birds
30,saxicola_rubetra,1,Assemblage,Birds
30,coturnix_coturnix,1,Assemblage,Birds
30,falco_naumanni,1,Assemblage,Birds
30,spatula_querquedula,1,Assemblage,Birds
30,turnix_sylvaticus,1,Assemblage,Birds
30,ardea_goliath,1,Assemblage,Birds
30,apus_affinis,1,Assemblage,Birds
30,gymnoris_dentata,1,Assemblage,Birds
30,ciconia_abdimii,1,Assemblage,Birds
30,melierax_metabates,1,Assemblage,Birds
30,curruca_communis,1,Assemblage,Birds
30,lanius_senator,1,Assemblage,Birds
30,chrysococcyx_klaas,1,Assemblage,Birds
30,amandava_subflava,1,Assemblage,Birds
30,cinnyricinclus_leucogaster,1,Assemblage,Birds
30,necrosyrtes_monachus,1,Assemblage,Birds
30,streptopelia_semitorquata,1,Assemblage,Birds
30,ardea_brachyrhyncha,1,Assemblage,Birds
30,camaroptera_brachyura,1,Assemblage,Birds
30,lagonosticta_senegala,1,Assemblage,Birds
30,gyps_africanus,1,Assemblage,Birds
30,lophoceros_nasutus,1,Assemblage,Birds
30,merops_albicollis,1,Assemblage,Birds
30,zapornia_parva,1,Assemblage,Birds
30,hippolais_polyglotta,1,Assemblage,Birds
30,argya_fulva,1,Assemblage,Birds
30,monticola_saxatilis,1,Assemblage,Birds
30,trachyphonus_margaritatus,1,Assemblage,Birds
30,urocolius_macrourus,1,Assemblage,Birds
30,phylloscopus_bonelli,1,Assemblage,Birds
30,oriolus_oriolus,1,Assemblage,Birds
30,phylloscopus_sibilatrix,1,Assemblage,Birds
30,vanellus_spinosus,1,Assemblage,Birds
30,streptopelia_roseogrisea,1,Assemblage,Birds
30,sylvia_atricapilla,1,Assemblage,Birds
30,pternistis_bicalcaratus,1,Assemblage,Birds
30,passer_luteus,1,Assemblage,Birds
30,centropus_senegalensis,1,Assemblage,Birds
30,geronticus_eremita,1,Assemblage,Birds
30,delichon_urbicum,1,Assemblage,Birds
30,ficedula_hypoleuca,1,Assemblage,Birds
30,apus_apus,1,Assemblage,Birds
30,burhinus_senegalensis,1,Assemblage,Birds
30,alopochen_aegyptiaca,1,Assemblage,Birds
30,charadrius_pecuarius,1,Assemblage,Birds
30,corvus_albus,1,Assemblage,Birds
30,threskiornis_aethiopicus,1,Assemblage,Birds
30,pelecanus_rufescens,1,Assemblage,Birds
30,anhinga_rufa,1,Assemblage,Birds
30,ardeola_ralloides,1,Assemblage,Birds
30,pycnonotus_barbatus,1,Assemblage,Birds
30,streptopelia_roseogrisea,1,Assemblage,Birds
30,cercotrichas_podobe,1,Assemblage,Birds
30,euodice_cantans,1,Assemblage,Birds
30,tchagra_senegalus,1,Assemblage,Birds
30,oena_capensis,1,Assemblage,Birds
30,terpsiphone_viridis,1,Assemblage,Birds
30,asio_capensis,1,Assemblage,Birds
30,micronisus_gabar,1,Assemblage,Birds
30,caprimulgus_inornatus,1,Assemblage,Birds
30,necrosyrtes_monachus,1,Assemblage,Birds
30,riparia_paludicola,1,Assemblage,Birds
30,fulica_cristata,1,Assemblage,Birds
30,ciconia_nigra,1,Assemblage,Birds
30,scopus_umbretta,1,Assemblage,Birds
30,circaetus_gallicus,1,Assemblage,Birds
30,coracias_abyssinicus,1,Assemblage,Birds
30,acrocephalus_scirpaceus,1,Assemblage,Birds
30,phoenicurus_phoenicurus,1,Assemblage,Birds
30,aythya_nyroca,1,Assemblage,Birds
30,anas_acuta,1,Assemblage,Birds
30,galerida_cristata,1,Assemblage,Birds
30,aythya_ferina,1,Assemblage,Birds
30,neophron_percnopterus,1,Assemblage,Birds
30,buteo_rufinus,1,Assemblage,Birds
30,motacilla_cinerea,1,Assemblage,Birds
30,alcedo_atthis,1,Assemblage,Birds
30,alcedo_atthis,1,Assemblage,Birds
30,cecropis_daurica,1,Assemblage,Birds
30,charadrius_dubius,1,Assemblage,Birds
30,sylvia_atricapilla,1,Assemblage,Birds
30,tringa_stagnatilis,1,Assemblage,Birds
30,terathopius_ecaudatus,1,Assemblage,Birds
30,oenanthe_oenanthe,1,Assemblage,Birds
30,bubo_cinerascens,1,Assemblage,Birds
30,muscicapa_gambagae,1,Assemblage,Birds
30,ardeotis_arabs,1,Assemblage,Birds
30,oenanthe_melanura,1,Assemblage,Birds
30,anthus_cinnamomeus,1,Assemblage,Birds
30,emberiza_tahapisi,1,Assemblage,Birds
30,ardenna_gravis,1,Assemblage,Birds
30,pterodroma_deserta,1,Assemblage,Birds
30,streptopelia_roseogrisea,1,Assemblage,Birds
30,pterodroma_arminjoniana,1,Assemblage,Birds
30,chlidonias_leucopterus,1,Assemblage,Birds
30,sterna_dougallii,1,Assemblage,Birds
30,egretta_gularis,1,Assemblage,Birds
30,hydrobates_pelagicus,1,Assemblage,Birds
30,fulica_atra,1,Assemblage,Birds
30,streptopelia_decaocto,1,Assemblage,Birds
30,hydrobates_pelagicus,1,Assemblage,Birds
30,phylloscopus_collybita,1,Assemblage,Birds
30,ardea_cinerea,1,Assemblage,Birds
30,fulica_atra,1,Assemblage,Birds
30,podiceps_cristatus,1,Assemblage,Birds
30,saxicola_torquatus,1,Assemblage,Birds
30,glaucidium_passerinum,1,Assemblage,Birds
30,falco_tinnunculus,1,Assemblage,Birds
30,lyrurus_tetrix,1,Assemblage,Birds
30,tetrastes_bonasia,1,Assemblage,Birds
30,turdus_merula,1,Assemblage,Birds
30,melanitta_nigra,1,Assemblage,Birds
30,calonectris_borealis,1,Assemblage,Birds
30,sterna_dougallii,1,Assemblage,Birds
30,egretta_garzetta,1,Assemblage,Birds
30,tringa_nebularia,1,Assemblage,Birds
30,puffinus_lherminieri,1,Assemblage,Birds
30,dromas_ardeola,1,Assemblage,Birds
30,thalasseus_bengalensis,1,Assemblage,Birds
30,aquila_heliaca,1,Assemblage,Birds
30,larus_ichthyaetus,1,Assemblage,Birds
30,charadrius_asiaticus,1,Assemblage,Birds
30,anous_tenuirostris,1,Assemblage,Birds
30,hydrobates_monorhis,1,Assemblage,Birds
30,francolinus_francolinus,1,Assemblage,Birds
30,otis_tarda,1,Assemblage,Birds
30,phasianus_colchicus,1,Assemblage,Birds
30,anthus_richardi,1,Assemblage,Birds
30,hippolais_olivetorum,1,Assemblage,Birds
30,falco_amurensis,1,Assemblage,Birds
30,charadrius_atrifrons,1,Assemblage,Birds
30,streptopelia_lugens,1,Assemblage,Birds
30,aquila_heliaca,1,Assemblage,Birds
30,acrocephalus_stentoreus,1,Assemblage,Birds
30,halcyon_smyrnensis,1,Assemblage,Birds
30,caprimulgus_nubicus,1,Assemblage,Birds
30,strix_butleri,1,Assemblage,Birds
30,otus_brucei,1,Assemblage,Birds
30,hirundo_rustica,1,Assemblage,Birds
30,amaurornis_phoenicurus,1,Assemblage,Birds
30,apus_berliozi,1,Assemblage,Birds
30,sturnia_pagodarum,1,Assemblage,Birds
30,pernis_ptilorhynchus,1,Assemblage,Birds
30,cinnyris_asiaticus,1,Assemblage,Birds
30,zosterops_palpebrosus,1,Assemblage,Birds
30,esacus_recurvirostris,1,Assemblage,Birds
30,merops_orientalis,1,Assemblage,Birds
30,sterna_repressa,1,Assemblage,Birds
30,butastur_teesa,1,Assemblage,Birds
30,motacilla_citreola,1,Assemblage,Birds
30,calandrella_eremica,1,Assemblage,Birds
30,sterna_repressa,1,Assemblage,Birds
30,argya_caudata,1,Assemblage,Birds
30,ardeola_grayii,1,Assemblage,Birds
30,athene_brama,1,Assemblage,Birds
30,bulweria_fallax,1,Assemblage,Birds
30,alaudala_raytal,1,Assemblage,Birds
30,lanius_vittatus,1,Assemblage,Birds
30,hydrophasianus_chirurgus,1,Assemblage,Birds
30,ortygornis_pondicerianus,1,Assemblage,Birds
30,coracias_benghalensis,1,Assemblage,Birds
30,phylloscopus_umbrovirens,1,Assemblage,Birds
30,oenanthe_pleschanka,1,Assemblage,Birds
30,rhodophoneus_cruentus,1,Assemblage,Birds
30,cinnyris_habessinicus,1,Assemblage,Birds
30,monticola_rufocinereus,1,Assemblage,Birds
30,emberiza_caesia,1,Assemblage,Birds
30,ixobrychus_minutus,1,Assemblage,Birds
30,curruca_melanothorax,1,Assemblage,Birds
30,curruca_melanocephala,1,Assemblage,Birds
30,prinia_gracilis,1,Assemblage,Birds
30,emberiza_striolata,1,Assemblage,Birds
30,vanellus_indicus,1,Assemblage,Birds
30,egretta_gularis,1,Assemblage,Birds
30,larus_ichthyaetus,1,Assemblage,Birds
30,euodice_malabarica,1,Assemblage,Birds
30,phoenicopterus_roseus,1,Assemblage,Birds
30,phylloscopus_nitidus,1,Assemblage,Birds
30,geronticus_eremita,1,Assemblage,Birds
30,lanius_excubitor,1,Assemblage,Birds
30,curruca_crassirostris,1,Assemblage,Birds
30,curruca_leucomelaena,1,Assemblage,Birds
30,vanellus_gregarius,1,Assemblage,Birds
30,carpospiza_brachydactyla,1,Assemblage,Birds
30,phylloscopus_orientalis,1,Assemblage,Birds
30,vanellus_leucurus,1,Assemblage,Birds
30,larus_leucophthalmus,1,Assemblage,Birds
30,ketupa_zeylonensis,1,Assemblage,Birds
30,petrochelidon_perdita,1,Assemblage,Birds
30,passer_euchlorus,1,Assemblage,Birds
30,cinnyricinclus_leucogaster,1,Assemblage,Birds
30,crithagra_rothschildi,1,Assemblage,Birds
30,curruca_buryi,1,Assemblage,Birds
30,turdus_menachensis,1,Assemblage,Birds
30,alectoris_philbyi,1,Assemblage,Birds
30,turdus_menachensis,1,Assemblage,Birds
30,curruca_buryi,1,Assemblage,Birds
30,acrocephalus_griseldis,1,Assemblage,Birds
30,campethera_nubica,1,Assemblage,Birds
30,ploceus_galbula,1,Assemblage,Birds
30,zosterops_abyssinicus,1,Assemblage,Birds
30,emberiza_cineracea,1,Assemblage,Birds
30,ammoperdix_heyi,1,Assemblage,Birds
30,phylloscopus_tristis,1,Assemblage,Birds
30,hippolais_languida,1,Assemblage,Birds
30,accipiter_brevipes,1,Assemblage,Birds
30,carpospiza_brachydactyla,1,Assemblage,Birds
30,aquila_nipalensis,1,Assemblage,Birds
30,phylloscopus_orientalis,1,Assemblage,Birds
30,anthropoides_virgo,1,Assemblage,Birds
30,pelecanus_onocrotalus,1,Assemblage,Birds
30,phylloscopus_trochiloides,1,Assemblage,Birds
30,pelecanus_crispus,1,Assemblage,Birds
30,emberiza_cineracea,1,Assemblage,Birds
30,pterocles_orientalis,1,Assemblage,Birds
30,pelecanus_crispus,1,Assemblage,Birds
30,alauda_arvensis,1,Assemblage,Birds
30,alaudala_heinei,1,Assemblage,Birds
30,alaudala_heinei,1,Assemblage,Birds
30,ardeola_ralloides,1,Assemblage,Birds
30,oxyura_leucocephala,1,Assemblage,Birds
30,anas_platyrhynchos,1,Assemblage,Birds
30,sternula_albifrons,1,Assemblage,Birds
30,gavia_stellata,1,Assemblage,Birds
30,corvus_corax,1,Assemblage,Birds
30,riparia_riparia,1,Assemblage,Birds
30,podiceps_grisegena,1,Assemblage,Birds
30,saxicola_torquatus,1,Assemblage,Birds
30,haematopus_ostralegus,1,Assemblage,Birds
30,dendrocopos_leucotos,1,Assemblage,Birds
30,milvus_migrans,1,Assemblage,Birds
30,acanthis_flammea,1,Assemblage,Birds
30,dryobates_minor,1,Assemblage,Birds
30,dryocopus_martius,1,Assemblage,Birds
30,fratercula_arctica,1,Assemblage,Birds
30,aegolius_funereus,1,Assemblage,Birds
30,larus_canus,1,Assemblage,Birds
30,sterna_hirundo,1,Assemblage,Birds
30,haliaeetus_albicilla,1,Assemblage,Birds
30,motacilla_alba,1,Assemblage,Birds
30,poecile_montanus,1,Assemblage,Birds
30,haliaeetus_albicilla,1,Assemblage,Birds
30,anthus_cervinus,1,Assemblage,Birds
30,nucifraga_caryocatactes,1,Assemblage,Birds
30,turdus_iliacus,1,Assemblage,Birds
30,strix_uralensis,1,Assemblage,Birds
30,cecropis_daurica,1,Assemblage,Birds
30,buteo_lagopus,1,Assemblage,Birds
30,cairina_moschata,1,Assemblage,Birds
30,falco_subbuteo,1,Assemblage,Birds
30,accipiter_gentilis,1,Assemblage,Birds
30,bucephala_clangula,1,Assemblage,Birds
30,carpodacus_erythrinus,1,Assemblage,Birds
30,periparus_ater,1,Assemblage,Birds
30,sitta_europaea,1,Assemblage,Birds
30,anser_erythropus,1,Assemblage,Birds
30,actitis_hypoleucos,1,Assemblage,Birds
30,thalasseus_sandvicensis,1,Assemblage,Birds
30,larus_marinus,1,Assemblage,Birds
30,larus_michahellis,1,Assemblage,Birds
30,sturnus_vulgaris,1,Assemblage,Birds
30,larus_michahellis,1,Assemblage,Birds
30,calonectris_borealis,1,Assemblage,Birds
30,gulosus_aristotelis,1,Assemblage,Birds
30,haematopus_ostralegus,1,Assemblage,Birds
30,haliaeetus_albicilla,1,Assemblage,Birds
30,phylloscopus_collybita,1,Assemblage,Birds
30,podiceps_nigricollis,1,Assemblage,Birds
30,tetrao_urogallus,1,Assemblage,Birds
30,saxicola_rubetra,1,Assemblage,Birds
30,spinus_spinus,1,Assemblage,Birds
30,certhia_familiaris,1,Assemblage,Birds
30,aythya_fuligula,1,Assemblage,Birds
30,pyrrhula_pyrrhula,1,Assemblage,Birds
30,grus_grus,1,Assemblage,Birds
30,chlidonias_niger,1,Assemblage,Birds
30,oriolus_oriolus,1,Assemblage,Birds
30,clangula_hyemalis,1,Assemblage,Birds
30,anas_crecca,1,Assemblage,Birds
30,tadorna_tadorna,1,Assemblage,Birds
30,alectoris_barbara,1,Assemblage,Birds
30,cyanistes_teneriffae,1,Assemblage,Birds
30,chloris_chloris,1,Assemblage,Birds
30,linaria_cannabina,1,Assemblage,Birds
30,larus_melanocephalus,1,Assemblage,Birds
30,anthus_pratensis,1,Assemblage,Birds
30,chloris_chloris,1,Assemblage,Birds
30,eremophila_bilopha,1,Assemblage,Birds
30,ramphocoris_clotbey,1,Assemblage,Birds
30,alectoris_barbara,1,Assemblage,Birds
30,pterocles_orientalis,1,Assemblage,Birds
30,calandrella_brachydactyla,1,Assemblage,Birds
30,phylloscopus_canariensis,1,Assemblage,Birds
30,puffinus_mauretanicus,1,Assemblage,Birds
30,pluvialis_apricaria,1,Assemblage,Birds
30,ptyonoprogne_rupestris,1,Assemblage,Birds
30,emberiza_cia,1,Assemblage,Birds
30,carduelis_carduelis,1,Assemblage,Birds
30,curruca_melanocephala,1,Assemblage,Birds
30,serinus_serinus,1,Assemblage,Birds
30,podiceps_auritus,1,Assemblage,Birds
30,acanthis_flammea,1,Assemblage,Birds
30,tetrax_tetrax,1,Assemblage,Birds
30,curruca_sarda,1,Assemblage,Birds
30,puffinus_mauretanicus,1,Assemblage,Birds
30,columba_palumbus,1,Assemblage,Birds
30,prunella_collaris,1,Assemblage,Birds
30,curruca_sarda,1,Assemblage,Birds
30,poecile_lugubris,1,Assemblage,Birds
30,phylloscopus_orientalis,1,Assemblage,Birds
30,gallinago_gallinago,1,Assemblage,Birds
30,picoides_tridactylus,1,Assemblage,Birds
30,phylloscopus_trochilus,1,Assemblage,Birds
30,haliaeetus_albicilla,1,Assemblage,Birds
30,somateria_mollissima,1,Assemblage,Birds
30,limosa_limosa,1,Assemblage,Birds
30,delichon_urbicum,1,Assemblage,Birds
30,cinclus_cinclus,1,Assemblage,Birds
30,muscicapa_striata,1,Assemblage,Birds
30,turdus_torquatus,1,Assemblage,Birds
30,phylloscopus_sibilatrix,1,Assemblage,Birds
30,luscinia_megarhynchos,1,Assemblage,Birds
30,phoenicurus_phoenicurus,1,Assemblage,Birds
30,ardea_purpurea,1,Assemblage,Birds
30,melanitta_fusca,1,Assemblage,Birds
30,prunella_collaris,1,Assemblage,Birds
30,oriolus_oriolus,1,Assemblage,Birds
30,phylloscopus_bonelli,1,Assemblage,Birds
30,circus_aeruginosus,1,Assemblage,Birds
30,chlidonias_hybrida,1,Assemblage,Birds
30,tetrax_tetrax,1,Assemblage,Birds
30,oenanthe_seebohmi,1,Assemblage,Birds
30,leiopicus_medius,1,Assemblage,Birds
30,curruca_curruca,1,Assemblage,Birds
30,puffinus_yelkouan,1,Assemblage,Birds
30,turdus_torquatus,1,Assemblage,Birds
30,recurvirostra_avosetta,1,Assemblage,Birds
30,aythya_marila,1,Assemblage,Birds
30,bubo_bubo,1,Assemblage,Birds
30,corvus_corone,1,Assemblage,Birds
30,accipiter_nisus,1,Assemblage,Birds
30,anthus_trivialis,1,Assemblage,Birds
30,garrulus_glandarius,1,Assemblage,Birds
30,jynx_torquilla,1,Assemblage,Birds
30,hydroprogne_caspia,1,Assemblage,Birds
30,columba_palumbus,1,Assemblage,Birds
30,troglodytes_troglodytes,1,Assemblage,Birds
30,accipiter_gentilis,1,Assemblage,Birds
30,oenanthe_oenanthe,1,Assemblage,Birds
30,larus_canus,1,Assemblage,Birds
30,cygnus_cygnus,1,Assemblage,Birds
30,lagopus_muta,1,Assemblage,Birds
30,fringilla_montifringilla,1,Assemblage,Birds
30,troglodytes_troglodytes,1,Assemblage,Birds
30,anthus_spinoletta,1,Assemblage,Birds
30,charadrius_dubius,1,Assemblage,Birds
30,ficedula_parva,1,Assemblage,Birds
30,ptyonoprogne_rupestris,1,Assemblage,Birds
30,gavia_arctica,1,Assemblage,Birds
30,carduelis_carduelis,1,Assemblage,Birds
30,prunella_collaris,1,Assemblage,Birds
30,coccothraustes_coccothraustes,1,Assemblage,Birds
30,anthus_spinoletta,1,Assemblage,Birds
30,caprimulgus_europaeus,1,Assemblage,Birds
30,cettia_cetti,1,Assemblage,Birds
30,falco_naumanni,1,Assemblage,Birds
30,linaria_flavirostris,1,Assemblage,Birds
30,monticola_saxatilis,1,Assemblage,Birds
30,corvus_monedula,1,Assemblage,Birds
30,sturnus_unicolor,1,Assemblage,Birds
30,hieraaetus_pennatus,1,Assemblage,Birds
30,cyanistes_caeruleus,1,Assemblage,Birds
30,botaurus_stellaris,1,Assemblage,Birds
30,anthus_campestris,1,Assemblage,Birds
30,lullula_arborea,1,Assemblage,Birds
30,corvus_monedula,1,Assemblage,Birds
30,coccothraustes_coccothraustes,1,Assemblage,Birds
30,emberiza_schoeniclus,1,Assemblage,Birds
30,circus_pygargus,1,Assemblage,Birds
30,certhia_brachydactyla,1,Assemblage,Birds
30,columba_oenas,1,Assemblage,Birds
30,curruca_communis,1,Assemblage,Birds
30,poecile_palustris,1,Assemblage,Birds
30,hippolais_polyglotta,1,Assemblage,Birds
30,remiz_pendulinus,1,Assemblage,Birds
30,milvus_milvus,1,Assemblage,Birds
30,phylloscopus_ibericus,1,Assemblage,Birds
30,larus_audouinii,1,Assemblage,Birds
30,larus_audouinii,1,Assemblage,Birds
30,larus_melanocephalus,1,Assemblage,Birds
30,turdus_torquatus,1,Assemblage,Birds
30,sitta_ledanti,1,Assemblage,Birds
30,grus_grus,1,Assemblage,Birds
30,larus_melanocephalus,1,Assemblage,Birds
30,corvus_monedula,1,Assemblage,Birds
30,corvus_monedula,1,Assemblage,Birds
30,falco_naumanni,1,Assemblage,Birds
30,aegypius_monachus,1,Assemblage,Birds
30,geronticus_eremita,1,Assemblage,Birds
30,carduelis_corsicana,1,Assemblage,Birds
30,carduelis_corsicana,1,Assemblage,Birds
30,calonectris_diomedea,1,Assemblage,Birds
30,gypaetus_barbatus,1,Assemblage,Birds
30,gyps_fulvus,1,Assemblage,Birds
30,gyps_fulvus,1,Assemblage,Birds
30,tetrax_tetrax,1,Assemblage,Birds
30,lanius_meridionalis,1,Assemblage,Birds
30,anthus_spinoletta,1,Assemblage,Birds
30,passer_italiae,1,Assemblage,Birds
30,serinus_serinus,1,Assemblage,Birds
30,remiz_pendulinus,1,Assemblage,Birds
30,columba_oenas,1,Assemblage,Birds
30,pterocles_alchata,1,Assemblage,Birds
30,curruca_ruppeli,1,Assemblage,Birds
30,lanius_nubicus,1,Assemblage,Birds
30,oenanthe_finschii,1,Assemblage,Birds
30,pycnonotus_xanthopygos,1,Assemblage,Birds
30,oenanthe_finschii,1,Assemblage,Birds
30,larus_armenicus,1,Assemblage,Birds
30,larus_armenicus,1,Assemblage,Birds
30,larus_armenicus,1,Assemblage,Birds
30,oenanthe_monacha,1,Assemblage,Birds
30,pterocles_alchata,1,Assemblage,Birds
30,oxyura_leucocephala,1,Assemblage,Birds
30,acrocephalus_melanopogon,1,Assemblage,Birds
30,acrocephalus_melanopogon,1,Assemblage,Birds
30,emberiza_melanocephala,1,Assemblage,Birds
30,hippolais_languida,1,Assemblage,Birds
30,acrocephalus_melanopogon,1,Assemblage,Birds
30,columba_palumbus,1,Assemblage,Birds
30,hirundo_rustica,1,Assemblage,Birds
30,emberiza_cia,1,Assemblage,Birds
30,larus_cachinnans,1,Assemblage,Birds
30,palaeornis_eupatria,1,Assemblage,Birds
30,chersophilus_duponti,1,Assemblage,Birds
30,cettia_cetti,1,Assemblage,Birds
30,montifringilla_nivalis,1,Assemblage,Birds
30,gyps_fulvus,1,Assemblage,Birds
30,calandrella_brachydactyla,1,Assemblage,Birds
30,ardeola_ralloides,1,Assemblage,Birds
30,geronticus_eremita,1,Assemblage,Birds
30,gyps_rueppelli,1,Assemblage,Birds
30,numenius_phaeopus,1,Assemblage,Birds
30,monticola_solitarius,1,Assemblage,Birds
30,corvus_rhipidurus,1,Assemblage,Birds
30,curruca_ruppeli,1,Assemblage,Birds
30,ficedula_semitorquata,1,Assemblage,Birds
30,falco_vespertinus,1,Assemblage,Birds
30,passer_hispaniolensis,1,Assemblage,Birds
30,accipiter_brevipes,1,Assemblage,Birds
30,emberiza_cineracea,1,Assemblage,Birds
30,pelecanus_crispus,1,Assemblage,Birds
30,halcyon_leucocephala,1,Assemblage,Birds
30,prinia_rufifrons,1,Assemblage,Birds
30,batis_orientalis,1,Assemblage,Birds
30,gypaetus_barbatus,1,Assemblage,Birds
30,burhinus_oedicnemus,1,Assemblage,Birds
30,botaurus_stellaris,1,Assemblage,Birds
30,burhinus_oedicnemus,1,Assemblage,Birds
30,gypaetus_barbatus,1,Assemblage,Birds
30,lanius_collurio,1,Assemblage,Birds
30,cinnyris_osea,1,Assemblage,Birds
30,caprimulgus_poliocephalus,1,Assemblage,Birds
30,glareola_nordmanni,1,Assemblage,Birds
30,falco_concolor,1,Assemblage,Birds
30,emberiza_caesia,1,Assemblage,Birds
30,hedydipna_metallica,1,Assemblage,Birds
30,curruca_nisoria,1,Assemblage,Birds
30,hedydipna_metallica,1,Assemblage,Birds
30,ardea_purpurea,1,Assemblage,Birds
30,larus_hemprichii,1,Assemblage,Birds
30,sterna_repressa,1,Assemblage,Birds
30,nycticorax_nycticorax,1,Assemblage,Birds
30,corvus_splendens,1,Assemblage,Birds
30,chlidonias_hybrida,1,Assemblage,Birds
30,tringa_nebularia,1,Assemblage,Birds
30,tringa_glareola,1,Assemblage,Birds
30,aquila_verreauxii,1,Assemblage,Birds
30,centropus_superciliosus,1,Assemblage,Birds
30,lanius_collurio,1,Assemblage,Birds
30,charadrius_asiaticus,1,Assemblage,Birds
30,calidris_falcinellus,1,Assemblage,Birds
30,calidris_tenuirostris,1,Assemblage,Birds
30,emberiza_citrinella,1,Assemblage,Birds
30,milvus_milvus,1,Assemblage,Birds
30,locustella_naevia,1,Assemblage,Birds
30,columba_arquatrix,1,Assemblage,Birds
30,curruca_ruppeli,1,Assemblage,Birds
30,curruca_crassirostris,1,Assemblage,Birds
30,accipiter_brevipes,1,Assemblage,Birds
30,oenanthe_cypriaca,1,Assemblage,Birds
30,clanga_pomarina,1,Assemblage,Birds
30,turdus_philomelos,1,Assemblage,Birds
30,periparus_ater,1,Assemblage,Birds
30,lophophanes_cristatus,1,Assemblage,Birds
30,phylloscopus_collybita,1,Assemblage,Birds
30,larus_melanocephalus,1,Assemblage,Birds
30,aquila_chrysaetos,1,Assemblage,Birds
30,milvus_milvus,1,Assemblage,Birds
30,rallus_aquaticus,1,Assemblage,Birds
30,emberiza_calandra,1,Assemblage,Birds
30,acrocephalus_palustris,1,Assemblage,Birds
30,larus_melanocephalus,1,Assemblage,Birds
30,circus_cyaneus,1,Assemblage,Birds
30,columba_oenas,1,Assemblage,Birds
30,sterna_repressa,1,Assemblage,Birds
30,larus_hemprichii,1,Assemblage,Birds
30,sternula_saundersi,1,Assemblage,Birds
30,puffinus_persicus,1,Assemblage,Birds
30,phalacrocorax_nigrogularis,1,Assemblage,Birds
30,sternula_saundersi,1,Assemblage,Birds
30,vanellus_leucurus,1,Assemblage,Birds
30,locustella_luscinioides,1,Assemblage,Birds
30,picus_viridis,1,Assemblage,Birds
30,lanius_collurio,1,Assemblage,Birds
30,anthus_petrosus,1,Assemblage,Birds
30,linaria_flavirostris,1,Assemblage,Birds
30,tadorna_tadorna,1,Assemblage,Birds
30,circus_aeruginosus,1,Assemblage,Birds
30,tachybaptus_ruficollis,1,Assemblage,Birds
30,oxyura_jamaicensis,1,Assemblage,Birds
30,aythya_ferina,1,Assemblage,Birds
30,anthus_spinoletta,1,Assemblage,Birds
30,perdix_perdix,1,Assemblage,Birds
30,curruca_nisoria,1,Assemblage,Birds
30,pernis_apivorus,1,Assemblage,Birds
30,spatula_querquedula,1,Assemblage,Birds
30,passer_montanus,1,Assemblage,Birds
30,podiceps_nigricollis,1,Assemblage,Birds
30,ardea_alba,1,Assemblage,Birds
30,motacilla_flava,1,Assemblage,Birds
30,larus_michahellis,1,Assemblage,Birds
30,spinus_spinus,1,Assemblage,Birds
30,regulus_regulus,1,Assemblage,Birds
30,pinguinus_impennis,1,Assemblage,Birds
30,anser_albifrons,1,Assemblage,Birds
30,alca_torda,1,Assemblage,Birds
30,sylvia_atricapilla,1,Assemblage,Birds
30,vanellus_vanellus,1,Assemblage,Birds
30,turdus_pilaris,1,Assemblage,Birds
30,motacilla_cinerea,1,Assemblage,Birds
30,apus_apus,1,Assemblage,Birds
30,calcarius_lapponicus,1,Assemblage,Birds
30,charadrius_alexandrinus,1,Assemblage,Birds
30,scolopax_rusticola,1,Assemblage,Birds
30,mergus_merganser,1,Assemblage,Birds
30,aratinga_nenday,1,Assemblage,Birds
30,oenanthe_moesta,1,Assemblage,Birds
30,gulosus_aristotelis,1,Assemblage,Birds
30,asio_otus,1,Assemblage,Birds
30,anser_anser,1,Assemblage,Birds
30,ficedula_hypoleuca,1,Assemblage,Birds
30,pyrrhula_pyrrhula,1,Assemblage,Birds
30,ficedula_parva,1,Assemblage,Birds
30,gavia_immer,1,Assemblage,Birds
30,erithacus_rubecula,1,Assemblage,Birds
30,gallinago_gallinago,1,Assemblage,Birds
30,plegadis_falcinellus,1,Assemblage,Birds
30,sylvia_borin,1,Assemblage,Birds
30,acrocephalus_schoenobaenus,1,Assemblage,Birds
30,tringa_totanus,1,Assemblage,Birds
30,mareca_strepera,1,Assemblage,Birds
30,chlidonias_leucopterus,1,Assemblage,Birds
30,psittacara_acuticaudatus,1,Assemblage,Birds
30,serinus_canaria,1,Assemblage,Birds
30,alectoris_rufa,1,Assemblage,Birds
30,emberiza_cirlus,1,Assemblage,Birds
30,apus_unicolor,1,Assemblage,Birds
30,puffinus_lherminieri,1,Assemblage,Birds
30,gallinula_chloropus,1,Assemblage,Birds
30,turdus_philomelos,1,Assemblage,Birds
30,erithacus_rubecula,1,Assemblage,Birds
30,ficedula_parva,1,Assemblage,Birds
30,lamprotornis_pulcher,1,Assemblage,Birds
30,buteo_buteo,1,Assemblage,Birds
30,ciconia_ciconia,1,Assemblage,Birds
30,torgos_tracheliotos,1,Assemblage,Birds
30,glareola_pratincola,1,Assemblage,Birds
30,struthio_camelus,1,Assemblage,Birds
30,pterocles_exustus,1,Assemblage,Birds
30,lanius_phoenicuroides,1,Assemblage,Birds
30,accipiter_melanoleucus,1,Assemblage,Birds
30,gypaetus_barbatus,1,Assemblage,Birds
30,crex_crex,1,Assemblage,Birds
30,recurvirostra_avosetta,1,Assemblage,Birds
30,tachymarptis_melba,1,Assemblage,Birds
30,clamator_glandarius,1,Assemblage,Birds
30,glareola_pratincola,1,Assemblage,Birds
30,porzana_porzana,1,Assemblage,Birds
30,ciconia_nigra,1,Assemblage,Birds
30,aquila_nipalensis,1,Assemblage,Birds
30,falco_eleonorae,1,Assemblage,Birds
30,gyps_rueppelli,1,Assemblage,Birds
30,lanius_isabellinus,1,Assemblage,Birds
30,acrocephalus_palustris,1,Assemblage,Birds
30,lanius_isabellinus,1,Assemblage,Birds
30,upupa_epops,1,Assemblage,Birds
30,falco_cherrug,1,Assemblage,Birds
30,porzana_porzana,1,Assemblage,Birds
30,iduna_pallida,1,Assemblage,Birds
30,coturnix_coturnix,1,Assemblage,Birds
30,charadrius_atrifrons,1,Assemblage,Birds
30,numenius_arquata,1,Assemblage,Birds
30,jynx_torquilla,1,Assemblage,Birds
30,cursorius_cursor,1,Assemblage,Birds
30,oenanthe_hispanica,1,Assemblage,Birds
30,ardea_purpurea,1,Assemblage,Birds
30,larus_genei,1,Assemblage,Birds
30,hieraaetus_pennatus,1,Assemblage,Birds
30,lanius_senator,1,Assemblage,Birds
30,scotocerca_inquieta,1,Assemblage,Birds
30,emberiza_sahari,1,Assemblage,Birds
30,caprimulgus_ruficollis,1,Assemblage,Birds
30,curruca_melanocephala,1,Assemblage,Birds
30,pterocles_coronatus,1,Assemblage,Birds
30,curruca_cantillans,1,Assemblage,Birds
30,curruca_subalpina,1,Assemblage,Birds
30,aquila_fasciata,1,Assemblage,Birds
30,curruca_deserticola,1,Assemblage,Birds
30,oenanthe_leucura,1,Assemblage,Birds
30,oenanthe_lugens,1,Assemblage,Birds
30,alaudala_rufescens,1,Assemblage,Birds
30,chlamydotis_undulata,1,Assemblage,Birds
30,alaudala_rufescens,1,Assemblage,Birds
30,oenanthe_lugens,1,Assemblage,Birds
30,oenanthe_deserti,1,Assemblage,Birds
30,oenanthe_lugens,1,Assemblage,Birds
30,passer_hispaniolensis,1,Assemblage,Birds
30,passer_hispaniolensis,1,Assemblage,Birds
30,iduna_opaca,1,Assemblage,Birds
30,marmaronetta_angustirostris,1,Assemblage,Birds
30,melanocorypha_calandra,1,Assemblage,Birds
30,passer_montanus,1,Assemblage,Birds
30,chlamydotis_undulata,1,Assemblage,Birds
30,neotis_nuba,1,Assemblage,Birds
30,numenius_tenuirostris,1,Assemblage,Birds
30,apus_pallidus,1,Assemblage,Birds
30,locustella_luscinioides,1,Assemblage,Birds
30,acrocephalus_scirpaceus,1,Assemblage,Birds
30,milvus_migrans,1,Assemblage,Birds
30,falco_tinnunculus,1,Assemblage,Birds
30,circus_macrourus,1,Assemblage,Birds
30,recurvirostra_avosetta,1,Assemblage,Birds
30,mareca_strepera,1,Assemblage,Birds
30,falco_cherrug,1,Assemblage,Birds
30,athene_noctua,1,Assemblage,Birds
30,curruca_curruca,1,Assemblage,Birds
30,coracias_garrulus,1,Assemblage,Birds
30,platalea_leucorodia,1,Assemblage,Birds
30,apus_pallidus,1,Assemblage,Birds
30,scolopax_rusticola,1,Assemblage,Birds
30,saxicola_torquatus,1,Assemblage,Birds
30,curruca_curruca,1,Assemblage,Birds
30,zapornia_pusilla,1,Assemblage,Birds
30,falco_subbuteo,1,Assemblage,Birds
30,aegypius_monachus,1,Assemblage,Birds
30,circus_pygargus,1,Assemblage,Birds
30,upupa_epops,1,Assemblage,Birds
30,circus_cyaneus,1,Assemblage,Birds
30,alauda_arvensis,1,Assemblage,Birds
30,aythya_nyroca,1,Assemblage,Birds
30,caprimulgus_aegyptius,1,Assemblage,Birds
30,caprimulgus_aegyptius,1,Assemblage,Birds
30,calidris_temminckii,1,Assemblage,Birds
30,circaetus_gallicus,1,Assemblage,Birds
30,bubo_ascalaphus,1,Assemblage,Birds
30,otus_scops,1,Assemblage,Birds
30,iduna_pallida,1,Assemblage,Birds
30,falco_concolor,1,Assemblage,Birds
30,anthus_pratensis,1,Assemblage,Birds
30,aquila_adalberti,1,Assemblage,Birds
30,emberiza_calandra,1,Assemblage,Birds
30,falco_biarmicus,1,Assemblage,Birds
30,vanellus_leucurus,1,Assemblage,Birds
30,pelecanus_onocrotalus,1,Assemblage,Birds
30,clanga_pomarina,1,Assemblage,Birds
30,cercotrichas_galactotes,1,Assemblage,Birds
30,gymnoris_xanthocollis,1,Assemblage,Birds
30,clamator_glandarius,1,Assemblage,Birds
30,sturnus_vulgaris,1,Assemblage,Birds
30,aythya_nyroca,1,Assemblage,Birds
30,acrocephalus_melanopogon,1,Assemblage,Birds
30,oxyura_leucocephala,1,Assemblage,Birds
30,vanellus_gregarius,1,Assemblage,Birds
30,vanellus_leucurus,1,Assemblage,Birds
30,remiz_pendulinus,1,Assemblage,Birds
30,curruca_crassirostris,1,Assemblage,Birds
30,curruca_hortensis,1,Assemblage,Birds
30,dendrocopos_syriacus,1,Assemblage,Birds
30,falco_eleonorae,1,Assemblage,Birds
30,lullula_arborea,1,Assemblage,Birds
30,phoenicurus_ochruros,1,Assemblage,Birds
30,lanius_senator,1,Assemblage,Birds
30,curruca_undata,1,Assemblage,Birds
30,marmaronetta_angustirostris,1,Assemblage,Birds
30,otis_tarda,1,Assemblage,Birds
30,limosa_limosa,1,Assemblage,Birds
30,emberiza_citrinella,1,Assemblage,Birds
30,regulus_ignicapilla,1,Assemblage,Birds
30,regulus_ignicapilla,1,Assemblage,Birds
30,tadorna_tadorna,1,Assemblage,Birds
30,emberiza_schoeniclus,1,Assemblage,Birds
30,emberiza_schoeniclus,1,Assemblage,Birds
30,threskiornis_aethiopicus,1,Assemblage,Birds
30,regulus_regulus,1,Assemblage,Birds
30,motacilla_citreola,1,Assemblage,Birds
30,tadorna_ferruginea,1,Assemblage,Birds
30,nycticorax_nycticorax,1,Assemblage,Birds
30,upupa_epops,1,Assemblage,Birds
30,cygnus_olor,1,Assemblage,Birds
30,aegypius_monachus,1,Assemblage,Birds
30,ciconia_ciconia,1,Assemblage,Birds
30,oenanthe_deserti,1,Assemblage,Birds
30,egretta_garzetta,1,Assemblage,Birds
30,turdus_iliacus,1,Assemblage,Birds
30,turdus_viscivorus,1,Assemblage,Birds
30,strix_aluco,1,Assemblage,Birds
30,netta_rufina,1,Assemblage,Birds
30,alauda_arvensis,1,Assemblage,Birds
30,ciconia_nigra,1,Assemblage,Birds
30,podiceps_cristatus,1,Assemblage,Birds
30,vanellus_vanellus,1,Assemblage,Birds
30,lanius_minor,1,Assemblage,Birds
30,panurus_biarmicus,1,Assemblage,Birds
30,platalea_leucorodia,1,Assemblage,Birds
30,prunella_modularis,1,Assemblage,Birds
30,zapornia_parva,1,Assemblage,Birds
30,corvus_corax,1,Assemblage,Birds
30,cygnus_olor,1,Assemblage,Birds
30,corvus_frugilegus,1,Assemblage,Birds
30,acrocephalus_arundinaceus,1,Assemblage,Birds
30,larus_ridibundus,1,Assemblage,Birds
30,porzana_porzana,1,Assemblage,Birds
30,merops_apiaster,1,Assemblage,Birds
30,circaetus_gallicus,1,Assemblage,Birds
30,larus_fuscus,1,Assemblage,Birds
30,caprimulgus_aegyptius,1,Assemblage,Birds
30,lanius_excubitor,1,Assemblage,Birds
30,coracias_garrulus,1,Assemblage,Birds
30,otus_scops,1,Assemblage,Birds
30,merops_persicus,1,Assemblage,Birds
30,ixobrychus_minutus,1,Assemblage,Birds
30,lullula_arborea,1,Assemblage,Birds
30,acrocephalus_scirpaceus,1,Assemblage,Birds
30,lanius_nubicus,1,Assemblage,Birds
30,neophron_percnopterus,1,Assemblage,Birds
30,clanga_clanga,1,Assemblage,Birds
30,ciconia_nigra,1,Assemblage,Birds
30,lanius_nubicus,1,Assemblage,Birds
30,larus_genei,1,Assemblage,Birds
30,gallinago_media,1,Assemblage,Birds
30,lullula_arborea,1,Assemblage,Birds
30,phoenicurus_ochruros,1,Assemblage,Birds
30,clanga_clanga,1,Assemblage,Birds
30,aythya_nyroca,1,Assemblage,Birds
30,fringilla_coelebs,1,Assemblage,Birds
30,haematopus_ostralegus,1,Assemblage,Birds
30,aythya_ferina,1,Assemblage,Birds
30,buteo_rufinus,1,Assemblage,Birds
30,tichodroma_muraria,1,Assemblage,Birds
30,tichodroma_muraria,1,Assemblage,Birds
30,rallus_aquaticus,1,Assemblage,Birds
30,pyrrhocorax_graculus,1,Assemblage,Birds
30,panurus_biarmicus,1,Assemblage,Birds
30,anser_anser,1,Assemblage,Birds
30,tadorna_ferruginea,1,Assemblage,Birds
30,tachybaptus_ruficollis,1,Assemblage,Birds
30,netta_rufina,1,Assemblage,Birds
30,grus_grus,1,Assemblage,Birds
30,hippolais_olivetorum,1,Assemblage,Birds
30,oenanthe_isabellina,1,Assemblage,Birds
30,pterocles_lichtensteinii,1,Assemblage,Birds
30,galerida_theklae,1,Assemblage,Birds
30,calandrella_brachydactyla,1,Assemblage,Birds
30,burhinus_oedicnemus,1,Assemblage,Birds
30,ptyonoprogne_obsoleta,1,Assemblage,Birds
30,ptyonoprogne_rupestris,1,Assemblage,Birds
30,locustella_naevia,1,Assemblage,Birds
30,ammomanes_deserti,1,Assemblage,Birds
30,pterocles_senegallus,1,Assemblage,Birds
30,ardeola_ralloides,1,Assemblage,Birds
30,gyps_fulvus,1,Assemblage,Birds
30,calandrella_brachydactyla,1,Assemblage,Birds
30,ciconia_ciconia,1,Assemblage,Birds
30,linaria_cannabina,1,Assemblage,Birds
30,acrocephalus_paludicola,1,Assemblage,Birds
30,marmaronetta_angustirostris,1,Assemblage,Birds
30,marmaronetta_angustirostris,1,Assemblage,Birds
30,iduna_opaca,1,Assemblage,Birds
30,acrocephalus_schoenobaenus,1,Assemblage,Birds
30,netta_rufina,1,Assemblage,Birds
30,tadorna_ferruginea,1,Assemblage,Birds
30,zapornia_parva,1,Assemblage,Birds
30,oenanthe_deserti,1,Assemblage,Birds
30,oenanthe_leucopyga,1,Assemblage,Birds
30,caprimulgus_europaeus,1,Assemblage,Birds
30,actitis_hypoleucos,1,Assemblage,Birds
30,acrocephalus_arundinaceus,1,Assemblage,Birds
30,larus_melanocephalus,1,Assemblage,Birds
30,pernis_apivorus,1,Assemblage,Birds
30,larus_cachinnans,1,Assemblage,Birds
30,curruca_deserticola,1,Assemblage,Birds
30,caprimulgus_ruficollis,1,Assemblage,Birds
30,microcarbo_pygmaeus,1,Assemblage,Birds
30,curruca_undata,1,Assemblage,Birds
30,microcarbo_pygmaeus,1,Assemblage,Birds
30,prunella_modularis,1,Assemblage,Birds
30,microcarbo_pygmaeus,1,Assemblage,Birds
30,curruca_conspicillata,1,Assemblage,Birds
30,sitta_neumayer,1,Assemblage,Birds
30,otis_tarda,1,Assemblage,Birds
30,puffinus_yelkouan,1,Assemblage,Birds
30,alectoris_rufa,1,Assemblage,Birds
30,picus_sharpei,1,Assemblage,Birds
30,alectoris_graeca,1,Assemblage,Birds
30,sitta_whiteheadi,1,Assemblage,Birds
30,curruca_subalpina,1,Assemblage,Birds
30,picus_vaillantii,1,Assemblage,Birds
30,zapornia_parva,1,Assemblage,Birds
30,jynx_torquilla,1,Assemblage,Birds
30,apus_unicolor,1,Assemblage,Birds
30,carduelis_citrinella,1,Assemblage,Birds
30,carduelis_citrinella,1,Assemblage,Birds
30,hippolais_olivetorum,1,Assemblage,Birds
30,tringa_ochropus,1,Assemblage,Birds
30,ficedula_albicollis,1,Assemblage,Birds
30,turdus_pilaris,1,Assemblage,Birds
30,crex_crex,1,Assemblage,Birds
30,acrocephalus_paludicola,1,Assemblage,Birds
30,larus_argentatus,1,Assemblage,Birds
30,apus_affinis,1,Assemblage,Birds
30,pica_mauritanica,1,Assemblage,Birds
30,turdus_torquatus,1,Assemblage,Birds
30,curruca_cantillans,1,Assemblage,Birds
30,oenanthe_hispanica,1,Assemblage,Birds
30,cursorius_cursor,1,Assemblage,Birds
30,apus_unicolor,1,Assemblage,Birds
30,haematopus_meadewaldoi,1,Assemblage,Birds
30,saxicola_dacotiae,1,Assemblage,Birds
30,pterocles_alchata,1,Assemblage,Birds
30,phoenicurus_moussieri,1,Assemblage,Birds
30,calidris_minuta,1,Assemblage,Birds
30,eudromias_morinellus,1,Assemblage,Birds
30,phoenicurus_moussieri,1,Assemblage,Birds
30,turdus_viscivorus,1,Assemblage,Birds
30,circus_aeruginosus,1,Assemblage,Birds
30,podiceps_cristatus,1,Assemblage,Birds
30,larus_michahellis,1,Assemblage,Birds
30,phoenicurus_ochruros,1,Assemblage,Birds
30,corvus_frugilegus,1,Assemblage,Birds
30,cygnus_columbianus,1,Assemblage,Birds
30,anser_erythropus,1,Assemblage,Birds
30,mergellus_albellus,1,Assemblage,Birds
30,bombycilla_garrulus,1,Assemblage,Birds
30,sylvia_atricapilla,1,Assemblage,Birds
30,emberiza_hortulana,1,Assemblage,Birds
30,hippolais_icterina,1,Assemblage,Birds
30,cinclus_cinclus,1,Assemblage,Birds
30,hippolais_icterina,1,Assemblage,Birds
30,alopochen_aegyptiaca,1,Assemblage,Birds
30,coturnix_delegorguei,1,Assemblage,Birds
30,neophron_percnopterus,1,Assemblage,Birds
30,locustella_fluviatilis,1,Assemblage,Birds
30,ficedula_albicollis,1,Assemblage,Birds
30,curruca_mystacea,1,Assemblage,Birds
30,chlamydotis_macqueenii,1,Assemblage,Birds
30,curruca_mystacea,1,Assemblage,Birds
30,chlamydotis_macqueenii,1,Assemblage,Birds
30,alaudala_rufescens,1,Assemblage,Birds
30,onychognathus_tristramii,1,Assemblage,Birds
30,oenanthe_xanthoprymna,1,Assemblage,Birds
30,vanellus_gregarius,1,Assemblage,Birds
30,strix_hadorami,1,Assemblage,Birds
30,argya_squamiceps,1,Assemblage,Birds
30,prunella_ocularis,1,Assemblage,Birds
30,oenanthe_xanthoprymna,1,Assemblage,Birds
30,sterna_repressa,1,Assemblage,Birds
30,cursorius_cursor,1,Assemblage,Birds
30,carpospiza_brachydactyla,1,Assemblage,Birds
30,sterna_repressa,1,Assemblage,Birds
30,sterna_repressa,1,Assemblage,Birds
30,merops_cyanophrys,1,Assemblage,Birds
30,eremalauda_eremodites,1,Assemblage,Birds
30,dromas_ardeola,1,Assemblage,Birds
30,oenanthe_lugentoides,1,Assemblage,Birds
30,cinnyris_hellmayri,1,Assemblage,Birds
30,dendropicos_dorae,1,Assemblage,Birds
30,oenanthe_chrysopygia,1,Assemblage,Birds
30,bubo_milesi,1,Assemblage,Birds
30,hypocolius_ampelinus,1,Assemblage,Birds
30,alectoris_melanocephala,1,Assemblage,Birds
30,oenanthe_chrysopygia,1,Assemblage,Birds
30,treron_waalia,1,Assemblage,Birds
30,oenanthe_bottae,1,Assemblage,Birds
30,linaria_yemenensis,1,Assemblage,Birds
30,crithagra_menachensis,1,Assemblage,Birds
30,pycnonotus_leucotis,1,Assemblage,Birds
30,rhynchostruthus_percivali,1,Assemblage,Birds
30,melanocorypha_bimaculata,1,Assemblage,Birds
30,curruca_nana,1,Assemblage,Birds
30,emberiza_cirlus,1,Assemblage,Birds
30,phoenicurus_erythronotus,1,Assemblage,Birds
30,anthus_similis,1,Assemblage,Birds
30,phylloscopus_sindianus,1,Assemblage,Birds
30,iduna_rama,1,Assemblage,Birds
30,turdus_atrogularis,1,Assemblage,Birds
30,oenanthe_picata,1,Assemblage,Birds
30,dendrocopos_assimilis,1,Assemblage,Birds
30,oenanthe_picata,1,Assemblage,Birds
30,curruca_curruca,1,Assemblage,Birds
30,glareola_lactea,1,Assemblage,Birds
30,caprimulgus_mahrattensis,1,Assemblage,Birds
30,saxicola_caprata,1,Assemblage,Birds
30,iduna_rama,1,Assemblage,Birds
30,phylloscopus_sindianus,1,Assemblage,Birds
30,oenanthe_finschii,1,Assemblage,Birds
30,hypocolius_ampelinus,1,Assemblage,Birds
30,prunella_ocularis,1,Assemblage,Birds
30,curruca_crassirostris,1,Assemblage,Birds
30,serinus_syriacus,1,Assemblage,Birds
30,serinus_serinus,1,Assemblage,Birds
30,otus_cyprius,1,Assemblage,Birds
30,oenanthe_cypriaca,1,Assemblage,Birds
30,ptyonoprogne_obsoleta,1,Assemblage,Birds
30,curruca_melanothorax,1,Assemblage,Birds
30,argya_altirostris,1,Assemblage,Birds
30,acrocephalus_stentoreus,1,Assemblage,Birds
30,acrocephalus_griseldis,1,Assemblage,Birds
30,serinus_syriacus,1,Assemblage,Birds
30,microcarbo_pygmaeus,1,Assemblage,Birds
30,falco_chicquera,1,Assemblage,Birds
30,passer_moabiticus,1,Assemblage,Birds
30,passer_moabiticus,1,Assemblage,Birds
30,phylloscopus_neglectus,1,Assemblage,Birds
30,passer_moabiticus,1,Assemblage,Birds
30,passer_moabiticus,1,Assemblage,Birds
30,cuculus_canorus,1,Assemblage,Birds
30,buteo_rufinus,1,Assemblage,Birds
30,pelecanus_crispus,1,Assemblage,Birds
30,ficedula_semitorquata,1,Assemblage,Birds
30,aegypius_monachus,1,Assemblage,Birds
30,serinus_serinus,1,Assemblage,Birds
30,branta_ruficollis,1,Assemblage,Birds
30,pastor_roseus,1,Assemblage,Birds
30,curruca_melanocephala,1,Assemblage,Birds
30,alectoris_chukar,1,Assemblage,Birds
30,cyanistes_caeruleus,1,Assemblage,Birds
30,melanocorypha_calandra,1,Assemblage,Birds
30,oenanthe_isabellina,1,Assemblage,Birds
30,vanellus_spinosus,1,Assemblage,Birds
30,aquila_heliaca,1,Assemblage,Birds
30,sitta_krueperi,1,Assemblage,Birds
30,petronia_petronia,1,Assemblage,Birds
30,irania_gutturalis,1,Assemblage,Birds
30,serinus_pusillus,1,Assemblage,Birds
30,monticola_solitarius,1,Assemblage,Birds
30,serinus_pusillus,1,Assemblage,Birds
30,lanius_phoenicuroides,1,Assemblage,Birds
30,otus_pamelae,1,Assemblage,Birds
30,estrilda_rufibarba,1,Assemblage,Birds
30,phalacrocorax_nigrogularis,1,Assemblage,Birds
30,oenanthe_albonigra,1,Assemblage,Birds
30,alaudala_heinei,1,Assemblage,Birds
30,phylloscopus_neglectus,1,Assemblage,Birds
30,sternula_saundersi,1,Assemblage,Birds
30,phylloscopus_neglectus,1,Assemblage,Birds
30,coracias_benghalensis,1,Assemblage,Birds
30,eremophila_alpestris,1,Assemblage,Birds
30,rhodopechys_sanguineus,1,Assemblage,Birds
30,ploceus_manyar,1,Assemblage,Birds
30,curruca_melanothorax,1,Assemblage,Birds
30,rhodospiza_obsoleta,1,Assemblage,Birds
30,ammoperdix_griseogularis,1,Assemblage,Birds
30,otus_brucei,1,Assemblage,Birds
30,emberiza_buchanani,1,Assemblage,Birds
30,calidris_alba,1,Assemblage,Birds
30,calidris_canutus,1,Assemblage,Birds
30,arenaria_interpres,1,Assemblage,Birds
30,pluvialis_squatarola,1,Assemblage,Birds
30,calidris_alba,1,Assemblage,Birds
30,falco_peregrinus,1,Assemblage,Birds
30,calidris_canutus,1,Assemblage,Birds
30,bubulcus_ibis,1,Assemblage,Birds
30,limosa_lapponica,1,Assemblage,Birds
30,falco_peregrinus,1,Assemblage,Birds
30,ardea_alba,1,Assemblage,Birds
30,himantopus_himantopus,1,Assemblage,Birds
30,muscicapa_striata,1,Assemblage,Birds
30,calidris_falcinellus,1,Assemblage,Birds
30,ardea_alba,1,Assemblage,Birds
30,tyto_alba,1,Assemblage,Birds
30,cuculus_canorus,1,Assemblage,Birds
30,alauda_arvensis,1,Assemblage,Birds
30,acridotheres_tristis,1,Assemblage,Birds
30,porphyrio_porphyrio,1,Assemblage,Birds
30,phalacrocorax_carbo,1,Assemblage,Birds
30,pluvialis_squatarola,1,Assemblage,Birds
30,pandion_haliaetus,1,Assemblage,Birds
30,alexandrinus_krameri,1,Assemblage,Birds
30,ardea_alba,1,Assemblage,Birds
30,calidris_alpina,1,Assemblage,Birds
30,falco_peregrinus,1,Assemblage,Birds
30,larus_canus,1,Assemblage,Birds
30,cinclus_pallasii,1,Assemblage,Birds
30,mergus_serrator,1,Assemblage,Birds
30,loxia_curvirostra,1,Assemblage,Birds
30,chlidonias_niger,1,Assemblage,Birds
30,falco_columbarius,1,Assemblage,Birds
30,larus_fuscus,1,Assemblage,Birds
30,phalacrocorax_carbo,1,Assemblage,Birds
30,larus_ridibundus,1,Assemblage,Birds
30,motacilla_flava,1,Assemblage,Birds
30,passer_domesticus,1,Assemblage,Birds
30,pica_pica,1,Assemblage,Birds
30,hirundo_rustica,1,Assemblage,Birds
30,parus_major,1,Assemblage,Birds
30,passer_montanus,1,Assemblage,Birds
30,gelochelidon_nilotica,1,Assemblage,Birds
30,thalasseus_sandvicensis,1,Assemblage,Birds
30,ardea_cinerea,1,Assemblage,Birds
30,himantopus_himantopus,1,Assemblage,Birds
30,himantopus_himantopus,1,Assemblage,Birds
30,anas_platyrhynchos,1,Assemblage,Birds
30,nycticorax_nycticorax,1,Assemblage,Birds
30,alectoris_graeca,1,Assemblage,Birds
30,calidris_alpina,1,Assemblage,Birds
30,branta_canadensis,1,Assemblage,Birds
30,phalacrocorax_carbo,1,Assemblage,Birds
30,columba_livia,1,Assemblage,Birds
30,calidris_tenuirostris,1,Assemblage,Birds
30,calidris_ferruginea,1,Assemblage,Birds
30,phasianus_colchicus,1,Assemblage,Birds
30,thalasseus_sandvicensis,1,Assemblage,Birds
30,limosa_limosa,1,Assemblage,Birds
30,aquila_chrysaetos,1,Assemblage,Birds
30,luscinia_svecica,1,Assemblage,Birds
30,calonectris_diomedea,1,Assemblage,Birds
30,falco_tinnunculus,1,Assemblage,Birds
30,spilopelia_senegalensis,1,Assemblage,Birds
30,calidris_minuta,1,Assemblage,Birds
30,tringa_ochropus,1,Assemblage,Birds
30,rallus_aquaticus,1,Assemblage,Birds
30,fringilla_coelebs,1,Assemblage,Birds
30,spatula_clypeata,1,Assemblage,Birds
30,aegithalos_caudatus,1,Assemblage,Birds
30,hydrocoloeus_minutus,1,Assemblage,Birds
30,zapornia_pusilla,1,Assemblage,Birds
30,fulica_atra,1,Assemblage,Birds
30,mareca_strepera,1,Assemblage,Birds
30,turdus_merula,1,Assemblage,Birds
30,petronia_petronia,1,Assemblage,Birds
30,picus_canus,1,Assemblage,Birds
30,anser_fabalis,1,Assemblage,Birds
30,buteo_buteo,1,Assemblage,Birds
30,phylloscopus_collybita,1,Assemblage,Birds
30,gallinago_gallinago,1,Assemblage,Birds
30,emberiza_calandra,1,Assemblage,Birds
30,anas_crecca,1,Assemblage,Birds
30,pyrrhocorax_pyrrhocorax,1,Assemblage,Birds
30,spatula_clypeata,1,Assemblage,Birds
30,larus_genei,1,Assemblage,Birds
30,accipiter_nisus,1,Assemblage,Birds
30,falco_naumanni,1,Assemblage,Birds
30,sylvia_borin,1,Assemblage,Birds
30,asio_flammeus,1,Assemblage,Birds
30,botaurus_stellaris,1,Assemblage,Birds
30,aythya_fuligula,1,Assemblage,Birds
30,gyps_fulvus,1,Assemblage,Birds
30,anthus_campestris,1,Assemblage,Birds
30,tringa_erythropus,1,Assemblage,Birds
30,charadrius_alexandrinus,1,Assemblage,Birds
30,buteo_rufinus,1,Assemblage,Birds
30,apus_pallidus,1,Assemblage,Birds
30,mareca_penelope,1,Assemblage,Birds
30,streptopelia_turtur,1,Assemblage,Birds
30,phoenicurus_phoenicurus,1,Assemblage,Birds
30,falco_vespertinus,1,Assemblage,Birds
30,lanius_excubitor,1,Assemblage,Birds
30,phylloscopus_trochilus,1,Assemblage,Birds
30,cisticola_juncidis,1,Assemblage,Birds
30,saxicola_torquatus,1,Assemblage,Birds
30,podiceps_cristatus,1,Assemblage,Birds
30,dendrocopos_major,1,Assemblage,Birds
30,anthus_trivialis,1,Assemblage,Birds
30,egretta_garzetta,1,Assemblage,Birds
30,columba_livia,1,Assemblage,Birds
30,gallinula_chloropus,1,Assemblage,Birds
30,limosa_limosa,1,Assemblage,Birds
30,lymnocryptes_minimus,1,Assemblage,Birds
30,tachybaptus_ruficollis,1,Assemblage,Birds
30,numenius_arquata,1,Assemblage,Birds
30,tringa_totanus,1,Assemblage,Birds
30,sternula_albifrons,1,Assemblage,Birds
30,aythya_nyroca,1,Assemblage,Birds
30,anas_acuta,1,Assemblage,Birds
30,galerida_cristata,1,Assemblage,Birds
30,aythya_ferina,1,Assemblage,Birds
30,neophron_percnopterus,1,Assemblage,Birds
30,motacilla_cinerea,1,Assemblage,Birds
30,alcedo_atthis,1,Assemblage,Birds
30,alcedo_atthis,1,Assemblage,Birds
30,fulica_atra,1,Assemblage,Birds
30,streptopelia_decaocto,1,Assemblage,Birds
30,phylloscopus_collybita,1,Assemblage,Birds
30,ardea_cinerea,1,Assemblage,Birds
30,fulica_atra,1,Assemblage,Birds
30,podiceps_cristatus,1,Assemblage,Birds
30,tringa_totanus,1,Assemblage,Birds
30,saxicola_torquatus,1,Assemblage,Birds
30,tringa_ochropus,1,Assemblage,Birds
30,tetrastes_bonasia,1,Assemblage,Birds
30,turdus_merula,1,Assemblage,Birds
30,egretta_garzetta,1,Assemblage,Birds
30,tringa_nebularia,1,Assemblage,Birds
30,aquila_heliaca,1,Assemblage,Birds
30,larus_ichthyaetus,1,Assemblage,Birds
30,charadrius_asiaticus,1,Assemblage,Birds
30,emberiza_leucocephalos,1,Assemblage,Birds
30,cuculus_optatus,1,Assemblage,Birds
30,otis_tarda,1,Assemblage,Birds
30,otis_tarda,1,Assemblage,Birds
30,phasianus_colchicus,1,Assemblage,Birds
30,acridotheres_tristis,1,Assemblage,Birds
30,charadrius_atrifrons,1,Assemblage,Birds
30,aquila_heliaca,1,Assemblage,Birds
30,phylloscopus_nitidus,1,Assemblage,Birds
30,lanius_excubitor,1,Assemblage,Birds
30,accipiter_brevipes,1,Assemblage,Birds
30,aquila_nipalensis,1,Assemblage,Birds
30,anthropoides_virgo,1,Assemblage,Birds
30,haliaeetus_leucoryphus,1,Assemblage,Birds
30,pelecanus_onocrotalus,1,Assemblage,Birds
30,phylloscopus_trochiloides,1,Assemblage,Birds
30,pelecanus_crispus,1,Assemblage,Birds
30,alaudala_heinei,1,Assemblage,Birds
30,streptopelia_orientalis,1,Assemblage,Birds
30,oxyura_leucocephala,1,Assemblage,Birds
30,anas_platyrhynchos,1,Assemblage,Birds
30,sternula_albifrons,1,Assemblage,Birds
30,gavia_stellata,1,Assemblage,Birds
30,motacilla_alba,1,Assemblage,Birds
30,corvus_corax,1,Assemblage,Birds
30,riparia_riparia,1,Assemblage,Birds
30,podiceps_grisegena,1,Assemblage,Birds
30,eremophila_alpestris,1,Assemblage,Birds
30,saxicola_torquatus,1,Assemblage,Birds
30,haematopus_ostralegus,1,Assemblage,Birds
30,dendrocopos_leucotos,1,Assemblage,Birds
30,milvus_migrans,1,Assemblage,Birds
30,acanthis_flammea,1,Assemblage,Birds
30,spatula_clypeata,1,Assemblage,Birds
30,dryobates_minor,1,Assemblage,Birds
30,dryocopus_martius,1,Assemblage,Birds
30,aegolius_funereus,1,Assemblage,Birds
30,larus_canus,1,Assemblage,Birds
30,sterna_hirundo,1,Assemblage,Birds
30,haliaeetus_albicilla,1,Assemblage,Birds
30,motacilla_alba,1,Assemblage,Birds
30,poecile_montanus,1,Assemblage,Birds
30,haliaeetus_albicilla,1,Assemblage,Birds
30,turdus_iliacus,1,Assemblage,Birds
30,strix_uralensis,1,Assemblage,Birds
30,cecropis_daurica,1,Assemblage,Birds
30,buteo_lagopus,1,Assemblage,Birds
30,falco_subbuteo,1,Assemblage,Birds
30,accipiter_gentilis,1,Assemblage,Birds
30,bucephala_clangula,1,Assemblage,Birds
30,carpodacus_erythrinus,1,Assemblage,Birds
30,periparus_ater,1,Assemblage,Birds
30,sitta_europaea,1,Assemblage,Birds
30,anser_erythropus,1,Assemblage,Birds
30,actitis_hypoleucos,1,Assemblage,Birds
30,motacilla_cinerea,1,Assemblage,Birds
30,thalasseus_sandvicensis,1,Assemblage,Birds
30,anthus_pratensis,1,Assemblage,Birds
30,sturnus_vulgaris,1,Assemblage,Birds
30,larus_michahellis,1,Assemblage,Birds
30,gulosus_aristotelis,1,Assemblage,Birds
30,falco_tinnunculus,1,Assemblage,Birds
30,circus_cyaneus,1,Assemblage,Birds
30,haliaeetus_albicilla,1,Assemblage,Birds
30,fringilla_coelebs,1,Assemblage,Birds
30,sturnus_vulgaris,1,Assemblage,Birds
30,phylloscopus_collybita,1,Assemblage,Birds
30,hydrocoloeus_minutus,1,Assemblage,Birds
30,podiceps_nigricollis,1,Assemblage,Birds
30,larus_ridibundus,1,Assemblage,Birds
30,turdus_merula,1,Assemblage,Birds
30,tetrao_urogallus,1,Assemblage,Birds
30,saxicola_rubetra,1,Assemblage,Birds
30,spinus_spinus,1,Assemblage,Birds
30,certhia_familiaris,1,Assemblage,Birds
30,aythya_fuligula,1,Assemblage,Birds
30,pyrrhula_pyrrhula,1,Assemblage,Birds
30,chlidonias_niger,1,Assemblage,Birds
30,larus_canus,1,Assemblage,Birds
30,tetrax_tetrax,1,Assemblage,Birds
30,anas_acuta,1,Assemblage,Birds
30,anas_crecca,1,Assemblage,Birds
30,anas_crecca,1,Assemblage,Birds
30,somateria_mollissima,1,Assemblage,Birds
30,tadorna_tadorna,1,Assemblage,Birds
30,chloris_chloris,1,Assemblage,Birds
30,linaria_cannabina,1,Assemblage,Birds
30,larus_melanocephalus,1,Assemblage,Birds
30,anthus_pratensis,1,Assemblage,Birds
30,chloris_chloris,1,Assemblage,Birds
30,pterocles_orientalis,1,Assemblage,Birds
30,calandrella_brachydactyla,1,Assemblage,Birds
30,pluvialis_apricaria,1,Assemblage,Birds
30,ptyonoprogne_rupestris,1,Assemblage,Birds
30,emberiza_cia,1,Assemblage,Birds
30,carduelis_carduelis,1,Assemblage,Birds
30,serinus_serinus,1,Assemblage,Birds
30,podiceps_auritus,1,Assemblage,Birds
30,tetrax_tetrax,1,Assemblage,Birds
30,columba_palumbus,1,Assemblage,Birds
30,poecile_lugubris,1,Assemblage,Birds
30,phylloscopus_orientalis,1,Assemblage,Birds
30,acrocephalus_agricola,1,Assemblage,Birds
30,riparia_diluta,1,Assemblage,Birds
30,gallinago_gallinago,1,Assemblage,Birds
30,picoides_tridactylus,1,Assemblage,Birds
30,podiceps_grisegena,1,Assemblage,Birds
30,mergus_serrator,1,Assemblage,Birds
30,phylloscopus_trochilus,1,Assemblage,Birds
30,bucephala_clangula,1,Assemblage,Birds
30,somateria_mollissima,1,Assemblage,Birds
30,limosa_limosa,1,Assemblage,Birds
30,delichon_urbicum,1,Assemblage,Birds
30,cinclus_cinclus,1,Assemblage,Birds
30,muscicapa_striata,1,Assemblage,Birds
30,turdus_torquatus,1,Assemblage,Birds
30,circus_cyaneus,1,Assemblage,Birds
30,phylloscopus_sibilatrix,1,Assemblage,Birds
30,luscinia_megarhynchos,1,Assemblage,Birds
30,phoenicurus_phoenicurus,1,Assemblage,Birds
30,ardea_purpurea,1,Assemblage,Birds
30,melanitta_fusca,1,Assemblage,Birds
30,prunella_collaris,1,Assemblage,Birds
30,oriolus_oriolus,1,Assemblage,Birds
30,circus_aeruginosus,1,Assemblage,Birds
30,chlidonias_hybrida,1,Assemblage,Birds
30,tetrax_tetrax,1,Assemblage,Birds
30,leiopicus_medius,1,Assemblage,Birds
30,curruca_curruca,1,Assemblage,Birds
30,turdus_philomelos,1,Assemblage,Birds
30,puffinus_yelkouan,1,Assemblage,Birds
30,turdus_torquatus,1,Assemblage,Birds
30,recurvirostra_avosetta,1,Assemblage,Birds
30,aythya_marila,1,Assemblage,Birds
30,bubo_bubo,1,Assemblage,Birds
30,corvus_corone,1,Assemblage,Birds
30,pandion_haliaetus,1,Assemblage,Birds
30,accipiter_nisus,1,Assemblage,Birds
30,anthus_trivialis,1,Assemblage,Birds
30,garrulus_glandarius,1,Assemblage,Birds
30,jynx_torquilla,1,Assemblage,Birds
30,hydroprogne_caspia,1,Assemblage,Birds
30,columba_palumbus,1,Assemblage,Birds
30,troglodytes_troglodytes,1,Assemblage,Birds
30,falco_peregrinus,1,Assemblage,Birds
30,oenanthe_oenanthe,1,Assemblage,Birds
30,anas_platyrhynchos,1,Assemblage,Birds
30,cygnus_cygnus,1,Assemblage,Birds
30,luscinia_svecica,1,Assemblage,Birds
30,mergus_merganser,1,Assemblage,Birds
30,asio_flammeus,1,Assemblage,Birds
30,fringilla_montifringilla,1,Assemblage,Birds
30,troglodytes_troglodytes,1,Assemblage,Birds
30,anthus_spinoletta,1,Assemblage,Birds
30,charadrius_dubius,1,Assemblage,Birds
30,ficedula_parva,1,Assemblage,Birds
30,ptyonoprogne_rupestris,1,Assemblage,Birds
30,gavia_arctica,1,Assemblage,Birds
30,prunella_collaris,1,Assemblage,Birds
30,coccothraustes_coccothraustes,1,Assemblage,Birds
30,anthus_spinoletta,1,Assemblage,Birds
30,caprimulgus_europaeus,1,Assemblage,Birds
30,cettia_cetti,1,Assemblage,Birds
30,streptopelia_orientalis,1,Assemblage,Birds
30,falco_naumanni,1,Assemblage,Birds
30,linaria_flavirostris,1,Assemblage,Birds
30,monticola_saxatilis,1,Assemblage,Birds
30,hieraaetus_pennatus,1,Assemblage,Birds
30,cyanistes_caeruleus,1,Assemblage,Birds
30,botaurus_stellaris,1,Assemblage,Birds
30,anthus_campestris,1,Assemblage,Birds
30,lullula_arborea,1,Assemblage,Birds
30,corvus_monedula,1,Assemblage,Birds
30,coccothraustes_coccothraustes,1,Assemblage,Birds
30,emberiza_schoeniclus,1,Assemblage,Birds
30,circus_pygargus,1,Assemblage,Birds
30,certhia_brachydactyla,1,Assemblage,Birds
30,columba_oenas,1,Assemblage,Birds
30,gallinula_chloropus,1,Assemblage,Birds
30,curruca_communis,1,Assemblage,Birds
30,poecile_palustris,1,Assemblage,Birds
30,remiz_pendulinus,1,Assemblage,Birds
30,turdus_torquatus,1,Assemblage,Birds
30,grus_grus,1,Assemblage,Birds
30,neophron_percnopterus,1,Assemblage,Birds
30,oxyura_leucocephala,1,Assemblage,Birds
30,gyps_fulvus,1,Assemblage,Birds
30,tetrax_tetrax,1,Assemblage,Birds
30,anthus_spinoletta,1,Assemblage,Birds
30,serinus_serinus,1,Assemblage,Birds
30,columba_oenas,1,Assemblage,Birds
30,curruca_ruppeli,1,Assemblage,Birds
30,lanius_nubicus,1,Assemblage,Birds
30,larus_armenicus,1,Assemblage,Birds
30,phylloscopus_nitidus,1,Assemblage,Birds
30,pterocles_alchata,1,Assemblage,Birds
30,oxyura_leucocephala,1,Assemblage,Birds
30,acrocephalus_melanopogon,1,Assemblage,Birds
30,emberiza_melanocephala,1,Assemblage,Birds
30,hippolais_languida,1,Assemblage,Birds
30,acrocephalus_melanopogon,1,Assemblage,Birds
30,columba_palumbus,1,Assemblage,Birds
30,emberiza_cia,1,Assemblage,Birds
30,larus_cachinnans,1,Assemblage,Birds
30,palaeornis_eupatria,1,Assemblage,Birds
30,cettia_cetti,1,Assemblage,Birds
30,gyps_fulvus,1,Assemblage,Birds
30,ardeola_ralloides,1,Assemblage,Birds
30,falco_vespertinus,1,Assemblage,Birds
30,passer_hispaniolensis,1,Assemblage,Birds
30,accipiter_brevipes,1,Assemblage,Birds
30,glareola_nordmanni,1,Assemblage,Birds
30,circus_macrourus,1,Assemblage,Birds
30,falco_cherrug,1,Assemblage,Birds
30,vanellus_gregarius,1,Assemblage,Birds
30,charadrius_leschenaultii,1,Assemblage,Birds
30,dendrocopos_leucopterus,1,Assemblage,Birds
30,oenanthe_pleschanka,1,Assemblage,Birds
30,pelecanus_crispus,1,Assemblage,Birds
30,gypaetus_barbatus,1,Assemblage,Birds
30,burhinus_oedicnemus,1,Assemblage,Birds
30,botaurus_stellaris,1,Assemblage,Birds
30,burhinus_oedicnemus,1,Assemblage,Birds
30,glareola_nordmanni,1,Assemblage,Birds
30,emberiza_citrinella,1,Assemblage,Birds
30,buteo_buteo,1,Assemblage,Birds
30,milvus_milvus,1,Assemblage,Birds
30,locustella_naevia,1,Assemblage,Birds
30,carduelis_carduelis,1,Assemblage,Birds
30,clanga_pomarina,1,Assemblage,Birds
30,turdus_philomelos,1,Assemblage,Birds
30,periparus_ater,1,Assemblage,Birds
30,lophophanes_cristatus,1,Assemblage,Birds
30,phylloscopus_collybita,1,Assemblage,Birds
30,larus_melanocephalus,1,Assemblage,Birds
30,aquila_chrysaetos,1,Assemblage,Birds
30,milvus_milvus,1,Assemblage,Birds
30,rallus_aquaticus,1,Assemblage,Birds
30,emberiza_calandra,1,Assemblage,Birds
30,remiz_pendulinus,1,Assemblage,Birds
30,acrocephalus_palustris,1,Assemblage,Birds
30,larus_melanocephalus,1,Assemblage,Birds
30,milvus_milvus,1,Assemblage,Birds
30,columba_oenas,1,Assemblage,Birds
30,anthropoides_virgo,1,Assemblage,Birds
30,plectrophenax_nivalis,1,Assemblage,Birds
30,locustella_luscinioides,1,Assemblage,Birds
30,picus_viridis,1,Assemblage,Birds
30,lanius_collurio,1,Assemblage,Birds
30,linaria_flavirostris,1,Assemblage,Birds
30,tadorna_tadorna,1,Assemblage,Birds
30,circus_aeruginosus,1,Assemblage,Birds
30,tachybaptus_ruficollis,1,Assemblage,Birds
30,aythya_ferina,1,Assemblage,Birds
30,anthus_spinoletta,1,Assemblage,Birds
30,alcedo_atthis,1,Assemblage,Birds
30,perdix_perdix,1,Assemblage,Birds
30,curruca_nisoria,1,Assemblage,Birds
30,pernis_apivorus,1,Assemblage,Birds
30,spatula_querquedula,1,Assemblage,Birds
30,podiceps_nigricollis,1,Assemblage,Birds
30,ardea_alba,1,Assemblage,Birds
30,motacilla_flava,1,Assemblage,Birds
30,larus_michahellis,1,Assemblage,Birds
30,spinus_spinus,1,Assemblage,Birds
30,regulus_regulus,1,Assemblage,Birds
30,motacilla_citreola,1,Assemblage,Birds
30,anser_albifrons,1,Assemblage,Birds
30,vanellus_vanellus,1,Assemblage,Birds
30,tringa_totanus,1,Assemblage,Birds
30,turdus_pilaris,1,Assemblage,Birds
30,motacilla_cinerea,1,Assemblage,Birds
30,apus_apus,1,Assemblage,Birds
30,calcarius_lapponicus,1,Assemblage,Birds
30,charadrius_alexandrinus,1,Assemblage,Birds
30,scolopax_rusticola,1,Assemblage,Birds
30,mergus_merganser,1,Assemblage,Birds
30,gulosus_aristotelis,1,Assemblage,Birds
30,asio_otus,1,Assemblage,Birds
30,ardea_cinerea,1,Assemblage,Birds
30,anser_anser,1,Assemblage,Birds
30,ficedula_hypoleuca,1,Assemblage,Birds
30,pyrrhula_pyrrhula,1,Assemblage,Birds
30,ficedula_parva,1,Assemblage,Birds
30,erithacus_rubecula,1,Assemblage,Birds
30,erithacus_rubecula,1,Assemblage,Birds
30,prunella_modularis,1,Assemblage,Birds
30,branta_ruficollis,1,Assemblage,Birds
30,plegadis_falcinellus,1,Assemblage,Birds
30,sylvia_borin,1,Assemblage,Birds
30,turdus_viscivorus,1,Assemblage,Birds
30,acrocephalus_schoenobaenus,1,Assemblage,Birds
30,vanellus_vanellus,1,Assemblage,Birds
30,numenius_arquata,1,Assemblage,Birds
30,tringa_totanus,1,Assemblage,Birds
30,mareca_strepera,1,Assemblage,Birds
30,chlidonias_leucopterus,1,Assemblage,Birds
30,eremophila_alpestris,1,Assemblage,Birds
30,emberiza_cirlus,1,Assemblage,Birds
30,turdus_philomelos,1,Assemblage,Birds
30,tachymarptis_melba,1,Assemblage,Birds
30,clamator_glandarius,1,Assemblage,Birds
30,glareola_pratincola,1,Assemblage,Birds
30,acrocephalus_palustris,1,Assemblage,Birds
30,lanius_isabellinus,1,Assemblage,Birds
30,falco_cherrug,1,Assemblage,Birds
30,iduna_pallida,1,Assemblage,Birds
30,coturnix_coturnix,1,Assemblage,Birds
30,numenius_arquata,1,Assemblage,Birds
30,oenanthe_hispanica,1,Assemblage,Birds
30,ardea_purpurea,1,Assemblage,Birds
30,hieraaetus_pennatus,1,Assemblage,Birds
30,scotocerca_inquieta,1,Assemblage,Birds
30,passer_hispaniolensis,1,Assemblage,Birds
30,marmaronetta_angustirostris,1,Assemblage,Birds
30,melanocorypha_calandra,1,Assemblage,Birds
30,acrocephalus_scirpaceus,1,Assemblage,Birds
30,milvus_migrans,1,Assemblage,Birds
30,circus_macrourus,1,Assemblage,Birds
30,recurvirostra_avosetta,1,Assemblage,Birds
30,mareca_strepera,1,Assemblage,Birds
30,falco_cherrug,1,Assemblage,Birds
30,athene_noctua,1,Assemblage,Birds
30,coracias_garrulus,1,Assemblage,Birds
30,scolopax_rusticola,1,Assemblage,Birds
30,curruca_curruca,1,Assemblage,Birds
30,zapornia_pusilla,1,Assemblage,Birds
30,falco_subbuteo,1,Assemblage,Birds
30,circus_pygargus,1,Assemblage,Birds
30,circus_cyaneus,1,Assemblage,Birds
30,alauda_arvensis,1,Assemblage,Birds
30,aythya_nyroca,1,Assemblage,Birds
30,circaetus_gallicus,1,Assemblage,Birds
30,iduna_pallida,1,Assemblage,Birds
30,anthus_pratensis,1,Assemblage,Birds
30,vanellus_leucurus,1,Assemblage,Birds
30,pelecanus_onocrotalus,1,Assemblage,Birds
30,clanga_pomarina,1,Assemblage,Birds
30,cercotrichas_galactotes,1,Assemblage,Birds
30,aythya_nyroca,1,Assemblage,Birds
30,acrocephalus_melanopogon,1,Assemblage,Birds
30,oxyura_leucocephala,1,Assemblage,Birds
30,vanellus_gregarius,1,Assemblage,Birds
30,remiz_pendulinus,1,Assemblage,Birds
30,curruca_crassirostris,1,Assemblage,Birds
30,periparus_rufonuchalis,1,Assemblage,Birds
30,dendrocopos_syriacus,1,Assemblage,Birds
30,lullula_arborea,1,Assemblage,Birds
30,phoenicurus_ochruros,1,Assemblage,Birds
30,lanius_senator,1,Assemblage,Birds
30,otis_tarda,1,Assemblage,Birds
30,emberiza_citrinella,1,Assemblage,Birds
30,regulus_ignicapilla,1,Assemblage,Birds
30,regulus_ignicapilla,1,Assemblage,Birds
30,emberiza_schoeniclus,1,Assemblage,Birds
30,emberiza_schoeniclus,1,Assemblage,Birds
30,regulus_regulus,1,Assemblage,Birds
30,motacilla_citreola,1,Assemblage,Birds
30,tadorna_ferruginea,1,Assemblage,Birds
30,nycticorax_nycticorax,1,Assemblage,Birds
30,upupa_epops,1,Assemblage,Birds
30,cygnus_olor,1,Assemblage,Birds
30,aegypius_monachus,1,Assemblage,Birds
30,ciconia_ciconia,1,Assemblage,Birds
30,egretta_garzetta,1,Assemblage,Birds
30,columba_rupestris,1,Assemblage,Birds
30,turdus_iliacus,1,Assemblage,Birds
30,turdus_viscivorus,1,Assemblage,Birds
30,strix_aluco,1,Assemblage,Birds
30,netta_rufina,1,Assemblage,Birds
30,alauda_arvensis,1,Assemblage,Birds
30,ciconia_nigra,1,Assemblage,Birds
30,podiceps_cristatus,1,Assemblage,Birds
30,vanellus_vanellus,1,Assemblage,Birds
30,lanius_minor,1,Assemblage,Birds
30,panurus_biarmicus,1,Assemblage,Birds
30,cyanistes_cyanus,1,Assemblage,Birds
30,platalea_leucorodia,1,Assemblage,Birds
30,prunella_modularis,1,Assemblage,Birds
30,zapornia_parva,1,Assemblage,Birds
30,cygnus_olor,1,Assemblage,Birds
30,acrocephalus_dumetorum,1,Assemblage,Birds
30,corvus_frugilegus,1,Assemblage,Birds
30,acrocephalus_arundinaceus,1,Assemblage,Birds
30,larus_ridibundus,1,Assemblage,Birds
30,porzana_porzana,1,Assemblage,Birds
30,merops_apiaster,1,Assemblage,Birds
30,circaetus_gallicus,1,Assemblage,Birds
30,lanius_excubitor,1,Assemblage,Birds
30,coracias_garrulus,1,Assemblage,Birds
30,otus_scops,1,Assemblage,Birds
30,merops_persicus,1,Assemblage,Birds
30,ixobrychus_minutus,1,Assemblage,Birds
30,lullula_arborea,1,Assemblage,Birds
30,acrocephalus_scirpaceus,1,Assemblage,Birds
30,neophron_percnopterus,1,Assemblage,Birds
30,clanga_clanga,1,Assemblage,Birds
30,ciconia_nigra,1,Assemblage,Birds
30,lanius_nubicus,1,Assemblage,Birds
30,larus_genei,1,Assemblage,Birds
30,gallinago_media,1,Assemblage,Birds
30,lullula_arborea,1,Assemblage,Birds
30,phoenicurus_ochruros,1,Assemblage,Birds
30,clanga_clanga,1,Assemblage,Birds
30,aythya_nyroca,1,Assemblage,Birds
30,fringilla_coelebs,1,Assemblage,Birds
30,haematopus_ostralegus,1,Assemblage,Birds
30,aythya_ferina,1,Assemblage,Birds
30,buteo_rufinus,1,Assemblage,Birds
30,tichodroma_muraria,1,Assemblage,Birds
30,tichodroma_muraria,1,Assemblage,Birds
30,rallus_aquaticus,1,Assemblage,Birds
30,pyrrhocorax_graculus,1,Assemblage,Birds
30,panurus_biarmicus,1,Assemblage,Birds
30,aquila_heliaca,1,Assemblage,Birds
30,anser_anser,1,Assemblage,Birds
30,tachybaptus_ruficollis,1,Assemblage,Birds
30,netta_rufina,1,Assemblage,Birds
30,grus_grus,1,Assemblage,Birds
30,accipiter_badius,1,Assemblage,Birds
30,ammomanes_deserti,1,Assemblage,Birds
30,ardeola_ralloides,1,Assemblage,Birds
30,gyps_fulvus,1,Assemblage,Birds
30,calandrella_brachydactyla,1,Assemblage,Birds
30,ciconia_ciconia,1,Assemblage,Birds
30,linaria_cannabina,1,Assemblage,Birds
30,acrocephalus_paludicola,1,Assemblage,Birds
30,marmaronetta_angustirostris,1,Assemblage,Birds
30,netta_rufina,1,Assemblage,Birds
30,pernis_apivorus,1,Assemblage,Birds
30,larus_cachinnans,1,Assemblage,Birds
30,microcarbo_pygmaeus,1,Assemblage,Birds
30,microcarbo_pygmaeus,1,Assemblage,Birds
30,prunella_modularis,1,Assemblage,Birds
30,microcarbo_pygmaeus,1,Assemblage,Birds
30,sitta_neumayer,1,Assemblage,Birds
30,otis_tarda,1,Assemblage,Birds
30,alectoris_graeca,1,Assemblage,Birds
30,hippolais_olivetorum,1,Assemblage,Birds
30,ficedula_albicollis,1,Assemblage,Birds
30,turdus_pilaris,1,Assemblage,Birds
30,crex_crex,1,Assemblage,Birds
30,acrocephalus_paludicola,1,Assemblage,Birds
30,cygnus_olor,1,Assemblage,Birds
30,locustella_fluviatilis,1,Assemblage,Birds
30,tringa_stagnatilis,1,Assemblage,Birds
30,acrocephalus_paludicola,1,Assemblage,Birds
30,luscinia_luscinia,1,Assemblage,Birds
30,apus_affinis,1,Assemblage,Birds
30,turdus_torquatus,1,Assemblage,Birds
30,curruca_cantillans,1,Assemblage,Birds
30,oenanthe_hispanica,1,Assemblage,Birds
30,turdus_viscivorus,1,Assemblage,Birds
30,circus_aeruginosus,1,Assemblage,Birds
30,podiceps_cristatus,1,Assemblage,Birds
30,larus_michahellis,1,Assemblage,Birds
30,phoenicurus_ochruros,1,Assemblage,Birds
30,corvus_frugilegus,1,Assemblage,Birds
30,cygnus_columbianus,1,Assemblage,Birds
30,anser_erythropus,1,Assemblage,Birds
30,mergellus_albellus,1,Assemblage,Birds
30,bombycilla_garrulus,1,Assemblage,Birds
30,sylvia_atricapilla,1,Assemblage,Birds
30,emberiza_hortulana,1,Assemblage,Birds
30,hippolais_icterina,1,Assemblage,Birds
30,cinclus_cinclus,1,Assemblage,Birds
30,neophron_percnopterus,1,Assemblage,Birds
30,locustella_fluviatilis,1,Assemblage,Birds
30,ficedula_albicollis,1,Assemblage,Birds
30,lanius_schach,1,Assemblage,Birds
30,ficedula_ruficauda,1,Assemblage,Birds
30,chlamydotis_macqueenii,1,Assemblage,Birds
30,curruca_mystacea,1,Assemblage,Birds
30,prunella_ocularis,1,Assemblage,Birds
30,terpsiphone_paradisi,1,Assemblage,Birds
30,enicurus_scouleri,1,Assemblage,Birds
30,ibidorhyncha_struthersii,1,Assemblage,Birds
30,phoenicurus_erythronotus,1,Assemblage,Birds
30,mycerobas_carnipes,1,Assemblage,Birds
30,calandrella_acutirostris,1,Assemblage,Birds
30,oriolus_kundoo,1,Assemblage,Birds
30,sitta_tephronota,1,Assemblage,Birds
30,carduelis_caniceps,1,Assemblage,Birds
30,myophonus_caeruleus,1,Assemblage,Birds
30,remiz_coronatus,1,Assemblage,Birds
30,chlamydotis_macqueenii,1,Assemblage,Birds
30,alauda_gulgula,1,Assemblage,Birds
30,columba_eversmanni,1,Assemblage,Birds
30,iduna_rama,1,Assemblage,Birds
30,turdus_atrogularis,1,Assemblage,Birds
30,oenanthe_picata,1,Assemblage,Birds
30,emberiza_stewarti,1,Assemblage,Birds
30,acrocephalus_stentoreus,1,Assemblage,Birds
30,saxicola_caprata,1,Assemblage,Birds
30,melanocorypha_bimaculata,1,Assemblage,Birds
30,calliope_pectoralis,1,Assemblage,Birds
30,phoenicurus_leucocephalus,1,Assemblage,Birds
30,oenanthe_finschii,1,Assemblage,Birds
30,gypaetus_barbatus,1,Assemblage,Birds
30,phylloscopus_neglectus,1,Assemblage,Birds
30,hirundo_smithii,1,Assemblage,Birds
30,buteo_rufinus,1,Assemblage,Birds
30,falco_cherrug,1,Assemblage,Birds
30,larus_cachinnans,1,Assemblage,Birds
30,numenius_tenuirostris,1,Assemblage,Birds
30,larus_cachinnans,1,Assemblage,Birds
30,pelecanus_crispus,1,Assemblage,Birds
30,ficedula_semitorquata,1,Assemblage,Birds
30,aegypius_monachus,1,Assemblage,Birds
30,serinus_serinus,1,Assemblage,Birds
30,microcarbo_pygmaeus,1,Assemblage,Birds
30,branta_ruficollis,1,Assemblage,Birds
30,pastor_roseus,1,Assemblage,Birds
30,curruca_melanocephala,1,Assemblage,Birds
30,alectoris_chukar,1,Assemblage,Birds
30,melanocorypha_calandra,1,Assemblage,Birds
30,oenanthe_isabellina,1,Assemblage,Birds
30,vanellus_spinosus,1,Assemblage,Birds
30,aquila_heliaca,1,Assemblage,Birds
30,sitta_krueperi,1,Assemblage,Birds
30,irania_gutturalis,1,Assemblage,Birds
30,serinus_pusillus,1,Assemblage,Birds
30,monticola_solitarius,1,Assemblage,Birds
30,alaudala_rufescens,1,Assemblage,Birds
30,melanocorypha_yeltoniensis,1,Assemblage,Birds
30,serinus_pusillus,1,Assemblage,Birds
30,riparia_chinensis,1,Assemblage,Birds
30,phylloscopus_occipitalis,1,Assemblage,Birds
30,iduna_caligata,1,Assemblage,Birds
30,emberiza_bruniceps,1,Assemblage,Birds
30,lanius_phoenicuroides,1,Assemblage,Birds
30,phylloscopus_griseolus,1,Assemblage,Birds
30,curruca_nana,1,Assemblage,Birds
30,alaudala_heinei,1,Assemblage,Birds
30,eremophila_alpestris,1,Assemblage,Birds
30,otis_tarda,1,Assemblage,Birds
30,larus_ichthyaetus,1,Assemblage,Birds
30,alauda_leucoptera,1,Assemblage,Birds
30,rhodopechys_sanguineus,1,Assemblage,Birds
30,alaudala_heinei,1,Assemblage,Birds
30,aquila_nipalensis,1,Assemblage,Birds
30,rhodospiza_obsoleta,1,Assemblage,Birds
30,phasianus_colchicus,1,Assemblage,Birds
30,curruca_mystacea,1,Assemblage,Birds
30,ammoperdix_griseogularis,1,Assemblage,Birds
30,otus_brucei,1,Assemblage,Birds
30,emberiza_buchanani,1,Assemblage,Birds
30,prunella_atrogularis,1,Assemblage,Birds
31,mitu_mitu,0,Assemblage,Birds
31,calidris_alba,1,Assemblage,Birds
31,calidris_canutus,1,Assemblage,Birds
31,arenaria_interpres,1,Assemblage,Birds
31,thalasseus_maximus,1,Assemblage,Birds
31,parabuteo_unicinctus,1,Assemblage,Birds
31,pitangus_sulphuratus,1,Assemblage,Birds
31,accipiter_bicolor,1,Assemblage,Birds
31,nannopterum_brasilianum,1,Assemblage,Birds
31,zonotrichia_capensis,1,Assemblage,Birds
31,falco_femoralis,1,Assemblage,Birds
31,caracara_plancus,1,Assemblage,Birds
31,haematopus_palliatus,1,Assemblage,Birds
31,hirundo_rustica,1,Assemblage,Birds
31,pluvialis_squatarola,1,Assemblage,Birds
31,calidris_fuscicollis,1,Assemblage,Birds
31,passer_domesticus,1,Assemblage,Birds
31,numenius_phaeopus,1,Assemblage,Birds
31,pluvialis_dominica,1,Assemblage,Birds
31,bubulcus_ibis,1,Assemblage,Birds
31,charadrius_semipalmatus,1,Assemblage,Birds
31,tringa_melanoleuca,1,Assemblage,Birds
31,nycticorax_nycticorax,1,Assemblage,Birds
31,falco_peregrinus,1,Assemblage,Birds
31,tringa_flavipes,1,Assemblage,Birds
31,egretta_thula,1,Assemblage,Birds
31,pandion_haliaetus,1,Assemblage,Birds
31,cathartes_aura,1,Assemblage,Birds
31,tyto_alba,1,Assemblage,Birds
31,coragyps_atratus,1,Assemblage,Birds
31,falco_sparverius,1,Assemblage,Birds
31,troglodytes_aedon,1,Assemblage,Birds
31,nomonyx_dominicus,1,Assemblage,Birds
31,megaceryle_torquata,1,Assemblage,Birds
31,gelochelidon_nilotica,1,Assemblage,Birds
31,thalasseus_sandvicensis,1,Assemblage,Birds
31,podilymbus_podiceps,1,Assemblage,Birds
31,ardea_alba,1,Assemblage,Birds
31,sterna_hirundo,1,Assemblage,Birds
31,anas_bahamensis,1,Assemblage,Birds
31,dendrocygna_viduata,1,Assemblage,Birds
31,asio_clamator,1,Assemblage,Birds
31,chordeiles_minor,1,Assemblage,Birds
31,cyclarhis_gujanensis,1,Assemblage,Birds
31,columbina_talpacoti,1,Assemblage,Birds
31,aramides_cajaneus,1,Assemblage,Birds
31,tapera_naevia,1,Assemblage,Birds
31,patagioenas_cayennensis,1,Assemblage,Birds
31,rostrhamus_sociabilis,1,Assemblage,Birds
31,coereba_flaveola,1,Assemblage,Birds
31,crotophaga_major,1,Assemblage,Birds
31,taraba_major,1,Assemblage,Birds
31,lurocalis_semitorquatus,1,Assemblage,Birds
31,elaenia_flavogaster,1,Assemblage,Birds
31,tolmomyias_sulphurescens,1,Assemblage,Birds
31,pulsatrix_perspicillata,1,Assemblage,Birds
31,legatus_leucophaius,1,Assemblage,Birds
31,chlorophanes_spiza,1,Assemblage,Birds
31,columbina_minuta,1,Assemblage,Birds
31,claravis_pretiosa,1,Assemblage,Birds
31,hoploxypterus_cayanus,1,Assemblage,Birds
31,tityra_inquisitor,1,Assemblage,Birds
31,coccyzus_melacoryphus,1,Assemblage,Birds
31,cathartes_burrovianus,1,Assemblage,Birds
31,dysithamnus_mentalis,1,Assemblage,Birds
31,ramphocaenus_melanurus,1,Assemblage,Birds
31,neocrex_erythrops,1,Assemblage,Birds
31,aramus_guarauna,1,Assemblage,Birds
31,pachyramphus_polychopterus,1,Assemblage,Birds
31,herpsilochmus_scapularis,1,Assemblage,Birds
31,schistochlamys_melanopis,1,Assemblage,Birds
31,chiroxiphia_pareola,1,Assemblage,Birds
31,dendrocygna_bicolor,1,Assemblage,Birds
31,calidris_pusilla,1,Assemblage,Birds
31,butorides_striata,1,Assemblage,Birds
31,bubo_virginianus,1,Assemblage,Birds
31,rynchops_niger,1,Assemblage,Birds
31,chloroceryle_americana,1,Assemblage,Birds
31,tachybaptus_dominicus,1,Assemblage,Birds
31,glaucidium_brasilianum,1,Assemblage,Birds
31,mycteria_americana,1,Assemblage,Birds
31,geranospiza_caerulescens,1,Assemblage,Birds
31,leptotila_verreauxi,1,Assemblage,Birds
31,hylatomus_lineatus,1,Assemblage,Birds
31,herpetotheres_cachinnans,1,Assemblage,Birds
31,falco_rufigularis,1,Assemblage,Birds
31,tringa_solitaria,1,Assemblage,Birds
31,tyrannus_melancholicus,1,Assemblage,Birds
31,volatinia_jacarina,1,Assemblage,Birds
31,nyctidromus_albicollis,1,Assemblage,Birds
31,progne_chalybea,1,Assemblage,Birds
31,cairina_moschata,1,Assemblage,Birds
31,busarellus_nigricollis,1,Assemblage,Birds
31,charadrius_collaris,1,Assemblage,Birds
31,setophaga_pitiayumi,1,Assemblage,Birds
31,geotrygon_montana,1,Assemblage,Birds
31,anhinga_anhinga,1,Assemblage,Birds
31,riparia_riparia,1,Assemblage,Birds
31,limnodromus_griseus,1,Assemblage,Birds
31,panyptila_cayennensis,1,Assemblage,Birds
31,amaurolimnas_concolor,1,Assemblage,Birds
31,sclerurus_mexicanus,1,Assemblage,Birds
31,galbula_ruficauda,1,Assemblage,Birds
31,cyanerpes_cyaneus,1,Assemblage,Birds
31,saltator_maximus,1,Assemblage,Birds
31,mionectes_oleagineus,1,Assemblage,Birds
31,xenops_genibarbis,1,Assemblage,Birds
31,todirostrum_cinereum,1,Assemblage,Birds
31,crypturellus_soui,1,Assemblage,Birds
31,mimus_gilvus,1,Assemblage,Birds
31,pyriglena_leuconota,1,Assemblage,Birds
31,diopsittaca_cumanensis,1,Assemblage,Birds
31,chordeiles_acutipennis,1,Assemblage,Birds
31,harpagus_bidentatus,1,Assemblage,Birds
31,discosura_longicaudus,1,Assemblage,Birds
31,chelidoptera_tenebrosa,1,Assemblage,Birds
31,columbina_passerina,1,Assemblage,Birds
31,myiopagis_viridicata,1,Assemblage,Birds
31,tringa_semipalmata,1,Assemblage,Birds
31,calidris_minutilla,1,Assemblage,Birds
31,gallinula_galeata,1,Assemblage,Birds
31,himantopus_himantopus,1,Assemblage,Birds
31,actitis_macularius,1,Assemblage,Birds
31,elanus_leucurus,1,Assemblage,Birds
31,limosa_haemastica,1,Assemblage,Birds
31,porphyrio_martinicus,1,Assemblage,Birds
31,pardirallus_maculatus,1,Assemblage,Birds
31,rupornis_magnirostris,1,Assemblage,Birds
31,habia_rubica,1,Assemblage,Birds
31,sarcoramphus_papa,1,Assemblage,Birds
31,dromococcyx_phasianellus,1,Assemblage,Birds
31,micrastur_ruficollis,1,Assemblage,Birds
31,laterallus_flaviventer,1,Assemblage,Birds
31,morphnus_guianensis,1,Assemblage,Birds
31,crypturellus_parvirostris,1,Assemblage,Birds
31,eupetomena_macroura,1,Assemblage,Birds
31,buteo_albonotatus,1,Assemblage,Birds
31,attila_spadiceus,1,Assemblage,Birds
31,megarynchus_pitangua,1,Assemblage,Birds
31,polioptila_plumbea,1,Assemblage,Birds
31,chrysomus_ruficapillus,1,Assemblage,Birds
31,pteroglossus_aracari,1,Assemblage,Birds
31,patagioenas_speciosa,1,Assemblage,Birds
31,sporophila_bouvreuil,1,Assemblage,Birds
31,glaucis_hirsutus,1,Assemblage,Birds
31,neopelma_pallescens,1,Assemblage,Birds
31,chrysuronia_leucogaster,1,Assemblage,Birds
31,picumnus_pygmaeus,1,Assemblage,Birds
31,rhynchocyclus_olivaceus,1,Assemblage,Birds
31,chlorostilbon_lucidus,1,Assemblage,Birds
31,cariama_cristata,1,Assemblage,Birds
31,turdus_rufiventris,1,Assemblage,Birds
31,larus_cirrocephalus,1,Assemblage,Birds
31,myrmoderus_ruficauda,1,Assemblage,Birds
31,herpsilochmus_atricapillus,1,Assemblage,Birds
31,schistochlamys_ruficapillus,1,Assemblage,Birds
31,aramides_mangle,1,Assemblage,Birds
31,formicivora_melanogaster,1,Assemblage,Birds
31,furnarius_figulus,1,Assemblage,Birds
31,thamnophilus_pelzelni,1,Assemblage,Birds
31,nothura_boraquira,1,Assemblage,Birds
31,sakesphorus_cristatus,1,Assemblage,Birds
31,nyctipolus_hirundinaceus,1,Assemblage,Birds
31,agelaioides_fringillarius,1,Assemblage,Birds
31,paroaria_dominicana,1,Assemblage,Birds
31,casiornis_fuscus,1,Assemblage,Birds
31,fluvicola_albiventer,1,Assemblage,Birds
31,colaptes_melanochloros,1,Assemblage,Birds
31,nystalus_maculatus,1,Assemblage,Birds
31,pachyramphus_viridis,1,Assemblage,Birds
31,phyllomyias_fasciatus,1,Assemblage,Birds
31,thamnophilus_torquatus,1,Assemblage,Birds
31,sporophila_albogularis,1,Assemblage,Birds
31,sporophila_lineola,1,Assemblage,Birds
31,sclerurus_cearensis,1,Assemblage,Birds
31,herpsilochmus_pectoralis,1,Assemblage,Birds
31,picumnus_limae,1,Assemblage,Birds
31,aratinga_jandaya,1,Assemblage,Birds
31,eupetomena_cirrochloris,1,Assemblage,Birds
31,iodopleura_pipra,1,Assemblage,Birds
31,celeus_ochraceus,1,Assemblage,Birds
31,tangara_cyanocephala,1,Assemblage,Birds
31,brotogeris_tirica,1,Assemblage,Birds
31,cantorchilus_longirostris,1,Assemblage,Birds
31,compsothraupis_loricata,1,Assemblage,Birds
31,icterus_jamacaii,1,Assemblage,Birds
31,cyanocorax_cyanopogon,1,Assemblage,Birds
31,tinamus_solitarius,1,Assemblage,Birds
31,conopophaga_melanops,1,Assemblage,Birds
31,myrmotherula_luctuosa,1,Assemblage,Birds
31,ortalis_araucuan,1,Assemblage,Birds
31,ramphocelus_bresilius,1,Assemblage,Birds
31,lophornis_magnificus,1,Assemblage,Birds
31,heliomaster_squamosus,1,Assemblage,Birds
31,cranioleuca_semicinerea,1,Assemblage,Birds
31,drymophila_squamata,1,Assemblage,Birds
31,pseudoseisura_cristata,1,Assemblage,Birds
31,tangara_cyanomelas,1,Assemblage,Birds
31,xipholena_atropurpurea,1,Assemblage,Birds
31,xiphorhynchus_atlanticus,1,Assemblage,Birds
31,mitu_mitu,1,Assemblage,Birds
31,leptodon_forbesi,1,Assemblage,Birds
31,automolus_lammi,1,Assemblage,Birds
31,thalurania_watertonii,1,Assemblage,Birds
31,buteogallus_lacernulatus,1,Assemblage,Birds
31,synallaxis_infuscata,1,Assemblage,Birds
31,synallaxis_infuscata,1,Assemblage,Birds
31,odontophorus_capueira,1,Assemblage,Birds
31,poecilotriccus_fumifrons,1,Assemblage,Birds
31,zimmerius_acer,1,Assemblage,Birds
31,cercomacroides_laeta,1,Assemblage,Birds
31,myiopagis_caniceps,1,Assemblage,Birds
31,tangara_flava,1,Assemblage,Birds
31,ramphastos_ariel,1,Assemblage,Birds
31,primolius_maracana,1,Assemblage,Birds
31,pionus_reichenowi,1,Assemblage,Birds
31,vanellus_chilensis,1,Assemblage,Birds
31,zenaida_auriculata,1,Assemblage,Birds
31,ardea_cocoi,1,Assemblage,Birds
31,buteogallus_meridionalis,1,Assemblage,Birds
31,molothrus_bonariensis,1,Assemblage,Birds
31,sicalis_flaveola,1,Assemblage,Birds
31,synallaxis_albescens,1,Assemblage,Birds
31,progne_tapera,1,Assemblage,Birds
31,turdus_albicollis,1,Assemblage,Birds
31,machetornis_rixosa,1,Assemblage,Birds
31,pseudastur_polionotus,1,Assemblage,Birds
31,penelope_superciliaris,1,Assemblage,Birds
31,crotophaga_ani,1,Assemblage,Birds
31,trogon_rufus,1,Assemblage,Birds
31,nothura_maculosa,1,Assemblage,Birds
31,gallinago_paraguaiae,1,Assemblage,Birds
31,ammodramus_humeralis,1,Assemblage,Birds
31,geranoaetus_albicaudatus,1,Assemblage,Birds
31,icterus_pyrrhopterus,1,Assemblage,Birds
31,phaetusa_simplex,1,Assemblage,Birds
31,chloroceryle_amazona,1,Assemblage,Birds
31,euphonia_chlorotica,1,Assemblage,Birds
31,calliphlox_amethystina,1,Assemblage,Birds
31,crypturellus_tataupa,1,Assemblage,Birds
31,hydropsalis_torquata,1,Assemblage,Birds
31,porphyriops_melanops,1,Assemblage,Birds
31,setopagis_parvula,1,Assemblage,Birds
31,amazonetta_brasiliensis,1,Assemblage,Birds
31,sublegatus_modestus,1,Assemblage,Birds
31,guira_guira,1,Assemblage,Birds
31,rhynchotus_rufescens,1,Assemblage,Birds
31,serpophaga_subcristata,1,Assemblage,Birds
31,lepidocolaptes_angustirostris,1,Assemblage,Birds
31,rhea_americana,1,Assemblage,Birds
31,vireo_chivi,1,Assemblage,Birds
31,vireo_olivaceus,1,Assemblage,Birds
31,laterallus_melanophaius,1,Assemblage,Birds
31,trogon_curucui,1,Assemblage,Birds
31,turdus_leucomelas,1,Assemblage,Birds
31,thamnophilus_caerulescens,1,Assemblage,Birds
31,cyanoloxia_brissonii,1,Assemblage,Birds
31,megascops_choliba,1,Assemblage,Birds
31,chordeiles_nacunda,1,Assemblage,Birds
31,arundinicola_leucocephala,1,Assemblage,Birds
31,chrysuronia_versicolor,1,Assemblage,Birds
31,euscarthmus_meloryphus,1,Assemblage,Birds
31,porzana_albicollis,1,Assemblage,Birds
31,pachyramphus_validus,1,Assemblage,Birds
31,grallaria_varia,1,Assemblage,Birds
31,larus_maculipennis,1,Assemblage,Birds
31,gnorimopsar_chopi,1,Assemblage,Birds
31,hemitriccus_margaritaceiventer,1,Assemblage,Birds
31,sarkidiornis_sylvicola,1,Assemblage,Birds
31,leptotila_rufaxilla,1,Assemblage,Birds
31,milvago_chimachima,1,Assemblage,Birds
31,sittasomus_griseicapillus,1,Assemblage,Birds
31,dacnis_cayana,1,Assemblage,Birds
31,xenops_rutilus,1,Assemblage,Birds
31,micrastur_semitorquatus,1,Assemblage,Birds
31,nyctibius_griseus,1,Assemblage,Birds
31,phaeomyias_murina,1,Assemblage,Birds
31,campylorhamphus_trochilirostris,1,Assemblage,Birds
31,hemithraupis_guira,1,Assemblage,Birds
31,anthracothorax_nigricollis,1,Assemblage,Birds
31,buteo_brachyurus,1,Assemblage,Birds
31,antrostomus_rufus,1,Assemblage,Birds
31,tangara_palmarum,1,Assemblage,Birds
31,emberizoides_herbicola,1,Assemblage,Birds
31,platyrinchus_mystaceus,1,Assemblage,Birds
31,pionus_maximiliani,1,Assemblage,Birds
31,colaptes_campestris,1,Assemblage,Birds
31,columbina_squammata,1,Assemblage,Birds
31,coccyzus_euleri,1,Assemblage,Birds
31,eupsittula_aurea,1,Assemblage,Birds
31,synallaxis_scutata,1,Assemblage,Birds
31,cacicus_haemorrhous,1,Assemblage,Birds
31,polytmus_guainumbi,1,Assemblage,Birds
31,leptopogon_amaurocephalus,1,Assemblage,Birds
31,nemosia_pileata,1,Assemblage,Birds
31,sporophila_leucoptera,1,Assemblage,Birds
31,empidonomus_varius,1,Assemblage,Birds
31,gampsonyx_swainsonii,1,Assemblage,Birds
31,geotrygon_violacea,1,Assemblage,Birds
31,elaenia_chiriquensis,1,Assemblage,Birds
31,stelgidopteryx_ruficollis,1,Assemblage,Birds
31,dendrocincla_fuliginosa,1,Assemblage,Birds
31,capsiempis_flaveola,1,Assemblage,Birds
31,oxyruncus_cristatus,1,Assemblage,Birds
31,buteo_nitidus,1,Assemblage,Birds
31,chaetura_spinicaudus,1,Assemblage,Birds
31,dendroplex_picus,1,Assemblage,Birds
31,manacus_manacus,1,Assemblage,Birds
31,anhima_cornuta,1,Assemblage,Birds
31,tersina_viridis,1,Assemblage,Birds
31,phacellodomus_rufifrons,1,Assemblage,Birds
31,rufirallus_viridis,1,Assemblage,Birds
31,elaenia_spectabilis,1,Assemblage,Birds
31,forpus_xanthopterygius,1,Assemblage,Birds
31,trogon_viridis,1,Assemblage,Birds
31,phaethornis_malaris,1,Assemblage,Birds
31,phaethornis_ruber,1,Assemblage,Birds
31,synallaxis_hypospodia,1,Assemblage,Birds
31,amazona_amazonica,1,Assemblage,Birds
31,rhytipterna_simplex,1,Assemblage,Birds
31,lathrotriccus_euleri,1,Assemblage,Birds
31,dendrocolaptes_certhia,1,Assemblage,Birds
31,lipaugus_vociferans,1,Assemblage,Birds
31,chaetura_meridionalis,1,Assemblage,Birds
31,tachycineta_albiventer,1,Assemblage,Birds
31,donacobius_atricapilla,1,Assemblage,Birds
31,tolmomyias_flaviventris,1,Assemblage,Birds
31,furnarius_leucopus,1,Assemblage,Birds
31,xiphorhynchus_guttatus,1,Assemblage,Birds
31,myiobius_barbatus,1,Assemblage,Birds
31,asemospiza_fuliginosa,1,Assemblage,Birds
31,myiothlypis_flaveola,1,Assemblage,Birds
31,chlorestes_cyanus,1,Assemblage,Birds
31,formicivora_rufa,1,Assemblage,Birds
31,piculus_flavigula,1,Assemblage,Birds
31,pachyramphus_marginatus,1,Assemblage,Birds
31,chrysolampis_mosquitus,1,Assemblage,Birds
31,thamnophilus_palliatus,1,Assemblage,Birds
31,turdus_fumigatus,1,Assemblage,Birds
31,coryphospingus_pileatus,1,Assemblage,Birds
31,caryothraustes_canadensis,1,Assemblage,Birds
31,ceratopipra_rubrocapilla,1,Assemblage,Birds
31,chlorestes_notata,1,Assemblage,Birds
31,philohydor_lictor,1,Assemblage,Birds
31,monasa_nigrifrons,1,Assemblage,Birds
31,momotus_momota,1,Assemblage,Birds
31,formicivora_grisea,1,Assemblage,Birds
31,myiodynastes_solitarius,1,Assemblage,Birds
31,schiffornis_turdina,1,Assemblage,Birds
31,picumnus_exilis,1,Assemblage,Birds
31,cacicus_cela,1,Assemblage,Birds
31,myiarchus_swainsoni,1,Assemblage,Birds
31,crypturellus_strigulosus,1,Assemblage,Birds
31,hemitriccus_griseipectus,1,Assemblage,Birds
31,procnias_averano,1,Assemblage,Birds
31,pheugopedius_genibarbis,1,Assemblage,Birds
31,ornithion_inerme,1,Assemblage,Birds
31,thamnomanes_caesius,1,Assemblage,Birds
31,turdus_amaurochalinus,1,Assemblage,Birds
31,elaenia_cristata,1,Assemblage,Birds
31,arremon_taciturnus,1,Assemblage,Birds
31,furnarius_rufus,1,Assemblage,Birds
31,mimus_saturninus,1,Assemblage,Birds
31,leistes_superciliaris,1,Assemblage,Birds
31,synallaxis_frontalis,1,Assemblage,Birds
31,suiriri_suiriri,1,Assemblage,Birds
31,islerothraupis_cristata,1,Assemblage,Birds
31,tolmomyias_poliocephalus,1,Assemblage,Birds
31,hemithraupis_flavicollis,1,Assemblage,Birds
31,veniliornis_passerinus,1,Assemblage,Birds
31,contopus_cinereus,1,Assemblage,Birds
31,jacana_jacana,1,Assemblage,Birds
31,anthus_chii,1,Assemblage,Birds
31,piaya_cayana,1,Assemblage,Birds
31,tigrisoma_lineatum,1,Assemblage,Birds
31,coccyzus_americanus,1,Assemblage,Birds
31,tachyphonus_rufus,1,Assemblage,Birds
31,pygochelidon_cyanoleuca,1,Assemblage,Birds
31,camptostoma_obsoletum,1,Assemblage,Birds
31,elanoides_forficatus,1,Assemblage,Birds
31,myiophobus_fasciatus,1,Assemblage,Birds
31,myiarchus_tyrannulus,1,Assemblage,Birds
31,certhiaxis_cinnamomeus,1,Assemblage,Birds
31,myiozetetes_similis,1,Assemblage,Birds
31,myiobius_atricaudus,1,Assemblage,Birds
31,fluvicola_nengeta,1,Assemblage,Birds
31,sporophila_nigricollis,1,Assemblage,Birds
31,ictinia_plumbea,1,Assemblage,Birds
31,netta_erythrophthalma,1,Assemblage,Birds
31,rallus_longirostris,1,Assemblage,Birds
31,ixobrychus_exilis,1,Assemblage,Birds
31,hirundinea_bellicosa,1,Assemblage,Birds
31,tityra_braziliensis,1,Assemblage,Birds
31,amazona_aestiva,1,Assemblage,Birds
31,euphonia_violacea,1,Assemblage,Birds
31,tangara_sayaca,1,Assemblage,Birds
31,basileuterus_auricapilla,1,Assemblage,Birds
31,sporophila_angolensis,1,Assemblage,Birds
31,pardirallus_nigricans,1,Assemblage,Birds
31,cnemotriccus_fuscatus,1,Assemblage,Birds
31,myiarchus_ferox,1,Assemblage,Birds
31,formicarius_colma,1,Assemblage,Birds
31,chionomesa_fimbriata,1,Assemblage,Birds
31,thlypopsis_sordida,1,Assemblage,Birds
31,conirostrum_speciosum,1,Assemblage,Birds
31,veniliornis_affinis,1,Assemblage,Birds
31,pteroglossus_inscriptus,1,Assemblage,Birds
31,hemitriccus_mirandae,1,Assemblage,Birds
31,pyrrhura_griseipectus,1,Assemblage,Birds
32,cyanopsitta_spixii,0,Assemblage,Birds
32,calidris_alba,1,Assemblage,Birds
32,calidris_canutus,1,Assemblage,Birds
32,arenaria_interpres,1,Assemblage,Birds
32,calidris_melanotos,1,Assemblage,Birds
32,parabuteo_unicinctus,1,Assemblage,Birds
32,pitangus_sulphuratus,1,Assemblage,Birds
32,accipiter_bicolor,1,Assemblage,Birds
32,nannopterum_brasilianum,1,Assemblage,Birds
32,zonotrichia_capensis,1,Assemblage,Birds
32,falco_femoralis,1,Assemblage,Birds
32,caracara_plancus,1,Assemblage,Birds
32,hirundo_rustica,1,Assemblage,Birds
32,pluvialis_squatarola,1,Assemblage,Birds
32,calidris_fuscicollis,1,Assemblage,Birds
32,passer_domesticus,1,Assemblage,Birds
32,pluvialis_dominica,1,Assemblage,Birds
32,bubulcus_ibis,1,Assemblage,Birds
32,accipiter_striatus,1,Assemblage,Birds
32,tringa_melanoleuca,1,Assemblage,Birds
32,nycticorax_nycticorax,1,Assemblage,Birds
32,falco_peregrinus,1,Assemblage,Birds
32,tringa_flavipes,1,Assemblage,Birds
32,egretta_thula,1,Assemblage,Birds
32,pandion_haliaetus,1,Assemblage,Birds
32,cathartes_aura,1,Assemblage,Birds
32,tyto_alba,1,Assemblage,Birds
32,coragyps_atratus,1,Assemblage,Birds
32,falco_sparverius,1,Assemblage,Birds
32,athene_cunicularia,1,Assemblage,Birds
32,troglodytes_aedon,1,Assemblage,Birds
32,nomonyx_dominicus,1,Assemblage,Birds
32,megaceryle_torquata,1,Assemblage,Birds
32,podilymbus_podiceps,1,Assemblage,Birds
32,ardea_alba,1,Assemblage,Birds
32,dendrocygna_viduata,1,Assemblage,Birds
32,asio_clamator,1,Assemblage,Birds
32,chordeiles_minor,1,Assemblage,Birds
32,jabiru_mycteria,1,Assemblage,Birds
32,cyclarhis_gujanensis,1,Assemblage,Birds
32,columbina_talpacoti,1,Assemblage,Birds
32,aramides_cajaneus,1,Assemblage,Birds
32,tapera_naevia,1,Assemblage,Birds
32,patagioenas_cayennensis,1,Assemblage,Birds
32,rostrhamus_sociabilis,1,Assemblage,Birds
32,coereba_flaveola,1,Assemblage,Birds
32,crotophaga_major,1,Assemblage,Birds
32,taraba_major,1,Assemblage,Birds
32,lurocalis_semitorquatus,1,Assemblage,Birds
32,elaenia_flavogaster,1,Assemblage,Birds
32,pyrocephalus_rubinus,1,Assemblage,Birds
32,tolmomyias_sulphurescens,1,Assemblage,Birds
32,pulsatrix_perspicillata,1,Assemblage,Birds
32,leptodon_cayanensis,1,Assemblage,Birds
32,columbina_minuta,1,Assemblage,Birds
32,claravis_pretiosa,1,Assemblage,Birds
32,hoploxypterus_cayanus,1,Assemblage,Birds
32,tityra_inquisitor,1,Assemblage,Birds
32,coccyzus_melacoryphus,1,Assemblage,Birds
32,cathartes_burrovianus,1,Assemblage,Birds
32,thamnophilus_doliatus,1,Assemblage,Birds
32,neocrex_erythrops,1,Assemblage,Birds
32,tyrannus_savana,1,Assemblage,Birds
32,aramus_guarauna,1,Assemblage,Birds
32,pachyramphus_polychopterus,1,Assemblage,Birds
32,platalea_ajaja,1,Assemblage,Birds
32,elaenia_albiceps,1,Assemblage,Birds
32,ciccaba_huhula,1,Assemblage,Birds
32,calidris_pusilla,1,Assemblage,Birds
32,butorides_striata,1,Assemblage,Birds
32,bubo_virginianus,1,Assemblage,Birds
32,rynchops_niger,1,Assemblage,Birds
32,calidris_himantopus,1,Assemblage,Birds
32,chloroceryle_americana,1,Assemblage,Birds
32,tachybaptus_dominicus,1,Assemblage,Birds
32,glaucidium_brasilianum,1,Assemblage,Birds
32,mycteria_americana,1,Assemblage,Birds
32,geranospiza_caerulescens,1,Assemblage,Birds
32,leptotila_verreauxi,1,Assemblage,Birds
32,hylatomus_lineatus,1,Assemblage,Birds
32,herpetotheres_cachinnans,1,Assemblage,Birds
32,falco_rufigularis,1,Assemblage,Birds
32,tringa_solitaria,1,Assemblage,Birds
32,tyrannus_melancholicus,1,Assemblage,Birds
32,dendrocygna_autumnalis,1,Assemblage,Birds
32,asio_stygius,1,Assemblage,Birds
32,volatinia_jacarina,1,Assemblage,Birds
32,buteogallus_urubitinga,1,Assemblage,Birds
32,nyctidromus_albicollis,1,Assemblage,Birds
32,progne_chalybea,1,Assemblage,Birds
32,cairina_moschata,1,Assemblage,Birds
32,busarellus_nigricollis,1,Assemblage,Birds
32,charadrius_collaris,1,Assemblage,Birds
32,setophaga_pitiayumi,1,Assemblage,Birds
32,geotrygon_montana,1,Assemblage,Birds
32,anhinga_anhinga,1,Assemblage,Birds
32,riparia_riparia,1,Assemblage,Birds
32,limnodromus_griseus,1,Assemblage,Birds
32,chondrohierax_uncinatus,1,Assemblage,Birds
32,galbula_ruficauda,1,Assemblage,Birds
32,todirostrum_cinereum,1,Assemblage,Birds
32,crypturellus_soui,1,Assemblage,Birds
32,diopsittaca_cumanensis,1,Assemblage,Birds
32,chordeiles_acutipennis,1,Assemblage,Birds
32,columbina_passerina,1,Assemblage,Birds
32,progne_subis,1,Assemblage,Birds
32,myiopagis_viridicata,1,Assemblage,Birds
32,gallinula_galeata,1,Assemblage,Birds
32,himantopus_himantopus,1,Assemblage,Birds
32,actitis_macularius,1,Assemblage,Birds
32,elanus_leucurus,1,Assemblage,Birds
32,limosa_haemastica,1,Assemblage,Birds
32,harpagus_diodon,1,Assemblage,Birds
32,porphyrio_martinicus,1,Assemblage,Birds
32,pardirallus_maculatus,1,Assemblage,Birds
32,rupornis_magnirostris,1,Assemblage,Birds
32,sarcoramphus_papa,1,Assemblage,Birds
32,dromococcyx_phasianellus,1,Assemblage,Birds
32,micrastur_ruficollis,1,Assemblage,Birds
32,morphnus_guianensis,1,Assemblage,Birds
32,crypturellus_parvirostris,1,Assemblage,Birds
32,eupetomena_macroura,1,Assemblage,Birds
32,buteo_albonotatus,1,Assemblage,Birds
32,megarynchus_pitangua,1,Assemblage,Birds
32,cochlearius_cochlearius,1,Assemblage,Birds
32,polioptila_plumbea,1,Assemblage,Birds
32,chrysomus_ruficapillus,1,Assemblage,Birds
32,sporophila_bouvreuil,1,Assemblage,Birds
32,neothraupis_fasciata,1,Assemblage,Birds
32,neopelma_pallescens,1,Assemblage,Birds
32,taoniscus_nanus,1,Assemblage,Birds
32,harpagus_diodon,1,Assemblage,Birds
32,herpsilochmus_sellowi,1,Assemblage,Birds
32,picumnus_pygmaeus,1,Assemblage,Birds
32,stigmatura_bahiae,1,Assemblage,Birds
32,anodorhynchus_hyacinthinus,1,Assemblage,Birds
32,patagioenas_picazuro,1,Assemblage,Birds
32,chlorostilbon_lucidus,1,Assemblage,Birds
32,cariama_cristata,1,Assemblage,Birds
32,turdus_rufiventris,1,Assemblage,Birds
32,larus_cirrocephalus,1,Assemblage,Birds
32,phaethornis_pretrei,1,Assemblage,Birds
32,herpsilochmus_atricapillus,1,Assemblage,Birds
32,schistochlamys_ruficapillus,1,Assemblage,Birds
32,aramides_mangle,1,Assemblage,Birds
32,antilophia_galeata,1,Assemblage,Birds
32,formicivora_melanogaster,1,Assemblage,Birds
32,furnarius_figulus,1,Assemblage,Birds
32,thamnophilus_pelzelni,1,Assemblage,Birds
32,nothura_boraquira,1,Assemblage,Birds
32,charitospiza_eucosma,1,Assemblage,Birds
32,sakesphorus_cristatus,1,Assemblage,Birds
32,nyctipolus_hirundinaceus,1,Assemblage,Birds
32,agelaioides_fringillarius,1,Assemblage,Birds
32,megaxenops_parnaguae,1,Assemblage,Birds
32,phaethornis_nattereri,1,Assemblage,Birds
32,paroaria_dominicana,1,Assemblage,Birds
32,casiornis_fuscus,1,Assemblage,Birds
32,saltator_atricollis,1,Assemblage,Birds
32,fluvicola_albiventer,1,Assemblage,Birds
32,colaptes_melanochloros,1,Assemblage,Birds
32,elaenia_spectabilis,1,Assemblage,Birds
32,nystalus_maculatus,1,Assemblage,Birds
32,pachyramphus_viridis,1,Assemblage,Birds
32,chaetura_meridionalis,1,Assemblage,Birds
32,dendrocolaptes_platyrostris,1,Assemblage,Birds
32,phyllomyias_fasciatus,1,Assemblage,Birds
32,hylophilus_amaurocephalus,1,Assemblage,Birds
32,corythopis_delalandi,1,Assemblage,Birds
32,myrmorchilus_strigilatus,1,Assemblage,Birds
32,porphyrospiza_caerulescens,1,Assemblage,Birds
32,melanopareia_torquata,1,Assemblage,Birds
32,thamnophilus_torquatus,1,Assemblage,Birds
32,cyanocorax_cristatellus,1,Assemblage,Birds
32,sporophila_albogularis,1,Assemblage,Birds
32,sporophila_lineola,1,Assemblage,Birds
32,sclerurus_cearensis,1,Assemblage,Birds
32,streptoprocne_biscutata,1,Assemblage,Birds
32,spinus_yarrellii,1,Assemblage,Birds
32,aratinga_jandaya,1,Assemblage,Birds
32,spinus_yarrellii,1,Assemblage,Birds
32,celeus_ochraceus,1,Assemblage,Birds
32,cantorchilus_longirostris,1,Assemblage,Birds
32,compsothraupis_loricata,1,Assemblage,Birds
32,icterus_jamacaii,1,Assemblage,Birds
32,pyrrhura_frontalis,1,Assemblage,Birds
32,cyanocorax_cyanopogon,1,Assemblage,Birds
32,anodorhynchus_hyacinthinus,1,Assemblage,Birds
32,xiphorhynchus_fuscus,1,Assemblage,Birds
32,cypseloides_fumigatus,1,Assemblage,Birds
32,knipolegus_nigerrimus,1,Assemblage,Birds
32,celeus_flavescens,1,Assemblage,Birds
32,streptoprocne_biscutata,1,Assemblage,Birds
32,mergus_octosetaceus,1,Assemblage,Birds
32,lepidocolaptes_squamatus,1,Assemblage,Birds
32,crypturellus_noctivagus,1,Assemblage,Birds
32,heliomaster_squamosus,1,Assemblage,Birds
32,cranioleuca_semicinerea,1,Assemblage,Birds
32,polystictus_superciliaris,1,Assemblage,Birds
32,celeus_obrieni,1,Assemblage,Birds
32,eupsittula_cactorum,1,Assemblage,Birds
32,pseudoseisura_cristata,1,Assemblage,Birds
32,megaxenops_parnaguae,1,Assemblage,Birds
32,hylopezus_ochroleucus,1,Assemblage,Birds
32,nyctiprogne_vielliardi,1,Assemblage,Birds
32,nyctiprogne_vielliardi,1,Assemblage,Birds
32,augastes_lumachella,1,Assemblage,Birds
32,anodorhynchus_leari,1,Assemblage,Birds
32,anodorhynchus_leari,1,Assemblage,Birds
32,spinus_yarrellii,1,Assemblage,Birds
32,phyllomyias_reiseri,1,Assemblage,Birds
32,campylopterus_calcirupicola,1,Assemblage,Birds
32,cyanopsitta_spixii,1,Assemblage,Birds
32,aramides_ypecaha,1,Assemblage,Birds
32,tangara_flava,1,Assemblage,Birds
32,primolius_maracana,1,Assemblage,Birds
32,vanellus_chilensis,1,Assemblage,Birds
32,geranoaetus_melanoleucus,1,Assemblage,Birds
32,zenaida_auriculata,1,Assemblage,Birds
32,ardea_cocoi,1,Assemblage,Birds
32,buteogallus_meridionalis,1,Assemblage,Birds
32,molothrus_bonariensis,1,Assemblage,Birds
32,sicalis_flaveola,1,Assemblage,Birds
32,synallaxis_albescens,1,Assemblage,Birds
32,progne_tapera,1,Assemblage,Birds
32,spinus_magellanicus,1,Assemblage,Birds
32,aegolius_harrisii,1,Assemblage,Birds
32,machetornis_rixosa,1,Assemblage,Birds
32,penelope_superciliaris,1,Assemblage,Birds
32,neomorphus_geoffroyi,1,Assemblage,Birds
32,podilymbus_podiceps,1,Assemblage,Birds
32,crotophaga_ani,1,Assemblage,Birds
32,nothura_maculosa,1,Assemblage,Birds
32,gallinago_paraguaiae,1,Assemblage,Birds
32,ammodramus_humeralis,1,Assemblage,Birds
32,geranoaetus_albicaudatus,1,Assemblage,Birds
32,psittacara_acuticaudatus,1,Assemblage,Birds
32,phimosus_infuscatus,1,Assemblage,Birds
32,saltator_coerulescens,1,Assemblage,Birds
32,icterus_pyrrhopterus,1,Assemblage,Birds
32,phaetusa_simplex,1,Assemblage,Birds
32,sternula_superciliaris,1,Assemblage,Birds
32,chloroceryle_amazona,1,Assemblage,Birds
32,euphonia_chlorotica,1,Assemblage,Birds
32,calliphlox_amethystina,1,Assemblage,Birds
32,crypturellus_tataupa,1,Assemblage,Birds
32,psittacara_leucophthalmus,1,Assemblage,Birds
32,hydropsalis_torquata,1,Assemblage,Birds
32,porphyriops_melanops,1,Assemblage,Birds
32,setopagis_parvula,1,Assemblage,Birds
32,amazonetta_brasiliensis,1,Assemblage,Birds
32,columbina_picui,1,Assemblage,Birds
32,satrapa_icterophrys,1,Assemblage,Birds
32,sublegatus_modestus,1,Assemblage,Birds
32,buteogallus_coronatus,1,Assemblage,Birds
32,guira_guira,1,Assemblage,Birds
32,rhynchotus_rufescens,1,Assemblage,Birds
32,veniliornis_mixtus,1,Assemblage,Birds
32,xolmis_cinereus,1,Assemblage,Birds
32,stigmatura_budytoides,1,Assemblage,Birds
32,serpophaga_subcristata,1,Assemblage,Birds
32,lepidocolaptes_angustirostris,1,Assemblage,Birds
32,rhea_americana,1,Assemblage,Birds
32,piranga_flava,1,Assemblage,Birds
32,vireo_chivi,1,Assemblage,Birds
32,vireo_olivaceus,1,Assemblage,Birds
32,laterallus_melanophaius,1,Assemblage,Birds
32,trogon_curucui,1,Assemblage,Birds
32,cacicus_solitarius,1,Assemblage,Birds
32,turdus_leucomelas,1,Assemblage,Birds
32,cyanoloxia_brissonii,1,Assemblage,Birds
32,megascops_choliba,1,Assemblage,Birds
32,chordeiles_nacunda,1,Assemblage,Birds
32,arundinicola_leucocephala,1,Assemblage,Birds
32,chrysuronia_versicolor,1,Assemblage,Birds
32,euscarthmus_meloryphus,1,Assemblage,Birds
32,porzana_albicollis,1,Assemblage,Birds
32,pachyramphus_validus,1,Assemblage,Birds
32,gallinago_undulata,1,Assemblage,Birds
32,geothlypis_aequinoctialis,1,Assemblage,Birds
32,chordeiles_pusillus,1,Assemblage,Birds
32,xenopsaris_albinucha,1,Assemblage,Birds
32,gnorimopsar_chopi,1,Assemblage,Birds
32,ramphastos_toco,1,Assemblage,Birds
32,theristicus_caudatus,1,Assemblage,Birds
32,hemitriccus_margaritaceiventer,1,Assemblage,Birds
32,sarkidiornis_sylvicola,1,Assemblage,Birds
32,leptotila_rufaxilla,1,Assemblage,Birds
32,milvago_chimachima,1,Assemblage,Birds
32,sittasomus_griseicapillus,1,Assemblage,Birds
32,dacnis_cayana,1,Assemblage,Birds
32,xenops_rutilus,1,Assemblage,Birds
32,micrastur_semitorquatus,1,Assemblage,Birds
32,colonia_colonus,1,Assemblage,Birds
32,nyctibius_griseus,1,Assemblage,Birds
32,phaeomyias_murina,1,Assemblage,Birds
32,campylorhamphus_trochilirostris,1,Assemblage,Birds
32,hemithraupis_guira,1,Assemblage,Birds
32,xolmis_velatus,1,Assemblage,Birds
32,buteo_brachyurus,1,Assemblage,Birds
32,antrostomus_rufus,1,Assemblage,Birds
32,tangara_palmarum,1,Assemblage,Birds
32,emberizoides_herbicola,1,Assemblage,Birds
32,accipiter_poliogaster,1,Assemblage,Birds
32,platyrinchus_mystaceus,1,Assemblage,Birds
32,pionus_maximiliani,1,Assemblage,Birds
32,nystalus_chacuru,1,Assemblage,Birds
32,colaptes_campestris,1,Assemblage,Birds
32,columbina_squammata,1,Assemblage,Birds
32,crypturellus_undulatus,1,Assemblage,Birds
32,nonnula_rubecula,1,Assemblage,Birds
32,coccyzus_euleri,1,Assemblage,Birds
32,eupsittula_aurea,1,Assemblage,Birds
32,colibri_serrirostris,1,Assemblage,Birds
32,synallaxis_scutata,1,Assemblage,Birds
32,sicalis_luteola,1,Assemblage,Birds
32,polytmus_guainumbi,1,Assemblage,Birds
32,leptopogon_amaurocephalus,1,Assemblage,Birds
32,sporophila_plumbea,1,Assemblage,Birds
32,nemosia_pileata,1,Assemblage,Birds
32,sporophila_leucoptera,1,Assemblage,Birds
32,empidonomus_varius,1,Assemblage,Birds
32,gampsonyx_swainsonii,1,Assemblage,Birds
32,elaenia_chiriquensis,1,Assemblage,Birds
32,stelgidopteryx_ruficollis,1,Assemblage,Birds
32,neomorphus_geoffroyi,1,Assemblage,Birds
32,mesembrinibis_cayennensis,1,Assemblage,Birds
32,buteo_nitidus,1,Assemblage,Birds
32,micropygia_schomburgkii,1,Assemblage,Birds
32,campephilus_melanoleucos,1,Assemblage,Birds
32,progne_tapera,1,Assemblage,Birds
32,dendroplex_picus,1,Assemblage,Birds
32,anhima_cornuta,1,Assemblage,Birds
32,tersina_viridis,1,Assemblage,Birds
32,philohydor_lictor,1,Assemblage,Birds
32,pachyramphus_castaneus,1,Assemblage,Birds
32,piculus_chrysochloros,1,Assemblage,Birds
32,tyrannus_albogularis,1,Assemblage,Birds
32,phacellodomus_rufifrons,1,Assemblage,Birds
32,elaenia_spectabilis,1,Assemblage,Birds
32,tachornis_squamata,1,Assemblage,Birds
32,forpus_xanthopterygius,1,Assemblage,Birds
32,phaethornis_ruber,1,Assemblage,Birds
32,synallaxis_hypospodia,1,Assemblage,Birds
32,amazona_amazonica,1,Assemblage,Birds
32,lathrotriccus_euleri,1,Assemblage,Birds
32,ramphocelus_carbo,1,Assemblage,Birds
32,chaetura_meridionalis,1,Assemblage,Birds
32,tachycineta_albiventer,1,Assemblage,Birds
32,ara_chloropterus,1,Assemblage,Birds
32,ara_ararauna,1,Assemblage,Birds
32,tolmomyias_flaviventris,1,Assemblage,Birds
32,furnarius_leucopus,1,Assemblage,Birds
32,pilherodius_pileatus,1,Assemblage,Birds
32,myiothlypis_flaveola,1,Assemblage,Birds
32,formicivora_rufa,1,Assemblage,Birds
32,heliactin_bilophus,1,Assemblage,Birds
32,cranioleuca_vulpina,1,Assemblage,Birds
32,cypsnagra_hirundinacea,1,Assemblage,Birds
32,chrysolampis_mosquitus,1,Assemblage,Birds
32,coryphospingus_pileatus,1,Assemblage,Birds
32,monasa_nigrifrons,1,Assemblage,Birds
32,euscarthmus_rufomarginatus,1,Assemblage,Birds
32,formicivora_grisea,1,Assemblage,Birds
32,myiodynastes_solitarius,1,Assemblage,Birds
32,uropelia_campestris,1,Assemblage,Birds
32,myiarchus_swainsoni,1,Assemblage,Birds
32,hemitriccus_striaticollis,1,Assemblage,Birds
32,sicalis_columbiana,1,Assemblage,Birds
32,pheugopedius_genibarbis,1,Assemblage,Birds
32,turdus_amaurochalinus,1,Assemblage,Birds
32,elaenia_cristata,1,Assemblage,Birds
32,orthopsittaca_manilatus,1,Assemblage,Birds
32,arremon_taciturnus,1,Assemblage,Birds
32,myiarchus_swainsoni,1,Assemblage,Birds
32,furnarius_rufus,1,Assemblage,Birds
32,mimus_saturninus,1,Assemblage,Birds
32,leistes_superciliaris,1,Assemblage,Birds
32,xolmis_irupero,1,Assemblage,Birds
32,polioptila_dumicola,1,Assemblage,Birds
32,synallaxis_frontalis,1,Assemblage,Birds
32,alipiopsitta_xanthops,1,Assemblage,Birds
32,suiriri_suiriri,1,Assemblage,Birds
32,laterallus_xenopterus,1,Assemblage,Birds
32,thalurania_furcata,1,Assemblage,Birds
32,veniliornis_passerinus,1,Assemblage,Birds
32,sicalis_citrina,1,Assemblage,Birds
32,brotogeris_chiriri,1,Assemblage,Birds
32,contopus_cinereus,1,Assemblage,Birds
32,jacana_jacana,1,Assemblage,Birds
32,anthus_chii,1,Assemblage,Birds
32,piaya_cayana,1,Assemblage,Birds
32,tigrisoma_lineatum,1,Assemblage,Birds
32,coccyzus_americanus,1,Assemblage,Birds
32,tachyphonus_rufus,1,Assemblage,Birds
32,pygochelidon_cyanoleuca,1,Assemblage,Birds
32,camptostoma_obsoletum,1,Assemblage,Birds
32,elanoides_forficatus,1,Assemblage,Birds
32,myiophobus_fasciatus,1,Assemblage,Birds
32,myiarchus_tyrannulus,1,Assemblage,Birds
32,certhiaxis_cinnamomeus,1,Assemblage,Birds
32,myiozetetes_similis,1,Assemblage,Birds
32,myiobius_atricaudus,1,Assemblage,Birds
32,fluvicola_nengeta,1,Assemblage,Birds
32,sporophila_nigricollis,1,Assemblage,Birds
32,ictinia_plumbea,1,Assemblage,Birds
32,myiozetetes_cayanensis,1,Assemblage,Birds
32,netta_erythrophthalma,1,Assemblage,Birds
32,hirundinea_bellicosa,1,Assemblage,Birds
32,melanerpes_candidus,1,Assemblage,Birds
32,tityra_braziliensis,1,Assemblage,Birds
32,phacellodomus_ruber,1,Assemblage,Birds
32,amazona_aestiva,1,Assemblage,Birds
32,euphonia_violacea,1,Assemblage,Birds
32,tangara_sayaca,1,Assemblage,Birds
32,basileuterus_auricapilla,1,Assemblage,Birds
32,sporophila_angolensis,1,Assemblage,Birds
32,cnemotriccus_fuscatus,1,Assemblage,Birds
32,myiarchus_ferox,1,Assemblage,Birds
32,chionomesa_fimbriata,1,Assemblage,Birds
32,thlypopsis_sordida,1,Assemblage,Birds
32,conirostrum_speciosum,1,Assemblage,Birds
32,penelope_jacucaca,1,Assemblage,Birds
32,xiphocolaptes_falcirostris,1,Assemblage,Birds
32,xiphocolaptes_falcirostris,1,Assemblage,Birds
32,anopetia_gounellei,1,Assemblage,Birds
32,arremon_franciscanus,1,Assemblage,Birds
32,berlepschia_rikeri,1,Assemblage,Birds
32,synallaxis_hellmayri,1,Assemblage,Birds
32,synallaxis_hellmayri,1,Assemblage,Birds
32,synallaxis_hellmayri,1,Assemblage,Birds
32,casiornis_rufus,1,Assemblage,Birds
33,quiscalus_palustris,0,Assemblage,Birds
33,calidris_alba,1,Assemblage,Birds
33,calidris_canutus,1,Assemblage,Birds
33,arenaria_interpres,1,Assemblage,Birds
33,calidris_melanotos,1,Assemblage,Birds
33,parabuteo_unicinctus,1,Assemblage,Birds
33,cistothorus_platensis,1,Assemblage,Birds
33,caracara_plancus,1,Assemblage,Birds
33,egretta_thula,1,Assemblage,Birds
33,pluvialis_squatarola,1,Assemblage,Birds
33,falco_peregrinus,1,Assemblage,Birds
33,passer_domesticus,1,Assemblage,Birds
33,pluvialis_dominica,1,Assemblage,Birds
33,bubulcus_ibis,1,Assemblage,Birds
33,accipiter_striatus,1,Assemblage,Birds
33,calidris_mauri,1,Assemblage,Birds
33,sayornis_nigricans,1,Assemblage,Birds
33,tringa_melanoleuca,1,Assemblage,Birds
33,nycticorax_nycticorax,1,Assemblage,Birds
33,spatula_cyanoptera,1,Assemblage,Birds
33,tringa_flavipes,1,Assemblage,Birds
33,pyrocephalus_rubinus,1,Assemblage,Birds
33,cathartes_aura,1,Assemblage,Birds
33,tyto_alba,1,Assemblage,Birds
33,troglodytes_aedon,1,Assemblage,Birds
33,catharus_aurantiirostris,1,Assemblage,Birds
33,crotophaga_sulcirostris,1,Assemblage,Birds
33,coccyzus_erythropthalmus,1,Assemblage,Birds
33,podilymbus_podiceps,1,Assemblage,Birds
33,ardea_alba,1,Assemblage,Birds
33,dendrocygna_bicolor,1,Assemblage,Birds
33,pandion_haliaetus,1,Assemblage,Birds
33,calidris_pusilla,1,Assemblage,Birds
33,bubo_virginianus,1,Assemblage,Birds
33,calidris_himantopus,1,Assemblage,Birds
33,chloroceryle_americana,1,Assemblage,Birds
33,nyctanassa_violacea,1,Assemblage,Birds
33,glaucidium_brasilianum,1,Assemblage,Birds
33,tringa_solitaria,1,Assemblage,Birds
33,limnodromus_griseus,1,Assemblage,Birds
33,calidris_alpina,1,Assemblage,Birds
33,calidris_bairdii,1,Assemblage,Birds
33,corvus_corax,1,Assemblage,Birds
33,larus_atricilla,1,Assemblage,Birds
33,setophaga_petechia,1,Assemblage,Birds
33,eremophila_alpestris,1,Assemblage,Birds
33,mareca_americana,1,Assemblage,Birds
33,spatula_clypeata,1,Assemblage,Birds
33,limosa_fedoa,1,Assemblage,Birds
33,steganopus_tricolor,1,Assemblage,Birds
33,aythya_affinis,1,Assemblage,Birds
33,contopus_sordidulus,1,Assemblage,Birds
33,loxia_curvirostra,1,Assemblage,Birds
33,anas_acuta,1,Assemblage,Birds
33,melanerpes_formicivorus,1,Assemblage,Birds
33,chlidonias_niger,1,Assemblage,Birds
33,falco_columbarius,1,Assemblage,Birds
33,catharus_swainsoni,1,Assemblage,Birds
33,zenaida_macroura,1,Assemblage,Birds
33,spinus_psaltria,1,Assemblage,Birds
33,quiscalus_mexicanus,1,Assemblage,Birds
33,gallinago_delicata,1,Assemblage,Birds
33,circus_hudsonius,1,Assemblage,Birds
33,fulica_americana,1,Assemblage,Birds
33,setophaga_coronata,1,Assemblage,Birds
33,riparia_riparia,1,Assemblage,Birds
33,mniotilta_varia,1,Assemblage,Birds
33,sturnella_magna,1,Assemblage,Birds
33,parkesia_noveboracensis,1,Assemblage,Birds
33,chordeiles_minor,1,Assemblage,Birds
33,mitrephanes_phaeocercus,1,Assemblage,Birds
33,larus_pipixcan,1,Assemblage,Birds
33,tyrannus_tyrannus,1,Assemblage,Birds
33,basileuterus_rufifrons,1,Assemblage,Birds
33,pheucticus_ludovicianus,1,Assemblage,Birds
33,ardea_herodias,1,Assemblage,Birds
33,ixobrychus_exilis,1,Assemblage,Birds
33,falco_sparverius,1,Assemblage,Birds
33,cinclus_mexicanus,1,Assemblage,Birds
33,leuconotopicus_villosus,1,Assemblage,Birds
33,aythya_collaris,1,Assemblage,Birds
33,regulus_satrapa,1,Assemblage,Birds
33,bucephala_albeola,1,Assemblage,Birds
33,petrochelidon_pyrrhonota,1,Assemblage,Birds
33,amazona_viridigenalis,1,Assemblage,Birds
33,lampornis_clemenciae,1,Assemblage,Birds
33,sporophila_torqueola,1,Assemblage,Birds
33,icterus_bullockiorum,1,Assemblage,Birds
33,empidonax_oberholseri,1,Assemblage,Birds
33,empidonax_minimus,1,Assemblage,Birds
33,empidonax_hammondii,1,Assemblage,Birds
33,aimophila_rufescens,1,Assemblage,Birds
33,spinus_notatus,1,Assemblage,Birds
33,icterus_wagleri,1,Assemblage,Birds
33,camptostoma_imberbe,1,Assemblage,Birds
33,myioborus_pictus,1,Assemblage,Birds
33,euphonia_elegantissima,1,Assemblage,Birds
33,empidonax_albigularis,1,Assemblage,Birds
33,catharus_frantzii,1,Assemblage,Birds
33,diglossa_baritula,1,Assemblage,Birds
33,spizella_passerina,1,Assemblage,Birds
33,archilochus_alexandri,1,Assemblage,Birds
33,spatula_discors,1,Assemblage,Birds
33,leiothlypis_celata,1,Assemblage,Birds
33,setophaga_occidentalis,1,Assemblage,Birds
33,chondestes_grammacus,1,Assemblage,Birds
33,selasphorus_calliope,1,Assemblage,Birds
33,cistothorus_palustris,1,Assemblage,Birds
33,setophaga_ruticilla,1,Assemblage,Birds
33,tyrannus_vociferans,1,Assemblage,Birds
33,stelgidopteryx_serripennis,1,Assemblage,Birds
33,amazona_oratrix,1,Assemblage,Birds
33,sterna_forsteri,1,Assemblage,Birds
33,amazona_autumnalis,1,Assemblage,Birds
33,pooecetes_gramineus,1,Assemblage,Birds
33,dryobates_scalaris,1,Assemblage,Birds
33,anthus_spragueii,1,Assemblage,Birds
33,ammodramus_savannarum,1,Assemblage,Birds
33,setophaga_townsendi,1,Assemblage,Birds
33,sialia_mexicana,1,Assemblage,Birds
33,sayornis_saya,1,Assemblage,Birds
33,leiothlypis_ruficapilla,1,Assemblage,Birds
33,asio_otus,1,Assemblage,Birds
33,salpinctes_obsoletus,1,Assemblage,Birds
33,icteria_virens,1,Assemblage,Birds
33,pipilo_chlorurus,1,Assemblage,Birds
33,geothlypis_trichas,1,Assemblage,Birds
33,aythya_americana,1,Assemblage,Birds
33,charadrius_nivosus,1,Assemblage,Birds
33,melopsittacus_undulatus,1,Assemblage,Birds
33,limnodromus_scolopaceus,1,Assemblage,Birds
33,botaurus_lentiginosus,1,Assemblage,Birds
33,myiarchus_tuberculifer,1,Assemblage,Birds
33,chordeiles_acutipennis,1,Assemblage,Birds
33,piranga_hepatica,1,Assemblage,Birds
33,streptoprocne_rutila,1,Assemblage,Birds
33,progne_subis,1,Assemblage,Birds
33,icterus_galbula,1,Assemblage,Birds
33,myioborus_miniatus,1,Assemblage,Birds
33,megaceryle_alcyon,1,Assemblage,Birds
33,porzana_carolina,1,Assemblage,Birds
33,calidris_minutilla,1,Assemblage,Birds
33,gallinula_galeata,1,Assemblage,Birds
33,himantopus_himantopus,1,Assemblage,Birds
33,charadrius_vociferus,1,Assemblage,Birds
33,rallus_limicola,1,Assemblage,Birds
33,actitis_macularius,1,Assemblage,Birds
33,bartramia_longicauda,1,Assemblage,Birds
33,turdus_migratorius,1,Assemblage,Birds
33,certhia_americana,1,Assemblage,Birds
33,spinus_pinus,1,Assemblage,Birds
33,glaucidium_gnoma,1,Assemblage,Birds
33,anas_carolinensis,1,Assemblage,Birds
33,agelaius_phoeniceus,1,Assemblage,Birds
33,cypseloides_niger,1,Assemblage,Birds
33,megascops_kennicottii,1,Assemblage,Birds
33,colaptes_cafer,1,Assemblage,Birds
33,mareca_strepera,1,Assemblage,Birds
33,cyanocitta_stelleri,1,Assemblage,Birds
33,limosa_haemastica,1,Assemblage,Birds
33,grallaria_guatimalensis,1,Assemblage,Birds
33,porphyrio_martinicus,1,Assemblage,Birds
33,passerina_cyanea,1,Assemblage,Birds
33,molothrus_aeneus,1,Assemblage,Birds
33,tachycineta_bicolor,1,Assemblage,Birds
33,seiurus_aurocapilla,1,Assemblage,Birds
33,contopus_cooperi,1,Assemblage,Birds
33,sphyrapicus_varius,1,Assemblage,Birds
33,bombycilla_cedrorum,1,Assemblage,Birds
33,setophaga_auduboni,1,Assemblage,Birds
33,egretta_caerulea,1,Assemblage,Birds
33,coccyzus_americanus,1,Assemblage,Birds
33,egretta_tricolor,1,Assemblage,Birds
33,turdus_assimilis,1,Assemblage,Birds
33,buteo_swainsoni,1,Assemblage,Birds
33,ciccaba_virgata,1,Assemblage,Birds
33,piranga_rubra,1,Assemblage,Birds
33,melospiza_melodia,1,Assemblage,Birds
33,cistothorus_palustris,1,Assemblage,Birds
33,buteo_regalis,1,Assemblage,Birds
33,cardellina_pusilla,1,Assemblage,Birds
33,geothlypis_tolmiei,1,Assemblage,Birds
33,empidonax_traillii,1,Assemblage,Birds
33,piranga_bidentata,1,Assemblage,Birds
33,accipiter_cooperii,1,Assemblage,Birds
33,xanthocephalus_xanthocephalus,1,Assemblage,Birds
33,peucaea_botterii,1,Assemblage,Birds
33,antrostomus_ridgwayi,1,Assemblage,Birds
33,vireo_gilvus,1,Assemblage,Birds
33,basilinna_leucotis,1,Assemblage,Birds
33,eugenes_fulgens,1,Assemblage,Birds
33,trogon_ambiguus,1,Assemblage,Birds
33,baeolophus_wollweberi,1,Assemblage,Birds
33,piranga_ludoviciana,1,Assemblage,Birds
33,podiceps_nigricollis,1,Assemblage,Birds
33,vireo_huttoni,1,Assemblage,Birds
33,pipilo_maculatus,1,Assemblage,Birds
33,psaltriparus_minimus,1,Assemblage,Birds
33,thryomanes_bewickii,1,Assemblage,Birds
33,aythya_valisineria,1,Assemblage,Birds
33,haemorhous_mexicanus,1,Assemblage,Birds
33,larus_delawarensis,1,Assemblage,Birds
33,catharus_guttatus,1,Assemblage,Birds
33,melospiza_lincolnii,1,Assemblage,Birds
33,numenius_americanus,1,Assemblage,Birds
33,corthylio_calendula,1,Assemblage,Birds
33,buteo_jamaicensis,1,Assemblage,Birds
33,anthus_rubescens,1,Assemblage,Birds
33,oxyura_jamaicensis,1,Assemblage,Birds
33,aimophila_ruficeps,1,Assemblage,Birds
33,catherpes_mexicanus,1,Assemblage,Birds
33,lanius_ludovicianus,1,Assemblage,Birds
33,catharus_ustulatus,1,Assemblage,Birds
33,aeronautes_saxatalis,1,Assemblage,Birds
33,columbina_inca,1,Assemblage,Birds
33,passerina_caerulea,1,Assemblage,Birds
33,patagioenas_fasciata,1,Assemblage,Birds
33,pelecanus_erythrorhynchos,1,Assemblage,Birds
33,aphelocoma_californica,1,Assemblage,Birds
33,polioptila_caerulea,1,Assemblage,Birds
33,mimus_polyglottos,1,Assemblage,Birds
33,saucerottia_beryllina,1,Assemblage,Birds
33,myadestes_occidentalis,1,Assemblage,Birds
33,ptiliogonys_cinereus,1,Assemblage,Birds
33,poecile_sclateri,1,Assemblage,Birds
33,trogon_mexicanus,1,Assemblage,Birds
33,hesperiphona_abeillei,1,Assemblage,Birds
33,contopus_pertinax,1,Assemblage,Birds
33,selasphorus_platycercus,1,Assemblage,Birds
33,campephilus_imperialis,1,Assemblage,Birds
33,empidonax_fulvifrons,1,Assemblage,Birds
33,empidonax_affinis,1,Assemblage,Birds
33,basileuterus_belli,1,Assemblage,Birds
33,cardellina_rubrifrons,1,Assemblage,Birds
33,lampornis_amethystinus,1,Assemblage,Birds
33,colibri_thalassinus,1,Assemblage,Birds
33,vireo_plumbeus,1,Assemblage,Birds
33,athene_cunicularia,1,Assemblage,Birds
33,icterus_cucullatus,1,Assemblage,Birds
33,aphelocoma_ultramarina,1,Assemblage,Birds
33,amazona_albifrons,1,Assemblage,Birds
33,icterus_spurius,1,Assemblage,Birds
33,geothlypis_nelsoni,1,Assemblage,Birds
33,setophaga_graciae,1,Assemblage,Birds
33,phainopepla_nitens,1,Assemblage,Birds
33,toxostoma_ocellatum,1,Assemblage,Birds
33,tyrannus_forficatus,1,Assemblage,Birds
33,campylorhynchus_megalopterus,1,Assemblage,Birds
33,icterus_abeillei,1,Assemblage,Birds
33,quiscalus_palustris,1,Assemblage,Birds
33,haemorhous_cassinii,1,Assemblage,Birds
33,arremon_virenticeps,1,Assemblage,Birds
33,psiloscops_flammeolus,1,Assemblage,Birds
33,pheucticus_melanocephalus,1,Assemblage,Birds
33,rallus_tenuirostris,1,Assemblage,Birds
33,butorides_striata,1,Assemblage,Birds
33,buteo_lineatus,1,Assemblage,Birds
33,dendrortyx_macroura,1,Assemblage,Birds
33,hirundo_rustica,1,Assemblage,Birds
33,plegadis_chihi,1,Assemblage,Birds
33,cynanthus_latirostris,1,Assemblage,Birds
33,empidonax_occidentalis,1,Assemblage,Birds
33,turdus_rufopalliatus,1,Assemblage,Birds
33,lepidocolaptes_leucogaster,1,Assemblage,Birds
33,piranga_erythrocephala,1,Assemblage,Birds
33,ridgwayia_pinicola,1,Assemblage,Birds
33,oreothlypis_superciliosa,1,Assemblage,Birds
33,melozone_kieneri,1,Assemblage,Birds
33,streptoprocne_semicollaris,1,Assemblage,Birds
33,atlapetes_pileatus,1,Assemblage,Birds
33,cardellina_rubra,1,Assemblage,Birds
33,catharus_occidentalis,1,Assemblage,Birds
33,melanotis_caerulescens,1,Assemblage,Birds
33,oriturus_superciliosus,1,Assemblage,Birds
33,selasphorus_heloisa,1,Assemblage,Birds
33,icterus_cucullatus,1,Assemblage,Birds
33,leuconotopicus_stricklandi,1,Assemblage,Birds
33,phaeoptila_sordida,1,Assemblage,Birds
33,calothorax_lucifer,1,Assemblage,Birds
33,micrathene_whitneyi,1,Assemblage,Birds
33,selasphorus_sasin,1,Assemblage,Birds
33,xenospiza_baileyi,1,Assemblage,Birds
33,selasphorus_calliope,1,Assemblage,Birds
33,tyrannus_crassirostris,1,Assemblage,Birds
33,geothlypis_speciosa,1,Assemblage,Birds
33,aechmophorus_occidentalis,1,Assemblage,Birds
33,zenaida_asiatica,1,Assemblage,Birds
33,empidonax_wrightii,1,Assemblage,Birds
33,setophaga_nigrescens,1,Assemblage,Birds
33,peucedramus_taeniatus,1,Assemblage,Birds
33,icterus_parisorum,1,Assemblage,Birds
33,ixobrychus_exilis,1,Assemblage,Birds
33,leiothlypis_virginiae,1,Assemblage,Birds
33,passerina_ciris,1,Assemblage,Birds
33,buteo_albonotatus,1,Assemblage,Birds
33,anas_fulvigula,1,Assemblage,Birds
33,megascops_trichopsis,1,Assemblage,Birds
33,tachycineta_thalassina,1,Assemblage,Birds
33,passerina_amoena,1,Assemblage,Birds
33,leucolia_violiceps,1,Assemblage,Birds
33,campylorhynchus_gularis,1,Assemblage,Birds
33,myiarchus_cinerascens,1,Assemblage,Birds
33,sayornis_phoebe,1,Assemblage,Birds
33,archilochus_colubris,1,Assemblage,Birds
33,tyrannus_verticalis,1,Assemblage,Birds
33,sturnus_vulgaris,1,Assemblage,Birds
33,spizella_atrogularis,1,Assemblage,Birds
33,cyrtonyx_montezumae,1,Assemblage,Birds
33,sitta_pygmaea,1,Assemblage,Birds
33,chaetura_vauxi,1,Assemblage,Birds
33,recurvirostra_americana,1,Assemblage,Birds
33,eupsittula_canicularis,1,Assemblage,Birds
33,meleagris_gallopavo,1,Assemblage,Birds
33,molothrus_ater,1,Assemblage,Birds
33,hesperiphona_vespertina,1,Assemblage,Birds
33,melospiza_georgiana,1,Assemblage,Birds
33,geococcyx_californianus,1,Assemblage,Birds
33,passerculus_sandwichensis,1,Assemblage,Birds
33,auriparus_flaviceps,1,Assemblage,Birds
33,aechmophorus_clarkii,1,Assemblage,Birds
33,antrostomus_arizonae,1,Assemblage,Birds
33,junco_phaeonotus,1,Assemblage,Birds
33,passerina_versicolor,1,Assemblage,Birds
33,vireo_bellii,1,Assemblage,Birds
33,vireo_plumbeus,1,Assemblage,Birds
33,vireo_cassinii,1,Assemblage,Birds
33,vireo_atricapilla,1,Assemblage,Birds
33,selasphorus_rufus,1,Assemblage,Birds
33,spizella_pallida,1,Assemblage,Birds
33,toxostoma_curvirostre,1,Assemblage,Birds
33,melozone_fusca,1,Assemblage,Birds
33,euphagus_cyanocephalus,1,Assemblage,Birds
34,cichlocolaptes_mazarbarnetti,0,Assemblage,Birds
34,calidris_alba,1,Assemblage,Birds
34,calidris_canutus,1,Assemblage,Birds
34,arenaria_interpres,1,Assemblage,Birds
34,parabuteo_unicinctus,1,Assemblage,Birds
34,pitangus_sulphuratus,1,Assemblage,Birds
34,accipiter_bicolor,1,Assemblage,Birds
34,nannopterum_brasilianum,1,Assemblage,Birds
34,zonotrichia_capensis,1,Assemblage,Birds
34,falco_femoralis,1,Assemblage,Birds
34,caracara_plancus,1,Assemblage,Birds
34,haematopus_palliatus,1,Assemblage,Birds
34,hirundo_rustica,1,Assemblage,Birds
34,pluvialis_squatarola,1,Assemblage,Birds
34,calidris_fuscicollis,1,Assemblage,Birds
34,passer_domesticus,1,Assemblage,Birds
34,numenius_phaeopus,1,Assemblage,Birds
34,pluvialis_dominica,1,Assemblage,Birds
34,bubulcus_ibis,1,Assemblage,Birds
34,tringa_melanoleuca,1,Assemblage,Birds
34,tringa_flavipes,1,Assemblage,Birds
34,egretta_thula,1,Assemblage,Birds
34,pandion_haliaetus,1,Assemblage,Birds
34,cathartes_aura,1,Assemblage,Birds
34,tyto_alba,1,Assemblage,Birds
34,coragyps_atratus,1,Assemblage,Birds
34,falco_sparverius,1,Assemblage,Birds
34,troglodytes_aedon,1,Assemblage,Birds
34,nomonyx_dominicus,1,Assemblage,Birds
34,megaceryle_torquata,1,Assemblage,Birds
34,gelochelidon_nilotica,1,Assemblage,Birds
34,thalasseus_sandvicensis,1,Assemblage,Birds
34,podilymbus_podiceps,1,Assemblage,Birds
34,ardea_alba,1,Assemblage,Birds
34,sterna_hirundo,1,Assemblage,Birds
34,anas_bahamensis,1,Assemblage,Birds
34,dendrocygna_viduata,1,Assemblage,Birds
34,chordeiles_minor,1,Assemblage,Birds
34,cyclarhis_gujanensis,1,Assemblage,Birds
34,columbina_talpacoti,1,Assemblage,Birds
34,aramides_cajaneus,1,Assemblage,Birds
34,tapera_naevia,1,Assemblage,Birds
34,patagioenas_cayennensis,1,Assemblage,Birds
34,rostrhamus_sociabilis,1,Assemblage,Birds
34,coereba_flaveola,1,Assemblage,Birds
34,crotophaga_major,1,Assemblage,Birds
34,taraba_major,1,Assemblage,Birds
34,elaenia_flavogaster,1,Assemblage,Birds
34,tolmomyias_sulphurescens,1,Assemblage,Birds
34,pulsatrix_perspicillata,1,Assemblage,Birds
34,legatus_leucophaius,1,Assemblage,Birds
34,chlorophanes_spiza,1,Assemblage,Birds
34,columbina_minuta,1,Assemblage,Birds
34,claravis_pretiosa,1,Assemblage,Birds
34,hoploxypterus_cayanus,1,Assemblage,Birds
34,tityra_inquisitor,1,Assemblage,Birds
34,coccyzus_melacoryphus,1,Assemblage,Birds
34,cathartes_burrovianus,1,Assemblage,Birds
34,dysithamnus_mentalis,1,Assemblage,Birds
34,ramphocaenus_melanurus,1,Assemblage,Birds
34,neocrex_erythrops,1,Assemblage,Birds
34,aramus_guarauna,1,Assemblage,Birds
34,pachyramphus_polychopterus,1,Assemblage,Birds
34,herpsilochmus_scapularis,1,Assemblage,Birds
34,schistochlamys_melanopis,1,Assemblage,Birds
34,chiroxiphia_pareola,1,Assemblage,Birds
34,dendrocygna_bicolor,1,Assemblage,Birds
34,calidris_pusilla,1,Assemblage,Birds
34,butorides_striata,1,Assemblage,Birds
34,bubo_virginianus,1,Assemblage,Birds
34,rynchops_niger,1,Assemblage,Birds
34,chloroceryle_americana,1,Assemblage,Birds
34,tachybaptus_dominicus,1,Assemblage,Birds
34,glaucidium_brasilianum,1,Assemblage,Birds
34,mycteria_americana,1,Assemblage,Birds
34,geranospiza_caerulescens,1,Assemblage,Birds
34,leptotila_verreauxi,1,Assemblage,Birds
34,hylatomus_lineatus,1,Assemblage,Birds
34,herpetotheres_cachinnans,1,Assemblage,Birds
34,falco_rufigularis,1,Assemblage,Birds
34,tringa_solitaria,1,Assemblage,Birds
34,tyrannus_melancholicus,1,Assemblage,Birds
34,volatinia_jacarina,1,Assemblage,Birds
34,nyctidromus_albicollis,1,Assemblage,Birds
34,progne_chalybea,1,Assemblage,Birds
34,cairina_moschata,1,Assemblage,Birds
34,busarellus_nigricollis,1,Assemblage,Birds
34,charadrius_collaris,1,Assemblage,Birds
34,setophaga_pitiayumi,1,Assemblage,Birds
34,geotrygon_montana,1,Assemblage,Birds
34,anhinga_anhinga,1,Assemblage,Birds
34,riparia_riparia,1,Assemblage,Birds
34,limnodromus_griseus,1,Assemblage,Birds
34,panyptila_cayennensis,1,Assemblage,Birds
34,amaurolimnas_concolor,1,Assemblage,Birds
34,galbula_ruficauda,1,Assemblage,Birds
34,cyanerpes_cyaneus,1,Assemblage,Birds
34,saltator_maximus,1,Assemblage,Birds
34,mionectes_oleagineus,1,Assemblage,Birds
34,xenops_genibarbis,1,Assemblage,Birds
34,todirostrum_cinereum,1,Assemblage,Birds
34,crypturellus_soui,1,Assemblage,Birds
34,mimus_gilvus,1,Assemblage,Birds
34,pyriglena_leuconota,1,Assemblage,Birds
34,myiarchus_tuberculifer,1,Assemblage,Birds
34,diopsittaca_cumanensis,1,Assemblage,Birds
34,chordeiles_acutipennis,1,Assemblage,Birds
34,harpagus_bidentatus,1,Assemblage,Birds
34,discosura_longicaudus,1,Assemblage,Birds
34,chelidoptera_tenebrosa,1,Assemblage,Birds
34,columbina_passerina,1,Assemblage,Birds
34,myiopagis_viridicata,1,Assemblage,Birds
34,tringa_semipalmata,1,Assemblage,Birds
34,calidris_minutilla,1,Assemblage,Birds
34,gallinula_galeata,1,Assemblage,Birds
34,himantopus_himantopus,1,Assemblage,Birds
34,actitis_macularius,1,Assemblage,Birds
34,elanus_leucurus,1,Assemblage,Birds
34,limosa_haemastica,1,Assemblage,Birds
34,porphyrio_martinicus,1,Assemblage,Birds
34,pardirallus_maculatus,1,Assemblage,Birds
34,rupornis_magnirostris,1,Assemblage,Birds
34,sarcoramphus_papa,1,Assemblage,Birds
34,dromococcyx_phasianellus,1,Assemblage,Birds
34,micrastur_ruficollis,1,Assemblage,Birds
34,laterallus_flaviventer,1,Assemblage,Birds
34,morphnus_guianensis,1,Assemblage,Birds
34,crypturellus_parvirostris,1,Assemblage,Birds
34,eupetomena_macroura,1,Assemblage,Birds
34,buteo_albonotatus,1,Assemblage,Birds
34,ciccaba_virgata,1,Assemblage,Birds
34,attila_spadiceus,1,Assemblage,Birds
34,megarynchus_pitangua,1,Assemblage,Birds
34,polioptila_plumbea,1,Assemblage,Birds
34,chrysomus_ruficapillus,1,Assemblage,Birds
34,pteroglossus_aracari,1,Assemblage,Birds
34,sporophila_bouvreuil,1,Assemblage,Birds
34,glaucis_hirsutus,1,Assemblage,Birds
34,neopelma_pallescens,1,Assemblage,Birds
34,chrysuronia_leucogaster,1,Assemblage,Birds
34,picumnus_pygmaeus,1,Assemblage,Birds
34,stigmatura_bahiae,1,Assemblage,Birds
34,rhynchocyclus_olivaceus,1,Assemblage,Birds
34,patagioenas_picazuro,1,Assemblage,Birds
34,chlorostilbon_lucidus,1,Assemblage,Birds
34,cariama_cristata,1,Assemblage,Birds
34,turdus_rufiventris,1,Assemblage,Birds
34,larus_cirrocephalus,1,Assemblage,Birds
34,myrmoderus_ruficauda,1,Assemblage,Birds
34,phaethornis_pretrei,1,Assemblage,Birds
34,herpsilochmus_atricapillus,1,Assemblage,Birds
34,schistochlamys_ruficapillus,1,Assemblage,Birds
34,aramides_mangle,1,Assemblage,Birds
34,formicivora_melanogaster,1,Assemblage,Birds
34,furnarius_figulus,1,Assemblage,Birds
34,thamnophilus_pelzelni,1,Assemblage,Birds
34,nothura_boraquira,1,Assemblage,Birds
34,sakesphorus_cristatus,1,Assemblage,Birds
34,nyctipolus_hirundinaceus,1,Assemblage,Birds
34,agelaioides_fringillarius,1,Assemblage,Birds
34,paroaria_dominicana,1,Assemblage,Birds
34,casiornis_fuscus,1,Assemblage,Birds
34,fluvicola_albiventer,1,Assemblage,Birds
34,colaptes_melanochloros,1,Assemblage,Birds
34,nystalus_maculatus,1,Assemblage,Birds
34,pachyramphus_viridis,1,Assemblage,Birds
34,phyllomyias_fasciatus,1,Assemblage,Birds
34,thamnophilus_torquatus,1,Assemblage,Birds
34,sporophila_albogularis,1,Assemblage,Birds
34,sporophila_lineola,1,Assemblage,Birds
34,sclerurus_cearensis,1,Assemblage,Birds
34,herpsilochmus_pectoralis,1,Assemblage,Birds
34,spinus_yarrellii,1,Assemblage,Birds
34,picumnus_limae,1,Assemblage,Birds
34,aratinga_jandaya,1,Assemblage,Birds
34,eupetomena_cirrochloris,1,Assemblage,Birds
34,spinus_yarrellii,1,Assemblage,Birds
34,xipholena_atropurpurea,1,Assemblage,Birds
34,iodopleura_pipra,1,Assemblage,Birds
34,celeus_ochraceus,1,Assemblage,Birds
34,tangara_cyanocephala,1,Assemblage,Birds
34,brotogeris_tirica,1,Assemblage,Birds
34,cantorchilus_longirostris,1,Assemblage,Birds
34,compsothraupis_loricata,1,Assemblage,Birds
34,icterus_jamacaii,1,Assemblage,Birds
34,saltator_fuliginosus,1,Assemblage,Birds
34,cyanocorax_cyanopogon,1,Assemblage,Birds
34,tinamus_solitarius,1,Assemblage,Birds
34,conopophaga_melanops,1,Assemblage,Birds
34,myrmotherula_luctuosa,1,Assemblage,Birds
34,ortalis_araucuan,1,Assemblage,Birds
34,ramphocelus_bresilius,1,Assemblage,Birds
34,touit_surdus,1,Assemblage,Birds
34,pteroglossus_bailloni,1,Assemblage,Birds
34,crypturellus_noctivagus,1,Assemblage,Birds
34,cranioleuca_semicinerea,1,Assemblage,Birds
34,drymophila_squamata,1,Assemblage,Birds
34,carpornis_melanocephala,1,Assemblage,Birds
34,tangara_cyanomelas,1,Assemblage,Birds
34,xipholena_atropurpurea,1,Assemblage,Birds
34,conopophaga_cearae,1,Assemblage,Birds
34,xiphorhynchus_atlanticus,1,Assemblage,Birds
34,phylloscartes_ceciliae,1,Assemblage,Birds
34,terenura_sicki,1,Assemblage,Birds
34,myrmotherula_snowi,1,Assemblage,Birds
34,myrmotherula_snowi,1,Assemblage,Birds
34,cichlocolaptes_mazarbarnetti,1,Assemblage,Birds
34,philydor_novaesi,1,Assemblage,Birds
34,leptodon_forbesi,1,Assemblage,Birds
34,automolus_lammi,1,Assemblage,Birds
34,tangara_fastuosa,1,Assemblage,Birds
34,thalurania_watertonii,1,Assemblage,Birds
34,buteogallus_lacernulatus,1,Assemblage,Birds
34,synallaxis_infuscata,1,Assemblage,Birds
34,hypoedaleus_guttatus,1,Assemblage,Birds
34,odontophorus_capueira,1,Assemblage,Birds
34,poecilotriccus_fumifrons,1,Assemblage,Birds
34,zimmerius_acer,1,Assemblage,Birds
34,cercomacroides_laeta,1,Assemblage,Birds
34,myiopagis_caniceps,1,Assemblage,Birds
34,tangara_flava,1,Assemblage,Birds
34,ramphastos_ariel,1,Assemblage,Birds
34,primolius_maracana,1,Assemblage,Birds
34,pionus_reichenowi,1,Assemblage,Birds
34,vanellus_chilensis,1,Assemblage,Birds
34,zenaida_auriculata,1,Assemblage,Birds
34,ardea_cocoi,1,Assemblage,Birds
34,buteogallus_meridionalis,1,Assemblage,Birds
34,molothrus_bonariensis,1,Assemblage,Birds
34,sicalis_flaveola,1,Assemblage,Birds
34,synallaxis_albescens,1,Assemblage,Birds
34,progne_tapera,1,Assemblage,Birds
34,turdus_albicollis,1,Assemblage,Birds
34,machetornis_rixosa,1,Assemblage,Birds
34,euphonia_cyanocephala,1,Assemblage,Birds
34,pseudastur_polionotus,1,Assemblage,Birds
34,penelope_superciliaris,1,Assemblage,Birds
34,anumara_forbesi,1,Assemblage,Birds
34,crotophaga_ani,1,Assemblage,Birds
34,trogon_rufus,1,Assemblage,Birds
34,nothura_maculosa,1,Assemblage,Birds
34,gallinago_paraguaiae,1,Assemblage,Birds
34,ammodramus_humeralis,1,Assemblage,Birds
34,geranoaetus_albicaudatus,1,Assemblage,Birds
34,psittacara_acuticaudatus,1,Assemblage,Birds
34,icterus_pyrrhopterus,1,Assemblage,Birds
34,phaetusa_simplex,1,Assemblage,Birds
34,chloroceryle_amazona,1,Assemblage,Birds
34,euphonia_chlorotica,1,Assemblage,Birds
34,calliphlox_amethystina,1,Assemblage,Birds
34,crypturellus_tataupa,1,Assemblage,Birds
34,hydropsalis_torquata,1,Assemblage,Birds
34,porphyriops_melanops,1,Assemblage,Birds
34,setopagis_parvula,1,Assemblage,Birds
34,amazonetta_brasiliensis,1,Assemblage,Birds
34,sublegatus_modestus,1,Assemblage,Birds
34,guira_guira,1,Assemblage,Birds
34,rhynchotus_rufescens,1,Assemblage,Birds
34,serpophaga_subcristata,1,Assemblage,Birds
34,lepidocolaptes_angustirostris,1,Assemblage,Birds
34,rhea_americana,1,Assemblage,Birds
34,vireo_chivi,1,Assemblage,Birds
34,vireo_olivaceus,1,Assemblage,Birds
34,laterallus_melanophaius,1,Assemblage,Birds
34,trogon_curucui,1,Assemblage,Birds
34,turdus_leucomelas,1,Assemblage,Birds
34,thamnophilus_caerulescens,1,Assemblage,Birds
34,cyanoloxia_brissonii,1,Assemblage,Birds
34,megascops_choliba,1,Assemblage,Birds
34,chordeiles_nacunda,1,Assemblage,Birds
34,arundinicola_leucocephala,1,Assemblage,Birds
34,chrysuronia_versicolor,1,Assemblage,Birds
34,euscarthmus_meloryphus,1,Assemblage,Birds
34,porzana_albicollis,1,Assemblage,Birds
34,pachyramphus_validus,1,Assemblage,Birds
34,grallaria_varia,1,Assemblage,Birds
34,poecilotriccus_plumbeiceps,1,Assemblage,Birds
34,gnorimopsar_chopi,1,Assemblage,Birds
34,hemitriccus_margaritaceiventer,1,Assemblage,Birds
34,sarkidiornis_sylvicola,1,Assemblage,Birds
34,leptotila_rufaxilla,1,Assemblage,Birds
34,milvago_chimachima,1,Assemblage,Birds
34,sittasomus_griseicapillus,1,Assemblage,Birds
34,dacnis_cayana,1,Assemblage,Birds
34,xenops_rutilus,1,Assemblage,Birds
34,spizaetus_tyrannus,1,Assemblage,Birds
34,micrastur_semitorquatus,1,Assemblage,Birds
34,nyctibius_griseus,1,Assemblage,Birds
34,phaeomyias_murina,1,Assemblage,Birds
34,campylorhamphus_trochilirostris,1,Assemblage,Birds
34,hemithraupis_guira,1,Assemblage,Birds
34,anthracothorax_nigricollis,1,Assemblage,Birds
34,buteo_brachyurus,1,Assemblage,Birds
34,antrostomus_rufus,1,Assemblage,Birds
34,tangara_palmarum,1,Assemblage,Birds
34,emberizoides_herbicola,1,Assemblage,Birds
34,platyrinchus_mystaceus,1,Assemblage,Birds
34,pionus_maximiliani,1,Assemblage,Birds
34,colaptes_campestris,1,Assemblage,Birds
34,columbina_squammata,1,Assemblage,Birds
34,coccyzus_euleri,1,Assemblage,Birds
34,eupsittula_aurea,1,Assemblage,Birds
34,synallaxis_scutata,1,Assemblage,Birds
34,cacicus_haemorrhous,1,Assemblage,Birds
34,polytmus_guainumbi,1,Assemblage,Birds
34,leptopogon_amaurocephalus,1,Assemblage,Birds
34,nemosia_pileata,1,Assemblage,Birds
34,sporophila_leucoptera,1,Assemblage,Birds
34,empidonomus_varius,1,Assemblage,Birds
34,laterallus_exilis,1,Assemblage,Birds
34,gampsonyx_swainsonii,1,Assemblage,Birds
34,elaenia_chiriquensis,1,Assemblage,Birds
34,stelgidopteryx_ruficollis,1,Assemblage,Birds
34,dendrocincla_fuliginosa,1,Assemblage,Birds
34,capsiempis_flaveola,1,Assemblage,Birds
34,oxyruncus_cristatus,1,Assemblage,Birds
34,nyctiphrynus_ocellatus,1,Assemblage,Birds
34,buteo_nitidus,1,Assemblage,Birds
34,chaetura_spinicaudus,1,Assemblage,Birds
34,dendroplex_picus,1,Assemblage,Birds
34,manacus_manacus,1,Assemblage,Birds
34,anhima_cornuta,1,Assemblage,Birds
34,tersina_viridis,1,Assemblage,Birds
34,phacellodomus_rufifrons,1,Assemblage,Birds
34,elaenia_spectabilis,1,Assemblage,Birds
34,forpus_xanthopterygius,1,Assemblage,Birds
34,thamnophilus_aethiops,1,Assemblage,Birds
34,phaethornis_malaris,1,Assemblage,Birds
34,phaethornis_ruber,1,Assemblage,Birds
34,synallaxis_hypospodia,1,Assemblage,Birds
34,sclerurus_caudacutus,1,Assemblage,Birds
34,amazona_amazonica,1,Assemblage,Birds
34,rhytipterna_simplex,1,Assemblage,Birds
34,lathrotriccus_euleri,1,Assemblage,Birds
34,dendrocolaptes_certhia,1,Assemblage,Birds
34,lipaugus_vociferans,1,Assemblage,Birds
34,chaetura_meridionalis,1,Assemblage,Birds
34,tachycineta_albiventer,1,Assemblage,Birds
34,donacobius_atricapilla,1,Assemblage,Birds
34,tolmomyias_flaviventris,1,Assemblage,Birds
34,furnarius_leucopus,1,Assemblage,Birds
34,xiphorhynchus_guttatus,1,Assemblage,Birds
34,myiobius_barbatus,1,Assemblage,Birds
34,asemospiza_fuliginosa,1,Assemblage,Birds
34,myiothlypis_flaveola,1,Assemblage,Birds
34,chlorestes_cyanus,1,Assemblage,Birds
34,formicivora_rufa,1,Assemblage,Birds
34,pachyramphus_marginatus,1,Assemblage,Birds
34,chrysolampis_mosquitus,1,Assemblage,Birds
34,thamnophilus_palliatus,1,Assemblage,Birds
34,turdus_fumigatus,1,Assemblage,Birds
34,coryphospingus_pileatus,1,Assemblage,Birds
34,caryothraustes_canadensis,1,Assemblage,Birds
34,ceratopipra_rubrocapilla,1,Assemblage,Birds
34,chlorestes_notata,1,Assemblage,Birds
34,philohydor_lictor,1,Assemblage,Birds
34,monasa_nigrifrons,1,Assemblage,Birds
34,momotus_momota,1,Assemblage,Birds
34,formicivora_grisea,1,Assemblage,Birds
34,myiodynastes_solitarius,1,Assemblage,Birds
34,schiffornis_turdina,1,Assemblage,Birds
34,picumnus_exilis,1,Assemblage,Birds
34,cacicus_cela,1,Assemblage,Birds
34,myiarchus_swainsoni,1,Assemblage,Birds
34,crypturellus_strigulosus,1,Assemblage,Birds
34,hemitriccus_griseipectus,1,Assemblage,Birds
34,procnias_averano,1,Assemblage,Birds
34,pheugopedius_genibarbis,1,Assemblage,Birds
34,ornithion_inerme,1,Assemblage,Birds
34,thamnomanes_caesius,1,Assemblage,Birds
34,turdus_amaurochalinus,1,Assemblage,Birds
34,elaenia_cristata,1,Assemblage,Birds
34,arremon_taciturnus,1,Assemblage,Birds
34,mimus_saturninus,1,Assemblage,Birds
34,leistes_superciliaris,1,Assemblage,Birds
34,synallaxis_frontalis,1,Assemblage,Birds
34,suiriri_suiriri,1,Assemblage,Birds
34,islerothraupis_cristata,1,Assemblage,Birds
34,tolmomyias_poliocephalus,1,Assemblage,Birds
34,hemithraupis_flavicollis,1,Assemblage,Birds
34,veniliornis_passerinus,1,Assemblage,Birds
34,hylocharis_sapphirina,1,Assemblage,Birds
34,contopus_cinereus,1,Assemblage,Birds
34,jacana_jacana,1,Assemblage,Birds
34,anthus_chii,1,Assemblage,Birds
34,piaya_cayana,1,Assemblage,Birds
34,tigrisoma_lineatum,1,Assemblage,Birds
34,coccyzus_americanus,1,Assemblage,Birds
34,tachyphonus_rufus,1,Assemblage,Birds
34,pygochelidon_cyanoleuca,1,Assemblage,Birds
34,camptostoma_obsoletum,1,Assemblage,Birds
34,elanoides_forficatus,1,Assemblage,Birds
34,myiophobus_fasciatus,1,Assemblage,Birds
34,myiarchus_tyrannulus,1,Assemblage,Birds
34,certhiaxis_cinnamomeus,1,Assemblage,Birds
34,myiozetetes_similis,1,Assemblage,Birds
34,myiobius_atricaudus,1,Assemblage,Birds
34,fluvicola_nengeta,1,Assemblage,Birds
34,sporophila_nigricollis,1,Assemblage,Birds
34,ictinia_plumbea,1,Assemblage,Birds
34,netta_erythrophthalma,1,Assemblage,Birds
34,rallus_longirostris,1,Assemblage,Birds
34,ixobrychus_exilis,1,Assemblage,Birds
34,hirundinea_bellicosa,1,Assemblage,Birds
34,tityra_braziliensis,1,Assemblage,Birds
34,amazona_aestiva,1,Assemblage,Birds
34,euphonia_violacea,1,Assemblage,Birds
34,tangara_sayaca,1,Assemblage,Birds
34,basileuterus_auricapilla,1,Assemblage,Birds
34,sporophila_angolensis,1,Assemblage,Birds
34,pardirallus_nigricans,1,Assemblage,Birds
34,cnemotriccus_fuscatus,1,Assemblage,Birds
34,myiarchus_ferox,1,Assemblage,Birds
34,formicarius_colma,1,Assemblage,Birds
34,chionomesa_fimbriata,1,Assemblage,Birds
34,thlypopsis_sordida,1,Assemblage,Birds
34,conirostrum_speciosum,1,Assemblage,Birds
34,veniliornis_affinis,1,Assemblage,Birds
34,pteroglossus_inscriptus,1,Assemblage,Birds
34,hemitriccus_mirandae,1,Assemblage,Birds
35,ectopistes_migratorius,0,Assemblage,Birds
35,oceanites_oceanicus,1,Assemblage,Birds
35,ardenna_grisea,1,Assemblage,Birds
35,calidris_alba,1,Assemblage,Birds
35,calidris_canutus,1,Assemblage,Birds
35,xema_sabini,1,Assemblage,Birds
35,arenaria_interpres,1,Assemblage,Birds
35,calidris_melanotos,1,Assemblage,Birds
35,puffinus_puffinus,1,Assemblage,Birds
35,thalasseus_maximus,1,Assemblage,Birds
35,parabuteo_unicinctus,1,Assemblage,Birds
35,pitangus_sulphuratus,1,Assemblage,Birds
35,accipiter_bicolor,1,Assemblage,Birds
35,hydroprogne_caspia,1,Assemblage,Birds
35,nannopterum_brasilianum,1,Assemblage,Birds
35,falco_femoralis,1,Assemblage,Birds
35,caracara_plancus,1,Assemblage,Birds
35,haematopus_palliatus,1,Assemblage,Birds
35,egretta_thula,1,Assemblage,Birds
35,pluvialis_squatarola,1,Assemblage,Birds
35,calidris_fuscicollis,1,Assemblage,Birds
35,calidris_alba,1,Assemblage,Birds
35,falco_peregrinus,1,Assemblage,Birds
35,passer_domesticus,1,Assemblage,Birds
35,asio_flammeus,1,Assemblage,Birds
35,calidris_canutus,1,Assemblage,Birds
35,numenius_phaeopus,1,Assemblage,Birds
35,pluvialis_dominica,1,Assemblage,Birds
35,bubulcus_ibis,1,Assemblage,Birds
35,accipiter_striatus,1,Assemblage,Birds
35,sturnus_vulgaris,1,Assemblage,Birds
35,bubulcus_ibis,1,Assemblage,Birds
35,calidris_mauri,1,Assemblage,Birds
35,sayornis_nigricans,1,Assemblage,Birds
35,charadrius_semipalmatus,1,Assemblage,Birds
35,tringa_melanoleuca,1,Assemblage,Birds
35,charadrius_nivosus,1,Assemblage,Birds
35,limnodromus_griseus,1,Assemblage,Birds
35,nycticorax_nycticorax,1,Assemblage,Birds
35,falco_peregrinus,1,Assemblage,Birds
35,tringa_flavipes,1,Assemblage,Birds
35,pyrocephalus_rubinus,1,Assemblage,Birds
35,laterallus_jamaicensis,1,Assemblage,Birds
35,podiceps_nigricollis,1,Assemblage,Birds
35,egretta_thula,1,Assemblage,Birds
35,pandion_haliaetus,1,Assemblage,Birds
35,cathartes_aura,1,Assemblage,Birds
35,tyto_alba,1,Assemblage,Birds
35,coragyps_atratus,1,Assemblage,Birds
35,falco_sparverius,1,Assemblage,Birds
35,egretta_thula,1,Assemblage,Birds
35,athene_cunicularia,1,Assemblage,Birds
35,troglodytes_aedon,1,Assemblage,Birds
35,catharus_aurantiirostris,1,Assemblage,Birds
35,crotophaga_sulcirostris,1,Assemblage,Birds
35,coccyzus_erythropthalmus,1,Assemblage,Birds
35,nomonyx_dominicus,1,Assemblage,Birds
35,megaceryle_torquata,1,Assemblage,Birds
35,charadrius_nivosus,1,Assemblage,Birds
35,penelope_purpurascens,1,Assemblage,Birds
35,cardellina_canadensis,1,Assemblage,Birds
35,setophaga_fusca,1,Assemblage,Birds
35,streptoprocne_zonaris,1,Assemblage,Birds
35,empidonax_alnorum,1,Assemblage,Birds
35,leiothlypis_peregrina,1,Assemblage,Birds
35,pyrocephalus_rubinus,1,Assemblage,Birds
35,geothlypis_formosa,1,Assemblage,Birds
35,thalasseus_sandvicensis,1,Assemblage,Birds
35,larus_fuscus,1,Assemblage,Birds
35,protonotaria_citrea,1,Assemblage,Birds
35,catharacta_skua,1,Assemblage,Birds
35,arenaria_interpres,1,Assemblage,Birds
35,podilymbus_podiceps,1,Assemblage,Birds
35,ardea_alba,1,Assemblage,Birds
35,anous_stolidus,1,Assemblage,Birds
35,cyclarhis_gujanensis,1,Assemblage,Birds
35,columbina_talpacoti,1,Assemblage,Birds
35,rostrhamus_sociabilis,1,Assemblage,Birds
35,spizaetus_melanoleucus,1,Assemblage,Birds
35,pyrocephalus_rubinus,1,Assemblage,Birds
35,ictinia_plumbea,1,Assemblage,Birds
35,claravis_pretiosa,1,Assemblage,Birds
35,tityra_inquisitor,1,Assemblage,Birds
35,thamnophilus_doliatus,1,Assemblage,Birds
35,aramus_guarauna,1,Assemblage,Birds
35,platalea_ajaja,1,Assemblage,Birds
35,dendrocygna_bicolor,1,Assemblage,Birds
35,phalacrocorax_carbo,1,Assemblage,Birds
35,pluvialis_squatarola,1,Assemblage,Birds
35,pandion_haliaetus,1,Assemblage,Birds
35,calidris_pusilla,1,Assemblage,Birds
35,butorides_striata,1,Assemblage,Birds
35,calidris_subruficollis,1,Assemblage,Birds
35,alexandrinus_krameri,1,Assemblage,Birds
35,hirundo_rustica,1,Assemblage,Birds
35,tringa_solitaria,1,Assemblage,Birds
35,bubo_virginianus,1,Assemblage,Birds
35,calidris_minutilla,1,Assemblage,Birds
35,hydroprogne_caspia,1,Assemblage,Birds
35,fregata_magnificens,1,Assemblage,Birds
35,rynchops_niger,1,Assemblage,Birds
35,pandion_haliaetus,1,Assemblage,Birds
35,calidris_himantopus,1,Assemblage,Birds
35,gelochelidon_nilotica,1,Assemblage,Birds
35,pyrocephalus_rubinus,1,Assemblage,Birds
35,elanoides_forficatus,1,Assemblage,Birds
35,chloroceryle_americana,1,Assemblage,Birds
35,tachybaptus_dominicus,1,Assemblage,Birds
35,nyctanassa_violacea,1,Assemblage,Birds
35,glaucidium_brasilianum,1,Assemblage,Birds
35,mycteria_americana,1,Assemblage,Birds
35,geranospiza_caerulescens,1,Assemblage,Birds
35,leptotila_verreauxi,1,Assemblage,Birds
35,hylatomus_lineatus,1,Assemblage,Birds
35,herpetotheres_cachinnans,1,Assemblage,Birds
35,falco_rufigularis,1,Assemblage,Birds
35,tringa_solitaria,1,Assemblage,Birds
35,tyrannus_melancholicus,1,Assemblage,Birds
35,dendrocygna_autumnalis,1,Assemblage,Birds
35,asio_stygius,1,Assemblage,Birds
35,volatinia_jacarina,1,Assemblage,Birds
35,buteogallus_urubitinga,1,Assemblage,Birds
35,nyctidromus_albicollis,1,Assemblage,Birds
35,cairina_moschata,1,Assemblage,Birds
35,geotrygon_montana,1,Assemblage,Birds
35,anhinga_anhinga,1,Assemblage,Birds
35,passer_montanus,1,Assemblage,Birds
35,larus_smithsonianus,1,Assemblage,Birds
35,limnodromus_griseus,1,Assemblage,Birds
35,calidris_himantopus,1,Assemblage,Birds
35,limnodromus_scolopaceus,1,Assemblage,Birds
35,larus_marinus,1,Assemblage,Birds
35,clangula_hyemalis,1,Assemblage,Birds
35,clangula_hyemalis,1,Assemblage,Birds
35,calidris_alpina,1,Assemblage,Birds
35,tringa_flavipes,1,Assemblage,Birds
35,calidris_bairdii,1,Assemblage,Birds
35,corvus_corax,1,Assemblage,Birds
35,larus_atricilla,1,Assemblage,Birds
35,heliornis_fulica,1,Assemblage,Birds
35,sclerurus_mexicanus,1,Assemblage,Birds
35,mionectes_oleagineus,1,Assemblage,Birds
35,trogon_violaceus,1,Assemblage,Birds
35,amblycercus_holosericeus,1,Assemblage,Birds
35,ciccaba_nigrolineata,1,Assemblage,Birds
35,pachysylvia_decurtata,1,Assemblage,Birds
35,crax_rubra,1,Assemblage,Birds
35,vireo_leucophrys,1,Assemblage,Birds
35,spodiornis_rusticus,1,Assemblage,Birds
35,henicorhina_leucosticta,1,Assemblage,Birds
35,atlapetes_albinucha,1,Assemblage,Birds
35,piranga_leucoptera,1,Assemblage,Birds
35,tangara_episcopus,1,Assemblage,Birds
35,setophaga_petechia,1,Assemblage,Birds
35,eremophila_alpestris,1,Assemblage,Birds
35,mareca_americana,1,Assemblage,Birds
35,spatula_clypeata,1,Assemblage,Birds
35,falco_peregrinus,1,Assemblage,Birds
35,nannopterum_auritum,1,Assemblage,Birds
35,tringa_melanoleuca,1,Assemblage,Birds
35,limosa_fedoa,1,Assemblage,Birds
35,steganopus_tricolor,1,Assemblage,Birds
35,spatula_discors,1,Assemblage,Birds
35,aythya_affinis,1,Assemblage,Birds
35,sterna_hirundo,1,Assemblage,Birds
35,contopus_sordidulus,1,Assemblage,Birds
35,ardea_herodias,1,Assemblage,Birds
35,chordeiles_minor,1,Assemblage,Birds
35,larus_smithsonianus,1,Assemblage,Birds
35,francolinus_francolinus,1,Assemblage,Birds
35,mergus_serrator,1,Assemblage,Birds
35,loxia_curvirostra,1,Assemblage,Birds
35,anas_acuta,1,Assemblage,Birds
35,fulica_americana,1,Assemblage,Birds
35,catharus_minimus,1,Assemblage,Birds
35,limosa_fedoa,1,Assemblage,Birds
35,pelecanus_occidentalis,1,Assemblage,Birds
35,melanerpes_formicivorus,1,Assemblage,Birds
35,chlidonias_niger,1,Assemblage,Birds
35,falco_columbarius,1,Assemblage,Birds
35,catharus_swainsoni,1,Assemblage,Birds
35,larus_fuscus,1,Assemblage,Birds
35,phalacrocorax_carbo,1,Assemblage,Birds
35,larus_ridibundus,1,Assemblage,Birds
35,zenaida_macroura,1,Assemblage,Birds
35,morus_bassanus,1,Assemblage,Birds
35,hydroprogne_caspia,1,Assemblage,Birds
35,spinus_psaltria,1,Assemblage,Birds
35,quiscalus_mexicanus,1,Assemblage,Birds
35,gallinago_delicata,1,Assemblage,Birds
35,larus_ridibundus,1,Assemblage,Birds
35,circus_hudsonius,1,Assemblage,Birds
35,fulica_americana,1,Assemblage,Birds
35,setophaga_coronata,1,Assemblage,Birds
35,riparia_riparia,1,Assemblage,Birds
35,mniotilta_varia,1,Assemblage,Birds
35,eudocimus_albus,1,Assemblage,Birds
35,sturnella_magna,1,Assemblage,Birds
35,parkesia_noveboracensis,1,Assemblage,Birds
35,chordeiles_minor,1,Assemblage,Birds
35,spiza_americana,1,Assemblage,Birds
35,mitrephanes_phaeocercus,1,Assemblage,Birds
35,larus_pipixcan,1,Assemblage,Birds
35,gelochelidon_nilotica,1,Assemblage,Birds
35,micrastur_semitorquatus,1,Assemblage,Birds
35,pelecanus_occidentalis,1,Assemblage,Birds
35,tiaris_olivaceus,1,Assemblage,Birds
35,amazona_autumnalis,1,Assemblage,Birds
35,coccyzus_minor,1,Assemblage,Birds
35,chloroceryle_amazona,1,Assemblage,Birds
35,tyrannus_tyrannus,1,Assemblage,Birds
35,antrostomus_carolinensis,1,Assemblage,Birds
35,buteogallus_anthracinus,1,Assemblage,Birds
35,basileuterus_rufifrons,1,Assemblage,Birds
35,pheucticus_ludovicianus,1,Assemblage,Birds
35,plegadis_falcinellus,1,Assemblage,Birds
35,protonotaria_citrea,1,Assemblage,Birds
35,egretta_rufescens,1,Assemblage,Birds
35,phoenicopterus_ruber,1,Assemblage,Birds
35,sterna_forsteri,1,Assemblage,Birds
35,larus_atricilla,1,Assemblage,Birds
35,contopus_virens,1,Assemblage,Birds
35,habia_fuscicauda,1,Assemblage,Birds
35,setophaga_citrina,1,Assemblage,Birds
35,empidonax_flaviventris,1,Assemblage,Birds
35,helmitheros_vermivorum,1,Assemblage,Birds
35,hylocichla_mustelina,1,Assemblage,Birds
35,momotus_lessonii,1,Assemblage,Birds
35,vermivora_cyanoptera,1,Assemblage,Birds
35,spizaetus_tyrannus,1,Assemblage,Birds
35,legatus_leucophaius,1,Assemblage,Birds
35,setophaga_dominica,1,Assemblage,Birds
35,ramphastos_sulfuratus,1,Assemblage,Birds
35,saltator_atriceps,1,Assemblage,Birds
35,vireo_flavifrons,1,Assemblage,Birds
35,ammodramus_savannarum,1,Assemblage,Birds
35,parkesia_motacilla,1,Assemblage,Birds
35,ardea_herodias,1,Assemblage,Birds
35,turdus_grayi,1,Assemblage,Birds
35,catharus_ustulatus,1,Assemblage,Birds
35,larus_atricilla,1,Assemblage,Birds
35,spatula_cyanoptera,1,Assemblage,Birds
35,chondrohierax_uncinatus,1,Assemblage,Birds
35,falco_sparverius,1,Assemblage,Birds
35,gallinago_delicata,1,Assemblage,Birds
35,anas_carolinensis,1,Assemblage,Birds
35,numenius_phaeopus,1,Assemblage,Birds
35,pinicola_enucleator,1,Assemblage,Birds
35,accipiter_gentilis,1,Assemblage,Birds
35,corthylio_calendula,1,Assemblage,Birds
35,leuconotopicus_villosus,1,Assemblage,Birds
35,aythya_collaris,1,Assemblage,Birds
35,oxyura_jamaicensis,1,Assemblage,Birds
35,regulus_satrapa,1,Assemblage,Birds
35,bucephala_albeola,1,Assemblage,Birds
35,falco_columbarius,1,Assemblage,Birds
35,petrochelidon_pyrrhonota,1,Assemblage,Birds
35,amazona_viridigenalis,1,Assemblage,Birds
35,sialia_sialis,1,Assemblage,Birds
35,falco_columbarius,1,Assemblage,Birds
35,lampornis_clemenciae,1,Assemblage,Birds
35,sporophila_torqueola,1,Assemblage,Birds
35,icterus_bullockiorum,1,Assemblage,Birds
35,empidonax_oberholseri,1,Assemblage,Birds
35,empidonax_minimus,1,Assemblage,Birds
35,parkesia_motacilla,1,Assemblage,Birds
35,setophaga_castanea,1,Assemblage,Birds
35,vireo_solitarius,1,Assemblage,Birds
35,geothlypis_philadelphia,1,Assemblage,Birds
35,setophaga_dominica,1,Assemblage,Birds
35,setophaga_citrina,1,Assemblage,Birds
35,empidonax_virescens,1,Assemblage,Birds
35,vireo_philadelphicus,1,Assemblage,Birds
35,oporornis_agilis,1,Assemblage,Birds
35,colinus_virginianus,1,Assemblage,Birds
35,jacana_spinosa,1,Assemblage,Birds
35,icterus_spurius,1,Assemblage,Birds
35,empidonax_flaviventris,1,Assemblage,Birds
35,tringa_semipalmata,1,Assemblage,Birds
35,campephilus_guatemalensis,1,Assemblage,Birds
35,buteo_jamaicensis,1,Assemblage,Birds
35,buteo_platypterus,1,Assemblage,Birds
35,anthracothorax_prevostii,1,Assemblage,Birds
35,empidonax_hammondii,1,Assemblage,Birds
35,aimophila_rufescens,1,Assemblage,Birds
35,spinus_notatus,1,Assemblage,Birds
35,icterus_wagleri,1,Assemblage,Birds
35,camptostoma_imberbe,1,Assemblage,Birds
35,myioborus_pictus,1,Assemblage,Birds
35,euphonia_elegantissima,1,Assemblage,Birds
35,empidonax_albigularis,1,Assemblage,Birds
35,myiarchus_cinerascens,1,Assemblage,Birds
35,empidonax_minimus,1,Assemblage,Birds
35,geothlypis_poliocephala,1,Assemblage,Birds
35,nyctibius_jamaicensis,1,Assemblage,Birds
35,cyanocompsa_parellina,1,Assemblage,Birds
35,saltator_grandis,1,Assemblage,Birds
35,catharus_frantzii,1,Assemblage,Birds
35,sporophila_morelleti,1,Assemblage,Birds
35,icterus_gularis,1,Assemblage,Birds
35,pachyramphus_major,1,Assemblage,Birds
35,lepidocolaptes_affinis,1,Assemblage,Birds
35,xiphorhynchus_erythropygius,1,Assemblage,Birds
35,cyanocorax_morio,1,Assemblage,Birds
35,ortalis_vetula,1,Assemblage,Birds
35,geothlypis_formosa,1,Assemblage,Birds
35,myiarchus_crinitus,1,Assemblage,Birds
35,tangara_abbas,1,Assemblage,Birds
35,antrostomus_vociferus,1,Assemblage,Birds
35,leptotila_plumbeiceps,1,Assemblage,Birds
35,euphonia_affinis,1,Assemblage,Birds
35,saucerottia_cyanocephala,1,Assemblage,Birds
35,dives_dives,1,Assemblage,Birds
35,pheugopedius_maculipectus,1,Assemblage,Birds
35,psarocolius_montezuma,1,Assemblage,Birds
35,pionus_senilis,1,Assemblage,Birds
35,spizella_passerina,1,Assemblage,Birds
35,archilochus_alexandri,1,Assemblage,Birds
35,spatula_discors,1,Assemblage,Birds
35,coccyzus_americanus,1,Assemblage,Birds
35,leiothlypis_celata,1,Assemblage,Birds
35,setophaga_occidentalis,1,Assemblage,Birds
35,melospiza_lincolnii,1,Assemblage,Birds
35,chondestes_grammacus,1,Assemblage,Birds
35,cistothorus_palustris,1,Assemblage,Birds
35,setophaga_petechia,1,Assemblage,Birds
35,setophaga_ruticilla,1,Assemblage,Birds
35,geothlypis_tolmiei,1,Assemblage,Birds
35,leiothlypis_peregrina,1,Assemblage,Birds
35,setophaga_americana,1,Assemblage,Birds
35,vireo_plumbeus,1,Assemblage,Birds
35,columbina_passerina,1,Assemblage,Birds
35,piranga_olivacea,1,Assemblage,Birds
35,stelgidopteryx_serripennis,1,Assemblage,Birds
35,sayornis_saya,1,Assemblage,Birds
35,chordeiles_acutipennis,1,Assemblage,Birds
35,rallus_crepitans,1,Assemblage,Birds
35,sterna_forsteri,1,Assemblage,Birds
35,sternula_antillarum,1,Assemblage,Birds
35,asio_flammeus,1,Assemblage,Birds
35,pooecetes_gramineus,1,Assemblage,Birds
35,dryobates_scalaris,1,Assemblage,Birds
35,nannopterum_brasilianum,1,Assemblage,Birds
35,anthus_spragueii,1,Assemblage,Birds
35,ammodramus_savannarum,1,Assemblage,Birds
35,cardinalis_cardinalis,1,Assemblage,Birds
35,setophaga_townsendi,1,Assemblage,Birds
35,setophaga_palmarum,1,Assemblage,Birds
35,sialia_mexicana,1,Assemblage,Birds
35,recurvirostra_americana,1,Assemblage,Birds
35,sayornis_saya,1,Assemblage,Birds
35,leiothlypis_ruficapilla,1,Assemblage,Birds
35,aythya_americana,1,Assemblage,Birds
35,asio_otus,1,Assemblage,Birds
35,cardellina_pusilla,1,Assemblage,Birds
35,salpinctes_obsoletus,1,Assemblage,Birds
35,icteria_virens,1,Assemblage,Birds
35,pipilo_chlorurus,1,Assemblage,Birds
35,geothlypis_trichas,1,Assemblage,Birds
35,aythya_americana,1,Assemblage,Birds
35,thalasseus_sandvicensis,1,Assemblage,Birds
35,charadrius_nivosus,1,Assemblage,Birds
35,himantopus_himantopus,1,Assemblage,Birds
35,himantopus_himantopus,1,Assemblage,Birds
35,clangula_hyemalis,1,Assemblage,Birds
35,ixobrychus_exilis,1,Assemblage,Birds
35,limnodromus_scolopaceus,1,Assemblage,Birds
35,hesperiphona_vespertina,1,Assemblage,Birds
35,botaurus_lentiginosus,1,Assemblage,Birds
35,botaurus_lentiginosus,1,Assemblage,Birds
35,anas_platyrhynchos,1,Assemblage,Birds
35,myiarchus_tuberculifer,1,Assemblage,Birds
35,chordeiles_acutipennis,1,Assemblage,Birds
35,catharus_fuscescens,1,Assemblage,Birds
35,columbina_passerina,1,Assemblage,Birds
35,piranga_hepatica,1,Assemblage,Birds
35,henicorhina_leucophrys,1,Assemblage,Birds
35,streptoprocne_rutila,1,Assemblage,Birds
35,progne_subis,1,Assemblage,Birds
35,ictinia_mississippiensis,1,Assemblage,Birds
35,egretta_tricolor,1,Assemblage,Birds
35,icterus_galbula,1,Assemblage,Birds
35,icterus_galbula,1,Assemblage,Birds
35,pheucticus_ludovicianus,1,Assemblage,Birds
35,myioborus_miniatus,1,Assemblage,Birds
35,sittasomus_griseus,1,Assemblage,Birds
35,megaceryle_alcyon,1,Assemblage,Birds
35,trogon_collaris,1,Assemblage,Birds
35,myiopagis_viridicata,1,Assemblage,Birds
35,porzana_carolina,1,Assemblage,Birds
35,dolichonyx_oryzivorus,1,Assemblage,Birds
35,cyanocorax_yncas,1,Assemblage,Birds
35,calidris_minutilla,1,Assemblage,Birds
35,phaethon_lepturus,1,Assemblage,Birds
35,gallinula_galeata,1,Assemblage,Birds
35,onychoprion_fuscatus,1,Assemblage,Birds
35,himantopus_himantopus,1,Assemblage,Birds
35,charadrius_vociferus,1,Assemblage,Birds
35,rallus_limicola,1,Assemblage,Birds
35,actitis_macularius,1,Assemblage,Birds
35,bartramia_longicauda,1,Assemblage,Birds
35,elanus_leucurus,1,Assemblage,Birds
35,turdus_migratorius,1,Assemblage,Birds
35,calidris_alpina,1,Assemblage,Birds
35,certhia_americana,1,Assemblage,Birds
35,spinus_pinus,1,Assemblage,Birds
35,aegolius_acadicus,1,Assemblage,Birds
35,sturnus_vulgaris,1,Assemblage,Birds
35,geothlypis_tolmiei,1,Assemblage,Birds
35,glaucidium_gnoma,1,Assemblage,Birds
35,geothlypis_trichas,1,Assemblage,Birds
35,lophodytes_cucullatus,1,Assemblage,Birds
35,anas_carolinensis,1,Assemblage,Birds
35,agelaius_phoeniceus,1,Assemblage,Birds
35,lophodytes_cucullatus,1,Assemblage,Birds
35,nannopterum_auritum,1,Assemblage,Birds
35,cypseloides_niger,1,Assemblage,Birds
35,colaptes_cafer,1,Assemblage,Birds
35,mareca_strepera,1,Assemblage,Birds
35,cyanocitta_stelleri,1,Assemblage,Birds
35,mergus_serrator,1,Assemblage,Birds
35,limosa_haemastica,1,Assemblage,Birds
35,phalacrocorax_carbo,1,Assemblage,Birds
35,phasianus_colchicus,1,Assemblage,Birds
35,grallaria_guatimalensis,1,Assemblage,Birds
35,xiphocolaptes_promeropirhynchus,1,Assemblage,Birds
35,clibanornis_rubiginosus,1,Assemblage,Birds
35,arremon_brunneinucha,1,Assemblage,Birds
35,myiopsitta_monachus,1,Assemblage,Birds
35,porphyrio_martinicus,1,Assemblage,Birds
35,rupornis_magnirostris,1,Assemblage,Birds
35,spizaetus_ornatus,1,Assemblage,Birds
35,habia_rubica,1,Assemblage,Birds
35,micrastur_ruficollis,1,Assemblage,Birds
35,progne_chalybea,1,Assemblage,Birds
35,larus_fuscus,1,Assemblage,Birds
35,thalasseus_sandvicensis,1,Assemblage,Birds
35,puffinus_lherminieri,1,Assemblage,Birds
35,calidris_mauri,1,Assemblage,Birds
35,charadrius_vociferus,1,Assemblage,Birds
35,setophaga_magnolia,1,Assemblage,Birds
35,passerina_cyanea,1,Assemblage,Birds
35,passerina_caerulea,1,Assemblage,Birds
35,passerina_ciris,1,Assemblage,Birds
35,buteo_brachyurus,1,Assemblage,Birds
35,vireo_flavoviridis,1,Assemblage,Birds
35,dumetella_carolinensis,1,Assemblage,Birds
35,molothrus_aeneus,1,Assemblage,Birds
35,tachycineta_bicolor,1,Assemblage,Birds
35,seiurus_aurocapilla,1,Assemblage,Birds
35,contopus_cooperi,1,Assemblage,Birds
35,geothlypis_trichas,1,Assemblage,Birds
35,vireo_olivaceus,1,Assemblage,Birds
35,sphyrapicus_varius,1,Assemblage,Birds
35,petrochelidon_pyrrhonota,1,Assemblage,Birds
35,bombycilla_cedrorum,1,Assemblage,Birds
35,setophaga_auduboni,1,Assemblage,Birds
35,setophaga_virens,1,Assemblage,Birds
35,tigrisoma_mexicanum,1,Assemblage,Birds
35,egretta_caerulea,1,Assemblage,Birds
35,chaetura_vauxi,1,Assemblage,Birds
35,zenaida_macroura,1,Assemblage,Birds
35,myiozetetes_similis,1,Assemblage,Birds
35,coccyzus_americanus,1,Assemblage,Birds
35,setophaga_cerulea,1,Assemblage,Birds
35,egretta_tricolor,1,Assemblage,Birds
35,chaetura_pelagica,1,Assemblage,Birds
35,basileuterus_culicivorus,1,Assemblage,Birds
35,turdus_assimilis,1,Assemblage,Birds
35,hirundo_rustica,1,Assemblage,Birds
35,vermivora_chrysoptera,1,Assemblage,Birds
35,zenaida_asiatica,1,Assemblage,Birds
35,egretta_caerulea,1,Assemblage,Birds
35,charadrius_wilsonia,1,Assemblage,Birds
35,buteo_swainsoni,1,Assemblage,Birds
35,ciccaba_virgata,1,Assemblage,Birds
35,tityra_semifasciata,1,Assemblage,Birds
35,piranga_rubra,1,Assemblage,Birds
35,megarynchus_pitangua,1,Assemblage,Birds
35,cochlearius_cochlearius,1,Assemblage,Birds
35,chlorospingus_flavopectus,1,Assemblage,Birds
35,ardenna_gravis,1,Assemblage,Birds
35,pterodroma_deserta,1,Assemblage,Birds
35,larus_ridibundus,1,Assemblage,Birds
35,alca_torda,1,Assemblage,Birds
35,sterna_dougallii,1,Assemblage,Birds
35,pterodroma_hasitata,1,Assemblage,Birds
35,pterodroma_feae,1,Assemblage,Birds
35,hydrocoloeus_minutus,1,Assemblage,Birds
35,anser_caerulescens,1,Assemblage,Birds
35,melospiza_melodia,1,Assemblage,Birds
35,aquila_chrysaetos,1,Assemblage,Birds
35,anas_platyrhynchos,1,Assemblage,Birds
35,gavia_stellata,1,Assemblage,Birds
35,uria_lomvia,1,Assemblage,Birds
35,melanitta_americana,1,Assemblage,Birds
35,bubo_scandiacus,1,Assemblage,Birds
35,riparia_riparia,1,Assemblage,Birds
35,haliaeetus_leucocephalus,1,Assemblage,Birds
35,melanitta_deglandi,1,Assemblage,Birds
35,podiceps_grisegena,1,Assemblage,Birds
35,melanitta_perspicillata,1,Assemblage,Birds
35,aythya_marila,1,Assemblage,Birds
35,megaceryle_alcyon,1,Assemblage,Birds
35,aythya_collaris,1,Assemblage,Birds
35,eremophila_alpestris,1,Assemblage,Birds
35,calcarius_pictus,1,Assemblage,Birds
35,bombycilla_cedrorum,1,Assemblage,Birds
35,empidonax_traillii,1,Assemblage,Birds
35,aythya_collaris,1,Assemblage,Birds
35,asio_otus,1,Assemblage,Birds
35,catharus_guttatus,1,Assemblage,Birds
35,cistothorus_palustris,1,Assemblage,Birds
35,aythya_americana,1,Assemblage,Birds
35,aix_sponsa,1,Assemblage,Birds
35,myiarchus_cinerascens,1,Assemblage,Birds
35,passerella_arborea,1,Assemblage,Birds
35,setophaga_ruticilla,1,Assemblage,Birds
35,vireo_gilvus,1,Assemblage,Birds
35,icterus_bullockiorum,1,Assemblage,Birds
35,ardea_herodias,1,Assemblage,Birds
35,anthus_rubescens,1,Assemblage,Birds
35,acanthis_flammea,1,Assemblage,Birds
35,larus_glaucoides,1,Assemblage,Birds
35,vireo_olivaceus,1,Assemblage,Birds
35,charadrius_semipalmatus,1,Assemblage,Birds
35,larus_californicus,1,Assemblage,Birds
35,larus_philadelphia,1,Assemblage,Birds
35,larus_philadelphia,1,Assemblage,Birds
35,alle_alle,1,Assemblage,Birds
35,aegolius_funereus,1,Assemblage,Birds
35,aythya_americana,1,Assemblage,Birds
35,larus_canus,1,Assemblage,Birds
35,sterna_hirundo,1,Assemblage,Birds
35,junco_hyemalis,1,Assemblage,Birds
35,sitta_canadensis,1,Assemblage,Birds
35,buteo_lagopus,1,Assemblage,Birds
35,cairina_moschata,1,Assemblage,Birds
35,ixobrychus_exilis,1,Assemblage,Birds
35,anas_rubripes,1,Assemblage,Birds
35,antrostomus_vociferus,1,Assemblage,Birds
35,aix_sponsa,1,Assemblage,Birds
35,ammospiza_leconteii,1,Assemblage,Birds
35,ammospiza_leconteii,1,Assemblage,Birds
35,anas_rubripes,1,Assemblage,Birds
35,anas_rubripes,1,Assemblage,Birds
35,anas_rubripes,1,Assemblage,Birds
35,thalasseus_sandvicensis,1,Assemblage,Birds
35,pterodroma_cahow,1,Assemblage,Birds
35,antrostomus_salvini,1,Assemblage,Birds
35,archilochus_colubris,1,Assemblage,Birds
35,spizella_passerina,1,Assemblage,Birds
35,mniotilta_varia,1,Assemblage,Birds
35,amphispiza_bilineata,1,Assemblage,Birds
35,calamospiza_melanocorys,1,Assemblage,Birds
35,passerella_iliaca,1,Assemblage,Birds
35,coccyzus_erythropthalmus,1,Assemblage,Birds
35,grus_americana,1,Assemblage,Birds
35,sayornis_phoebe,1,Assemblage,Birds
35,rhynchophanes_mccownii,1,Assemblage,Birds
35,peucaea_cassinii,1,Assemblage,Birds
35,thryomanes_bewickii,1,Assemblage,Birds
35,rhynchophanes_mccownii,1,Assemblage,Birds
35,peucaea_cassinii,1,Assemblage,Birds
35,troglodytes_hiemalis,1,Assemblage,Birds
35,spatula_clypeata,1,Assemblage,Birds
35,ectopistes_migratorius,1,Assemblage,Birds
35,setophaga_striata,1,Assemblage,Birds
35,tympanuchus_cupido,1,Assemblage,Birds
35,melanitta_deglandi,1,Assemblage,Birds
35,larus_atricilla,1,Assemblage,Birds
35,buteo_platypterus,1,Assemblage,Birds
35,charadrius_melodus,1,Assemblage,Birds
35,myiarchus_crinitus,1,Assemblage,Birds
35,passerculus_bairdii,1,Assemblage,Birds
35,coturnicops_noveboracensis,1,Assemblage,Birds
35,contopus_virens,1,Assemblage,Birds
35,calamospiza_melanocorys,1,Assemblage,Birds
35,certhia_americana,1,Assemblage,Birds
35,calcarius_pictus,1,Assemblage,Birds
35,lophodytes_cucullatus,1,Assemblage,Birds
35,sialia_sialis,1,Assemblage,Birds
35,pipilo_erythrophthalmus,1,Assemblage,Birds
35,setophaga_pinus,1,Assemblage,Birds
35,setophaga_americana,1,Assemblage,Birds
35,setophaga_caerulescens,1,Assemblage,Birds
35,setophaga_palmarum,1,Assemblage,Birds
35,setophaga_pensylvanica,1,Assemblage,Birds
35,spizella_breweri,1,Assemblage,Birds
35,camptorhynchus_labradorius,1,Assemblage,Birds
35,piranga_olivacea,1,Assemblage,Birds
35,sturnella_magna,1,Assemblage,Birds
35,hylocichla_mustelina,1,Assemblage,Birds
35,buteo_platypterus,1,Assemblage,Birds
35,chaetura_pelagica,1,Assemblage,Birds
35,leiothlypis_celata,1,Assemblage,Birds
35,phalaenoptilus_nuttallii,1,Assemblage,Birds
35,spatula_discors,1,Assemblage,Birds
35,icterus_parisorum,1,Assemblage,Birds
35,spizella_breweri,1,Assemblage,Birds
35,vireo_bellii,1,Assemblage,Birds
35,sterna_forsteri,1,Assemblage,Birds
35,aechmophorus_occidentalis,1,Assemblage,Birds
35,icterus_bullockiorum,1,Assemblage,Birds
35,spinus_psaltria,1,Assemblage,Birds
35,nyctanassa_violacea,1,Assemblage,Birds
35,spatula_cyanoptera,1,Assemblage,Birds
35,spizella_pusilla,1,Assemblage,Birds
35,setophaga_dominica,1,Assemblage,Birds
35,parkesia_motacilla,1,Assemblage,Birds
35,setophaga_pinus,1,Assemblage,Birds
35,vireo_flavifrons,1,Assemblage,Birds
35,sayornis_phoebe,1,Assemblage,Birds
35,spizella_pusilla,1,Assemblage,Birds
35,phalaenoptilus_nuttallii,1,Assemblage,Birds
35,rallus_elegans,1,Assemblage,Birds
35,pipilo_chlorurus,1,Assemblage,Birds
35,bombycilla_cedrorum,1,Assemblage,Birds
35,pipilo_erythrophthalmus,1,Assemblage,Birds
35,laterallus_jamaicensis,1,Assemblage,Birds
35,spizella_pusilla,1,Assemblage,Birds
35,troglodytes_hiemalis,1,Assemblage,Birds
35,cistothorus_stellaris,1,Assemblage,Birds
35,setophaga_kirtlandii,1,Assemblage,Birds
35,passerculus_henslowii,1,Assemblage,Birds
35,passerculus_henslowii,1,Assemblage,Birds
35,vireo_atricapilla,1,Assemblage,Birds
35,sphyrapicus_varius,1,Assemblage,Birds
35,vermivora_chrysoptera,1,Assemblage,Birds
35,calcarius_ornatus,1,Assemblage,Birds
35,calcarius_ornatus,1,Assemblage,Birds
35,calcarius_ornatus,1,Assemblage,Birds
35,vermivora_bachmanii,1,Assemblage,Birds
35,helmitheros_vermivorum,1,Assemblage,Birds
35,sterna_forsteri,1,Assemblage,Birds
35,nyctanassa_violacea,1,Assemblage,Birds
35,anas_acuta,1,Assemblage,Birds
35,larus_atricilla,1,Assemblage,Birds
35,haemorhous_purpureus,1,Assemblage,Birds
35,buteo_lineatus,1,Assemblage,Birds
35,geothlypis_trichas,1,Assemblage,Birds
35,melanerpes_lewis,1,Assemblage,Birds
35,vireo_solitarius,1,Assemblage,Birds
35,recurvirostra_americana,1,Assemblage,Birds
35,catharus_guttatus,1,Assemblage,Birds
35,calcarius_ornatus,1,Assemblage,Birds
35,melanerpes_erythrocephalus,1,Assemblage,Birds
35,calcarius_ornatus,1,Assemblage,Birds
35,actitis_macularius,1,Assemblage,Birds
35,buteo_regalis,1,Assemblage,Birds
35,anthus_spragueii,1,Assemblage,Birds
35,leiothlypis_celata,1,Assemblage,Birds
35,perisoreus_canadensis,1,Assemblage,Birds
35,melospiza_lincolnii,1,Assemblage,Birds
35,colaptes_auratus,1,Assemblage,Birds
35,picoides_arcticus,1,Assemblage,Birds
35,colaptes_cafer,1,Assemblage,Birds
35,bucephala_islandica,1,Assemblage,Birds
35,buteo_jamaicensis,1,Assemblage,Birds
35,cygnus_buccinator,1,Assemblage,Birds
35,bucephala_albeola,1,Assemblage,Birds
35,empidonax_alnorum,1,Assemblage,Birds
35,spinus_pinus,1,Assemblage,Birds
35,sitta_canadensis,1,Assemblage,Birds
35,junco_hyemalis,1,Assemblage,Birds
35,charadrius_vociferus,1,Assemblage,Birds
35,agelaius_phoeniceus,1,Assemblage,Birds
35,spatula_discors,1,Assemblage,Birds
35,spizella_passerina,1,Assemblage,Birds
35,oxyura_jamaicensis,1,Assemblage,Birds
35,spizella_breweri,1,Assemblage,Birds
35,cygnus_buccinator,1,Assemblage,Birds
35,regulus_satrapa,1,Assemblage,Birds
35,steganopus_tricolor,1,Assemblage,Birds
35,mareca_strepera,1,Assemblage,Birds
35,cygnus_columbianus,1,Assemblage,Birds
35,bombycilla_garrulus,1,Assemblage,Birds
35,bombycilla_garrulus,1,Assemblage,Birds
35,poecile_atricapillus,1,Assemblage,Birds
35,spinus_tristis,1,Assemblage,Birds
35,quiscalus_quiscula,1,Assemblage,Birds
35,athene_cunicularia,1,Assemblage,Birds
35,aechmophorus_occidentalis,1,Assemblage,Birds
35,pooecetes_gramineus,1,Assemblage,Birds
35,seiurus_aurocapilla,1,Assemblage,Birds
35,pipilo_chlorurus,1,Assemblage,Birds
35,lanius_ludovicianus,1,Assemblage,Birds
35,sialia_mexicana,1,Assemblage,Birds
35,salpinctes_obsoletus,1,Assemblage,Birds
35,geothlypis_philadelphia,1,Assemblage,Birds
35,sterna_forsteri,1,Assemblage,Birds
35,ammodramus_savannarum,1,Assemblage,Birds
35,aythya_valisineria,1,Assemblage,Birds
35,passerella_arborea,1,Assemblage,Birds
35,melospiza_georgiana,1,Assemblage,Birds
35,setophaga_virens,1,Assemblage,Birds
35,cistothorus_palustris,1,Assemblage,Birds
35,cardellina_canadensis,1,Assemblage,Birds
35,mareca_americana,1,Assemblage,Birds
35,leiothlypis_ruficapilla,1,Assemblage,Birds
35,oporornis_agilis,1,Assemblage,Birds
35,podiceps_nigricollis,1,Assemblage,Birds
35,aythya_affinis,1,Assemblage,Birds
35,calamospiza_melanocorys,1,Assemblage,Birds
35,setophaga_fusca,1,Assemblage,Birds
35,corthylio_calendula,1,Assemblage,Birds
35,cistothorus_stellaris,1,Assemblage,Birds
35,pipilo_maculatus,1,Assemblage,Birds
35,bonasa_umbellus,1,Assemblage,Birds
35,melanitta_americana,1,Assemblage,Birds
35,coturnicops_noveboracensis,1,Assemblage,Birds
35,ammospiza_leconteii,1,Assemblage,Birds
35,passerculus_bairdii,1,Assemblage,Birds
35,rhynchophanes_mccownii,1,Assemblage,Birds
35,camptorhynchus_labradorius,1,Assemblage,Birds
35,vireo_solitarius,1,Assemblage,Birds
35,catharus_bicknelli,1,Assemblage,Birds
35,hydrocoloeus_minutus,1,Assemblage,Birds
35,larus_pipixcan,1,Assemblage,Birds
35,sphyrapicus_nuchalis,1,Assemblage,Birds
35,anthus_spragueii,1,Assemblage,Birds
35,podiceps_auritus,1,Assemblage,Birds
35,pinicola_enucleator,1,Assemblage,Birds
35,gavia_stellata,1,Assemblage,Birds
35,charadrius_melodus,1,Assemblage,Birds
35,charadrius_melodus,1,Assemblage,Birds
35,chlidonias_niger,1,Assemblage,Birds
35,parkesia_noveboracensis,1,Assemblage,Birds
35,chaetura_vauxi,1,Assemblage,Birds
35,sphyrapicus_varius,1,Assemblage,Birds
35,melospiza_georgiana,1,Assemblage,Birds
35,setophaga_magnolia,1,Assemblage,Birds
35,sialia_currucoides,1,Assemblage,Birds
35,empidonax_minimus,1,Assemblage,Birds
35,setophaga_townsendi,1,Assemblage,Birds
35,accipiter_striatus,1,Assemblage,Birds
35,setophaga_palmarum,1,Assemblage,Birds
35,setophaga_castanea,1,Assemblage,Birds
35,limosa_fedoa,1,Assemblage,Birds
35,leiothlypis_peregrina,1,Assemblage,Birds
35,vireo_philadelphicus,1,Assemblage,Birds
35,calidris_maritima,1,Assemblage,Birds
35,tringa_melanoleuca,1,Assemblage,Birds
35,larus_philadelphia,1,Assemblage,Birds
35,tympanuchus_phasianellus,1,Assemblage,Birds
35,tringa_solitaria,1,Assemblage,Birds
35,bartramia_longicauda,1,Assemblage,Birds
35,canachites_canadensis,1,Assemblage,Birds
35,poecile_hudsonicus,1,Assemblage,Birds
35,bombycilla_garrulus,1,Assemblage,Birds
35,calcarius_lapponicus,1,Assemblage,Birds
35,histrionicus_histrionicus,1,Assemblage,Birds
35,falco_columbarius,1,Assemblage,Birds
35,fulmarus_glacialis,1,Assemblage,Birds
35,somateria_spectabilis,1,Assemblage,Birds
35,larus_smithsonianus,1,Assemblage,Birds
35,cepphus_grylle,1,Assemblage,Birds
35,mareca_americana,1,Assemblage,Birds
35,asio_flammeus,1,Assemblage,Birds
35,anas_acuta,1,Assemblage,Birds
35,histrionicus_histrionicus,1,Assemblage,Birds
35,grus_canadensis,1,Assemblage,Birds
35,melospiza_melodia,1,Assemblage,Birds
35,cepphus_grylle,1,Assemblage,Birds
35,gavia_stellata,1,Assemblage,Birds
35,sayornis_saya,1,Assemblage,Birds
35,turdus_migratorius,1,Assemblage,Birds
35,anas_carolinensis,1,Assemblage,Birds
35,sterna_paradisaea,1,Assemblage,Birds
35,somateria_mollissima,1,Assemblage,Birds
35,lagopus_lagopus,1,Assemblage,Birds
35,passerella_iliaca,1,Assemblage,Birds
35,catharus_minimus,1,Assemblage,Birds
35,haliaeetus_leucocephalus,1,Assemblage,Birds
35,zonotrichia_atricapilla,1,Assemblage,Birds
35,aythya_marila,1,Assemblage,Birds
35,aquila_chrysaetos,1,Assemblage,Birds
35,ictinia_mississippiensis,1,Assemblage,Birds
35,thryomanes_bewickii,1,Assemblage,Birds
35,tympanuchus_cupido,1,Assemblage,Birds
35,larus_pipixcan,1,Assemblage,Birds
35,ixobrychus_exilis,1,Assemblage,Birds
35,passerculus_sandwichensis,1,Assemblage,Birds
35,zonotrichia_querula,1,Assemblage,Birds
35,melanitta_americana,1,Assemblage,Birds
35,limosa_haemastica,1,Assemblage,Birds
35,tringa_flavipes,1,Assemblage,Birds
35,lagopus_muta,1,Assemblage,Birds
35,limnodromus_griseus,1,Assemblage,Birds
35,melanitta_deglandi,1,Assemblage,Birds
35,plectrophenax_nivalis,1,Assemblage,Birds
35,branta_bernicla,1,Assemblage,Birds
35,euphagus_carolinus,1,Assemblage,Birds
35,podiceps_auritus,1,Assemblage,Birds
35,setophaga_coronata,1,Assemblage,Birds
35,dryobates_pubescens,1,Assemblage,Birds
35,falco_sparverius,1,Assemblage,Birds
35,tachycineta_bicolor,1,Assemblage,Birds
35,tachycineta_thalassina,1,Assemblage,Birds
35,plectrophenax_nivalis,1,Assemblage,Birds
35,calidris_minutilla,1,Assemblage,Birds
35,zonotrichia_leucophrys,1,Assemblage,Birds
35,acanthis_flammea,1,Assemblage,Birds
35,junco_hyemalis,1,Assemblage,Birds
35,rissa_tridactyla,1,Assemblage,Birds
35,bucephala_clangula,1,Assemblage,Birds
35,alca_torda,1,Assemblage,Birds
35,icterus_spurius,1,Assemblage,Birds
35,peucaea_aestivalis,1,Assemblage,Birds
35,passerina_ciris,1,Assemblage,Birds
35,peucaea_aestivalis,1,Assemblage,Birds
35,quiscalus_quiscula,1,Assemblage,Birds
35,tyrannus_forficatus,1,Assemblage,Birds
35,antrostomus_carolinensis,1,Assemblage,Birds
35,antrostomus_carolinensis,1,Assemblage,Birds
35,tympanuchus_pallidicinctus,1,Assemblage,Birds
35,tympanuchus_pallidicinctus,1,Assemblage,Birds
35,sterna_forsteri,1,Assemblage,Birds
35,larus_hyperboreus,1,Assemblage,Birds
35,actitis_macularius,1,Assemblage,Birds
35,uria_aalge,1,Assemblage,Birds
35,passerculus_sandwichensis,1,Assemblage,Birds
35,larus_smithsonianus,1,Assemblage,Birds
35,spatula_clypeata,1,Assemblage,Birds
35,gavia_immer,1,Assemblage,Birds
35,gallinago_delicata,1,Assemblage,Birds
35,somateria_mollissima,1,Assemblage,Birds
35,megaceryle_alcyon,1,Assemblage,Birds
35,circus_hudsonius,1,Assemblage,Birds
35,picoides_tridactylus,1,Assemblage,Birds
35,pica_hudsonia,1,Assemblage,Birds
35,podiceps_grisegena,1,Assemblage,Birds
35,loxia_leucoptera,1,Assemblage,Birds
35,mergus_serrator,1,Assemblage,Birds
35,somateria_mollissima,1,Assemblage,Birds
35,botaurus_lentiginosus,1,Assemblage,Birds
35,sturnella_neglecta,1,Assemblage,Birds
35,perisoreus_canadensis,1,Assemblage,Birds
35,pheucticus_ludovicianus,1,Assemblage,Birds
35,sayornis_phoebe,1,Assemblage,Birds
35,podilymbus_podiceps,1,Assemblage,Birds
35,mniotilta_varia,1,Assemblage,Birds
35,spatula_cyanoptera,1,Assemblage,Birds
35,larus_delawarensis,1,Assemblage,Birds
35,anas_carolinensis,1,Assemblage,Birds
35,nycticorax_nycticorax,1,Assemblage,Birds
35,ammospiza_nelsoni,1,Assemblage,Birds
35,setophaga_striata,1,Assemblage,Birds
35,aythya_valisineria,1,Assemblage,Birds
35,surnia_ulula,1,Assemblage,Birds
35,podiceps_auritus,1,Assemblage,Birds
35,falco_rusticolus,1,Assemblage,Birds
35,aythya_affinis,1,Assemblage,Birds
35,strix_nebulosa,1,Assemblage,Birds
35,larus_glaucoides,1,Assemblage,Birds
35,fratercula_arctica,1,Assemblage,Birds
35,branta_canadensis,1,Assemblage,Birds
35,charadrius_montanus,1,Assemblage,Birds
35,sturnella_magna,1,Assemblage,Birds
35,megascops_asio,1,Assemblage,Birds
35,calcarius_ornatus,1,Assemblage,Birds
35,pooecetes_gramineus,1,Assemblage,Birds
35,quiscalus_quiscula,1,Assemblage,Birds
35,myiarchus_nuttingi,1,Assemblage,Birds
35,branta_hutchinsii,1,Assemblage,Birds
35,branta_bernicla,1,Assemblage,Birds
35,bucephala_clangula,1,Assemblage,Birds
35,pandion_haliaetus,1,Assemblage,Birds
35,grus_canadensis,1,Assemblage,Birds
35,catharus_guttatus,1,Assemblage,Birds
35,sayornis_saya,1,Assemblage,Birds
35,catharus_swainsoni,1,Assemblage,Birds
35,nannopterum_auritum,1,Assemblage,Birds
35,bonasa_umbellus,1,Assemblage,Birds
35,cardellina_pusilla,1,Assemblage,Birds
35,gavia_immer,1,Assemblage,Birds
35,tringa_semipalmata,1,Assemblage,Birds
35,perdix_perdix,1,Assemblage,Birds
35,larus_delawarensis,1,Assemblage,Birds
35,accipiter_cooperii,1,Assemblage,Birds
35,spizella_pallida,1,Assemblage,Birds
35,troglodytes_hiemalis,1,Assemblage,Birds
35,zenaida_macroura,1,Assemblage,Birds
35,setophaga_tigrina,1,Assemblage,Birds
35,anthus_spragueii,1,Assemblage,Birds
35,branta_canadensis,1,Assemblage,Birds
35,circus_hudsonius,1,Assemblage,Birds
35,mareca_penelope,1,Assemblage,Birds
35,tyrannus_tyrannus,1,Assemblage,Birds
35,nucifraga_columbiana,1,Assemblage,Birds
35,cathartes_aura,1,Assemblage,Birds
35,sturnella_neglecta,1,Assemblage,Birds
35,aquila_chrysaetos,1,Assemblage,Birds
35,hydroprogne_caspia,1,Assemblage,Birds
35,accipiter_gentilis,1,Assemblage,Birds
35,accipiter_cooperii,1,Assemblage,Birds
35,buteo_lineatus,1,Assemblage,Birds
35,grus_canadensis,1,Assemblage,Birds
35,buteo_regalis,1,Assemblage,Birds
35,aegolius_acadicus,1,Assemblage,Birds
35,ammospiza_nelsoni,1,Assemblage,Birds
35,charadrius_montanus,1,Assemblage,Birds
35,xanthocephalus_xanthocephalus,1,Assemblage,Birds
35,phainopepla_nitens,1,Assemblage,Birds
35,campylorhynchus_brunneicapillus,1,Assemblage,Birds
35,sturnella_neglecta,1,Assemblage,Birds
35,psiloscops_flammeolus,1,Assemblage,Birds
35,helmitheros_vermivorum,1,Assemblage,Birds
35,hylatomus_pileatus,1,Assemblage,Birds
35,stelgidopteryx_serripennis,1,Assemblage,Birds
35,piranga_ludoviciana,1,Assemblage,Birds
35,buteo_swainsoni,1,Assemblage,Birds
35,anser_caerulescens,1,Assemblage,Birds
35,passerella_arborea,1,Assemblage,Birds
35,cepphus_grylle,1,Assemblage,Birds
35,melanitta_perspicillata,1,Assemblage,Birds
35,empidonax_oberholseri,1,Assemblage,Birds
35,haemorhous_purpureus,1,Assemblage,Birds
35,molothrus_ater,1,Assemblage,Birds
35,empidonax_flaviventris,1,Assemblage,Birds
35,sialia_currucoides,1,Assemblage,Birds
35,zonotrichia_querula,1,Assemblage,Birds
35,zonotrichia_albicollis,1,Assemblage,Birds
35,melanitta_perspicillata,1,Assemblage,Birds
35,corvus_brachyrhynchos,1,Assemblage,Birds
35,fulica_americana,1,Assemblage,Birds
35,porzana_carolina,1,Assemblage,Birds
35,lanius_borealis,1,Assemblage,Birds
35,falco_peregrinus,1,Assemblage,Birds
35,hydrobates_leucorhous,1,Assemblage,Birds
35,contopus_cooperi,1,Assemblage,Birds
35,anas_platyrhynchos,1,Assemblage,Birds
35,larus_canus,1,Assemblage,Birds
35,anthus_rubescens,1,Assemblage,Birds
35,mergus_merganser,1,Assemblage,Birds
35,mergus_merganser,1,Assemblage,Birds
35,quiscalus_major,1,Assemblage,Birds
35,fulica_americana,1,Assemblage,Birds
35,vireo_altiloquus,1,Assemblage,Birds
35,grus_canadensis,1,Assemblage,Birds
35,icterus_spurius,1,Assemblage,Birds
35,helmitheros_vermivorum,1,Assemblage,Birds
35,aphelocoma_coerulescens,1,Assemblage,Birds
35,buteo_platypterus,1,Assemblage,Birds
35,aphelocoma_coerulescens,1,Assemblage,Birds
35,larus_marinus,1,Assemblage,Birds
35,ortalis_vetula,1,Assemblage,Birds
35,larus_marinus,1,Assemblage,Birds
35,thalasseus_maximus,1,Assemblage,Birds
35,sterna_forsteri,1,Assemblage,Birds
35,rallus_crepitans,1,Assemblage,Birds
35,ammospiza_nelsoni,1,Assemblage,Birds
35,larus_marinus,1,Assemblage,Birds
35,setophaga_striata,1,Assemblage,Birds
35,larus_philadelphia,1,Assemblage,Birds
35,buteo_brachyurus,1,Assemblage,Birds
35,sterna_forsteri,1,Assemblage,Birds
35,ammospiza_caudacuta,1,Assemblage,Birds
35,ammospiza_caudacuta,1,Assemblage,Birds
35,ammospiza_caudacuta,1,Assemblage,Birds
35,ammospiza_maritima,1,Assemblage,Birds
35,ammospiza_maritima,1,Assemblage,Birds
35,zonotrichia_albicollis,1,Assemblage,Birds
35,haematopus_palliatus,1,Assemblage,Birds
35,mycteria_americana,1,Assemblage,Birds
35,euphonia_hirundinacea,1,Assemblage,Birds
35,leuconotopicus_fumigatus,1,Assemblage,Birds
35,cynanthus_canivetii,1,Assemblage,Birds
35,ara_macao,1,Assemblage,Birds
35,myadestes_unicolor,1,Assemblage,Birds
35,myiodynastes_maculatus,1,Assemblage,Birds
35,cardellina_pusilla,1,Assemblage,Birds
35,geothlypis_tolmiei,1,Assemblage,Birds
35,patagioenas_flavirostris,1,Assemblage,Birds
35,empidonax_traillii,1,Assemblage,Birds
35,catharus_mexicanus,1,Assemblage,Birds
35,piranga_bidentata,1,Assemblage,Birds
35,accipiter_cooperii,1,Assemblage,Birds
35,buteo_plagiatus,1,Assemblage,Birds
35,charadrius_nivosus,1,Assemblage,Birds
35,arremonops_rufivirgatus,1,Assemblage,Birds
35,myiodynastes_luteiventris,1,Assemblage,Birds
35,xiphorhynchus_flavigaster,1,Assemblage,Birds
35,xanthocephalus_xanthocephalus,1,Assemblage,Birds
35,peucaea_botterii,1,Assemblage,Birds
35,egretta_rufescens,1,Assemblage,Birds
35,vireo_gilvus,1,Assemblage,Birds
35,psittacara_holochlorus,1,Assemblage,Birds
35,chlorestes_candida,1,Assemblage,Birds
35,crypturellus_cinnamomeus,1,Assemblage,Birds
35,aulacorhynchus_prasinus,1,Assemblage,Birds
35,basilinna_leucotis,1,Assemblage,Birds
35,eugenes_fulgens,1,Assemblage,Birds
35,trogon_ambiguus,1,Assemblage,Birds
35,limnothlypis_swainsonii,1,Assemblage,Birds
35,baeolophus_wollweberi,1,Assemblage,Birds
35,megascops_guatemalae,1,Assemblage,Birds
35,stelgidopteryx_serripennis,1,Assemblage,Birds
35,eupsittula_astec,1,Assemblage,Birds
35,piranga_ludoviciana,1,Assemblage,Birds
35,pachyramphus_aglaiae,1,Assemblage,Birds
35,ixobrychus_exilis,1,Assemblage,Birds
35,mycteria_americana,1,Assemblage,Birds
35,plegadis_chihi,1,Assemblage,Birds
35,accipiter_striatus,1,Assemblage,Birds
35,podiceps_nigricollis,1,Assemblage,Birds
35,pipilo_maculatus,1,Assemblage,Birds
35,butorides_striata,1,Assemblage,Birds
35,oxyura_jamaicensis,1,Assemblage,Birds
35,psaltriparus_minimus,1,Assemblage,Birds
35,thryomanes_bewickii,1,Assemblage,Birds
35,aythya_valisineria,1,Assemblage,Birds
35,haemorhous_mexicanus,1,Assemblage,Birds
35,larus_delawarensis,1,Assemblage,Birds
35,catharus_guttatus,1,Assemblage,Birds
35,melospiza_lincolnii,1,Assemblage,Birds
35,numenius_americanus,1,Assemblage,Birds
35,corthylio_calendula,1,Assemblage,Birds
35,buteo_jamaicensis,1,Assemblage,Birds
35,anthus_rubescens,1,Assemblage,Birds
35,oxyura_jamaicensis,1,Assemblage,Birds
35,lanius_ludovicianus,1,Assemblage,Birds
35,egretta_thula,1,Assemblage,Birds
35,aimophila_ruficeps,1,Assemblage,Birds
35,catherpes_mexicanus,1,Assemblage,Birds
35,coragyps_atratus,1,Assemblage,Birds
35,lanius_ludovicianus,1,Assemblage,Birds
35,passerculus_sandwichensis,1,Assemblage,Birds
35,catharus_ustulatus,1,Assemblage,Birds
35,ardea_alba,1,Assemblage,Birds
35,aeronautes_saxatalis,1,Assemblage,Birds
35,zonotrichia_albicollis,1,Assemblage,Birds
35,nycticorax_nycticorax,1,Assemblage,Birds
35,columbina_inca,1,Assemblage,Birds
35,passerina_caerulea,1,Assemblage,Birds
35,melanerpes_aurifrons,1,Assemblage,Birds
35,patagioenas_fasciata,1,Assemblage,Birds
35,pelecanus_erythrorhynchos,1,Assemblage,Birds
35,aphelocoma_californica,1,Assemblage,Birds
35,polioptila_caerulea,1,Assemblage,Birds
35,loxia_leucoptera,1,Assemblage,Birds
35,egretta_caerulea,1,Assemblage,Birds
35,loxia_curvirostra,1,Assemblage,Birds
35,mimus_polyglottos,1,Assemblage,Birds
35,rynchops_niger,1,Assemblage,Birds
35,myadestes_occidentalis,1,Assemblage,Birds
35,ptiliogonys_cinereus,1,Assemblage,Birds
35,trogon_mexicanus,1,Assemblage,Birds
35,hesperiphona_abeillei,1,Assemblage,Birds
35,contopus_pertinax,1,Assemblage,Birds
35,selasphorus_platycercus,1,Assemblage,Birds
35,empidonax_fulvifrons,1,Assemblage,Birds
35,empidonax_affinis,1,Assemblage,Birds
35,basileuterus_belli,1,Assemblage,Birds
35,dactylortyx_thoracicus,1,Assemblage,Birds
35,lampornis_amethystinus,1,Assemblage,Birds
35,colibri_thalassinus,1,Assemblage,Birds
35,vireolanius_melitophrys,1,Assemblage,Birds
35,athene_cunicularia,1,Assemblage,Birds
35,icterus_cucullatus,1,Assemblage,Birds
35,icterus_cucullatus,1,Assemblage,Birds
35,myiarchus_tyrannulus,1,Assemblage,Birds
35,icterus_spurius,1,Assemblage,Birds
35,geothlypis_nelsoni,1,Assemblage,Birds
35,basileuterus_lachrymosus,1,Assemblage,Birds
35,rhynchopsitta_terrisi,1,Assemblage,Birds
35,dendrortyx_barbatus,1,Assemblage,Birds
35,tyrannus_forficatus,1,Assemblage,Birds
35,icterus_abeillei,1,Assemblage,Birds
35,colaptes_aeruginosus,1,Assemblage,Birds
35,corvus_cryptoleucus,1,Assemblage,Birds
35,corvus_imparatus,1,Assemblage,Birds
35,amazona_viridigenalis,1,Assemblage,Birds
35,amazona_viridigenalis,1,Assemblage,Birds
35,pheucticus_melanocephalus,1,Assemblage,Birds
35,rallus_tenuirostris,1,Assemblage,Birds
35,buteo_lineatus,1,Assemblage,Birds
35,quiscalus_major,1,Assemblage,Birds
35,grus_americana,1,Assemblage,Birds
35,empidonax_occidentalis,1,Assemblage,Birds
35,setophaga_pitiayumi,1,Assemblage,Birds
35,oreothlypis_superciliosa,1,Assemblage,Birds
35,atlapetes_pileatus,1,Assemblage,Birds
35,catharus_occidentalis,1,Assemblage,Birds
35,icterus_graduacauda,1,Assemblage,Birds
35,melanotis_caerulescens,1,Assemblage,Birds
35,falco_femoralis,1,Assemblage,Birds
35,selasphorus_heloisa,1,Assemblage,Birds
35,tyrannus_couchii,1,Assemblage,Birds
35,pelecanus_erythrorhynchos,1,Assemblage,Birds
35,toxostoma_longirostre,1,Assemblage,Birds
35,vireo_flavifrons,1,Assemblage,Birds
35,caryothraustes_celaeno,1,Assemblage,Birds
35,geranoaetus_albicaudatus,1,Assemblage,Birds
35,cyanerpes_cyaneus,1,Assemblage,Birds
35,glaucidium_sanchezi,1,Assemblage,Birds
35,cyanolyca_nanus,1,Assemblage,Birds
35,dendrortyx_barbatus,1,Assemblage,Birds
35,cyanolyca_nanus,1,Assemblage,Birds
35,larus_pipixcan,1,Assemblage,Birds
35,amazilia_yucatanensis,1,Assemblage,Birds
35,dryobates_pubescens,1,Assemblage,Birds
35,cynanthus_latirostris,1,Assemblage,Birds
35,micrathene_whitneyi,1,Assemblage,Birds
35,setophaga_discolor,1,Assemblage,Birds
35,aechmophorus_occidentalis,1,Assemblage,Birds
35,myiarchus_tyrannulus,1,Assemblage,Birds
35,egretta_rufescens,1,Assemblage,Birds
35,zenaida_asiatica,1,Assemblage,Birds
35,ara_militaris,1,Assemblage,Birds
35,setophaga_nigrescens,1,Assemblage,Birds
35,icterus_parisorum,1,Assemblage,Birds
35,passerina_ciris,1,Assemblage,Birds
35,buteo_albonotatus,1,Assemblage,Birds
35,anas_fulvigula,1,Assemblage,Birds
35,setophaga_chrysoparia,1,Assemblage,Birds
35,pheucticus_melanocephalus,1,Assemblage,Birds
35,megascops_trichopsis,1,Assemblage,Birds
35,molothrus_aeneus,1,Assemblage,Birds
35,cardinalis_sinuatus,1,Assemblage,Birds
35,aphelocoma_wollweberi,1,Assemblage,Birds
35,anas_fulvigula,1,Assemblage,Birds
35,toxostoma_rufum,1,Assemblage,Birds
35,tachycineta_thalassina,1,Assemblage,Birds
35,campylorhynchus_gularis,1,Assemblage,Birds
35,spizella_pallida,1,Assemblage,Birds
35,myiarchus_cinerascens,1,Assemblage,Birds
35,larus_philadelphia,1,Assemblage,Birds
35,melanerpes_erythrocephalus,1,Assemblage,Birds
35,spizella_passerina,1,Assemblage,Birds
35,certhia_americana,1,Assemblage,Birds
35,sialia_sialis,1,Assemblage,Birds
35,conuropsis_carolinensis,1,Assemblage,Birds
35,petrochelidon_fulva,1,Assemblage,Birds
35,colaptes_auratus,1,Assemblage,Birds
35,sayornis_phoebe,1,Assemblage,Birds
35,cistothorus_stellaris,1,Assemblage,Birds
35,baeolophus_atricristatus,1,Assemblage,Birds
35,archilochus_colubris,1,Assemblage,Birds
35,spizella_pusilla,1,Assemblage,Birds
35,seiurus_aurocapilla,1,Assemblage,Birds
35,setophaga_magnolia,1,Assemblage,Birds
35,setophaga_pensylvanica,1,Assemblage,Birds
35,vireo_atricapilla,1,Assemblage,Birds
35,crotophaga_sulcirostris,1,Assemblage,Birds
35,vireo_griseus,1,Assemblage,Birds
35,podiceps_nigricollis,1,Assemblage,Birds
35,colaptes_auratus,1,Assemblage,Birds
35,euphagus_cyanocephalus,1,Assemblage,Birds
35,ixobrychus_exilis,1,Assemblage,Birds
35,pipilo_erythrophthalmus,1,Assemblage,Birds
35,coturnicops_noveboracensis,1,Assemblage,Birds
35,crotophaga_sulcirostris,1,Assemblage,Birds
35,setophaga_discolor,1,Assemblage,Birds
35,eudocimus_albus,1,Assemblage,Birds
35,melospiza_georgiana,1,Assemblage,Birds
35,setophaga_pinus,1,Assemblage,Birds
35,geothlypis_formosa,1,Assemblage,Birds
35,setophaga_citrina,1,Assemblage,Birds
35,campephilus_principalis,1,Assemblage,Birds
35,pipilo_erythrophthalmus,1,Assemblage,Birds
35,sialia_sialis,1,Assemblage,Birds
35,campephilus_principalis,1,Assemblage,Birds
35,setophaga_dominica,1,Assemblage,Birds
35,tyrannus_dominicensis,1,Assemblage,Birds
35,troglodytes_hiemalis,1,Assemblage,Birds
35,vermivora_cyanoptera,1,Assemblage,Birds
35,leuconotopicus_borealis,1,Assemblage,Birds
35,leuconotopicus_borealis,1,Assemblage,Birds
35,passerculus_henslowii,1,Assemblage,Birds
35,ammospiza_caudacuta,1,Assemblage,Birds
35,scolopax_minor,1,Assemblage,Birds
35,ammospiza_maritima,1,Assemblage,Birds
35,setophaga_cerulea,1,Assemblage,Birds
35,limnothlypis_swainsonii,1,Assemblage,Birds
35,corvus_ossifragus,1,Assemblage,Birds
35,quiscalus_major,1,Assemblage,Birds
35,charadrius_wilsonia,1,Assemblage,Birds
35,sitta_pusilla,1,Assemblage,Birds
35,accipiter_striatus,1,Assemblage,Birds
35,tyrannus_verticalis,1,Assemblage,Birds
35,sturnus_vulgaris,1,Assemblage,Birds
35,spizella_atrogularis,1,Assemblage,Birds
35,cyrtonyx_montezumae,1,Assemblage,Birds
35,vireo_gilvus,1,Assemblage,Birds
35,turdus_migratorius,1,Assemblage,Birds
35,pipilo_maculatus,1,Assemblage,Birds
35,melospiza_melodia,1,Assemblage,Birds
35,peucaea_cassinii,1,Assemblage,Birds
35,pipilo_maculatus,1,Assemblage,Birds
35,lophodytes_cucullatus,1,Assemblage,Birds
35,spiza_americana,1,Assemblage,Birds
35,anser_caerulescens,1,Assemblage,Birds
35,chaetura_vauxi,1,Assemblage,Birds
35,recurvirostra_americana,1,Assemblage,Birds
35,zonotrichia_leucophrys,1,Assemblage,Birds
35,sialia_currucoides,1,Assemblage,Birds
35,recurvirostra_americana,1,Assemblage,Birds
35,zonotrichia_leucophrys,1,Assemblage,Birds
35,parkesia_noveboracensis,1,Assemblage,Birds
35,chondestes_grammacus,1,Assemblage,Birds
35,icteria_virens,1,Assemblage,Birds
35,branta_hutchinsii,1,Assemblage,Birds
35,certhia_americana,1,Assemblage,Birds
35,aix_sponsa,1,Assemblage,Birds
35,leiothlypis_ruficapilla,1,Assemblage,Birds
35,aix_sponsa,1,Assemblage,Birds
35,anser_rossii,1,Assemblage,Birds
35,pinguinus_impennis,1,Assemblage,Birds
35,tyrannus_verticalis,1,Assemblage,Birds
35,anser_albifrons,1,Assemblage,Birds
35,alca_torda,1,Assemblage,Birds
35,lagopus_lagopus,1,Assemblage,Birds
35,calcarius_lapponicus,1,Assemblage,Birds
35,mergus_merganser,1,Assemblage,Birds
35,passerella_iliaca,1,Assemblage,Birds
35,thryothorus_ludovicianus,1,Assemblage,Birds
35,setophaga_tigrina,1,Assemblage,Birds
35,vireo_griseus,1,Assemblage,Birds
35,empidonax_virescens,1,Assemblage,Birds
35,setophaga_americana,1,Assemblage,Birds
35,rallus_elegans,1,Assemblage,Birds
35,scolopax_minor,1,Assemblage,Birds
35,vermivora_cyanoptera,1,Assemblage,Birds
35,vireo_griseus,1,Assemblage,Birds
35,antrostomus_vociferus,1,Assemblage,Birds
35,melanerpes_carolinus,1,Assemblage,Birds
35,setophaga_discolor,1,Assemblage,Birds
35,protonotaria_citrea,1,Assemblage,Birds
35,setophaga_pinus,1,Assemblage,Birds
35,laterallus_jamaicensis,1,Assemblage,Birds
35,setophaga_caerulescens,1,Assemblage,Birds
35,euphagus_carolinus,1,Assemblage,Birds
35,gallinula_galeata,1,Assemblage,Birds
35,baeolophus_bicolor,1,Assemblage,Birds
35,porphyrio_martinicus,1,Assemblage,Birds
35,dumetella_carolinensis,1,Assemblage,Birds
35,anhinga_anhinga,1,Assemblage,Birds
35,toxostoma_rufum,1,Assemblage,Birds
35,egretta_caerulea,1,Assemblage,Birds
35,strix_varia,1,Assemblage,Birds
35,meleagris_gallopavo,1,Assemblage,Birds
35,molothrus_ater,1,Assemblage,Birds
35,hesperiphona_vespertina,1,Assemblage,Birds
35,sitta_carolinensis,1,Assemblage,Birds
35,aratinga_nenday,1,Assemblage,Birds
35,melospiza_georgiana,1,Assemblage,Birds
35,geococcyx_californianus,1,Assemblage,Birds
35,haliaeetus_leucocephalus,1,Assemblage,Birds
35,spinus_tristis,1,Assemblage,Birds
35,passerculus_sandwichensis,1,Assemblage,Birds
35,auriparus_flaviceps,1,Assemblage,Birds
35,falco_mexicanus,1,Assemblage,Birds
35,passerina_caerulea,1,Assemblage,Birds
35,spinus_pinus,1,Assemblage,Birds
35,sterna_forsteri,1,Assemblage,Birds
35,regulus_satrapa,1,Assemblage,Birds
35,zonotrichia_albicollis,1,Assemblage,Birds
35,falco_mexicanus,1,Assemblage,Birds
35,haemorhous_purpureus,1,Assemblage,Birds
35,pelecanus_erythrorhynchos,1,Assemblage,Birds
35,pavo_cristatus,1,Assemblage,Birds
35,progne_subis,1,Assemblage,Birds
35,tachycineta_bicolor,1,Assemblage,Birds
35,oreoscoptes_montanus,1,Assemblage,Birds
35,aechmophorus_clarkii,1,Assemblage,Birds
35,lanius_borealis,1,Assemblage,Birds
35,piranga_ludoviciana,1,Assemblage,Birds
35,spinus_tristis,1,Assemblage,Birds
35,troglodytes_aedon,1,Assemblage,Birds
35,asio_otus,1,Assemblage,Birds
35,phalaenoptilus_nuttallii,1,Assemblage,Birds
35,anser_rossii,1,Assemblage,Birds
35,nannopterum_auritum,1,Assemblage,Birds
35,cistothorus_palustris,1,Assemblage,Birds
35,chondestes_grammacus,1,Assemblage,Birds
35,calidris_maritima,1,Assemblage,Birds
35,larus_californicus,1,Assemblage,Birds
35,plegadis_falcinellus,1,Assemblage,Birds
35,euphagus_cyanocephalus,1,Assemblage,Birds
35,larus_marinus,1,Assemblage,Birds
35,hylocichla_mustelina,1,Assemblage,Birds
35,buteo_albonotatus,1,Assemblage,Birds
35,antrostomus_arizonae,1,Assemblage,Birds
35,junco_phaeonotus,1,Assemblage,Birds
35,passerina_versicolor,1,Assemblage,Birds
35,vireo_bellii,1,Assemblage,Birds
35,molothrus_ater,1,Assemblage,Birds
35,vireo_cassinii,1,Assemblage,Birds
35,vireo_atricapilla,1,Assemblage,Birds
35,eudocimus_albus,1,Assemblage,Birds
35,piranga_hepatica,1,Assemblage,Birds
35,selasphorus_rufus,1,Assemblage,Birds
35,spizella_pallida,1,Assemblage,Birds
35,toxostoma_curvirostre,1,Assemblage,Birds
35,melozone_fusca,1,Assemblage,Birds
35,passerina_caerulea,1,Assemblage,Birds
35,charadrius_melodus,1,Assemblage,Birds
35,polioptila_melanura,1,Assemblage,Birds
35,callipepla_squamata,1,Assemblage,Birds
35,zenaida_asiatica,1,Assemblage,Birds
35,corvus_brachyrhynchos,1,Assemblage,Birds
35,rallus_limicola,1,Assemblage,Birds
35,corvus_cryptoleucus,1,Assemblage,Birds
35,poecile_carolinensis,1,Assemblage,Birds
35,cyanocitta_cristata,1,Assemblage,Birds
35,dumetella_carolinensis,1,Assemblage,Birds
35,euphagus_cyanocephalus,1,Assemblage,Birds
35,troglodytes_aedon,1,Assemblage,Birds
35,sitta_carolinensis,1,Assemblage,Birds
35,porzana_carolina,1,Assemblage,Birds
35,passerina_amoena,1,Assemblage,Birds
35,pelecanus_erythrorhynchos,1,Assemblage,Birds
35,euphagus_carolinus,1,Assemblage,Birds
35,icterus_galbula,1,Assemblage,Birds
35,larus_delawarensis,1,Assemblage,Birds
35,troglodytes_aedon,1,Assemblage,Birds
35,aechmophorus_clarkii,1,Assemblage,Birds
35,mareca_strepera,1,Assemblage,Birds
35,dolichonyx_oryzivorus,1,Assemblage,Birds
35,numenius_americanus,1,Assemblage,Birds
35,toxostoma_rufum,1,Assemblage,Birds
35,oreoscoptes_montanus,1,Assemblage,Birds
35,setophaga_auduboni,1,Assemblage,Birds
35,setophaga_coronata,1,Assemblage,Birds
35,bucephala_albeola,1,Assemblage,Birds
35,cygnus_olor,1,Assemblage,Birds
35,rallus_limicola,1,Assemblage,Birds
35,cyanocitta_cristata,1,Assemblage,Birds
35,setophaga_chrysoparia,1,Assemblage,Birds
35,turdus_infuscatus,1,Assemblage,Birds
35,zentrygon_albifacies,1,Assemblage,Birds
35,aphelocoma_unicolor,1,Assemblage,Birds
35,tyrannus_couchii,1,Assemblage,Birds
35,amazilia_yucatanensis,1,Assemblage,Birds
35,pampa_curvipennis,1,Assemblage,Birds
35,cyanolyca_cucullata,1,Assemblage,Birds
35,dendrocygna_bicolor,1,Assemblage,Birds
35,myadestes_townsendi,1,Assemblage,Birds
35,pheucticus_melanocephalus,1,Assemblage,Birds
35,pheucticus_melanocephalus,1,Assemblage,Birds
35,corvus_brachyrhynchos,1,Assemblage,Birds
35,passerina_cyanea,1,Assemblage,Birds
35,branta_canadensis,1,Assemblage,Birds
35,rallus_limicola,1,Assemblage,Birds
35,eremophila_alpestris,1,Assemblage,Birds
35,cygnus_columbianus,1,Assemblage,Birds
35,haemorhous_purpureus,1,Assemblage,Birds
35,cyanocitta_cristata,1,Assemblage,Birds
35,dumetella_carolinensis,1,Assemblage,Birds
35,polioptila_caerulea,1,Assemblage,Birds
35,xanthocephalus_xanthocephalus,1,Assemblage,Birds
35,botaurus_lentiginosus,1,Assemblage,Birds
35,archilochus_alexandri,1,Assemblage,Birds
35,mergus_merganser,1,Assemblage,Birds
35,plegadis_chihi,1,Assemblage,Birds
35,plegadis_chihi,1,Assemblage,Birds
35,piranga_rubra,1,Assemblage,Birds
35,elanoides_forficatus,1,Assemblage,Birds
35,plegadis_falcinellus,1,Assemblage,Birds
35,haematopus_palliatus,1,Assemblage,Birds
35,catharus_fuscescens,1,Assemblage,Birds
35,scolopax_minor,1,Assemblage,Birds
35,plegadis_chihi,1,Assemblage,Birds
35,leucosticte_tephrocotis,1,Assemblage,Birds
35,centrocercus_urophasianus,1,Assemblage,Birds
35,centrocercus_urophasianus,1,Assemblage,Birds
35,regulus_satrapa,1,Assemblage,Birds
35,falco_mexicanus,1,Assemblage,Birds
36,camptorhynchus_labradorius,0,Assemblage,Birds
36,oceanites_oceanicus,1,Assemblage,Birds
36,ardenna_grisea,1,Assemblage,Birds
36,calidris_alba,1,Assemblage,Birds
36,calidris_canutus,1,Assemblage,Birds
36,xema_sabini,1,Assemblage,Birds
36,arenaria_interpres,1,Assemblage,Birds
36,calidris_melanotos,1,Assemblage,Birds
36,puffinus_puffinus,1,Assemblage,Birds
36,pluvialis_squatarola,1,Assemblage,Birds
36,calidris_fuscicollis,1,Assemblage,Birds
36,passer_domesticus,1,Assemblage,Birds
36,pluvialis_dominica,1,Assemblage,Birds
36,sturnus_vulgaris,1,Assemblage,Birds
36,catharacta_skua,1,Assemblage,Birds
36,arenaria_interpres,1,Assemblage,Birds
36,phalacrocorax_carbo,1,Assemblage,Birds
36,pluvialis_squatarola,1,Assemblage,Birds
36,hydrobates_leucorhous,1,Assemblage,Birds
36,calidris_pusilla,1,Assemblage,Birds
36,calidris_subruficollis,1,Assemblage,Birds
36,hirundo_rustica,1,Assemblage,Birds
36,tringa_solitaria,1,Assemblage,Birds
36,bubo_virginianus,1,Assemblage,Birds
36,calidris_minutilla,1,Assemblage,Birds
36,rissa_tridactyla,1,Assemblage,Birds
36,limnodromus_griseus,1,Assemblage,Birds
36,calidris_himantopus,1,Assemblage,Birds
36,larus_marinus,1,Assemblage,Birds
36,clangula_hyemalis,1,Assemblage,Birds
36,clangula_hyemalis,1,Assemblage,Birds
36,calidris_alpina,1,Assemblage,Birds
36,tringa_flavipes,1,Assemblage,Birds
36,calidris_bairdii,1,Assemblage,Birds
36,uria_aalge,1,Assemblage,Birds
36,corvus_corax,1,Assemblage,Birds
36,setophaga_petechia,1,Assemblage,Birds
36,eremophila_alpestris,1,Assemblage,Birds
36,falco_peregrinus,1,Assemblage,Birds
36,tringa_melanoleuca,1,Assemblage,Birds
36,limosa_fedoa,1,Assemblage,Birds
36,ardea_herodias,1,Assemblage,Birds
36,chordeiles_minor,1,Assemblage,Birds
36,loxia_curvirostra,1,Assemblage,Birds
36,catharus_minimus,1,Assemblage,Birds
36,chlidonias_niger,1,Assemblage,Birds
36,catharus_swainsoni,1,Assemblage,Birds
36,larus_fuscus,1,Assemblage,Birds
36,larus_ridibundus,1,Assemblage,Birds
36,zenaida_macroura,1,Assemblage,Birds
36,morus_bassanus,1,Assemblage,Birds
36,larus_ridibundus,1,Assemblage,Birds
36,numenius_phaeopus,1,Assemblage,Birds
36,pinicola_enucleator,1,Assemblage,Birds
36,accipiter_gentilis,1,Assemblage,Birds
36,corthylio_calendula,1,Assemblage,Birds
36,leuconotopicus_villosus,1,Assemblage,Birds
36,oxyura_jamaicensis,1,Assemblage,Birds
36,petrochelidon_pyrrhonota,1,Assemblage,Birds
36,asio_otus,1,Assemblage,Birds
36,certhia_americana,1,Assemblage,Birds
36,spinus_pinus,1,Assemblage,Birds
36,aegolius_acadicus,1,Assemblage,Birds
36,sturnus_vulgaris,1,Assemblage,Birds
36,geothlypis_trichas,1,Assemblage,Birds
36,limosa_haemastica,1,Assemblage,Birds
36,larus_fuscus,1,Assemblage,Birds
36,charadrius_vociferus,1,Assemblage,Birds
36,ardenna_gravis,1,Assemblage,Birds
36,larus_ridibundus,1,Assemblage,Birds
36,alca_torda,1,Assemblage,Birds
36,uria_lomvia,1,Assemblage,Birds
36,melanitta_americana,1,Assemblage,Birds
36,bubo_scandiacus,1,Assemblage,Birds
36,riparia_riparia,1,Assemblage,Birds
36,haliaeetus_leucocephalus,1,Assemblage,Birds
36,melanitta_deglandi,1,Assemblage,Birds
36,podiceps_grisegena,1,Assemblage,Birds
36,megaceryle_alcyon,1,Assemblage,Birds
36,aythya_collaris,1,Assemblage,Birds
36,bombycilla_cedrorum,1,Assemblage,Birds
36,empidonax_traillii,1,Assemblage,Birds
36,asio_otus,1,Assemblage,Birds
36,melospiza_melodia,1,Assemblage,Birds
36,passerella_arborea,1,Assemblage,Birds
36,setophaga_ruticilla,1,Assemblage,Birds
36,ardea_herodias,1,Assemblage,Birds
36,anthus_rubescens,1,Assemblage,Birds
36,acanthis_flammea,1,Assemblage,Birds
36,larus_glaucoides,1,Assemblage,Birds
36,vireo_olivaceus,1,Assemblage,Birds
36,charadrius_semipalmatus,1,Assemblage,Birds
36,larus_philadelphia,1,Assemblage,Birds
36,alle_alle,1,Assemblage,Birds
36,fratercula_arctica,1,Assemblage,Birds
36,aegolius_funereus,1,Assemblage,Birds
36,aythya_americana,1,Assemblage,Birds
36,sterna_hirundo,1,Assemblage,Birds
36,buteo_lagopus,1,Assemblage,Birds
36,anas_rubripes,1,Assemblage,Birds
36,antrostomus_vociferus,1,Assemblage,Birds
36,morus_bassanus,1,Assemblage,Birds
36,pterodroma_cahow,1,Assemblage,Birds
36,archilochus_colubris,1,Assemblage,Birds
36,passerella_iliaca,1,Assemblage,Birds
36,coccyzus_erythropthalmus,1,Assemblage,Birds
36,spatula_clypeata,1,Assemblage,Birds
36,ectopistes_migratorius,1,Assemblage,Birds
36,melanitta_deglandi,1,Assemblage,Birds
36,buteo_platypterus,1,Assemblage,Birds
36,myiarchus_crinitus,1,Assemblage,Birds
36,coturnicops_noveboracensis,1,Assemblage,Birds
36,contopus_virens,1,Assemblage,Birds
36,lophodytes_cucullatus,1,Assemblage,Birds
36,sialia_sialis,1,Assemblage,Birds
36,pipilo_erythrophthalmus,1,Assemblage,Birds
36,setophaga_pinus,1,Assemblage,Birds
36,setophaga_americana,1,Assemblage,Birds
36,setophaga_caerulescens,1,Assemblage,Birds
36,setophaga_pensylvanica,1,Assemblage,Birds
36,piranga_olivacea,1,Assemblage,Birds
36,sturnella_magna,1,Assemblage,Birds
36,hylocichla_mustelina,1,Assemblage,Birds
36,buteo_platypterus,1,Assemblage,Birds
36,chaetura_pelagica,1,Assemblage,Birds
36,leiothlypis_celata,1,Assemblage,Birds
36,setophaga_pinus,1,Assemblage,Birds
36,anas_acuta,1,Assemblage,Birds
36,larus_atricilla,1,Assemblage,Birds
36,buteo_lineatus,1,Assemblage,Birds
36,leiothlypis_celata,1,Assemblage,Birds
36,perisoreus_canadensis,1,Assemblage,Birds
36,melospiza_lincolnii,1,Assemblage,Birds
36,colaptes_auratus,1,Assemblage,Birds
36,picoides_arcticus,1,Assemblage,Birds
36,bucephala_islandica,1,Assemblage,Birds
36,buteo_jamaicensis,1,Assemblage,Birds
36,empidonax_alnorum,1,Assemblage,Birds
36,spinus_pinus,1,Assemblage,Birds
36,sitta_canadensis,1,Assemblage,Birds
36,junco_hyemalis,1,Assemblage,Birds
36,charadrius_vociferus,1,Assemblage,Birds
36,agelaius_phoeniceus,1,Assemblage,Birds
36,spatula_discors,1,Assemblage,Birds
36,spizella_passerina,1,Assemblage,Birds
36,regulus_satrapa,1,Assemblage,Birds
36,bombycilla_garrulus,1,Assemblage,Birds
36,poecile_atricapillus,1,Assemblage,Birds
36,quiscalus_quiscula,1,Assemblage,Birds
36,pooecetes_gramineus,1,Assemblage,Birds
36,seiurus_aurocapilla,1,Assemblage,Birds
36,lanius_ludovicianus,1,Assemblage,Birds
36,geothlypis_philadelphia,1,Assemblage,Birds
36,passerella_arborea,1,Assemblage,Birds
36,setophaga_virens,1,Assemblage,Birds
36,cistothorus_palustris,1,Assemblage,Birds
36,cardellina_canadensis,1,Assemblage,Birds
36,leiothlypis_ruficapilla,1,Assemblage,Birds
36,aythya_affinis,1,Assemblage,Birds
36,setophaga_fusca,1,Assemblage,Birds
36,melanitta_americana,1,Assemblage,Birds
36,coturnicops_noveboracensis,1,Assemblage,Birds
36,camptorhynchus_labradorius,1,Assemblage,Birds
36,vireo_solitarius,1,Assemblage,Birds
36,catharus_bicknelli,1,Assemblage,Birds
36,podiceps_auritus,1,Assemblage,Birds
36,charadrius_melodus,1,Assemblage,Birds
36,chlidonias_niger,1,Assemblage,Birds
36,parkesia_noveboracensis,1,Assemblage,Birds
36,sphyrapicus_varius,1,Assemblage,Birds
36,melospiza_georgiana,1,Assemblage,Birds
36,setophaga_magnolia,1,Assemblage,Birds
36,empidonax_minimus,1,Assemblage,Birds
36,accipiter_striatus,1,Assemblage,Birds
36,setophaga_palmarum,1,Assemblage,Birds
36,setophaga_castanea,1,Assemblage,Birds
36,leiothlypis_peregrina,1,Assemblage,Birds
36,vireo_philadelphicus,1,Assemblage,Birds
36,calidris_maritima,1,Assemblage,Birds
36,tringa_melanoleuca,1,Assemblage,Birds
36,tringa_solitaria,1,Assemblage,Birds
36,bartramia_longicauda,1,Assemblage,Birds
36,canachites_canadensis,1,Assemblage,Birds
36,poecile_hudsonicus,1,Assemblage,Birds
36,calcarius_lapponicus,1,Assemblage,Birds
36,histrionicus_histrionicus,1,Assemblage,Birds
36,falco_columbarius,1,Assemblage,Birds
36,fulmarus_glacialis,1,Assemblage,Birds
36,rissa_tridactyla,1,Assemblage,Birds
36,somateria_spectabilis,1,Assemblage,Birds
36,larus_smithsonianus,1,Assemblage,Birds
36,uria_aalge,1,Assemblage,Birds
36,cepphus_grylle,1,Assemblage,Birds
36,mareca_americana,1,Assemblage,Birds
36,asio_flammeus,1,Assemblage,Birds
36,anas_acuta,1,Assemblage,Birds
36,histrionicus_histrionicus,1,Assemblage,Birds
36,melospiza_melodia,1,Assemblage,Birds
36,cepphus_grylle,1,Assemblage,Birds
36,gavia_stellata,1,Assemblage,Birds
36,turdus_migratorius,1,Assemblage,Birds
36,anas_carolinensis,1,Assemblage,Birds
36,pagophila_eburnea,1,Assemblage,Birds
36,sterna_paradisaea,1,Assemblage,Birds
36,somateria_mollissima,1,Assemblage,Birds
36,lagopus_lagopus,1,Assemblage,Birds
36,passerella_iliaca,1,Assemblage,Birds
36,catharus_minimus,1,Assemblage,Birds
36,acanthis_flammea,1,Assemblage,Birds
36,haliaeetus_leucocephalus,1,Assemblage,Birds
36,aythya_marila,1,Assemblage,Birds
36,aquila_chrysaetos,1,Assemblage,Birds
36,buteo_lagopus,1,Assemblage,Birds
36,rissa_tridactyla,1,Assemblage,Birds
36,falco_rusticolus,1,Assemblage,Birds
36,phalaropus_lobatus,1,Assemblage,Birds
36,calcarius_lapponicus,1,Assemblage,Birds
36,lagopus_muta,1,Assemblage,Birds
36,melanitta_americana,1,Assemblage,Birds
36,lagopus_muta,1,Assemblage,Birds
36,plectrophenax_nivalis,1,Assemblage,Birds
36,branta_bernicla,1,Assemblage,Birds
36,euphagus_carolinus,1,Assemblage,Birds
36,setophaga_coronata,1,Assemblage,Birds
36,dryobates_pubescens,1,Assemblage,Birds
36,falco_sparverius,1,Assemblage,Birds
36,tachycineta_bicolor,1,Assemblage,Birds
36,plectrophenax_nivalis,1,Assemblage,Birds
36,calidris_minutilla,1,Assemblage,Birds
36,zonotrichia_leucophrys,1,Assemblage,Birds
36,junco_hyemalis,1,Assemblage,Birds
36,rissa_tridactyla,1,Assemblage,Birds
36,bucephala_clangula,1,Assemblage,Birds
36,alca_torda,1,Assemblage,Birds
36,uria_lomvia,1,Assemblage,Birds
36,larus_hyperboreus,1,Assemblage,Birds
36,actitis_macularius,1,Assemblage,Birds
36,uria_aalge,1,Assemblage,Birds
36,passerculus_sandwichensis,1,Assemblage,Birds
36,gavia_immer,1,Assemblage,Birds
36,gallinago_delicata,1,Assemblage,Birds
36,somateria_mollissima,1,Assemblage,Birds
36,megaceryle_alcyon,1,Assemblage,Birds
36,circus_hudsonius,1,Assemblage,Birds
36,picoides_tridactylus,1,Assemblage,Birds
36,loxia_leucoptera,1,Assemblage,Birds
36,lanius_borealis,1,Assemblage,Birds
36,mergus_serrator,1,Assemblage,Birds
36,somateria_mollissima,1,Assemblage,Birds
36,botaurus_lentiginosus,1,Assemblage,Birds
36,perisoreus_canadensis,1,Assemblage,Birds
36,pheucticus_ludovicianus,1,Assemblage,Birds
36,sayornis_phoebe,1,Assemblage,Birds
36,podilymbus_podiceps,1,Assemblage,Birds
36,mniotilta_varia,1,Assemblage,Birds
36,larus_delawarensis,1,Assemblage,Birds
36,nycticorax_nycticorax,1,Assemblage,Birds
36,ammospiza_nelsoni,1,Assemblage,Birds
36,calidris_pusilla,1,Assemblage,Birds
36,bubo_scandiacus,1,Assemblage,Birds
36,phalaropus_fulicarius,1,Assemblage,Birds
36,plectrophenax_nivalis,1,Assemblage,Birds
36,setophaga_striata,1,Assemblage,Birds
36,surnia_ulula,1,Assemblage,Birds
36,falco_rusticolus,1,Assemblage,Birds
36,larus_glaucoides,1,Assemblage,Birds
36,fratercula_arctica,1,Assemblage,Birds
36,fratercula_arctica,1,Assemblage,Birds
36,branta_canadensis,1,Assemblage,Birds
36,megascops_asio,1,Assemblage,Birds
36,branta_hutchinsii,1,Assemblage,Birds
36,bucephala_clangula,1,Assemblage,Birds
36,pandion_haliaetus,1,Assemblage,Birds
36,catharus_guttatus,1,Assemblage,Birds
36,catharus_swainsoni,1,Assemblage,Birds
36,nannopterum_auritum,1,Assemblage,Birds
36,bonasa_umbellus,1,Assemblage,Birds
36,cardellina_pusilla,1,Assemblage,Birds
36,troglodytes_hiemalis,1,Assemblage,Birds
36,zenaida_macroura,1,Assemblage,Birds
36,setophaga_tigrina,1,Assemblage,Birds
36,branta_canadensis,1,Assemblage,Birds
36,tyrannus_tyrannus,1,Assemblage,Birds
36,hylatomus_pileatus,1,Assemblage,Birds
36,stelgidopteryx_serripennis,1,Assemblage,Birds
36,passerella_arborea,1,Assemblage,Birds
36,stercorarius_parasiticus,1,Assemblage,Birds
36,oenanthe_oenanthe,1,Assemblage,Birds
36,melanitta_perspicillata,1,Assemblage,Birds
36,haemorhous_purpureus,1,Assemblage,Birds
36,molothrus_ater,1,Assemblage,Birds
36,empidonax_flaviventris,1,Assemblage,Birds
36,zonotrichia_albicollis,1,Assemblage,Birds
36,corvus_brachyrhynchos,1,Assemblage,Birds
36,fulica_americana,1,Assemblage,Birds
36,porzana_carolina,1,Assemblage,Birds
36,lanius_borealis,1,Assemblage,Birds
36,falco_peregrinus,1,Assemblage,Birds
36,hydrobates_leucorhous,1,Assemblage,Birds
36,contopus_cooperi,1,Assemblage,Birds
36,anas_platyrhynchos,1,Assemblage,Birds
36,anthus_rubescens,1,Assemblage,Birds
36,mergus_merganser,1,Assemblage,Birds
36,mergus_merganser,1,Assemblage,Birds
36,larus_marinus,1,Assemblage,Birds
36,larus_marinus,1,Assemblage,Birds
36,larus_marinus,1,Assemblage,Birds
36,setophaga_striata,1,Assemblage,Birds
36,morus_bassanus,1,Assemblage,Birds
36,butorides_striata,1,Assemblage,Birds
36,haemorhous_mexicanus,1,Assemblage,Birds
36,ardea_alba,1,Assemblage,Birds
36,mimus_polyglottos,1,Assemblage,Birds
36,zonotrichia_leucophrys,1,Assemblage,Birds
36,aix_sponsa,1,Assemblage,Birds
36,pinguinus_impennis,1,Assemblage,Birds
36,lagopus_lagopus,1,Assemblage,Birds
36,setophaga_tigrina,1,Assemblage,Birds
36,strix_varia,1,Assemblage,Birds
36,hesperiphona_vespertina,1,Assemblage,Birds
36,sitta_carolinensis,1,Assemblage,Birds
36,haliaeetus_leucocephalus,1,Assemblage,Birds
36,haemorhous_purpureus,1,Assemblage,Birds
36,progne_subis,1,Assemblage,Birds
36,lanius_borealis,1,Assemblage,Birds
36,spinus_tristis,1,Assemblage,Birds
36,troglodytes_aedon,1,Assemblage,Birds
36,asio_otus,1,Assemblage,Birds
36,nannopterum_auritum,1,Assemblage,Birds
36,calidris_maritima,1,Assemblage,Birds
36,larus_marinus,1,Assemblage,Birds
36,icterus_galbula,1,Assemblage,Birds
36,dolichonyx_oryzivorus,1,Assemblage,Birds
36,bucephala_albeola,1,Assemblage,Birds
36,rallus_limicola,1,Assemblage,Birds
36,cyanocitta_cristata,1,Assemblage,Birds
36,passerina_cyanea,1,Assemblage,Birds
36,cyanocitta_cristata,1,Assemblage,Birds
36,dumetella_carolinensis,1,Assemblage,Birds
36,plegadis_falcinellus,1,Assemblage,Birds
36,catharus_fuscescens,1,Assemblage,Birds
36,scolopax_minor,1,Assemblage,Birds
36,oceanites_oceanicus,1,Assemblage,Birds
36,ardenna_grisea,1,Assemblage,Birds
36,calidris_alba,1,Assemblage,Birds
36,calidris_canutus,1,Assemblage,Birds
36,xema_sabini,1,Assemblage,Birds
36,arenaria_interpres,1,Assemblage,Birds
36,calidris_melanotos,1,Assemblage,Birds
36,puffinus_puffinus,1,Assemblage,Birds
36,haematopus_palliatus,1,Assemblage,Birds
36,pluvialis_squatarola,1,Assemblage,Birds
36,calidris_fuscicollis,1,Assemblage,Birds
36,calidris_alba,1,Assemblage,Birds
36,falco_peregrinus,1,Assemblage,Birds
36,passer_domesticus,1,Assemblage,Birds
36,asio_flammeus,1,Assemblage,Birds
36,calidris_canutus,1,Assemblage,Birds
36,numenius_phaeopus,1,Assemblage,Birds
36,pluvialis_dominica,1,Assemblage,Birds
36,accipiter_striatus,1,Assemblage,Birds
36,sturnus_vulgaris,1,Assemblage,Birds
36,bubulcus_ibis,1,Assemblage,Birds
36,calidris_mauri,1,Assemblage,Birds
36,charadrius_semipalmatus,1,Assemblage,Birds
36,tringa_melanoleuca,1,Assemblage,Birds
36,limnodromus_griseus,1,Assemblage,Birds
36,nycticorax_nycticorax,1,Assemblage,Birds
36,falco_peregrinus,1,Assemblage,Birds
36,tringa_flavipes,1,Assemblage,Birds
36,laterallus_jamaicensis,1,Assemblage,Birds
36,cathartes_aura,1,Assemblage,Birds
36,tyto_alba,1,Assemblage,Birds
36,coragyps_atratus,1,Assemblage,Birds
36,falco_sparverius,1,Assemblage,Birds
36,egretta_thula,1,Assemblage,Birds
36,cardellina_canadensis,1,Assemblage,Birds
36,setophaga_fusca,1,Assemblage,Birds
36,empidonax_alnorum,1,Assemblage,Birds
36,larus_fuscus,1,Assemblage,Birds
36,catharacta_skua,1,Assemblage,Birds
36,arenaria_interpres,1,Assemblage,Birds
36,podilymbus_podiceps,1,Assemblage,Birds
36,ardea_alba,1,Assemblage,Birds
36,phalacrocorax_carbo,1,Assemblage,Birds
36,pluvialis_squatarola,1,Assemblage,Birds
36,hydrobates_leucorhous,1,Assemblage,Birds
36,pandion_haliaetus,1,Assemblage,Birds
36,calidris_pusilla,1,Assemblage,Birds
36,calidris_subruficollis,1,Assemblage,Birds
36,hirundo_rustica,1,Assemblage,Birds
36,tringa_solitaria,1,Assemblage,Birds
36,bubo_virginianus,1,Assemblage,Birds
36,calidris_minutilla,1,Assemblage,Birds
36,elanoides_forficatus,1,Assemblage,Birds
36,rissa_tridactyla,1,Assemblage,Birds
36,larus_smithsonianus,1,Assemblage,Birds
36,limnodromus_griseus,1,Assemblage,Birds
36,calidris_himantopus,1,Assemblage,Birds
36,limnodromus_scolopaceus,1,Assemblage,Birds
36,larus_marinus,1,Assemblage,Birds
36,clangula_hyemalis,1,Assemblage,Birds
36,clangula_hyemalis,1,Assemblage,Birds
36,calidris_alpina,1,Assemblage,Birds
36,tringa_flavipes,1,Assemblage,Birds
36,calidris_bairdii,1,Assemblage,Birds
36,corvus_corax,1,Assemblage,Birds
36,setophaga_petechia,1,Assemblage,Birds
36,eremophila_alpestris,1,Assemblage,Birds
36,mareca_americana,1,Assemblage,Birds
36,spatula_clypeata,1,Assemblage,Birds
36,falco_peregrinus,1,Assemblage,Birds
36,nannopterum_auritum,1,Assemblage,Birds
36,tringa_melanoleuca,1,Assemblage,Birds
36,limosa_fedoa,1,Assemblage,Birds
36,aythya_affinis,1,Assemblage,Birds
36,sterna_hirundo,1,Assemblage,Birds
36,ardea_herodias,1,Assemblage,Birds
36,chordeiles_minor,1,Assemblage,Birds
36,mergus_serrator,1,Assemblage,Birds
36,loxia_curvirostra,1,Assemblage,Birds
36,anas_acuta,1,Assemblage,Birds
36,fulica_americana,1,Assemblage,Birds
36,catharus_minimus,1,Assemblage,Birds
36,limosa_fedoa,1,Assemblage,Birds
36,pelecanus_occidentalis,1,Assemblage,Birds
36,chlidonias_niger,1,Assemblage,Birds
36,falco_columbarius,1,Assemblage,Birds
36,catharus_swainsoni,1,Assemblage,Birds
36,larus_fuscus,1,Assemblage,Birds
36,phalacrocorax_carbo,1,Assemblage,Birds
36,larus_ridibundus,1,Assemblage,Birds
36,zenaida_macroura,1,Assemblage,Birds
36,morus_bassanus,1,Assemblage,Birds
36,hydroprogne_caspia,1,Assemblage,Birds
36,gallinago_delicata,1,Assemblage,Birds
36,larus_ridibundus,1,Assemblage,Birds
36,fulica_americana,1,Assemblage,Birds
36,setophaga_coronata,1,Assemblage,Birds
36,riparia_riparia,1,Assemblage,Birds
36,sturnella_magna,1,Assemblage,Birds
36,spiza_americana,1,Assemblage,Birds
36,gelochelidon_nilotica,1,Assemblage,Birds
36,pelecanus_occidentalis,1,Assemblage,Birds
36,phoenicopterus_ruber,1,Assemblage,Birds
36,gallinago_delicata,1,Assemblage,Birds
36,anas_carolinensis,1,Assemblage,Birds
36,numenius_phaeopus,1,Assemblage,Birds
36,pinicola_enucleator,1,Assemblage,Birds
36,accipiter_gentilis,1,Assemblage,Birds
36,corthylio_calendula,1,Assemblage,Birds
36,leuconotopicus_villosus,1,Assemblage,Birds
36,aythya_collaris,1,Assemblage,Birds
36,oxyura_jamaicensis,1,Assemblage,Birds
36,regulus_satrapa,1,Assemblage,Birds
36,bucephala_albeola,1,Assemblage,Birds
36,petrochelidon_pyrrhonota,1,Assemblage,Birds
36,sialia_sialis,1,Assemblage,Birds
36,falco_columbarius,1,Assemblage,Birds
36,empidonax_minimus,1,Assemblage,Birds
36,setophaga_castanea,1,Assemblage,Birds
36,geothlypis_philadelphia,1,Assemblage,Birds
36,vireo_philadelphicus,1,Assemblage,Birds
36,colinus_virginianus,1,Assemblage,Birds
36,icterus_spurius,1,Assemblage,Birds
36,empidonax_flaviventris,1,Assemblage,Birds
36,tringa_semipalmata,1,Assemblage,Birds
36,spizella_passerina,1,Assemblage,Birds
36,spatula_discors,1,Assemblage,Birds
36,coccyzus_americanus,1,Assemblage,Birds
36,melospiza_lincolnii,1,Assemblage,Birds
36,leiothlypis_peregrina,1,Assemblage,Birds
36,columbina_passerina,1,Assemblage,Birds
36,piranga_olivacea,1,Assemblage,Birds
36,rallus_crepitans,1,Assemblage,Birds
36,sternula_antillarum,1,Assemblage,Birds
36,asio_flammeus,1,Assemblage,Birds
36,cardinalis_cardinalis,1,Assemblage,Birds
36,setophaga_palmarum,1,Assemblage,Birds
36,aythya_americana,1,Assemblage,Birds
36,asio_otus,1,Assemblage,Birds
36,cardellina_pusilla,1,Assemblage,Birds
36,thalasseus_sandvicensis,1,Assemblage,Birds
36,himantopus_himantopus,1,Assemblage,Birds
36,clangula_hyemalis,1,Assemblage,Birds
36,ixobrychus_exilis,1,Assemblage,Birds
36,hesperiphona_vespertina,1,Assemblage,Birds
36,botaurus_lentiginosus,1,Assemblage,Birds
36,catharus_fuscescens,1,Assemblage,Birds
36,egretta_tricolor,1,Assemblage,Birds
36,icterus_galbula,1,Assemblage,Birds
36,porzana_carolina,1,Assemblage,Birds
36,dolichonyx_oryzivorus,1,Assemblage,Birds
36,brotogeris_versicolurus,1,Assemblage,Birds
36,calidris_minutilla,1,Assemblage,Birds
36,gallinula_galeata,1,Assemblage,Birds
36,charadrius_vociferus,1,Assemblage,Birds
36,rallus_limicola,1,Assemblage,Birds
36,bartramia_longicauda,1,Assemblage,Birds
36,turdus_migratorius,1,Assemblage,Birds
36,calidris_alpina,1,Assemblage,Birds
36,certhia_americana,1,Assemblage,Birds
36,spinus_pinus,1,Assemblage,Birds
36,aegolius_acadicus,1,Assemblage,Birds
36,geothlypis_trichas,1,Assemblage,Birds
36,anas_carolinensis,1,Assemblage,Birds
36,agelaius_phoeniceus,1,Assemblage,Birds
36,lophodytes_cucullatus,1,Assemblage,Birds
36,nannopterum_auritum,1,Assemblage,Birds
36,mareca_strepera,1,Assemblage,Birds
36,mergus_serrator,1,Assemblage,Birds
36,limosa_haemastica,1,Assemblage,Birds
36,phalacrocorax_carbo,1,Assemblage,Birds
36,phasianus_colchicus,1,Assemblage,Birds
36,myiopsitta_monachus,1,Assemblage,Birds
36,larus_fuscus,1,Assemblage,Birds
36,puffinus_lherminieri,1,Assemblage,Birds
36,calidris_mauri,1,Assemblage,Birds
36,charadrius_vociferus,1,Assemblage,Birds
36,sphyrapicus_varius,1,Assemblage,Birds
36,petrochelidon_pyrrhonota,1,Assemblage,Birds
36,setophaga_virens,1,Assemblage,Birds
36,setophaga_cerulea,1,Assemblage,Birds
36,vermivora_chrysoptera,1,Assemblage,Birds
36,ardenna_gravis,1,Assemblage,Birds
36,pterodroma_deserta,1,Assemblage,Birds
36,larus_ridibundus,1,Assemblage,Birds
36,alca_torda,1,Assemblage,Birds
36,sterna_dougallii,1,Assemblage,Birds
36,hydrocoloeus_minutus,1,Assemblage,Birds
36,anser_caerulescens,1,Assemblage,Birds
36,melospiza_melodia,1,Assemblage,Birds
36,anas_platyrhynchos,1,Assemblage,Birds
36,gavia_stellata,1,Assemblage,Birds
36,uria_lomvia,1,Assemblage,Birds
36,melanitta_americana,1,Assemblage,Birds
36,bubo_scandiacus,1,Assemblage,Birds
36,riparia_riparia,1,Assemblage,Birds
36,haliaeetus_leucocephalus,1,Assemblage,Birds
36,melanitta_deglandi,1,Assemblage,Birds
36,podiceps_grisegena,1,Assemblage,Birds
36,melanitta_perspicillata,1,Assemblage,Birds
36,aythya_marila,1,Assemblage,Birds
36,megaceryle_alcyon,1,Assemblage,Birds
36,aythya_collaris,1,Assemblage,Birds
36,bombycilla_cedrorum,1,Assemblage,Birds
36,empidonax_traillii,1,Assemblage,Birds
36,aythya_collaris,1,Assemblage,Birds
36,catharus_guttatus,1,Assemblage,Birds
36,cistothorus_palustris,1,Assemblage,Birds
36,aix_sponsa,1,Assemblage,Birds
36,passerella_arborea,1,Assemblage,Birds
36,setophaga_ruticilla,1,Assemblage,Birds
36,vireo_gilvus,1,Assemblage,Birds
36,anthus_rubescens,1,Assemblage,Birds
36,acanthis_flammea,1,Assemblage,Birds
36,larus_glaucoides,1,Assemblage,Birds
36,vireo_olivaceus,1,Assemblage,Birds
36,charadrius_semipalmatus,1,Assemblage,Birds
36,larus_philadelphia,1,Assemblage,Birds
36,larus_philadelphia,1,Assemblage,Birds
36,alle_alle,1,Assemblage,Birds
36,aegolius_funereus,1,Assemblage,Birds
36,sterna_hirundo,1,Assemblage,Birds
36,junco_hyemalis,1,Assemblage,Birds
36,sitta_canadensis,1,Assemblage,Birds
36,buteo_lagopus,1,Assemblage,Birds
36,antrostomus_vociferus,1,Assemblage,Birds
36,anas_rubripes,1,Assemblage,Birds
36,pterodroma_cahow,1,Assemblage,Birds
36,archilochus_colubris,1,Assemblage,Birds
36,passerella_iliaca,1,Assemblage,Birds
36,coccyzus_erythropthalmus,1,Assemblage,Birds
36,peucaea_cassinii,1,Assemblage,Birds
36,troglodytes_hiemalis,1,Assemblage,Birds
36,spatula_clypeata,1,Assemblage,Birds
36,ectopistes_migratorius,1,Assemblage,Birds
36,setophaga_striata,1,Assemblage,Birds
36,tympanuchus_cupido,1,Assemblage,Birds
36,melanitta_deglandi,1,Assemblage,Birds
36,larus_atricilla,1,Assemblage,Birds
36,buteo_platypterus,1,Assemblage,Birds
36,charadrius_melodus,1,Assemblage,Birds
36,myiarchus_crinitus,1,Assemblage,Birds
36,coturnicops_noveboracensis,1,Assemblage,Birds
36,contopus_virens,1,Assemblage,Birds
36,lophodytes_cucullatus,1,Assemblage,Birds
36,sialia_sialis,1,Assemblage,Birds
36,pipilo_erythrophthalmus,1,Assemblage,Birds
36,setophaga_pinus,1,Assemblage,Birds
36,setophaga_americana,1,Assemblage,Birds
36,setophaga_caerulescens,1,Assemblage,Birds
36,setophaga_palmarum,1,Assemblage,Birds
36,setophaga_pensylvanica,1,Assemblage,Birds
36,camptorhynchus_labradorius,1,Assemblage,Birds
36,piranga_olivacea,1,Assemblage,Birds
36,sturnella_magna,1,Assemblage,Birds
36,hylocichla_mustelina,1,Assemblage,Birds
36,buteo_platypterus,1,Assemblage,Birds
36,chaetura_pelagica,1,Assemblage,Birds
36,spatula_discors,1,Assemblage,Birds
36,nyctanassa_violacea,1,Assemblage,Birds
36,setophaga_dominica,1,Assemblage,Birds
36,parkesia_motacilla,1,Assemblage,Birds
36,setophaga_pinus,1,Assemblage,Birds
36,vireo_flavifrons,1,Assemblage,Birds
36,sayornis_phoebe,1,Assemblage,Birds
36,spizella_pusilla,1,Assemblage,Birds
36,rallus_elegans,1,Assemblage,Birds
36,bombycilla_cedrorum,1,Assemblage,Birds
36,laterallus_jamaicensis,1,Assemblage,Birds
36,spizella_pusilla,1,Assemblage,Birds
36,cistothorus_stellaris,1,Assemblage,Birds
36,passerculus_henslowii,1,Assemblage,Birds
36,passerculus_henslowii,1,Assemblage,Birds
36,vermivora_chrysoptera,1,Assemblage,Birds
36,helmitheros_vermivorum,1,Assemblage,Birds
36,sterna_forsteri,1,Assemblage,Birds
36,nyctanassa_violacea,1,Assemblage,Birds
36,anas_acuta,1,Assemblage,Birds
36,larus_atricilla,1,Assemblage,Birds
36,buteo_lineatus,1,Assemblage,Birds
36,vireo_solitarius,1,Assemblage,Birds
36,melospiza_lincolnii,1,Assemblage,Birds
36,colaptes_auratus,1,Assemblage,Birds
36,picoides_arcticus,1,Assemblage,Birds
36,buteo_jamaicensis,1,Assemblage,Birds
36,empidonax_alnorum,1,Assemblage,Birds
36,bucephala_islandica,1,Assemblage,Birds
36,sitta_canadensis,1,Assemblage,Birds
36,junco_hyemalis,1,Assemblage,Birds
36,charadrius_vociferus,1,Assemblage,Birds
36,agelaius_phoeniceus,1,Assemblage,Birds
36,spatula_discors,1,Assemblage,Birds
36,spizella_passerina,1,Assemblage,Birds
36,steganopus_tricolor,1,Assemblage,Birds
36,cygnus_columbianus,1,Assemblage,Birds
36,bombycilla_garrulus,1,Assemblage,Birds
36,poecile_atricapillus,1,Assemblage,Birds
36,spinus_tristis,1,Assemblage,Birds
36,quiscalus_quiscula,1,Assemblage,Birds
36,pooecetes_gramineus,1,Assemblage,Birds
36,seiurus_aurocapilla,1,Assemblage,Birds
36,pooecetes_gramineus,1,Assemblage,Birds
36,lanius_ludovicianus,1,Assemblage,Birds
36,geothlypis_philadelphia,1,Assemblage,Birds
36,ammodramus_savannarum,1,Assemblage,Birds
36,aythya_valisineria,1,Assemblage,Birds
36,passerella_arborea,1,Assemblage,Birds
36,setophaga_virens,1,Assemblage,Birds
36,cistothorus_palustris,1,Assemblage,Birds
36,cardellina_canadensis,1,Assemblage,Birds
36,leiothlypis_ruficapilla,1,Assemblage,Birds
36,aythya_affinis,1,Assemblage,Birds
36,setophaga_fusca,1,Assemblage,Birds
36,corthylio_calendula,1,Assemblage,Birds
36,melanitta_americana,1,Assemblage,Birds
36,coturnicops_noveboracensis,1,Assemblage,Birds
36,vireo_solitarius,1,Assemblage,Birds
36,catharus_bicknelli,1,Assemblage,Birds
36,podiceps_auritus,1,Assemblage,Birds
36,pinicola_enucleator,1,Assemblage,Birds
36,gavia_stellata,1,Assemblage,Birds
36,charadrius_melodus,1,Assemblage,Birds
36,chlidonias_niger,1,Assemblage,Birds
36,parkesia_noveboracensis,1,Assemblage,Birds
36,sphyrapicus_varius,1,Assemblage,Birds
36,melospiza_georgiana,1,Assemblage,Birds
36,setophaga_magnolia,1,Assemblage,Birds
36,empidonax_minimus,1,Assemblage,Birds
36,setophaga_palmarum,1,Assemblage,Birds
36,setophaga_castanea,1,Assemblage,Birds
36,leiothlypis_peregrina,1,Assemblage,Birds
36,vireo_philadelphicus,1,Assemblage,Birds
36,bartramia_longicauda,1,Assemblage,Birds
36,canachites_canadensis,1,Assemblage,Birds
36,poecile_hudsonicus,1,Assemblage,Birds
36,calcarius_lapponicus,1,Assemblage,Birds
36,histrionicus_histrionicus,1,Assemblage,Birds
36,falco_columbarius,1,Assemblage,Birds
36,fulmarus_glacialis,1,Assemblage,Birds
36,somateria_spectabilis,1,Assemblage,Birds
36,larus_smithsonianus,1,Assemblage,Birds
36,uria_aalge,1,Assemblage,Birds
36,cepphus_grylle,1,Assemblage,Birds
36,asio_flammeus,1,Assemblage,Birds
36,anas_acuta,1,Assemblage,Birds
36,melospiza_melodia,1,Assemblage,Birds
36,cepphus_grylle,1,Assemblage,Birds
36,turdus_migratorius,1,Assemblage,Birds
36,anas_carolinensis,1,Assemblage,Birds
36,sterna_paradisaea,1,Assemblage,Birds
36,somateria_mollissima,1,Assemblage,Birds
36,branta_bernicla,1,Assemblage,Birds
36,euphagus_carolinus,1,Assemblage,Birds
36,podiceps_auritus,1,Assemblage,Birds
36,setophaga_coronata,1,Assemblage,Birds
36,dryobates_pubescens,1,Assemblage,Birds
36,falco_sparverius,1,Assemblage,Birds
36,tachycineta_bicolor,1,Assemblage,Birds
36,plectrophenax_nivalis,1,Assemblage,Birds
36,calidris_minutilla,1,Assemblage,Birds
36,charadrius_semipalmatus,1,Assemblage,Birds
36,alca_torda,1,Assemblage,Birds
36,icterus_spurius,1,Assemblage,Birds
36,antrostomus_carolinensis,1,Assemblage,Birds
36,sterna_forsteri,1,Assemblage,Birds
36,larus_hyperboreus,1,Assemblage,Birds
36,actitis_macularius,1,Assemblage,Birds
36,uria_aalge,1,Assemblage,Birds
36,passerculus_sandwichensis,1,Assemblage,Birds
36,larus_smithsonianus,1,Assemblage,Birds
36,gavia_immer,1,Assemblage,Birds
36,gallinago_delicata,1,Assemblage,Birds
36,somateria_mollissima,1,Assemblage,Birds
36,megaceryle_alcyon,1,Assemblage,Birds
36,circus_hudsonius,1,Assemblage,Birds
36,loxia_leucoptera,1,Assemblage,Birds
36,mergus_serrator,1,Assemblage,Birds
36,somateria_mollissima,1,Assemblage,Birds
36,botaurus_lentiginosus,1,Assemblage,Birds
36,perisoreus_canadensis,1,Assemblage,Birds
36,pheucticus_ludovicianus,1,Assemblage,Birds
36,sayornis_phoebe,1,Assemblage,Birds
36,podilymbus_podiceps,1,Assemblage,Birds
36,mniotilta_varia,1,Assemblage,Birds
36,anas_carolinensis,1,Assemblage,Birds
36,nycticorax_nycticorax,1,Assemblage,Birds
36,ammospiza_nelsoni,1,Assemblage,Birds
36,setophaga_striata,1,Assemblage,Birds
36,falco_rusticolus,1,Assemblage,Birds
36,fratercula_arctica,1,Assemblage,Birds
36,fratercula_arctica,1,Assemblage,Birds
36,branta_canadensis,1,Assemblage,Birds
36,megascops_asio,1,Assemblage,Birds
36,pooecetes_gramineus,1,Assemblage,Birds
36,quiscalus_quiscula,1,Assemblage,Birds
36,branta_bernicla,1,Assemblage,Birds
36,bucephala_clangula,1,Assemblage,Birds
36,pandion_haliaetus,1,Assemblage,Birds
36,catharus_guttatus,1,Assemblage,Birds
36,catharus_swainsoni,1,Assemblage,Birds
36,nannopterum_auritum,1,Assemblage,Birds
36,bonasa_umbellus,1,Assemblage,Birds
36,cardellina_pusilla,1,Assemblage,Birds
36,gavia_immer,1,Assemblage,Birds
36,tringa_semipalmata,1,Assemblage,Birds
36,perdix_perdix,1,Assemblage,Birds
36,accipiter_cooperii,1,Assemblage,Birds
36,troglodytes_hiemalis,1,Assemblage,Birds
36,setophaga_tigrina,1,Assemblage,Birds
36,branta_canadensis,1,Assemblage,Birds
36,circus_hudsonius,1,Assemblage,Birds
36,mareca_penelope,1,Assemblage,Birds
36,tyrannus_tyrannus,1,Assemblage,Birds
36,cathartes_aura,1,Assemblage,Birds
36,aquila_chrysaetos,1,Assemblage,Birds
36,hydroprogne_caspia,1,Assemblage,Birds
36,accipiter_gentilis,1,Assemblage,Birds
36,accipiter_cooperii,1,Assemblage,Birds
36,buteo_lineatus,1,Assemblage,Birds
36,aegolius_acadicus,1,Assemblage,Birds
36,ammospiza_nelsoni,1,Assemblage,Birds
36,hylatomus_pileatus,1,Assemblage,Birds
36,stelgidopteryx_serripennis,1,Assemblage,Birds
36,haemorhous_purpureus,1,Assemblage,Birds
36,molothrus_ater,1,Assemblage,Birds
36,empidonax_flaviventris,1,Assemblage,Birds
36,zonotrichia_albicollis,1,Assemblage,Birds
36,melanitta_perspicillata,1,Assemblage,Birds
36,fulica_americana,1,Assemblage,Birds
36,porzana_carolina,1,Assemblage,Birds
36,lanius_borealis,1,Assemblage,Birds
36,falco_peregrinus,1,Assemblage,Birds
36,hydrobates_leucorhous,1,Assemblage,Birds
36,contopus_cooperi,1,Assemblage,Birds
36,mergus_merganser,1,Assemblage,Birds
36,mergus_merganser,1,Assemblage,Birds
36,fulica_americana,1,Assemblage,Birds
36,larus_marinus,1,Assemblage,Birds
36,larus_marinus,1,Assemblage,Birds
36,thalasseus_maximus,1,Assemblage,Birds
36,sterna_forsteri,1,Assemblage,Birds
36,rallus_crepitans,1,Assemblage,Birds
36,ammospiza_nelsoni,1,Assemblage,Birds
36,larus_marinus,1,Assemblage,Birds
36,ammospiza_caudacuta,1,Assemblage,Birds
36,ammospiza_caudacuta,1,Assemblage,Birds
36,ammospiza_maritima,1,Assemblage,Birds
36,zonotrichia_albicollis,1,Assemblage,Birds
36,morus_bassanus,1,Assemblage,Birds
36,haematopus_palliatus,1,Assemblage,Birds
36,accipiter_striatus,1,Assemblage,Birds
36,butorides_striata,1,Assemblage,Birds
36,oxyura_jamaicensis,1,Assemblage,Birds
36,aythya_valisineria,1,Assemblage,Birds
36,haemorhous_mexicanus,1,Assemblage,Birds
36,larus_delawarensis,1,Assemblage,Birds
36,catharus_guttatus,1,Assemblage,Birds
36,corthylio_calendula,1,Assemblage,Birds
36,buteo_jamaicensis,1,Assemblage,Birds
36,anthus_rubescens,1,Assemblage,Birds
36,oxyura_jamaicensis,1,Assemblage,Birds
36,egretta_thula,1,Assemblage,Birds
36,coragyps_atratus,1,Assemblage,Birds
36,lanius_ludovicianus,1,Assemblage,Birds
36,passerculus_sandwichensis,1,Assemblage,Birds
36,catharus_ustulatus,1,Assemblage,Birds
36,ardea_alba,1,Assemblage,Birds
36,loxia_leucoptera,1,Assemblage,Birds
36,egretta_caerulea,1,Assemblage,Birds
36,loxia_curvirostra,1,Assemblage,Birds
36,mimus_polyglottos,1,Assemblage,Birds
36,rynchops_niger,1,Assemblage,Birds
36,melanerpes_erythrocephalus,1,Assemblage,Birds
36,certhia_americana,1,Assemblage,Birds
36,conuropsis_carolinensis,1,Assemblage,Birds
36,cistothorus_stellaris,1,Assemblage,Birds
36,setophaga_magnolia,1,Assemblage,Birds
36,setophaga_pensylvanica,1,Assemblage,Birds
36,vireo_griseus,1,Assemblage,Birds
36,colaptes_auratus,1,Assemblage,Birds
36,ixobrychus_exilis,1,Assemblage,Birds
36,setophaga_discolor,1,Assemblage,Birds
36,melospiza_georgiana,1,Assemblage,Birds
36,setophaga_pinus,1,Assemblage,Birds
36,geothlypis_formosa,1,Assemblage,Birds
36,setophaga_citrina,1,Assemblage,Birds
36,pipilo_erythrophthalmus,1,Assemblage,Birds
36,troglodytes_hiemalis,1,Assemblage,Birds
36,vermivora_cyanoptera,1,Assemblage,Birds
36,leuconotopicus_borealis,1,Assemblage,Birds
36,ammospiza_caudacuta,1,Assemblage,Birds
36,scolopax_minor,1,Assemblage,Birds
36,ammospiza_maritima,1,Assemblage,Birds
36,setophaga_cerulea,1,Assemblage,Birds
36,limnothlypis_swainsonii,1,Assemblage,Birds
36,corvus_ossifragus,1,Assemblage,Birds
36,quiscalus_major,1,Assemblage,Birds
36,charadrius_wilsonia,1,Assemblage,Birds
36,sitta_pusilla,1,Assemblage,Birds
36,anser_caerulescens,1,Assemblage,Birds
36,zonotrichia_leucophrys,1,Assemblage,Birds
36,zonotrichia_leucophrys,1,Assemblage,Birds
36,parkesia_noveboracensis,1,Assemblage,Birds
36,icteria_virens,1,Assemblage,Birds
36,leiothlypis_ruficapilla,1,Assemblage,Birds
36,aix_sponsa,1,Assemblage,Birds
36,pinguinus_impennis,1,Assemblage,Birds
36,alca_torda,1,Assemblage,Birds
36,calcarius_lapponicus,1,Assemblage,Birds
36,mergus_merganser,1,Assemblage,Birds
36,passerella_iliaca,1,Assemblage,Birds
36,thryothorus_ludovicianus,1,Assemblage,Birds
36,setophaga_tigrina,1,Assemblage,Birds
36,empidonax_virescens,1,Assemblage,Birds
36,setophaga_americana,1,Assemblage,Birds
36,rallus_elegans,1,Assemblage,Birds
36,vermivora_cyanoptera,1,Assemblage,Birds
36,melanerpes_carolinus,1,Assemblage,Birds
36,protonotaria_citrea,1,Assemblage,Birds
36,setophaga_caerulescens,1,Assemblage,Birds
36,euphagus_carolinus,1,Assemblage,Birds
36,gallinula_galeata,1,Assemblage,Birds
36,baeolophus_bicolor,1,Assemblage,Birds
36,dumetella_carolinensis,1,Assemblage,Birds
36,toxostoma_rufum,1,Assemblage,Birds
36,egretta_caerulea,1,Assemblage,Birds
36,strix_varia,1,Assemblage,Birds
36,meleagris_gallopavo,1,Assemblage,Birds
36,molothrus_ater,1,Assemblage,Birds
36,hesperiphona_vespertina,1,Assemblage,Birds
36,sitta_carolinensis,1,Assemblage,Birds
36,melospiza_georgiana,1,Assemblage,Birds
36,haliaeetus_leucocephalus,1,Assemblage,Birds
36,passerculus_sandwichensis,1,Assemblage,Birds
36,passerina_caerulea,1,Assemblage,Birds
36,spinus_pinus,1,Assemblage,Birds
36,regulus_satrapa,1,Assemblage,Birds
36,zonotrichia_albicollis,1,Assemblage,Birds
36,haemorhous_purpureus,1,Assemblage,Birds
36,progne_subis,1,Assemblage,Birds
36,spinus_tristis,1,Assemblage,Birds
36,troglodytes_aedon,1,Assemblage,Birds
36,asio_otus,1,Assemblage,Birds
36,nannopterum_auritum,1,Assemblage,Birds
36,calidris_maritima,1,Assemblage,Birds
36,plegadis_falcinellus,1,Assemblage,Birds
36,poecile_carolinensis,1,Assemblage,Birds
36,troglodytes_aedon,1,Assemblage,Birds
36,porzana_carolina,1,Assemblage,Birds
36,euphagus_carolinus,1,Assemblage,Birds
36,icterus_galbula,1,Assemblage,Birds
36,larus_delawarensis,1,Assemblage,Birds
36,mareca_strepera,1,Assemblage,Birds
36,dolichonyx_oryzivorus,1,Assemblage,Birds
36,toxostoma_rufum,1,Assemblage,Birds
36,setophaga_coronata,1,Assemblage,Birds
36,bucephala_albeola,1,Assemblage,Birds
36,cygnus_olor,1,Assemblage,Birds
36,rallus_limicola,1,Assemblage,Birds
36,corvus_brachyrhynchos,1,Assemblage,Birds
36,passerina_cyanea,1,Assemblage,Birds
36,eremophila_alpestris,1,Assemblage,Birds
36,cygnus_columbianus,1,Assemblage,Birds
36,haemorhous_purpureus,1,Assemblage,Birds
36,cyanocitta_cristata,1,Assemblage,Birds
36,dumetella_carolinensis,1,Assemblage,Birds
36,polioptila_caerulea,1,Assemblage,Birds
36,piranga_rubra,1,Assemblage,Birds
36,plegadis_falcinellus,1,Assemblage,Birds
36,catharus_fuscescens,1,Assemblage,Birds
36,scolopax_minor,1,Assemblage,Birds
37,psephotellus_pulcherrimus,0,Assemblage,Birds
37,daption_capense,1,Assemblage,Birds
37,oceanites_oceanicus,1,Assemblage,Birds
37,pterodroma_inexpectata,1,Assemblage,Birds
37,fulmarus_glacialoides,1,Assemblage,Birds
37,macronectes_halli,1,Assemblage,Birds
37,larus_dominicanus,1,Assemblage,Birds
37,larus_dominicanus,1,Assemblage,Birds
37,thalassarche_melanophris,1,Assemblage,Birds
37,catharacta_antarctica,1,Assemblage,Birds
37,fregetta_tropica,1,Assemblage,Birds
37,pachyptila_desolata,1,Assemblage,Birds
37,pterodroma_lessonii,1,Assemblage,Birds
37,pterodroma_leucoptera,1,Assemblage,Birds
37,pachyptila_salvini,1,Assemblage,Birds
37,thalassarche_bulleri,1,Assemblage,Birds
37,diomedea_antipodensis,1,Assemblage,Birds
37,diomedea_exulans,1,Assemblage,Birds
37,pachyptila_turtur,1,Assemblage,Birds
37,macronectes_giganteus,1,Assemblage,Birds
37,ardenna_tenuirostris,1,Assemblage,Birds
37,thalassarche_impavida,1,Assemblage,Birds
37,ardenna_grisea,1,Assemblage,Birds
37,thalassarche_salvini,1,Assemblage,Birds
37,thalassarche_steadi,1,Assemblage,Birds
37,pelecanoides_urinatrix,1,Assemblage,Birds
37,pachyptila_belcheri,1,Assemblage,Birds
37,calidris_alba,1,Assemblage,Birds
37,pterodroma_nigripennis,1,Assemblage,Birds
37,calidris_canutus,1,Assemblage,Birds
37,pterodroma_gouldi,1,Assemblage,Birds
37,ardenna_bulleri,1,Assemblage,Birds
37,arenaria_interpres,1,Assemblage,Birds
37,calidris_melanotos,1,Assemblage,Birds
37,stercorarius_parasiticus,1,Assemblage,Birds
37,larus_novaehollandiae,1,Assemblage,Birds
37,sterna_striata,1,Assemblage,Birds
37,hydroprogne_caspia,1,Assemblage,Birds
37,sterna_paradisaea,1,Assemblage,Birds
37,calidris_ferruginea,1,Assemblage,Birds
37,phalacrocorax_varius,1,Assemblage,Birds
37,pluvialis_squatarola,1,Assemblage,Birds
37,calidris_alba,1,Assemblage,Birds
37,ardenna_grisea,1,Assemblage,Birds
37,falco_peregrinus,1,Assemblage,Birds
37,passer_domesticus,1,Assemblage,Birds
37,pelagodroma_marina,1,Assemblage,Birds
37,calidris_canutus,1,Assemblage,Birds
37,anas_superciliosa,1,Assemblage,Birds
37,pachyptila_turtur,1,Assemblage,Birds
37,bubulcus_ibis,1,Assemblage,Birds
37,calidris_ruficollis,1,Assemblage,Birds
37,limosa_lapponica,1,Assemblage,Birds
37,sturnus_vulgaris,1,Assemblage,Birds
37,falco_peregrinus,1,Assemblage,Birds
37,gelochelidon_nilotica,1,Assemblage,Birds
37,calidris_melanotos,1,Assemblage,Birds
37,himantopus_himantopus,1,Assemblage,Birds
37,calidris_falcinellus,1,Assemblage,Birds
37,turdus_merula,1,Assemblage,Birds
37,carduelis_carduelis,1,Assemblage,Birds
37,thalassarche_carteri,1,Assemblage,Birds
37,puffinus_gavia,1,Assemblage,Birds
37,fregetta_grallaria,1,Assemblage,Birds
37,puffinus_assimilis,1,Assemblage,Birds
37,arenaria_interpres,1,Assemblage,Birds
37,anthus_novaeseelandiae,1,Assemblage,Birds
37,alauda_arvensis,1,Assemblage,Birds
37,chloris_chloris,1,Assemblage,Birds
37,larus_novaehollandiae,1,Assemblage,Birds
37,zosterops_lateralis,1,Assemblage,Birds
37,ardea_alba,1,Assemblage,Birds
37,tyto_alba,1,Assemblage,Birds
37,anous_stolidus,1,Assemblage,Birds
37,numenius_madagascariensis,1,Assemblage,Birds
37,tachybaptus_novaehollandiae,1,Assemblage,Birds
37,spatula_rhynchotis,1,Assemblage,Birds
37,microcarbo_melanoleucos,1,Assemblage,Birds
37,eudyptula_minor,1,Assemblage,Birds
37,morus_serrator,1,Assemblage,Birds
37,anser_anser,1,Assemblage,Birds
37,anas_gracilis,1,Assemblage,Birds
37,botaurus_poiciloptilus,1,Assemblage,Birds
37,elseyornis_melanops,1,Assemblage,Birds
37,calidris_ruficollis,1,Assemblage,Birds
37,platalea_regia,1,Assemblage,Birds
37,circus_approximans,1,Assemblage,Birds
37,cacomantis_flabelliformis,1,Assemblage,Birds
37,zapornia_tabuensis,1,Assemblage,Birds
37,tringa_incana,1,Assemblage,Birds
37,thalasseus_bergii,1,Assemblage,Birds
37,ardenna_pacifica,1,Assemblage,Birds
37,acridotheres_tristis,1,Assemblage,Birds
37,numenius_phaeopus,1,Assemblage,Birds
37,numida_meleagris,1,Assemblage,Birds
37,pterodroma_nigripennis,1,Assemblage,Birds
37,tadorna_tadornoides,1,Assemblage,Birds
37,calidris_acuminata,1,Assemblage,Birds
37,phalacrocorax_sulcirostris,1,Assemblage,Birds
37,zapornia_pusilla,1,Assemblage,Birds
37,anas_platyrhynchos,1,Assemblage,Birds
37,pluvialis_fulva,1,Assemblage,Birds
37,porphyrio_porphyrio,1,Assemblage,Birds
37,hypotaenidia_philippensis,1,Assemblage,Birds
37,anous_stolidus,1,Assemblage,Birds
37,anous_stolidus,1,Assemblage,Birds
37,todiramphus_sanctus,1,Assemblage,Birds
37,phaethon_rubricauda,1,Assemblage,Birds
37,pluvialis_squatarola,1,Assemblage,Birds
37,tringa_brevipes,1,Assemblage,Birds
37,onychoprion_anaethetus,1,Assemblage,Birds
37,nycticorax_caledonicus,1,Assemblage,Birds
37,spilopelia_chinensis,1,Assemblage,Birds
37,butorides_striata,1,Assemblage,Birds
37,onychoprion_fuscatus,1,Assemblage,Birds
37,alexandrinus_krameri,1,Assemblage,Birds
37,pterodroma_neglecta,1,Assemblage,Birds
37,phaethon_rubricauda,1,Assemblage,Birds
37,pterodroma_cervicalis,1,Assemblage,Birds
37,pandion_haliaetus,1,Assemblage,Birds
37,onychoprion_anaethetus,1,Assemblage,Birds
37,todiramphus_chloris,1,Assemblage,Birds
37,sula_sula,1,Assemblage,Birds
37,sula_leucogaster,1,Assemblage,Birds
37,fregata_ariel,1,Assemblage,Birds
37,amaurornis_cinerea,1,Assemblage,Birds
37,larus_atricilla,1,Assemblage,Birds
37,sterna_sumatrana,1,Assemblage,Birds
37,lonchura_punctulata,1,Assemblage,Birds
37,fregata_ariel,1,Assemblage,Birds
37,phaethon_lepturus,1,Assemblage,Birds
37,anous_minutus,1,Assemblage,Birds
37,anous_minutus,1,Assemblage,Birds
37,anous_minutus,1,Assemblage,Birds
37,sula_dactylatra,1,Assemblage,Birds
37,hirundo_neoxena,1,Assemblage,Birds
37,pelagodroma_marina,1,Assemblage,Birds
37,numenius_madagascariensis,1,Assemblage,Birds
37,pterodroma_solandri,1,Assemblage,Birds
37,egretta_sacra,1,Assemblage,Birds
37,morus_serrator,1,Assemblage,Birds
37,egretta_novaehollandiae,1,Assemblage,Birds
37,tringa_brevipes,1,Assemblage,Birds
37,ardenna_carneipes,1,Assemblage,Birds
37,procellaria_parkinsoni,1,Assemblage,Birds
37,eudyptula_minor,1,Assemblage,Birds
37,vanellus_novaehollandiae,1,Assemblage,Birds
37,phalacrocorax_carbo,1,Assemblage,Birds
37,stercorarius_pomarinus,1,Assemblage,Birds
37,columba_livia,1,Assemblage,Birds
37,calidris_tenuirostris,1,Assemblage,Birds
37,calidris_ferruginea,1,Assemblage,Birds
37,limosa_lapponica,1,Assemblage,Birds
37,onychoprion_anaethetus,1,Assemblage,Birds
37,fregata_minor,1,Assemblage,Birds
37,pseudobulweria_rostrata,1,Assemblage,Birds
37,sula_leucogaster,1,Assemblage,Birds
37,cisticola_juncidis,1,Assemblage,Birds
37,podiceps_cristatus,1,Assemblage,Birds
37,egretta_garzetta,1,Assemblage,Birds
37,limosa_limosa,1,Assemblage,Birds
37,tringa_totanus,1,Assemblage,Birds
37,actitis_hypoleucos,1,Assemblage,Birds
37,sternula_albifrons,1,Assemblage,Birds
37,sternula_albifrons,1,Assemblage,Birds
37,xenus_cinereus,1,Assemblage,Birds
37,charadrius_leschenaultii,1,Assemblage,Birds
37,sterna_hirundo,1,Assemblage,Birds
37,milvus_migrans,1,Assemblage,Birds
37,chlidonias_hybrida,1,Assemblage,Birds
37,tyto_longimembris,1,Assemblage,Birds
37,mirafra_javanica,1,Assemblage,Birds
37,tringa_stagnatilis,1,Assemblage,Birds
37,plegadis_falcinellus,1,Assemblage,Birds
37,tringa_glareola,1,Assemblage,Birds
37,pycnonotus_jocosus,1,Assemblage,Birds
37,pterodroma_macroptera,1,Assemblage,Birds
37,chlidonias_leucopterus,1,Assemblage,Birds
37,thalassarche_cauta,1,Assemblage,Birds
37,sterna_dougallii,1,Assemblage,Birds
37,streptopelia_decaocto,1,Assemblage,Birds
37,fulica_atra,1,Assemblage,Birds
37,haliaeetus_leucogaster,1,Assemblage,Birds
37,glareola_maldivarum,1,Assemblage,Birds
37,charadrius_bicinctus,1,Assemblage,Birds
37,calonectris_leucomelas,1,Assemblage,Birds
37,sterna_dougallii,1,Assemblage,Birds
37,tringa_nebularia,1,Assemblage,Birds
37,pavo_cristatus,1,Assemblage,Birds
37,artamus_leucoryn,1,Assemblage,Birds
37,chalcites_lucidus,1,Assemblage,Birds
37,merops_ornatus,1,Assemblage,Birds
37,charadrius_mongolus,1,Assemblage,Birds
37,ailuroedus_crassirostris,1,Assemblage,Birds
37,malurus_lamberti,1,Assemblage,Birds
37,todiramphus_macleayii,1,Assemblage,Birds
37,lophorina_paradisea,1,Assemblage,Birds
37,glossopsitta_porphyrocephala,1,Assemblage,Birds
37,puffinus_huttoni,1,Assemblage,Birds
37,epthianura_albifrons,1,Assemblage,Birds
37,cracticus_torquatus,1,Assemblage,Birds
37,vanellus_tricolor,1,Assemblage,Birds
37,phaps_chalcoptera,1,Assemblage,Birds
37,haematopus_fuliginosus,1,Assemblage,Birds
37,turnix_varius,1,Assemblage,Birds
37,stipiturus_malachurus,1,Assemblage,Birds
37,sericornis_frontalis,1,Assemblage,Birds
37,melithreptus_brevirostris,1,Assemblage,Birds
37,eolophus_roseicapilla,1,Assemblage,Birds
37,acanthiza_chrysorrhoa,1,Assemblage,Birds
37,podargus_strigoides,1,Assemblage,Birds
37,aythya_australis,1,Assemblage,Birds
37,porzana_fluminea,1,Assemblage,Birds
37,chenonetta_jubata,1,Assemblage,Birds
37,biziura_lobata,1,Assemblage,Birds
37,stictonetta_naevosa,1,Assemblage,Birds
37,pardalotus_striatus,1,Assemblage,Birds
37,gliciphila_melanops,1,Assemblage,Birds
37,dicaeum_hirundinaceum,1,Assemblage,Birds
37,artamus_cyanopterus,1,Assemblage,Birds
37,anas_castanea,1,Assemblage,Birds
37,daphoenositta_chrysoptera,1,Assemblage,Birds
37,phaps_elegans,1,Assemblage,Birds
37,poliocephalus_poliocephalus,1,Assemblage,Birds
37,phylidonyris_novaehollandiae,1,Assemblage,Birds
37,pardalotus_punctatus,1,Assemblage,Birds
37,cacatua_tenuirostris,1,Assemblage,Birds
37,accipiter_novaehollandiae,1,Assemblage,Birds
37,epthianura_tricolor,1,Assemblage,Birds
37,pezoporus_wallicus,1,Assemblage,Birds
37,corvus_mellori,1,Assemblage,Birds
37,strepera_versicolor,1,Assemblage,Birds
37,cygnus_atratus,1,Assemblage,Birds
37,oxyura_australis,1,Assemblage,Birds
37,oxyura_australis,1,Assemblage,Birds
37,petroica_phoenicea,1,Assemblage,Birds
37,rostratula_australis,1,Assemblage,Birds
37,myiagra_inquieta,1,Assemblage,Birds
37,heteroscenes_pallidus,1,Assemblage,Birds
37,phaethon_lepturus,1,Assemblage,Birds
37,platycercus_eximius,1,Assemblage,Birds
37,lathamus_discolor,1,Assemblage,Birds
37,pomatostomus_halli,1,Assemblage,Birds
37,corvus_tasmanicus,1,Assemblage,Birds
37,lichenostomus_melanops,1,Assemblage,Birds
37,pachycephala_olivacea,1,Assemblage,Birds
37,pyrrholaemus_sagittatus,1,Assemblage,Birds
37,cinclosoma_punctatum,1,Assemblage,Birds
37,grantiella_picta,1,Assemblage,Birds
37,petroica_phoenicea,1,Assemblage,Birds
37,myiagra_rubecula,1,Assemblage,Birds
37,chalcites_basalis,1,Assemblage,Birds
37,pelecanus_conspicillatus,1,Assemblage,Birds
37,charadrius_ruficapillus,1,Assemblage,Birds
37,aegotheles_cristatus,1,Assemblage,Birds
37,hirundapus_caudacutus,1,Assemblage,Birds
37,poodytes_gramineus,1,Assemblage,Birds
37,colluricincla_harmonica,1,Assemblage,Birds
37,falco_berigora,1,Assemblage,Birds
37,synoicus_ypsilophorus,1,Assemblage,Birds
37,cacatua_galerita,1,Assemblage,Birds
37,ceyx_azureus,1,Assemblage,Birds
37,elanus_axillaris,1,Assemblage,Birds
37,cladorhynchus_leucocephalus,1,Assemblage,Birds
37,larus_novaehollandiae,1,Assemblage,Birds
37,larus_novaehollandiae,1,Assemblage,Birds
37,artamus_superciliosus,1,Assemblage,Birds
37,caligavis_chrysops,1,Assemblage,Birds
37,tyto_tenebricosa,1,Assemblage,Birds
37,anthochaera_carunculata,1,Assemblage,Birds
37,cacatua_sanguinea,1,Assemblage,Birds
37,grallina_cyanoleuca,1,Assemblage,Birds
37,gymnorhina_tibicen,1,Assemblage,Birds
37,acrocephalus_australis,1,Assemblage,Birds
37,accipiter_cirrocephalus,1,Assemblage,Birds
37,tyto_novaehollandiae,1,Assemblage,Birds
37,falco_longipennis,1,Assemblage,Birds
37,haematopus_longirostris,1,Assemblage,Birds
37,lalage_tricolor,1,Assemblage,Birds
37,todiramphus_sanctus,1,Assemblage,Birds
37,cincloramphus_cruralis,1,Assemblage,Birds
37,acanthiza_reguloides,1,Assemblage,Birds
37,acanthiza_nana,1,Assemblage,Birds
37,coturnix_pectoralis,1,Assemblage,Birds
37,recurvirostra_novaehollandiae,1,Assemblage,Birds
37,ocyphaps_lophotes,1,Assemblage,Birds
37,melanodryas_cucullata,1,Assemblage,Birds
37,dromaius_novaehollandiae,1,Assemblage,Birds
37,gelochelidon_macrotarsa,1,Assemblage,Birds
37,malacorhynchus_membranaceus,1,Assemblage,Birds
37,turnix_pyrrhothorax,1,Assemblage,Birds
37,smicrornis_brevirostris,1,Assemblage,Birds
37,hieraaetus_morphnoides,1,Assemblage,Birds
37,tribonyx_ventralis,1,Assemblage,Birds
37,turnix_velox,1,Assemblage,Birds
37,anseranas_semipalmata,1,Assemblage,Birds
37,acanthagenys_rufogularis,1,Assemblage,Birds
37,barnardius_zonarius,1,Assemblage,Birds
37,gavicalis_virescens,1,Assemblage,Birds
37,chalcites_osculans,1,Assemblage,Birds
37,epthianura_aurifrons,1,Assemblage,Birds
37,eurostopodus_argus,1,Assemblage,Birds
37,cracticus_nigrogularis,1,Assemblage,Birds
37,gerygone_fusca,1,Assemblage,Birds
37,pomatostomus_superciliosus,1,Assemblage,Birds
37,certhionyx_variegatus,1,Assemblage,Birds
37,purnella_albifrons,1,Assemblage,Birds
37,petroica_goodenovii,1,Assemblage,Birds
37,climacteris_picumnus,1,Assemblage,Birds
37,calyptorhynchus_banksii,1,Assemblage,Birds
37,pachycephala_inornata,1,Assemblage,Birds
37,artamus_personatus,1,Assemblage,Birds
37,ardea_pacifica,1,Assemblage,Birds
37,circus_assimilis,1,Assemblage,Birds
37,coracina_maxima,1,Assemblage,Birds
37,cincloramphus_mathewsi,1,Assemblage,Birds
37,dendrocygna_eytoni,1,Assemblage,Birds
37,malacorhynchus_membranaceus,1,Assemblage,Birds
37,peltohyas_australis,1,Assemblage,Birds
37,platalea_flavipes,1,Assemblage,Birds
37,falco_subniger,1,Assemblage,Birds
37,ptilinopus_regina,1,Assemblage,Birds
37,nettapus_pulchellus,1,Assemblage,Birds
37,neochmia_phaeton,1,Assemblage,Birds
37,eudynamys_orientalis,1,Assemblage,Birds
37,northiella_haematogaster,1,Assemblage,Birds
37,platycercus_elegans,1,Assemblage,Birds
37,hylacola_pyrrhopygia,1,Assemblage,Birds
37,psephotus_haematonotus,1,Assemblage,Birds
37,neophema_chrysogaster,1,Assemblage,Birds
37,tanysiptera_sylvia,1,Assemblage,Birds
37,lonchura_castaneothorax,1,Assemblage,Birds
37,cincloramphus_timoriensis,1,Assemblage,Birds
37,scythrops_novaehollandiae,1,Assemblage,Birds
37,philemon_citreogularis,1,Assemblage,Birds
37,grus_rubicunda,1,Assemblage,Birds
37,microeca_fascinans,1,Assemblage,Birds
37,oriolus_sagittatus,1,Assemblage,Birds
37,ardeotis_australis,1,Assemblage,Birds
37,centropus_phasianinus,1,Assemblage,Birds
37,artamus_cinereus,1,Assemblage,Birds
37,sphecotheres_vieilloti,1,Assemblage,Birds
37,entomyzon_cyanotis,1,Assemblage,Birds
37,gerygone_olivacea,1,Assemblage,Birds
37,philemon_corniculatus,1,Assemblage,Birds
37,burhinus_grallarius,1,Assemblage,Birds
37,todiramphus_pyrrhopygius,1,Assemblage,Birds
37,acanthiza_uropygialis,1,Assemblage,Birds
37,melopsittacus_undulatus,1,Assemblage,Birds
37,sugomel_nigrum,1,Assemblage,Birds
37,malurus_assimilis,1,Assemblage,Birds
37,geopelia_cuneata,1,Assemblage,Birds
37,geopelia_humeralis,1,Assemblage,Birds
37,poliocephalus_poliocephalus,1,Assemblage,Birds
37,climacteris_affinis,1,Assemblage,Birds
37,platalea_flavipes,1,Assemblage,Birds
37,acanthiza_apicalis,1,Assemblage,Birds
37,psephotellus_varius,1,Assemblage,Birds
37,tachybaptus_novaehollandiae,1,Assemblage,Birds
37,ptilotula_plumula,1,Assemblage,Birds
37,lophoictinia_isura,1,Assemblage,Birds
37,phalacrocorax_sulcirostris,1,Assemblage,Birds
37,circus_approximans,1,Assemblage,Birds
37,charadrius_veredus,1,Assemblage,Birds
37,dacelo_leachii,1,Assemblage,Birds
37,lalage_tricolor,1,Assemblage,Birds
37,pachycephala_melanura,1,Assemblage,Birds
37,peneoenanthe_pulverulenta,1,Assemblage,Birds
37,megapodius_reinwardt,1,Assemblage,Birds
37,merops_ornatus,1,Assemblage,Birds
37,philemon_buceroides,1,Assemblage,Birds
37,malurus_melanocephalus,1,Assemblage,Birds
37,gerygone_levigaster,1,Assemblage,Birds
37,aprosmictus_erythropterus,1,Assemblage,Birds
37,stomiopera_unicolor,1,Assemblage,Birds
37,melithreptus_albogularis,1,Assemblage,Birds
37,anseranas_semipalmata,1,Assemblage,Birds
37,radjah_radjah,1,Assemblage,Birds
37,egretta_picata,1,Assemblage,Birds
37,aplonis_metallica,1,Assemblage,Birds
37,lalage_leucomela,1,Assemblage,Birds
37,gerygone_magnirostris,1,Assemblage,Birds
37,colluricincla_megarhyncha,1,Assemblage,Birds
37,corvus_orru,1,Assemblage,Birds
37,myiagra_alecto,1,Assemblage,Birds
37,myiagra_ruficollis,1,Assemblage,Birds
37,symposiachrus_trivirgatus,1,Assemblage,Birds
37,ducula_spilorrhoa,1,Assemblage,Birds
37,myiagra_rubecula,1,Assemblage,Birds
37,caprimulgus_macrurus,1,Assemblage,Birds
37,cinnyris_jugularis,1,Assemblage,Birds
37,ardea_sumatrana,1,Assemblage,Birds
37,stiltia_isabella,1,Assemblage,Birds
37,dendrocygna_arcuata,1,Assemblage,Birds
37,irediparra_gallinacea,1,Assemblage,Birds
37,rhipidura_rufifrons,1,Assemblage,Birds
37,amaurornis_moluccana,1,Assemblage,Birds
37,pardalotus_striatus,1,Assemblage,Birds
37,stiltia_isabella,1,Assemblage,Birds
37,pardalotus_rubricatus,1,Assemblage,Birds
37,numenius_minutus,1,Assemblage,Birds
37,melithreptus_laetior,1,Assemblage,Birds
37,neochmia_ruficauda,1,Assemblage,Birds
37,epthianura_crocea,1,Assemblage,Birds
37,conopophila_rufogularis,1,Assemblage,Birds
37,chlamydera_nuchalis,1,Assemblage,Birds
37,falcunculus_frontatus,1,Assemblage,Birds
37,cormobates_leucophaea,1,Assemblage,Birds
37,glossopsitta_pusilla,1,Assemblage,Birds
37,melithreptus_gularis,1,Assemblage,Birds
37,anthochaera_phrygia,1,Assemblage,Birds
37,platycercus_adscitus,1,Assemblage,Birds
37,neochmia_modesta,1,Assemblage,Birds
37,ptilotula_fusca,1,Assemblage,Birds
37,stomiopera_flava,1,Assemblage,Birds
37,cinclosoma_castaneothorax,1,Assemblage,Birds
37,geophaps_scripta,1,Assemblage,Birds
37,poephila_cincta,1,Assemblage,Birds
37,ninox_strenua,1,Assemblage,Birds
37,poecilodryas_superciliosa,1,Assemblage,Birds
37,poephila_cincta,1,Assemblage,Birds
37,macropygia_phasianella,1,Assemblage,Birds
37,carterornis_leucotis,1,Assemblage,Birds
37,meliphaga_lewinii,1,Assemblage,Birds
37,ptilonorhynchus_violaceus,1,Assemblage,Birds
37,eurostopodus_mystacalis,1,Assemblage,Birds
37,eurostopodus_mystacalis,1,Assemblage,Birds
37,neophema_pulchella,1,Assemblage,Birds
37,spatula_clypeata,1,Assemblage,Birds
37,alectura_lathami,1,Assemblage,Birds
37,trichoglossus_chlorolepidotus,1,Assemblage,Birds
37,symposiachrus_trivirgatus,1,Assemblage,Birds
37,myzomela_sanguinolenta,1,Assemblage,Birds
37,manorina_flavigula,1,Assemblage,Birds
37,malurus_splendens,1,Assemblage,Birds
37,corvus_bennetti,1,Assemblage,Birds
37,chlamydera_maculata,1,Assemblage,Birds
37,stiltia_isabella,1,Assemblage,Birds
37,cacatua_leadbeateri,1,Assemblage,Birds
37,myiagra_inquieta,1,Assemblage,Birds
37,rhipidura_albiscapa,1,Assemblage,Birds
37,stagonopleura_guttata,1,Assemblage,Birds
37,cincloramphus_mathewsi,1,Assemblage,Birds
37,plectorhyncha_lanceolata,1,Assemblage,Birds
37,taeniopygia_bichenovii,1,Assemblage,Birds
37,taeniopygia_castanotis,1,Assemblage,Birds
37,cheramoeca_leucosterna,1,Assemblage,Birds
37,oreoica_gutturalis,1,Assemblage,Birds
37,phylidonyris_niger,1,Assemblage,Birds
37,malurus_leucopterus,1,Assemblage,Birds
37,pomatostomus_ruficeps,1,Assemblage,Birds
37,struthidea_cinerea,1,Assemblage,Birds
37,biziura_lobata,1,Assemblage,Birds
37,ramsayornis_fasciatus,1,Assemblage,Birds
37,artamus_minor,1,Assemblage,Birds
37,nymphicus_hollandicus,1,Assemblage,Birds
37,aphelocephala_leucopsis,1,Assemblage,Birds
37,leipoa_ocellata,1,Assemblage,Birds
37,ardenna_tenuirostris,1,Assemblage,Birds
37,zanda_funerea,1,Assemblage,Birds
37,glossopsitta_concinna,1,Assemblage,Birds
37,malurus_cyaneus,1,Assemblage,Birds
37,acanthorhynchus_tenuirostris,1,Assemblage,Birds
37,acanthiza_pusilla,1,Assemblage,Birds
37,phylidonyris_pyrrhopterus,1,Assemblage,Birds
37,melithreptus_lunatus,1,Assemblage,Birds
37,zoothera_lunulata,1,Assemblage,Birds
37,gallinago_hardwickii,1,Assemblage,Birds
37,sterna_striata,1,Assemblage,Birds
37,petroica_rosea,1,Assemblage,Birds
37,eopsaltria_australis,1,Assemblage,Birds
37,strepera_graculina,1,Assemblage,Birds
37,alisterus_scapularis,1,Assemblage,Birds
37,psophodes_olivaceus,1,Assemblage,Birds
37,anthochaera_chrysoptera,1,Assemblage,Birds
37,gerygone_mouki,1,Assemblage,Birds
37,stagonopleura_guttata,1,Assemblage,Birds
37,manorina_melanocephala,1,Assemblage,Birds
37,neochmia_temporalis,1,Assemblage,Birds
37,calyptorhynchus_lathami,1,Assemblage,Birds
37,grantiella_picta,1,Assemblage,Birds
37,pedionomus_torquatus,1,Assemblage,Birds
37,petroica_boodang,1,Assemblage,Birds
37,petroica_boodang,1,Assemblage,Birds
37,myiagra_cyanoleuca,1,Assemblage,Birds
37,ceyx_pusillus,1,Assemblage,Birds
37,melloria_quoyi,1,Assemblage,Birds
37,myzomela_obscura,1,Assemblage,Birds
37,todiramphus_macleayii,1,Assemblage,Birds
37,gerygone_palpebrosa,1,Assemblage,Birds
37,megaloprepia_magnifica,1,Assemblage,Birds
37,podargus_ocellatus,1,Assemblage,Birds
37,symposiachrus_trivirgatus,1,Assemblage,Birds
37,zoothera_heinei,1,Assemblage,Birds
37,microeca_flavigaster,1,Assemblage,Birds
37,nesoptilotis_leucotis,1,Assemblage,Birds
37,merops_ornatus,1,Assemblage,Birds
37,ptilotula_penicillata,1,Assemblage,Birds
37,pachycephala_rufiventris,1,Assemblage,Birds
37,coracina_novaehollandiae,1,Assemblage,Birds
37,dacelo_novaeguineae,1,Assemblage,Birds
37,ardea_plumifera,1,Assemblage,Birds
37,acanthiza_lineata,1,Assemblage,Birds
37,corcorax_melanorhamphos,1,Assemblage,Birds
37,corvus_coronoides,1,Assemblage,Birds
37,threskiornis_spinicollis,1,Assemblage,Birds
37,erythrogonys_cinctus,1,Assemblage,Birds
37,petrochelidon_ariel,1,Assemblage,Birds
37,ninox_boobook,1,Assemblage,Birds
37,geopelia_placida,1,Assemblage,Birds
37,anhinga_novaehollandiae,1,Assemblage,Birds
37,coracina_papuensis,1,Assemblage,Birds
37,rhipidura_leucophrys,1,Assemblage,Birds
37,dicrurus_bracteatus,1,Assemblage,Birds
37,ptilinopus_superbus,1,Assemblage,Birds
37,trichoglossus_moluccanus,1,Assemblage,Birds
37,petrochelidon_nigricans,1,Assemblage,Birds
37,pomatostomus_temporalis,1,Assemblage,Birds
37,lichmera_indistincta,1,Assemblage,Birds
37,coracina_lineata,1,Assemblage,Birds
37,turnix_maculosus,1,Assemblage,Birds
37,aviceda_subcristata,1,Assemblage,Birds
37,hamirostra_melanosternon,1,Assemblage,Birds
37,fregetta_lineata,1,Assemblage,Birds
37,egretta_novaehollandiae,1,Assemblage,Birds
37,gallinula_tenebrosa,1,Assemblage,Birds
37,haliastur_sphenurus,1,Assemblage,Birds
37,lewinia_pectoralis,1,Assemblage,Birds
37,ninox_connivens,1,Assemblage,Birds
37,ixobrychus_dubius,1,Assemblage,Birds
37,aquila_audax,1,Assemblage,Birds
37,threskiornis_moluccus,1,Assemblage,Birds
37,tregellasia_capito,1,Assemblage,Birds
37,columba_leucomela,1,Assemblage,Birds
37,leucosarcia_melanoleuca,1,Assemblage,Birds
37,neosericornis_citreogularis,1,Assemblage,Birds
37,lopholaimus_antarcticus,1,Assemblage,Birds
37,sericornis_magnirostra,1,Assemblage,Birds
37,anthochaera_phrygia,1,Assemblage,Birds
37,gavicalis_fasciogularis,1,Assemblage,Birds
37,polytelis_swainsonii,1,Assemblage,Birds
37,psephotellus_pulcherrimus,1,Assemblage,Birds
37,chalcites_minutillus,1,Assemblage,Birds
37,atrichornis_rufescens,1,Assemblage,Birds
37,dasyornis_brachypterus,1,Assemblage,Birds
37,menura_novaehollandiae,1,Assemblage,Birds
37,turnix_melanogaster,1,Assemblage,Birds
37,turnix_melanogaster,1,Assemblage,Birds
37,bolemoreus_hindwoodi,1,Assemblage,Birds
37,cyclopsitta_coxeni,1,Assemblage,Birds
37,erythrotriorchis_radiatus,1,Assemblage,Birds
37,bolemoreus_hindwoodi,1,Assemblage,Birds
37,menura_alberti,1,Assemblage,Birds
37,menura_alberti,1,Assemblage,Birds
37,monarcha_melanopsis,1,Assemblage,Birds
37,edolisoma_tenuirostre,1,Assemblage,Birds
37,pitta_versicolor,1,Assemblage,Birds
37,climacteris_erythrops,1,Assemblage,Birds
37,manorina_melanophrys,1,Assemblage,Birds
37,dasyornis_brachypterus,1,Assemblage,Birds
37,sericulus_chrysocephalus,1,Assemblage,Birds
37,origma_solitaria,1,Assemblage,Birds
37,orthonyx_temminckii,1,Assemblage,Birds
37,atrichornis_rufescens,1,Assemblage,Birds
37,thalasseus_bengalensis,1,Assemblage,Birds
37,chalcites_minutillus,1,Assemblage,Birds
37,limnodromus_semipalmatus,1,Assemblage,Birds
37,chlidonias_hybrida,1,Assemblage,Birds
37,eurystomus_orientalis,1,Assemblage,Birds
37,struthio_camelus,1,Assemblage,Birds
37,calidris_falcinellus,1,Assemblage,Birds
37,haliastur_indus,1,Assemblage,Birds
37,ephippiorhynchus_asiaticus,1,Assemblage,Birds
37,nettapus_coromandelianus,1,Assemblage,Birds
37,synoicus_chinensis,1,Assemblage,Birds
37,ixobrychus_flavicollis,1,Assemblage,Birds
37,apus_pacificus,1,Assemblage,Birds
37,cisticola_exilis,1,Assemblage,Birds
37,motacilla_tschutschensis,1,Assemblage,Birds
37,cuculus_optatus,1,Assemblage,Birds
37,esacus_magnirostris,1,Assemblage,Birds
37,cacomantis_variolosus,1,Assemblage,Birds
37,falco_cenchroides,1,Assemblage,Birds
37,gallus_gallus,1,Assemblage,Birds
37,accipiter_fasciatus,1,Assemblage,Birds
37,microcarbo_melanoleucos,1,Assemblage,Birds
37,chalcites_lucidus,1,Assemblage,Birds
37,pachycephala_pectoralis,1,Assemblage,Birds
37,rhipidura_albiscapa,1,Assemblage,Birds
37,chalcophaps_longirostris,1,Assemblage,Birds
37,calidris_tenuirostris,1,Assemblage,Birds
38,podilymbus_gigas,0,Assemblage,Birds
38,calidris_alba,1,Assemblage,Birds
38,calidris_canutus,1,Assemblage,Birds
38,arenaria_interpres,1,Assemblage,Birds
38,calidris_melanotos,1,Assemblage,Birds
38,parabuteo_unicinctus,1,Assemblage,Birds
38,pitangus_sulphuratus,1,Assemblage,Birds
38,cistothorus_platensis,1,Assemblage,Birds
38,nannopterum_brasilianum,1,Assemblage,Birds
38,zonotrichia_capensis,1,Assemblage,Birds
38,egretta_thula,1,Assemblage,Birds
38,hirundo_rustica,1,Assemblage,Birds
38,pluvialis_squatarola,1,Assemblage,Birds
38,calidris_fuscicollis,1,Assemblage,Birds
38,passer_domesticus,1,Assemblage,Birds
38,pluvialis_dominica,1,Assemblage,Birds
38,accipiter_striatus,1,Assemblage,Birds
38,bubulcus_ibis,1,Assemblage,Birds
38,calidris_mauri,1,Assemblage,Birds
38,sayornis_nigricans,1,Assemblage,Birds
38,tringa_melanoleuca,1,Assemblage,Birds
38,falco_peregrinus,1,Assemblage,Birds
38,tringa_flavipes,1,Assemblage,Birds
38,cathartes_aura,1,Assemblage,Birds
38,tyto_alba,1,Assemblage,Birds
38,coragyps_atratus,1,Assemblage,Birds
38,falco_sparverius,1,Assemblage,Birds
38,troglodytes_aedon,1,Assemblage,Birds
38,catharus_aurantiirostris,1,Assemblage,Birds
38,crotophaga_sulcirostris,1,Assemblage,Birds
38,coccyzus_erythropthalmus,1,Assemblage,Birds
38,icteria_virens,1,Assemblage,Birds
38,megaceryle_torquata,1,Assemblage,Birds
38,penelope_purpurascens,1,Assemblage,Birds
38,cardellina_canadensis,1,Assemblage,Birds
38,setophaga_fusca,1,Assemblage,Birds
38,streptoprocne_zonaris,1,Assemblage,Birds
38,empidonax_alnorum,1,Assemblage,Birds
38,leiothlypis_peregrina,1,Assemblage,Birds
38,geothlypis_formosa,1,Assemblage,Birds
38,podilymbus_podiceps,1,Assemblage,Birds
38,ardea_alba,1,Assemblage,Birds
38,cyclarhis_gujanensis,1,Assemblage,Birds
38,elaenia_flavogaster,1,Assemblage,Birds
38,colaptes_rubiginosus,1,Assemblage,Birds
38,ramphocaenus_melanurus,1,Assemblage,Birds
38,pandion_haliaetus,1,Assemblage,Birds
38,calidris_pusilla,1,Assemblage,Birds
38,butorides_striata,1,Assemblage,Birds
38,calidris_subruficollis,1,Assemblage,Birds
38,bubo_virginianus,1,Assemblage,Birds
38,calidris_himantopus,1,Assemblage,Birds
38,chloroceryle_americana,1,Assemblage,Birds
38,tachybaptus_dominicus,1,Assemblage,Birds
38,glaucidium_brasilianum,1,Assemblage,Birds
38,leptotila_verreauxi,1,Assemblage,Birds
38,hylatomus_lineatus,1,Assemblage,Birds
38,herpetotheres_cachinnans,1,Assemblage,Birds
38,falco_rufigularis,1,Assemblage,Birds
38,tringa_solitaria,1,Assemblage,Birds
38,tyrannus_melancholicus,1,Assemblage,Birds
38,asio_stygius,1,Assemblage,Birds
38,volatinia_jacarina,1,Assemblage,Birds
38,buteogallus_urubitinga,1,Assemblage,Birds
38,progne_chalybea,1,Assemblage,Birds
38,geotrygon_montana,1,Assemblage,Birds
38,limnodromus_griseus,1,Assemblage,Birds
38,limnodromus_scolopaceus,1,Assemblage,Birds
38,calidris_alpina,1,Assemblage,Birds
38,calidris_bairdii,1,Assemblage,Birds
38,corvus_corax,1,Assemblage,Birds
38,larus_atricilla,1,Assemblage,Birds
38,panyptila_cayennensis,1,Assemblage,Birds
38,sclerurus_mexicanus,1,Assemblage,Birds
38,cyanerpes_cyaneus,1,Assemblage,Birds
38,mionectes_oleagineus,1,Assemblage,Birds
38,mimus_gilvus,1,Assemblage,Birds
38,pseudastur_albicollis,1,Assemblage,Birds
38,paraclaravis_mondetoura,1,Assemblage,Birds
38,trogon_violaceus,1,Assemblage,Birds
38,amblycercus_holosericeus,1,Assemblage,Birds
38,ciccaba_nigrolineata,1,Assemblage,Birds
38,pachysylvia_decurtata,1,Assemblage,Birds
38,crax_rubra,1,Assemblage,Birds
38,spodiornis_rusticus,1,Assemblage,Birds
38,henicorhina_leucosticta,1,Assemblage,Birds
38,atlapetes_albinucha,1,Assemblage,Birds
38,bolborhynchus_lineola,1,Assemblage,Birds
38,contopus_bogotensis,1,Assemblage,Birds
38,lophostrix_cristata,1,Assemblage,Birds
38,amaurospiza_moesta,1,Assemblage,Birds
38,buteo_platypterus,1,Assemblage,Birds
38,limosa_fedoa,1,Assemblage,Birds
38,steganopus_tricolor,1,Assemblage,Birds
38,spatula_discors,1,Assemblage,Birds
38,aythya_affinis,1,Assemblage,Birds
38,contopus_sordidulus,1,Assemblage,Birds
38,anas_acuta,1,Assemblage,Birds
38,melanerpes_formicivorus,1,Assemblage,Birds
38,chlidonias_niger,1,Assemblage,Birds
38,falco_columbarius,1,Assemblage,Birds
38,catharus_swainsoni,1,Assemblage,Birds
38,spinus_psaltria,1,Assemblage,Birds
38,quiscalus_mexicanus,1,Assemblage,Birds
38,gallinago_delicata,1,Assemblage,Birds
38,circus_hudsonius,1,Assemblage,Birds
38,fulica_americana,1,Assemblage,Birds
38,setophaga_coronata,1,Assemblage,Birds
38,riparia_riparia,1,Assemblage,Birds
38,setophaga_ruticilla,1,Assemblage,Birds
38,mniotilta_varia,1,Assemblage,Birds
38,anabacerthia_variegaticeps,1,Assemblage,Birds
38,sturnella_magna,1,Assemblage,Birds
38,parkesia_noveboracensis,1,Assemblage,Birds
38,chordeiles_minor,1,Assemblage,Birds
38,setophaga_petechia,1,Assemblage,Birds
38,spiza_americana,1,Assemblage,Birds
38,mitrephanes_phaeocercus,1,Assemblage,Birds
38,larus_pipixcan,1,Assemblage,Birds
38,chloroceryle_amazona,1,Assemblage,Birds
38,tyrannus_tyrannus,1,Assemblage,Birds
38,antrostomus_carolinensis,1,Assemblage,Birds
38,basileuterus_rufifrons,1,Assemblage,Birds
38,campylorhynchus_zonatus,1,Assemblage,Birds
38,contopus_virens,1,Assemblage,Birds
38,helmitheros_vermivorum,1,Assemblage,Birds
38,hylocichla_mustelina,1,Assemblage,Birds
38,momotus_lessonii,1,Assemblage,Birds
38,vireolanius_pulchellus,1,Assemblage,Birds
38,onychorhynchus_mexicanus,1,Assemblage,Birds
38,vireo_philadelphicus,1,Assemblage,Birds
38,cantorchilus_modestus,1,Assemblage,Birds
38,petrochelidon_fulva,1,Assemblage,Birds
38,thryophilus_rufalbus,1,Assemblage,Birds
38,saltator_atriceps,1,Assemblage,Birds
38,dendrocincla_homochroa,1,Assemblage,Birds
38,pteroglossus_torquatus,1,Assemblage,Birds
38,vireo_flavifrons,1,Assemblage,Birds
38,parkesia_motacilla,1,Assemblage,Birds
38,icterus_spurius,1,Assemblage,Birds
38,ardea_herodias,1,Assemblage,Birds
38,turdus_grayi,1,Assemblage,Birds
38,catharus_ustulatus,1,Assemblage,Birds
38,tyrannus_forficatus,1,Assemblage,Birds
38,ixobrychus_exilis,1,Assemblage,Birds
38,falco_sparverius,1,Assemblage,Birds
38,cinclus_mexicanus,1,Assemblage,Birds
38,leuconotopicus_villosus,1,Assemblage,Birds
38,sialia_sialis,1,Assemblage,Birds
38,icterus_bullockiorum,1,Assemblage,Birds
38,empidonax_minimus,1,Assemblage,Birds
38,vireo_solitarius,1,Assemblage,Birds
38,geothlypis_philadelphia,1,Assemblage,Birds
38,setophaga_dominica,1,Assemblage,Birds
38,empidonax_virescens,1,Assemblage,Birds
38,empidonax_flaviventris,1,Assemblage,Birds
38,anthracothorax_prevostii,1,Assemblage,Birds
38,geococcyx_velox,1,Assemblage,Birds
38,empidonax_hammondii,1,Assemblage,Birds
38,aimophila_rufescens,1,Assemblage,Birds
38,spinus_notatus,1,Assemblage,Birds
38,icterus_wagleri,1,Assemblage,Birds
38,camptostoma_imberbe,1,Assemblage,Birds
38,heliomaster_constantii,1,Assemblage,Birds
38,myioborus_pictus,1,Assemblage,Birds
38,setophaga_graciae,1,Assemblage,Birds
38,euphonia_elegantissima,1,Assemblage,Birds
38,empidonax_albigularis,1,Assemblage,Birds
38,myiarchus_cinerascens,1,Assemblage,Birds
38,cyanocompsa_parellina,1,Assemblage,Birds
38,morococcyx_erythropygus,1,Assemblage,Birds
38,archilochus_colubris,1,Assemblage,Birds
38,panyptila_sanctihieronymi,1,Assemblage,Birds
38,catharus_frantzii,1,Assemblage,Birds
38,tyrannus_verticalis,1,Assemblage,Birds
38,diglossa_baritula,1,Assemblage,Birds
38,sporophila_morelleti,1,Assemblage,Birds
38,pachyramphus_major,1,Assemblage,Birds
38,lepidocolaptes_affinis,1,Assemblage,Birds
38,xiphorhynchus_erythropygius,1,Assemblage,Birds
38,geothlypis_formosa,1,Assemblage,Birds
38,myiarchus_crinitus,1,Assemblage,Birds
38,laterallus_ruber,1,Assemblage,Birds
38,tangara_abbas,1,Assemblage,Birds
38,antrostomus_vociferus,1,Assemblage,Birds
38,euphonia_affinis,1,Assemblage,Birds
38,saucerottia_cyanocephala,1,Assemblage,Birds
38,oncostoma_cinereigulare,1,Assemblage,Birds
38,rhynchocyclus_brevirostris,1,Assemblage,Birds
38,spizella_passerina,1,Assemblage,Birds
38,leiothlypis_celata,1,Assemblage,Birds
38,setophaga_occidentalis,1,Assemblage,Birds
38,dryobates_scalaris,1,Assemblage,Birds
38,ammodramus_savannarum,1,Assemblage,Birds
38,setophaga_townsendi,1,Assemblage,Birds
38,salpinctes_obsoletus,1,Assemblage,Birds
38,himantopus_himantopus,1,Assemblage,Birds
38,myiarchus_tuberculifer,1,Assemblage,Birds
38,chordeiles_acutipennis,1,Assemblage,Birds
38,buteogallus_solitarius,1,Assemblage,Birds
38,columbina_passerina,1,Assemblage,Birds
38,piranga_hepatica,1,Assemblage,Birds
38,henicorhina_leucophrys,1,Assemblage,Birds
38,streptoprocne_rutila,1,Assemblage,Birds
38,progne_subis,1,Assemblage,Birds
38,icterus_galbula,1,Assemblage,Birds
38,pheucticus_ludovicianus,1,Assemblage,Birds
38,myioborus_miniatus,1,Assemblage,Birds
38,sittasomus_griseus,1,Assemblage,Birds
38,megaceryle_alcyon,1,Assemblage,Birds
38,trogon_collaris,1,Assemblage,Birds
38,charadrius_vociferus,1,Assemblage,Birds
38,myiopagis_viridicata,1,Assemblage,Birds
38,porzana_carolina,1,Assemblage,Birds
38,contopus_cooperi,1,Assemblage,Birds
38,calidris_minutilla,1,Assemblage,Birds
38,gallinula_galeata,1,Assemblage,Birds
38,actitis_macularius,1,Assemblage,Birds
38,bartramia_longicauda,1,Assemblage,Birds
38,certhia_americana,1,Assemblage,Birds
38,glaucidium_gnoma,1,Assemblage,Birds
38,agelaius_phoeniceus,1,Assemblage,Birds
38,cypseloides_niger,1,Assemblage,Birds
38,cyanocitta_stelleri,1,Assemblage,Birds
38,limosa_haemastica,1,Assemblage,Birds
38,grallaria_guatimalensis,1,Assemblage,Birds
38,clibanornis_rubiginosus,1,Assemblage,Birds
38,arremon_brunneinucha,1,Assemblage,Birds
38,porphyrio_martinicus,1,Assemblage,Birds
38,rupornis_magnirostris,1,Assemblage,Birds
38,spizaetus_ornatus,1,Assemblage,Birds
38,habia_rubica,1,Assemblage,Birds
38,sarcoramphus_papa,1,Assemblage,Birds
38,dromococcyx_phasianellus,1,Assemblage,Birds
38,calidris_mauri,1,Assemblage,Birds
38,setophaga_magnolia,1,Assemblage,Birds
38,passerina_cyanea,1,Assemblage,Birds
38,passerina_ciris,1,Assemblage,Birds
38,buteo_brachyurus,1,Assemblage,Birds
38,vireo_flavoviridis,1,Assemblage,Birds
38,tachycineta_albilinea,1,Assemblage,Birds
38,dumetella_carolinensis,1,Assemblage,Birds
38,molothrus_aeneus,1,Assemblage,Birds
38,tachycineta_bicolor,1,Assemblage,Birds
38,seiurus_aurocapilla,1,Assemblage,Birds
38,geothlypis_trichas,1,Assemblage,Birds
38,vireo_olivaceus,1,Assemblage,Birds
38,sphyrapicus_varius,1,Assemblage,Birds
38,petrochelidon_pyrrhonota,1,Assemblage,Birds
38,bombycilla_cedrorum,1,Assemblage,Birds
38,tigrisoma_mexicanum,1,Assemblage,Birds
38,egretta_caerulea,1,Assemblage,Birds
38,chaetura_vauxi,1,Assemblage,Birds
38,zenaida_macroura,1,Assemblage,Birds
38,myiozetetes_similis,1,Assemblage,Birds
38,coccyzus_americanus,1,Assemblage,Birds
38,egretta_tricolor,1,Assemblage,Birds
38,basileuterus_culicivorus,1,Assemblage,Birds
38,turdus_assimilis,1,Assemblage,Birds
38,campylopterus_hemileucurus,1,Assemblage,Birds
38,zenaida_asiatica,1,Assemblage,Birds
38,platalea_ajaja,1,Assemblage,Birds
38,buteo_swainsoni,1,Assemblage,Birds
38,ciccaba_virgata,1,Assemblage,Birds
38,piranga_rubra,1,Assemblage,Birds
38,cochlearius_cochlearius,1,Assemblage,Birds
38,chlorospingus_flavopectus,1,Assemblage,Birds
38,odontophorus_guttatus,1,Assemblage,Birds
38,penelopina_nigra,1,Assemblage,Birds
38,turdus_plebejus,1,Assemblage,Birds
38,abeillia_abeillei,1,Assemblage,Birds
38,lophornis_helenae,1,Assemblage,Birds
38,cardellina_pusilla,1,Assemblage,Birds
38,geothlypis_tolmiei,1,Assemblage,Birds
38,empidonax_traillii,1,Assemblage,Birds
38,piranga_bidentata,1,Assemblage,Birds
38,accipiter_cooperii,1,Assemblage,Birds
38,buteo_plagiatus,1,Assemblage,Birds
38,myiarchus_nuttingi,1,Assemblage,Birds
38,xiphorhynchus_flavigaster,1,Assemblage,Birds
38,peucaea_botterii,1,Assemblage,Birds
38,vireo_gilvus,1,Assemblage,Birds
38,psittacara_holochlorus,1,Assemblage,Birds
38,chlorestes_candida,1,Assemblage,Birds
38,crypturellus_cinnamomeus,1,Assemblage,Birds
38,tilmatura_dupontii,1,Assemblage,Birds
38,aulacorhynchus_prasinus,1,Assemblage,Birds
38,basilinna_leucotis,1,Assemblage,Birds
38,eugenes_fulgens,1,Assemblage,Birds
38,stelgidopteryx_serripennis,1,Assemblage,Birds
38,piranga_ludoviciana,1,Assemblage,Birds
38,tachycineta_thalassina,1,Assemblage,Birds
38,pachyramphus_aglaiae,1,Assemblage,Birds
38,plegadis_chihi,1,Assemblage,Birds
38,vireo_huttoni,1,Assemblage,Birds
38,pipilo_maculatus,1,Assemblage,Birds
38,oxyura_jamaicensis,1,Assemblage,Birds
38,psaltriparus_minimus,1,Assemblage,Birds
38,catharus_guttatus,1,Assemblage,Birds
38,melospiza_lincolnii,1,Assemblage,Birds
38,buteo_jamaicensis,1,Assemblage,Birds
38,anthus_rubescens,1,Assemblage,Birds
38,aeronautes_saxatalis,1,Assemblage,Birds
38,nycticorax_nycticorax,1,Assemblage,Birds
38,columbina_inca,1,Assemblage,Birds
38,passerina_caerulea,1,Assemblage,Birds
38,patagioenas_fasciata,1,Assemblage,Birds
38,pelecanus_erythrorhynchos,1,Assemblage,Birds
38,polioptila_caerulea,1,Assemblage,Birds
38,empidonax_flavescens,1,Assemblage,Birds
38,campylorhynchus_capistratus,1,Assemblage,Birds
38,amazona_auropalliata,1,Assemblage,Birds
38,cynanthus_canivetii,1,Assemblage,Birds
38,trogon_elegans,1,Assemblage,Birds
38,saucerottia_cyanura,1,Assemblage,Birds
38,basileuterus_lachrymosus,1,Assemblage,Birds
38,helmitheros_vermivorum,1,Assemblage,Birds
38,dendrortyx_leucophrys,1,Assemblage,Birds
38,icterus_chrysater,1,Assemblage,Birds
38,cyanocorax_melanocyaneus,1,Assemblage,Birds
38,catharus_dryas,1,Assemblage,Birds
38,icterus_maculialatus,1,Assemblage,Birds
38,melozone_biarcuata,1,Assemblage,Birds
38,zimmerius_vilissimus,1,Assemblage,Birds
38,melozone_occipitalis,1,Assemblage,Birds
38,pampa_rufa,1,Assemblage,Birds
38,melanotis_hypoleucus,1,Assemblage,Birds
38,troglodytes_rufociliatus,1,Assemblage,Birds
38,turdus_rufitorques,1,Assemblage,Birds
38,selasphorus_ellioti,1,Assemblage,Birds
38,lampornis_viridipallens,1,Assemblage,Birds
38,pharomachrus_mocinno,1,Assemblage,Birds
38,colaptes_mexicanoides,1,Assemblage,Birds
38,strix_fulvescens,1,Assemblage,Birds
38,aegolius_ridgwayi,1,Assemblage,Birds
38,saucerottia_beryllina,1,Assemblage,Birds
38,myadestes_occidentalis,1,Assemblage,Birds
38,ptiliogonys_cinereus,1,Assemblage,Birds
38,trogon_mexicanus,1,Assemblage,Birds
38,hesperiphona_abeillei,1,Assemblage,Birds
38,contopus_pertinax,1,Assemblage,Birds
38,pheucticus_chrysopeplus,1,Assemblage,Birds
38,empidonax_fulvifrons,1,Assemblage,Birds
38,empidonax_affinis,1,Assemblage,Birds
38,basileuterus_belli,1,Assemblage,Birds
38,dactylortyx_thoracicus,1,Assemblage,Birds
38,cardellina_rubrifrons,1,Assemblage,Birds
38,geranoaetus_albicaudatus,1,Assemblage,Birds
38,lampornis_amethystinus,1,Assemblage,Birds
38,colibri_thalassinus,1,Assemblage,Birds
38,vireolanius_melitophrys,1,Assemblage,Birds
38,vireo_plumbeus,1,Assemblage,Birds
38,peucedramus_taeniatus,1,Assemblage,Birds
38,athene_cunicularia,1,Assemblage,Birds
38,cyanolyca_pumilo,1,Assemblage,Birds
38,aspatha_gularis,1,Assemblage,Birds
38,doricha_enicura,1,Assemblage,Birds
38,atticora_pileata,1,Assemblage,Birds
38,xenotriccus_callizonus,1,Assemblage,Birds
38,cyrtonyx_ocellatus,1,Assemblage,Birds
38,spinus_atriceps,1,Assemblage,Birds
38,xenotriccus_callizonus,1,Assemblage,Birds
38,tangara_cabanisi,1,Assemblage,Birds
38,oreophasis_derbianus,1,Assemblage,Birds
38,podilymbus_gigas,1,Assemblage,Birds
38,setophaga_auduboni,1,Assemblage,Birds
38,oreophasis_derbianus,1,Assemblage,Birds
38,hylocichla_mustelina,1,Assemblage,Birds
38,buteo_albonotatus,1,Assemblage,Birds
38,vireo_bellii,1,Assemblage,Birds
38,antrostomus_arizonae,1,Assemblage,Birds
38,junco_phaeonotus,1,Assemblage,Birds
38,oreothlypis_superciliosa,1,Assemblage,Birds
38,anthracothorax_prevostii,1,Assemblage,Birds
38,turdus_infuscatus,1,Assemblage,Birds
38,zentrygon_albifacies,1,Assemblage,Birds
38,aphelocoma_unicolor,1,Assemblage,Birds
38,lamprolaima_rhami,1,Assemblage,Birds
38,chlorophonia_occipitalis,1,Assemblage,Birds
38,megascops_trichopsis,1,Assemblage,Birds
39,pinguinus_impennis,0,Assemblage,Birds
39,oceanites_oceanicus,1,Assemblage,Birds
39,ardenna_grisea,1,Assemblage,Birds
39,calidris_alba,1,Assemblage,Birds
39,calidris_canutus,1,Assemblage,Birds
39,xema_sabini,1,Assemblage,Birds
39,arenaria_interpres,1,Assemblage,Birds
39,calidris_melanotos,1,Assemblage,Birds
39,puffinus_puffinus,1,Assemblage,Birds
39,psittacara_erythrogenys,1,Assemblage,Birds
39,thalasseus_maximus,1,Assemblage,Birds
39,thalasseus_maximus,1,Assemblage,Birds
39,hydroprogne_caspia,1,Assemblage,Birds
39,calidris_ferruginea,1,Assemblage,Birds
39,haematopus_palliatus,1,Assemblage,Birds
39,pluvialis_squatarola,1,Assemblage,Birds
39,calidris_fuscicollis,1,Assemblage,Birds
39,calidris_alba,1,Assemblage,Birds
39,falco_peregrinus,1,Assemblage,Birds
39,passer_domesticus,1,Assemblage,Birds
39,pelagodroma_marina,1,Assemblage,Birds
39,asio_flammeus,1,Assemblage,Birds
39,calidris_canutus,1,Assemblage,Birds
39,phalaropus_fulicarius,1,Assemblage,Birds
39,numenius_phaeopus,1,Assemblage,Birds
39,pluvialis_dominica,1,Assemblage,Birds
39,bubulcus_ibis,1,Assemblage,Birds
39,limosa_lapponica,1,Assemblage,Birds
39,accipiter_striatus,1,Assemblage,Birds
39,sturnus_vulgaris,1,Assemblage,Birds
39,bubulcus_ibis,1,Assemblage,Birds
39,calidris_mauri,1,Assemblage,Birds
39,charadrius_semipalmatus,1,Assemblage,Birds
39,tringa_melanoleuca,1,Assemblage,Birds
39,limnodromus_griseus,1,Assemblage,Birds
39,nycticorax_nycticorax,1,Assemblage,Birds
39,falco_peregrinus,1,Assemblage,Birds
39,tringa_flavipes,1,Assemblage,Birds
39,laterallus_jamaicensis,1,Assemblage,Birds
39,podiceps_nigricollis,1,Assemblage,Birds
39,egretta_thula,1,Assemblage,Birds
39,pandion_haliaetus,1,Assemblage,Birds
39,cathartes_aura,1,Assemblage,Birds
39,ardea_alba,1,Assemblage,Birds
39,tyto_alba,1,Assemblage,Birds
39,coragyps_atratus,1,Assemblage,Birds
39,falco_sparverius,1,Assemblage,Birds
39,athene_cunicularia,1,Assemblage,Birds
39,onychoprion_anaethetus,1,Assemblage,Birds
39,coccyzus_erythropthalmus,1,Assemblage,Birds
39,setophaga_virens,1,Assemblage,Birds
39,cardellina_canadensis,1,Assemblage,Birds
39,setophaga_fusca,1,Assemblage,Birds
39,empidonax_alnorum,1,Assemblage,Birds
39,geothlypis_formosa,1,Assemblage,Birds
39,thalasseus_sandvicensis,1,Assemblage,Birds
39,larus_fuscus,1,Assemblage,Birds
39,protonotaria_citrea,1,Assemblage,Birds
39,calidris_pusilla,1,Assemblage,Birds
39,plegadis_falcinellus,1,Assemblage,Birds
39,catharacta_skua,1,Assemblage,Birds
39,himantopus_himantopus,1,Assemblage,Birds
39,muscicapa_striata,1,Assemblage,Birds
39,calidris_falcinellus,1,Assemblage,Birds
39,arenaria_interpres,1,Assemblage,Birds
39,podilymbus_podiceps,1,Assemblage,Birds
39,ardea_alba,1,Assemblage,Birds
39,tyto_alba,1,Assemblage,Birds
39,anous_stolidus,1,Assemblage,Birds
39,anas_bahamensis,1,Assemblage,Birds
39,rostrhamus_sociabilis,1,Assemblage,Birds
39,coereba_flaveola,1,Assemblage,Birds
39,pyrocephalus_rubinus,1,Assemblage,Birds
39,aramus_guarauna,1,Assemblage,Birds
39,platalea_ajaja,1,Assemblage,Birds
39,cuculus_canorus,1,Assemblage,Birds
39,alauda_arvensis,1,Assemblage,Birds
39,acridotheres_tristis,1,Assemblage,Birds
39,numenius_phaeopus,1,Assemblage,Birds
39,callipepla_californica,1,Assemblage,Birds
39,porphyrio_porphyrio,1,Assemblage,Birds
39,dendrocygna_bicolor,1,Assemblage,Birds
39,phalacrocorax_carbo,1,Assemblage,Birds
39,pluvialis_squatarola,1,Assemblage,Birds
39,hydrobates_leucorhous,1,Assemblage,Birds
39,pandion_haliaetus,1,Assemblage,Birds
39,calidris_pusilla,1,Assemblage,Birds
39,butorides_striata,1,Assemblage,Birds
39,onychoprion_fuscatus,1,Assemblage,Birds
39,calidris_subruficollis,1,Assemblage,Birds
39,alexandrinus_krameri,1,Assemblage,Birds
39,hirundo_rustica,1,Assemblage,Birds
39,tringa_solitaria,1,Assemblage,Birds
39,bubo_virginianus,1,Assemblage,Birds
39,calidris_minutilla,1,Assemblage,Birds
39,hydroprogne_caspia,1,Assemblage,Birds
39,fregata_magnificens,1,Assemblage,Birds
39,ardea_alba,1,Assemblage,Birds
39,rynchops_niger,1,Assemblage,Birds
39,pandion_haliaetus,1,Assemblage,Birds
39,calidris_himantopus,1,Assemblage,Birds
39,gelochelidon_nilotica,1,Assemblage,Birds
39,elanoides_forficatus,1,Assemblage,Birds
39,tachybaptus_dominicus,1,Assemblage,Birds
39,nyctanassa_violacea,1,Assemblage,Birds
39,mycteria_americana,1,Assemblage,Birds
39,dendrocygna_autumnalis,1,Assemblage,Birds
39,anhinga_anhinga,1,Assemblage,Birds
39,rissa_tridactyla,1,Assemblage,Birds
39,limnodromus_griseus,1,Assemblage,Birds
39,calidris_himantopus,1,Assemblage,Birds
39,limnodromus_scolopaceus,1,Assemblage,Birds
39,larus_marinus,1,Assemblage,Birds
39,clangula_hyemalis,1,Assemblage,Birds
39,clangula_hyemalis,1,Assemblage,Birds
39,calidris_alpina,1,Assemblage,Birds
39,tringa_flavipes,1,Assemblage,Birds
39,calidris_bairdii,1,Assemblage,Birds
39,uria_aalge,1,Assemblage,Birds
39,stercorarius_parasiticus,1,Assemblage,Birds
39,corvus_corax,1,Assemblage,Birds
39,sula_sula,1,Assemblage,Birds
39,anous_stolidus,1,Assemblage,Birds
39,sternula_antillarum,1,Assemblage,Birds
39,setophaga_petechia,1,Assemblage,Birds
39,eremophila_alpestris,1,Assemblage,Birds
39,mareca_americana,1,Assemblage,Birds
39,spatula_clypeata,1,Assemblage,Birds
39,falco_peregrinus,1,Assemblage,Birds
39,bubulcus_ibis,1,Assemblage,Birds
39,nannopterum_auritum,1,Assemblage,Birds
39,tringa_melanoleuca,1,Assemblage,Birds
39,limosa_fedoa,1,Assemblage,Birds
39,spatula_discors,1,Assemblage,Birds
39,aythya_affinis,1,Assemblage,Birds
39,sterna_hirundo,1,Assemblage,Birds
39,larus_canus,1,Assemblage,Birds
39,ardea_herodias,1,Assemblage,Birds
39,chordeiles_minor,1,Assemblage,Birds
39,larus_smithsonianus,1,Assemblage,Birds
39,francolinus_francolinus,1,Assemblage,Birds
39,mergus_serrator,1,Assemblage,Birds
39,anser_albifrons,1,Assemblage,Birds
39,loxia_curvirostra,1,Assemblage,Birds
39,anas_acuta,1,Assemblage,Birds
39,fulica_americana,1,Assemblage,Birds
39,catharus_minimus,1,Assemblage,Birds
39,limosa_fedoa,1,Assemblage,Birds
39,pelecanus_occidentalis,1,Assemblage,Birds
39,chlidonias_niger,1,Assemblage,Birds
39,falco_columbarius,1,Assemblage,Birds
39,catharus_swainsoni,1,Assemblage,Birds
39,larus_fuscus,1,Assemblage,Birds
39,phalacrocorax_carbo,1,Assemblage,Birds
39,larus_ridibundus,1,Assemblage,Birds
39,motacilla_flava,1,Assemblage,Birds
39,passer_domesticus,1,Assemblage,Birds
39,motacilla_flava,1,Assemblage,Birds
39,zenaida_macroura,1,Assemblage,Birds
39,morus_bassanus,1,Assemblage,Birds
39,pica_pica,1,Assemblage,Birds
39,hirundo_rustica,1,Assemblage,Birds
39,hydroprogne_caspia,1,Assemblage,Birds
39,parus_major,1,Assemblage,Birds
39,gallinago_delicata,1,Assemblage,Birds
39,larus_ridibundus,1,Assemblage,Birds
39,circus_hudsonius,1,Assemblage,Birds
39,fulica_americana,1,Assemblage,Birds
39,setophaga_coronata,1,Assemblage,Birds
39,passer_montanus,1,Assemblage,Birds
39,riparia_riparia,1,Assemblage,Birds
39,himantopus_himantopus,1,Assemblage,Birds
39,setophaga_ruticilla,1,Assemblage,Birds
39,mniotilta_varia,1,Assemblage,Birds
39,setophaga_petechia,1,Assemblage,Birds
39,eudocimus_albus,1,Assemblage,Birds
39,sturnella_magna,1,Assemblage,Birds
39,parkesia_noveboracensis,1,Assemblage,Birds
39,onychoprion_anaethetus,1,Assemblage,Birds
39,onychoprion_anaethetus,1,Assemblage,Birds
39,chordeiles_minor,1,Assemblage,Birds
39,spiza_americana,1,Assemblage,Birds
39,gelochelidon_nilotica,1,Assemblage,Birds
39,pelecanus_occidentalis,1,Assemblage,Birds
39,coccyzus_minor,1,Assemblage,Birds
39,tyrannus_tyrannus,1,Assemblage,Birds
39,antrostomus_carolinensis,1,Assemblage,Birds
39,pheucticus_ludovicianus,1,Assemblage,Birds
39,plegadis_falcinellus,1,Assemblage,Birds
39,egretta_rufescens,1,Assemblage,Birds
39,phoenicopterus_ruber,1,Assemblage,Birds
39,sterna_forsteri,1,Assemblage,Birds
39,larus_atricilla,1,Assemblage,Birds
39,dendrocygna_arborea,1,Assemblage,Birds
39,contopus_virens,1,Assemblage,Birds
39,setophaga_citrina,1,Assemblage,Birds
39,vermivora_cyanoptera,1,Assemblage,Birds
39,vireo_griseus,1,Assemblage,Birds
39,setophaga_pensylvanica,1,Assemblage,Birds
39,setophaga_tigrina,1,Assemblage,Birds
39,setophaga_caerulescens,1,Assemblage,Birds
39,chordeiles_gundlachii,1,Assemblage,Birds
39,charadrius_semipalmatus,1,Assemblage,Birds
39,stelgidopteryx_serripennis,1,Assemblage,Birds
39,vireo_flavifrons,1,Assemblage,Birds
39,parkesia_motacilla,1,Assemblage,Birds
39,ardea_herodias,1,Assemblage,Birds
39,sterna_hirundo,1,Assemblage,Birds
39,larus_atricilla,1,Assemblage,Birds
39,gallinago_delicata,1,Assemblage,Birds
39,anas_carolinensis,1,Assemblage,Birds
39,numenius_phaeopus,1,Assemblage,Birds
39,pinicola_enucleator,1,Assemblage,Birds
39,accipiter_gentilis,1,Assemblage,Birds
39,corthylio_calendula,1,Assemblage,Birds
39,leuconotopicus_villosus,1,Assemblage,Birds
39,aythya_collaris,1,Assemblage,Birds
39,euodice_malabarica,1,Assemblage,Birds
39,oxyura_jamaicensis,1,Assemblage,Birds
39,estrilda_troglodytes,1,Assemblage,Birds
39,regulus_satrapa,1,Assemblage,Birds
39,bucephala_albeola,1,Assemblage,Birds
39,psittacara_mitratus,1,Assemblage,Birds
39,falco_columbarius,1,Assemblage,Birds
39,petrochelidon_pyrrhonota,1,Assemblage,Birds
39,amazona_viridigenalis,1,Assemblage,Birds
39,sialia_sialis,1,Assemblage,Birds
39,falco_columbarius,1,Assemblage,Birds
39,empidonax_minimus,1,Assemblage,Birds
39,parkesia_motacilla,1,Assemblage,Birds
39,setophaga_castanea,1,Assemblage,Birds
39,vireo_solitarius,1,Assemblage,Birds
39,geothlypis_philadelphia,1,Assemblage,Birds
39,setophaga_dominica,1,Assemblage,Birds
39,setophaga_citrina,1,Assemblage,Birds
39,empidonax_virescens,1,Assemblage,Birds
39,vireo_philadelphicus,1,Assemblage,Birds
39,oporornis_agilis,1,Assemblage,Birds
39,colinus_virginianus,1,Assemblage,Birds
39,icterus_spurius,1,Assemblage,Birds
39,empidonax_flaviventris,1,Assemblage,Birds
39,tringa_semipalmata,1,Assemblage,Birds
39,empidonax_minimus,1,Assemblage,Birds
39,archilochus_colubris,1,Assemblage,Birds
39,tyrannus_verticalis,1,Assemblage,Birds
39,geothlypis_formosa,1,Assemblage,Birds
39,antrostomus_vociferus,1,Assemblage,Birds
39,spizella_passerina,1,Assemblage,Birds
39,spatula_discors,1,Assemblage,Birds
39,coccyzus_americanus,1,Assemblage,Birds
39,leiothlypis_celata,1,Assemblage,Birds
39,melospiza_lincolnii,1,Assemblage,Birds
39,cistothorus_palustris,1,Assemblage,Birds
39,setophaga_petechia,1,Assemblage,Birds
39,setophaga_ruticilla,1,Assemblage,Birds
39,leiothlypis_peregrina,1,Assemblage,Birds
39,setophaga_americana,1,Assemblage,Birds
39,setophaga_discolor,1,Assemblage,Birds
39,columbina_passerina,1,Assemblage,Birds
39,piranga_olivacea,1,Assemblage,Birds
39,stelgidopteryx_serripennis,1,Assemblage,Birds
39,rallus_crepitans,1,Assemblage,Birds
39,sterna_forsteri,1,Assemblage,Birds
39,sternula_antillarum,1,Assemblage,Birds
39,asio_flammeus,1,Assemblage,Birds
39,pooecetes_gramineus,1,Assemblage,Birds
39,ammodramus_savannarum,1,Assemblage,Birds
39,cardinalis_cardinalis,1,Assemblage,Birds
39,setophaga_palmarum,1,Assemblage,Birds
39,recurvirostra_americana,1,Assemblage,Birds
39,leiothlypis_ruficapilla,1,Assemblage,Birds
39,aythya_americana,1,Assemblage,Birds
39,asio_otus,1,Assemblage,Birds
39,cardellina_pusilla,1,Assemblage,Birds
39,geothlypis_trichas,1,Assemblage,Birds
39,thalasseus_sandvicensis,1,Assemblage,Birds
39,ardea_cinerea,1,Assemblage,Birds
39,himantopus_himantopus,1,Assemblage,Birds
39,himantopus_himantopus,1,Assemblage,Birds
39,clangula_hyemalis,1,Assemblage,Birds
39,ixobrychus_exilis,1,Assemblage,Birds
39,limnodromus_scolopaceus,1,Assemblage,Birds
39,hesperiphona_vespertina,1,Assemblage,Birds
39,botaurus_lentiginosus,1,Assemblage,Birds
39,botaurus_lentiginosus,1,Assemblage,Birds
39,anas_platyrhynchos,1,Assemblage,Birds
39,catharus_fuscescens,1,Assemblage,Birds
39,columbina_passerina,1,Assemblage,Birds
39,progne_subis,1,Assemblage,Birds
39,egretta_tricolor,1,Assemblage,Birds
39,icterus_galbula,1,Assemblage,Birds
39,icterus_galbula,1,Assemblage,Birds
39,pheucticus_ludovicianus,1,Assemblage,Birds
39,megaceryle_alcyon,1,Assemblage,Birds
39,porzana_carolina,1,Assemblage,Birds
39,dolichonyx_oryzivorus,1,Assemblage,Birds
39,estrilda_astrild,1,Assemblage,Birds
39,bulweria_bulwerii,1,Assemblage,Birds
39,nycticorax_nycticorax,1,Assemblage,Birds
39,brotogeris_versicolurus,1,Assemblage,Birds
39,calidris_minutilla,1,Assemblage,Birds
39,phaethon_lepturus,1,Assemblage,Birds
39,hydrobates_castro,1,Assemblage,Birds
39,amandava_amandava,1,Assemblage,Birds
39,coturnix_japonica,1,Assemblage,Birds
39,hydrobates_castro,1,Assemblage,Birds
39,padda_oryzivora,1,Assemblage,Birds
39,gallinula_galeata,1,Assemblage,Birds
39,anous_minutus,1,Assemblage,Birds
39,sula_dactylatra,1,Assemblage,Birds
39,onychoprion_fuscatus,1,Assemblage,Birds
39,himantopus_himantopus,1,Assemblage,Birds
39,alectoris_chukar,1,Assemblage,Birds
39,charadrius_vociferus,1,Assemblage,Birds
39,rallus_limicola,1,Assemblage,Birds
39,actitis_macularius,1,Assemblage,Birds
39,bartramia_longicauda,1,Assemblage,Birds
39,elanus_leucurus,1,Assemblage,Birds
39,turdus_migratorius,1,Assemblage,Birds
39,calidris_alpina,1,Assemblage,Birds
39,certhia_americana,1,Assemblage,Birds
39,spinus_pinus,1,Assemblage,Birds
39,aegolius_acadicus,1,Assemblage,Birds
39,sturnus_vulgaris,1,Assemblage,Birds
39,geothlypis_trichas,1,Assemblage,Birds
39,lophodytes_cucullatus,1,Assemblage,Birds
39,anas_carolinensis,1,Assemblage,Birds
39,agelaius_phoeniceus,1,Assemblage,Birds
39,lophodytes_cucullatus,1,Assemblage,Birds
39,nannopterum_auritum,1,Assemblage,Birds
39,mareca_strepera,1,Assemblage,Birds
39,mergus_serrator,1,Assemblage,Birds
39,limosa_haemastica,1,Assemblage,Birds
39,branta_canadensis,1,Assemblage,Birds
39,cygnus_atratus,1,Assemblage,Birds
39,phalacrocorax_carbo,1,Assemblage,Birds
39,stercorarius_pomarinus,1,Assemblage,Birds
39,columba_livia,1,Assemblage,Birds
39,calidris_ferruginea,1,Assemblage,Birds
39,phasianus_colchicus,1,Assemblage,Birds
39,limosa_lapponica,1,Assemblage,Birds
39,myiopsitta_monachus,1,Assemblage,Birds
39,porphyrio_martinicus,1,Assemblage,Birds
39,larus_fuscus,1,Assemblage,Birds
39,thalasseus_sandvicensis,1,Assemblage,Birds
39,hydrobates_jabejabe,1,Assemblage,Birds
39,puffinus_lherminieri,1,Assemblage,Birds
39,sula_leucogaster,1,Assemblage,Birds
39,limosa_limosa,1,Assemblage,Birds
39,calidris_mauri,1,Assemblage,Birds
39,charadrius_vociferus,1,Assemblage,Birds
39,aquila_chrysaetos,1,Assemblage,Birds
39,luscinia_svecica,1,Assemblage,Birds
39,setophaga_magnolia,1,Assemblage,Birds
39,passerina_cyanea,1,Assemblage,Birds
39,passerina_caerulea,1,Assemblage,Birds
39,passerina_ciris,1,Assemblage,Birds
39,dumetella_carolinensis,1,Assemblage,Birds
39,tachycineta_bicolor,1,Assemblage,Birds
39,seiurus_aurocapilla,1,Assemblage,Birds
39,geothlypis_trichas,1,Assemblage,Birds
39,vireo_olivaceus,1,Assemblage,Birds
39,sphyrapicus_varius,1,Assemblage,Birds
39,petrochelidon_pyrrhonota,1,Assemblage,Birds
39,bombycilla_cedrorum,1,Assemblage,Birds
39,setophaga_virens,1,Assemblage,Birds
39,coccyzus_americanus,1,Assemblage,Birds
39,setophaga_cerulea,1,Assemblage,Birds
39,chaetura_pelagica,1,Assemblage,Birds
39,hirundo_rustica,1,Assemblage,Birds
39,vermivora_chrysoptera,1,Assemblage,Birds
39,zenaida_asiatica,1,Assemblage,Birds
39,egretta_caerulea,1,Assemblage,Birds
39,charadrius_wilsonia,1,Assemblage,Birds
39,fregata_magnificens,1,Assemblage,Birds
39,bucephala_clangula,1,Assemblage,Birds
39,bucephala_clangula,1,Assemblage,Birds
39,bucephala_clangula,1,Assemblage,Birds
39,larus_ridibundus,1,Assemblage,Birds
39,calonectris_diomedea,1,Assemblage,Birds
39,pterodroma_madeira,1,Assemblage,Birds
39,neophron_percnopterus,1,Assemblage,Birds
39,charadrius_hiaticula,1,Assemblage,Birds
39,falco_tinnunculus,1,Assemblage,Birds
39,circus_aeruginosus,1,Assemblage,Birds
39,coturnix_coturnix,1,Assemblage,Birds
39,euplectes_orix,1,Assemblage,Birds
39,spilopelia_senegalensis,1,Assemblage,Birds
39,calidris_minuta,1,Assemblage,Birds
39,calidris_pugnax,1,Assemblage,Birds
39,tringa_ochropus,1,Assemblage,Birds
39,rallus_aquaticus,1,Assemblage,Birds
39,fringilla_coelebs,1,Assemblage,Birds
39,spatula_clypeata,1,Assemblage,Birds
39,aegithalos_caudatus,1,Assemblage,Birds
39,hydrocoloeus_minutus,1,Assemblage,Birds
39,zapornia_pusilla,1,Assemblage,Birds
39,fulica_atra,1,Assemblage,Birds
39,mareca_strepera,1,Assemblage,Birds
39,larus_marinus,1,Assemblage,Birds
39,turdus_merula,1,Assemblage,Birds
39,petronia_petronia,1,Assemblage,Birds
39,picus_canus,1,Assemblage,Birds
39,rallus_aquaticus,1,Assemblage,Birds
39,anser_fabalis,1,Assemblage,Birds
39,buteo_buteo,1,Assemblage,Birds
39,anthus_cervinus,1,Assemblage,Birds
39,phylloscopus_collybita,1,Assemblage,Birds
39,gallinago_gallinago,1,Assemblage,Birds
39,emberiza_calandra,1,Assemblage,Birds
39,phoenicurus_ochruros,1,Assemblage,Birds
39,motacilla_alba,1,Assemblage,Birds
39,anas_crecca,1,Assemblage,Birds
39,pyrrhocorax_pyrrhocorax,1,Assemblage,Birds
39,haematopus_ostralegus,1,Assemblage,Birds
39,spatula_clypeata,1,Assemblage,Birds
39,larus_genei,1,Assemblage,Birds
39,platalea_leucorodia,1,Assemblage,Birds
39,charadrius_dubius,1,Assemblage,Birds
39,accipiter_nisus,1,Assemblage,Birds
39,aquila_fasciata,1,Assemblage,Birds
39,falco_naumanni,1,Assemblage,Birds
39,monticola_solitarius,1,Assemblage,Birds
39,monticola_solitarius,1,Assemblage,Birds
39,sylvia_borin,1,Assemblage,Birds
39,calidris_temminckii,1,Assemblage,Birds
39,asio_flammeus,1,Assemblage,Birds
39,alaemon_alaudipes,1,Assemblage,Birds
39,botaurus_stellaris,1,Assemblage,Birds
39,aythya_fuligula,1,Assemblage,Birds
39,gyps_fulvus,1,Assemblage,Birds
39,anthus_campestris,1,Assemblage,Birds
39,tringa_erythropus,1,Assemblage,Birds
39,charadrius_alexandrinus,1,Assemblage,Birds
39,charadrius_alexandrinus,1,Assemblage,Birds
39,luscinia_svecica,1,Assemblage,Birds
39,curruca_conspicillata,1,Assemblage,Birds
39,buteo_rufinus,1,Assemblage,Birds
39,cursorius_cursor,1,Assemblage,Birds
39,ammomanes_cinctura,1,Assemblage,Birds
39,larus_audouinii,1,Assemblage,Birds
39,apus_pallidus,1,Assemblage,Birds
39,curruca_conspicillata,1,Assemblage,Birds
39,bucanetes_githagineus,1,Assemblage,Birds
39,otus_scops,1,Assemblage,Birds
39,phylloscopus_ibericus,1,Assemblage,Birds
39,curruca_hortensis,1,Assemblage,Birds
39,curruca_conspicillata,1,Assemblage,Birds
39,clamator_glandarius,1,Assemblage,Birds
39,cercotrichas_galactotes,1,Assemblage,Birds
39,locustella_naevia,1,Assemblage,Birds
39,burhinus_oedicnemus,1,Assemblage,Birds
39,mareca_penelope,1,Assemblage,Birds
39,streptopelia_turtur,1,Assemblage,Birds
39,upupa_epops,1,Assemblage,Birds
39,phoenicurus_phoenicurus,1,Assemblage,Birds
39,thalasseus_bengalensis,1,Assemblage,Birds
39,falco_vespertinus,1,Assemblage,Birds
39,clamator_glandarius,1,Assemblage,Birds
39,falco_biarmicus,1,Assemblage,Birds
39,phoenicopterus_roseus,1,Assemblage,Birds
39,lanius_excubitor,1,Assemblage,Birds
39,circus_macrourus,1,Assemblage,Birds
39,recurvirostra_avosetta,1,Assemblage,Birds
39,milvus_migrans,1,Assemblage,Birds
39,elanus_caeruleus,1,Assemblage,Birds
39,phylloscopus_trochilus,1,Assemblage,Birds
39,cisticola_juncidis,1,Assemblage,Birds
39,curruca_communis,1,Assemblage,Birds
39,acrocephalus_scirpaceus,1,Assemblage,Birds
39,saxicola_torquatus,1,Assemblage,Birds
39,podiceps_cristatus,1,Assemblage,Birds
39,dendrocopos_major,1,Assemblage,Birds
39,ciconia_ciconia,1,Assemblage,Birds
39,anthus_trivialis,1,Assemblage,Birds
39,egretta_garzetta,1,Assemblage,Birds
39,columba_livia,1,Assemblage,Birds
39,gallinula_chloropus,1,Assemblage,Birds
39,limosa_limosa,1,Assemblage,Birds
39,lymnocryptes_minimus,1,Assemblage,Birds
39,tachybaptus_ruficollis,1,Assemblage,Birds
39,numenius_arquata,1,Assemblage,Birds
39,tringa_totanus,1,Assemblage,Birds
39,actitis_hypoleucos,1,Assemblage,Birds
39,sternula_albifrons,1,Assemblage,Birds
39,charadrius_leschenaultii,1,Assemblage,Birds
39,milvus_migrans,1,Assemblage,Birds
39,chlidonias_hybrida,1,Assemblage,Birds
39,tringa_stagnatilis,1,Assemblage,Birds
39,plegadis_falcinellus,1,Assemblage,Birds
39,tringa_glareola,1,Assemblage,Birds
39,hieraaetus_pennatus,1,Assemblage,Birds
39,aquila_rapax,1,Assemblage,Birds
39,hieraaetus_pennatus,1,Assemblage,Birds
39,coturnix_coturnix,1,Assemblage,Birds
39,turnix_sylvaticus,1,Assemblage,Birds
39,zapornia_parva,1,Assemblage,Birds
39,hippolais_polyglotta,1,Assemblage,Birds
39,argya_fulva,1,Assemblage,Birds
39,monticola_saxatilis,1,Assemblage,Birds
39,phylloscopus_bonelli,1,Assemblage,Birds
39,oriolus_oriolus,1,Assemblage,Birds
39,phylloscopus_sibilatrix,1,Assemblage,Birds
39,pternistis_bicalcaratus,1,Assemblage,Birds
39,geronticus_eremita,1,Assemblage,Birds
39,delichon_urbicum,1,Assemblage,Birds
39,ficedula_hypoleuca,1,Assemblage,Birds
39,pycnonotus_barbatus,1,Assemblage,Birds
39,tchagra_senegalus,1,Assemblage,Birds
39,asio_capensis,1,Assemblage,Birds
39,riparia_paludicola,1,Assemblage,Birds
39,fulica_cristata,1,Assemblage,Birds
39,ciconia_nigra,1,Assemblage,Birds
39,circaetus_gallicus,1,Assemblage,Birds
39,phoenicurus_phoenicurus,1,Assemblage,Birds
39,aythya_nyroca,1,Assemblage,Birds
39,anas_acuta,1,Assemblage,Birds
39,galerida_cristata,1,Assemblage,Birds
39,aythya_ferina,1,Assemblage,Birds
39,neophron_percnopterus,1,Assemblage,Birds
39,buteo_rufinus,1,Assemblage,Birds
39,motacilla_cinerea,1,Assemblage,Birds
39,alcedo_atthis,1,Assemblage,Birds
39,alcedo_atthis,1,Assemblage,Birds
39,charadrius_dubius,1,Assemblage,Birds
39,sylvia_atricapilla,1,Assemblage,Birds
39,tringa_stagnatilis,1,Assemblage,Birds
39,ardenna_gravis,1,Assemblage,Birds
39,pterodroma_deserta,1,Assemblage,Birds
39,molothrus_bonariensis,1,Assemblage,Birds
39,chrysolophus_pictus,1,Assemblage,Birds
39,streptopelia_roseogrisea,1,Assemblage,Birds
39,pterodroma_arminjoniana,1,Assemblage,Birds
39,chlidonias_leucopterus,1,Assemblage,Birds
39,larus_ridibundus,1,Assemblage,Birds
39,alca_torda,1,Assemblage,Birds
39,egretta_gularis,1,Assemblage,Birds
39,hydrobates_pelagicus,1,Assemblage,Birds
39,fulica_atra,1,Assemblage,Birds
39,streptopelia_decaocto,1,Assemblage,Birds
39,hydrobates_pelagicus,1,Assemblage,Birds
39,phylloscopus_collybita,1,Assemblage,Birds
39,ardea_cinerea,1,Assemblage,Birds
39,fulica_atra,1,Assemblage,Birds
39,podiceps_cristatus,1,Assemblage,Birds
39,tringa_totanus,1,Assemblage,Birds
39,saxicola_torquatus,1,Assemblage,Birds
39,athene_noctua,1,Assemblage,Birds
39,glaucidium_passerinum,1,Assemblage,Birds
39,tringa_ochropus,1,Assemblage,Birds
39,falco_tinnunculus,1,Assemblage,Birds
39,fringilla_montifringilla,1,Assemblage,Birds
39,lyrurus_tetrix,1,Assemblage,Birds
39,tetrastes_bonasia,1,Assemblage,Birds
39,turdus_merula,1,Assemblage,Birds
39,melanitta_nigra,1,Assemblage,Birds
39,regulus_regulus,1,Assemblage,Birds
39,calonectris_borealis,1,Assemblage,Birds
39,sterna_dougallii,1,Assemblage,Birds
39,crotophaga_ani,1,Assemblage,Birds
39,egretta_garzetta,1,Assemblage,Birds
39,tringa_nebularia,1,Assemblage,Birds
39,pterodroma_hasitata,1,Assemblage,Birds
39,pterodroma_feae,1,Assemblage,Birds
39,puffinus_lherminieri,1,Assemblage,Birds
39,hydrocoloeus_minutus,1,Assemblage,Birds
39,aquila_heliaca,1,Assemblage,Birds
39,pelecanus_onocrotalus,1,Assemblage,Birds
39,pelecanus_crispus,1,Assemblage,Birds
39,oxyura_leucocephala,1,Assemblage,Birds
39,anser_caerulescens,1,Assemblage,Birds
39,melospiza_melodia,1,Assemblage,Birds
39,anas_platyrhynchos,1,Assemblage,Birds
39,sternula_albifrons,1,Assemblage,Birds
39,gavia_stellata,1,Assemblage,Birds
39,uria_lomvia,1,Assemblage,Birds
39,motacilla_alba,1,Assemblage,Birds
39,corvus_corax,1,Assemblage,Birds
39,melanitta_americana,1,Assemblage,Birds
39,bubo_scandiacus,1,Assemblage,Birds
39,riparia_riparia,1,Assemblage,Birds
39,haliaeetus_leucocephalus,1,Assemblage,Birds
39,melanitta_deglandi,1,Assemblage,Birds
39,podiceps_grisegena,1,Assemblage,Birds
39,melanitta_perspicillata,1,Assemblage,Birds
39,aythya_marila,1,Assemblage,Birds
39,megaceryle_alcyon,1,Assemblage,Birds
39,aythya_collaris,1,Assemblage,Birds
39,eremophila_alpestris,1,Assemblage,Birds
39,bombycilla_cedrorum,1,Assemblage,Birds
39,empidonax_traillii,1,Assemblage,Birds
39,aythya_collaris,1,Assemblage,Birds
39,asio_otus,1,Assemblage,Birds
39,catharus_guttatus,1,Assemblage,Birds
39,cistothorus_palustris,1,Assemblage,Birds
39,aix_sponsa,1,Assemblage,Birds
39,catharacta_skua,1,Assemblage,Birds
39,saxicola_torquatus,1,Assemblage,Birds
39,melospiza_melodia,1,Assemblage,Birds
39,passerella_arborea,1,Assemblage,Birds
39,setophaga_ruticilla,1,Assemblage,Birds
39,haematopus_ostralegus,1,Assemblage,Birds
39,vireo_gilvus,1,Assemblage,Birds
39,ardea_herodias,1,Assemblage,Birds
39,dendrocopos_leucotos,1,Assemblage,Birds
39,anthus_rubescens,1,Assemblage,Birds
39,milvus_migrans,1,Assemblage,Birds
39,acanthis_flammea,1,Assemblage,Birds
39,spatula_clypeata,1,Assemblage,Birds
39,larus_glaucoides,1,Assemblage,Birds
39,vireo_olivaceus,1,Assemblage,Birds
39,charadrius_semipalmatus,1,Assemblage,Birds
39,dryobates_minor,1,Assemblage,Birds
39,dryocopus_martius,1,Assemblage,Birds
39,larus_philadelphia,1,Assemblage,Birds
39,larus_philadelphia,1,Assemblage,Birds
39,alle_alle,1,Assemblage,Birds
39,fratercula_arctica,1,Assemblage,Birds
39,aegolius_funereus,1,Assemblage,Birds
39,aythya_americana,1,Assemblage,Birds
39,larus_canus,1,Assemblage,Birds
39,sterna_hirundo,1,Assemblage,Birds
39,histrionicus_histrionicus,1,Assemblage,Birds
39,haliaeetus_albicilla,1,Assemblage,Birds
39,motacilla_alba,1,Assemblage,Birds
39,poecile_montanus,1,Assemblage,Birds
39,haliaeetus_albicilla,1,Assemblage,Birds
39,junco_hyemalis,1,Assemblage,Birds
39,nucifraga_caryocatactes,1,Assemblage,Birds
39,turdus_iliacus,1,Assemblage,Birds
39,sitta_canadensis,1,Assemblage,Birds
39,cecropis_daurica,1,Assemblage,Birds
39,buteo_lagopus,1,Assemblage,Birds
39,buteo_lagopus,1,Assemblage,Birds
39,cairina_moschata,1,Assemblage,Birds
39,falco_subbuteo,1,Assemblage,Birds
39,accipiter_gentilis,1,Assemblage,Birds
39,bucephala_clangula,1,Assemblage,Birds
39,carpodacus_erythrinus,1,Assemblage,Birds
39,periparus_ater,1,Assemblage,Birds
39,sitta_europaea,1,Assemblage,Birds
39,actitis_hypoleucos,1,Assemblage,Birds
39,motacilla_cinerea,1,Assemblage,Birds
39,anas_rubripes,1,Assemblage,Birds
39,antrostomus_vociferus,1,Assemblage,Birds
39,ammospiza_leconteii,1,Assemblage,Birds
39,anas_rubripes,1,Assemblage,Birds
39,anas_rubripes,1,Assemblage,Birds
39,thalasseus_sandvicensis,1,Assemblage,Birds
39,larus_marinus,1,Assemblage,Birds
39,anthus_pratensis,1,Assemblage,Birds
39,sturnus_vulgaris,1,Assemblage,Birds
39,larus_michahellis,1,Assemblage,Birds
39,calonectris_borealis,1,Assemblage,Birds
39,gulosus_aristotelis,1,Assemblage,Birds
39,morus_bassanus,1,Assemblage,Birds
39,pterodroma_cahow,1,Assemblage,Birds
39,archilochus_colubris,1,Assemblage,Birds
39,spizella_passerina,1,Assemblage,Birds
39,passerella_iliaca,1,Assemblage,Birds
39,coccyzus_erythropthalmus,1,Assemblage,Birds
39,peucaea_cassinii,1,Assemblage,Birds
39,troglodytes_hiemalis,1,Assemblage,Birds
39,spatula_clypeata,1,Assemblage,Birds
39,ectopistes_migratorius,1,Assemblage,Birds
39,setophaga_striata,1,Assemblage,Birds
39,tympanuchus_cupido,1,Assemblage,Birds
39,melanitta_deglandi,1,Assemblage,Birds
39,larus_atricilla,1,Assemblage,Birds
39,buteo_platypterus,1,Assemblage,Birds
39,charadrius_melodus,1,Assemblage,Birds
39,myiarchus_crinitus,1,Assemblage,Birds
39,coturnicops_noveboracensis,1,Assemblage,Birds
39,contopus_virens,1,Assemblage,Birds
39,lophodytes_cucullatus,1,Assemblage,Birds
39,sialia_sialis,1,Assemblage,Birds
39,pipilo_erythrophthalmus,1,Assemblage,Birds
39,setophaga_pinus,1,Assemblage,Birds
39,setophaga_americana,1,Assemblage,Birds
39,setophaga_caerulescens,1,Assemblage,Birds
39,setophaga_palmarum,1,Assemblage,Birds
39,setophaga_pensylvanica,1,Assemblage,Birds
39,camptorhynchus_labradorius,1,Assemblage,Birds
39,piranga_olivacea,1,Assemblage,Birds
39,sturnella_magna,1,Assemblage,Birds
39,hylocichla_mustelina,1,Assemblage,Birds
39,buteo_platypterus,1,Assemblage,Birds
39,chaetura_pelagica,1,Assemblage,Birds
39,leiothlypis_celata,1,Assemblage,Birds
39,spatula_discors,1,Assemblage,Birds
39,sterna_forsteri,1,Assemblage,Birds
39,nyctanassa_violacea,1,Assemblage,Birds
39,setophaga_dominica,1,Assemblage,Birds
39,parkesia_motacilla,1,Assemblage,Birds
39,setophaga_pinus,1,Assemblage,Birds
39,vireo_flavifrons,1,Assemblage,Birds
39,sayornis_phoebe,1,Assemblage,Birds
39,spizella_pusilla,1,Assemblage,Birds
39,rallus_elegans,1,Assemblage,Birds
39,bombycilla_cedrorum,1,Assemblage,Birds
39,laterallus_jamaicensis,1,Assemblage,Birds
39,spizella_pusilla,1,Assemblage,Birds
39,cistothorus_stellaris,1,Assemblage,Birds
39,passerculus_henslowii,1,Assemblage,Birds
39,vermivora_chrysoptera,1,Assemblage,Birds
39,vermivora_bachmanii,1,Assemblage,Birds
39,helmitheros_vermivorum,1,Assemblage,Birds
39,sterna_forsteri,1,Assemblage,Birds
39,nyctanassa_violacea,1,Assemblage,Birds
39,anas_acuta,1,Assemblage,Birds
39,larus_atricilla,1,Assemblage,Birds
39,buteo_lineatus,1,Assemblage,Birds
39,vireo_solitarius,1,Assemblage,Birds
39,actitis_macularius,1,Assemblage,Birds
39,leiothlypis_celata,1,Assemblage,Birds
39,perisoreus_canadensis,1,Assemblage,Birds
39,melospiza_lincolnii,1,Assemblage,Birds
39,colaptes_auratus,1,Assemblage,Birds
39,picoides_arcticus,1,Assemblage,Birds
39,bucephala_islandica,1,Assemblage,Birds
39,buteo_jamaicensis,1,Assemblage,Birds
39,empidonax_alnorum,1,Assemblage,Birds
39,spinus_pinus,1,Assemblage,Birds
39,bucephala_islandica,1,Assemblage,Birds
39,sitta_canadensis,1,Assemblage,Birds
39,junco_hyemalis,1,Assemblage,Birds
39,charadrius_vociferus,1,Assemblage,Birds
39,agelaius_phoeniceus,1,Assemblage,Birds
39,spatula_discors,1,Assemblage,Birds
39,spizella_passerina,1,Assemblage,Birds
39,regulus_satrapa,1,Assemblage,Birds
39,steganopus_tricolor,1,Assemblage,Birds
39,cygnus_columbianus,1,Assemblage,Birds
39,bombycilla_garrulus,1,Assemblage,Birds
39,poecile_atricapillus,1,Assemblage,Birds
39,spinus_tristis,1,Assemblage,Birds
39,quiscalus_quiscula,1,Assemblage,Birds
39,pooecetes_gramineus,1,Assemblage,Birds
39,seiurus_aurocapilla,1,Assemblage,Birds
39,pooecetes_gramineus,1,Assemblage,Birds
39,lanius_ludovicianus,1,Assemblage,Birds
39,geothlypis_philadelphia,1,Assemblage,Birds
39,ammodramus_savannarum,1,Assemblage,Birds
39,falco_tinnunculus,1,Assemblage,Birds
39,aythya_valisineria,1,Assemblage,Birds
39,passerella_arborea,1,Assemblage,Birds
39,setophaga_virens,1,Assemblage,Birds
39,haematopus_ostralegus,1,Assemblage,Birds
39,cistothorus_palustris,1,Assemblage,Birds
39,cardellina_canadensis,1,Assemblage,Birds
39,leiothlypis_ruficapilla,1,Assemblage,Birds
39,circus_cyaneus,1,Assemblage,Birds
39,haliaeetus_albicilla,1,Assemblage,Birds
39,emberiza_schoeniclus,1,Assemblage,Birds
39,lanius_excubitor,1,Assemblage,Birds
39,fringilla_coelebs,1,Assemblage,Birds
39,sturnus_vulgaris,1,Assemblage,Birds
39,phylloscopus_collybita,1,Assemblage,Birds
39,perisoreus_infaustus,1,Assemblage,Birds
39,hydrocoloeus_minutus,1,Assemblage,Birds
39,calidris_maritima,1,Assemblage,Birds
39,podiceps_nigricollis,1,Assemblage,Birds
39,larus_ridibundus,1,Assemblage,Birds
39,anthus_petrosus,1,Assemblage,Birds
39,turdus_merula,1,Assemblage,Birds
39,tetrao_urogallus,1,Assemblage,Birds
39,linaria_cannabina,1,Assemblage,Birds
39,saxicola_rubetra,1,Assemblage,Birds
39,spinus_spinus,1,Assemblage,Birds
39,chloris_chloris,1,Assemblage,Birds
39,melanitta_fusca,1,Assemblage,Birds
39,spinus_spinus,1,Assemblage,Birds
39,certhia_familiaris,1,Assemblage,Birds
39,aythya_fuligula,1,Assemblage,Birds
39,troglodytes_troglodytes,1,Assemblage,Birds
39,pyrrhula_pyrrhula,1,Assemblage,Birds
39,aythya_fuligula,1,Assemblage,Birds
39,grus_grus,1,Assemblage,Birds
39,aythya_affinis,1,Assemblage,Birds
39,setophaga_fusca,1,Assemblage,Birds
39,corthylio_calendula,1,Assemblage,Birds
39,bonasa_umbellus,1,Assemblage,Birds
39,melanitta_americana,1,Assemblage,Birds
39,coturnicops_noveboracensis,1,Assemblage,Birds
39,camptorhynchus_labradorius,1,Assemblage,Birds
39,vireo_solitarius,1,Assemblage,Birds
39,catharus_bicknelli,1,Assemblage,Birds
39,podiceps_auritus,1,Assemblage,Birds
39,pinicola_enucleator,1,Assemblage,Birds
39,gavia_stellata,1,Assemblage,Birds
39,charadrius_melodus,1,Assemblage,Birds
39,chlidonias_niger,1,Assemblage,Birds
39,parkesia_noveboracensis,1,Assemblage,Birds
39,sphyrapicus_varius,1,Assemblage,Birds
39,melospiza_georgiana,1,Assemblage,Birds
39,setophaga_magnolia,1,Assemblage,Birds
39,empidonax_minimus,1,Assemblage,Birds
39,accipiter_striatus,1,Assemblage,Birds
39,setophaga_palmarum,1,Assemblage,Birds
39,setophaga_castanea,1,Assemblage,Birds
39,leiothlypis_peregrina,1,Assemblage,Birds
39,vireo_philadelphicus,1,Assemblage,Birds
39,larus_canus,1,Assemblage,Birds
39,calidris_maritima,1,Assemblage,Birds
39,tringa_melanoleuca,1,Assemblage,Birds
39,tetrax_tetrax,1,Assemblage,Birds
39,buteo_lagopus,1,Assemblage,Birds
39,oriolus_oriolus,1,Assemblage,Birds
39,tringa_solitaria,1,Assemblage,Birds
39,bartramia_longicauda,1,Assemblage,Birds
39,bucephala_islandica,1,Assemblage,Birds
39,canachites_canadensis,1,Assemblage,Birds
39,poecile_hudsonicus,1,Assemblage,Birds
39,calcarius_lapponicus,1,Assemblage,Birds
39,histrionicus_histrionicus,1,Assemblage,Birds
39,falco_columbarius,1,Assemblage,Birds
39,fulmarus_glacialis,1,Assemblage,Birds
39,somateria_spectabilis,1,Assemblage,Birds
39,phylloscopus_borealis,1,Assemblage,Birds
39,rissa_tridactyla,1,Assemblage,Birds
39,somateria_spectabilis,1,Assemblage,Birds
39,larus_smithsonianus,1,Assemblage,Birds
39,uria_aalge,1,Assemblage,Birds
39,clangula_hyemalis,1,Assemblage,Birds
39,anas_acuta,1,Assemblage,Birds
39,asio_flammeus,1,Assemblage,Birds
39,bubo_scandiacus,1,Assemblage,Birds
39,larus_hyperboreus,1,Assemblage,Birds
39,cepphus_grylle,1,Assemblage,Birds
39,mareca_americana,1,Assemblage,Birds
39,asio_flammeus,1,Assemblage,Birds
39,anas_acuta,1,Assemblage,Birds
39,histrionicus_histrionicus,1,Assemblage,Birds
39,melospiza_melodia,1,Assemblage,Birds
39,anas_crecca,1,Assemblage,Birds
39,anas_crecca,1,Assemblage,Birds
39,cepphus_grylle,1,Assemblage,Birds
39,gavia_stellata,1,Assemblage,Birds
39,turdus_migratorius,1,Assemblage,Birds
39,anas_carolinensis,1,Assemblage,Birds
39,pagophila_eburnea,1,Assemblage,Birds
39,charadrius_hiaticula,1,Assemblage,Birds
39,gavia_arctica,1,Assemblage,Birds
39,sterna_paradisaea,1,Assemblage,Birds
39,somateria_mollissima,1,Assemblage,Birds
39,lagopus_lagopus,1,Assemblage,Birds
39,passerella_iliaca,1,Assemblage,Birds
39,catharus_minimus,1,Assemblage,Birds
39,acanthis_flammea,1,Assemblage,Birds
39,haliaeetus_leucocephalus,1,Assemblage,Birds
39,aythya_marila,1,Assemblage,Birds
39,aythya_marila,1,Assemblage,Birds
39,aquila_chrysaetos,1,Assemblage,Birds
39,buteo_lagopus,1,Assemblage,Birds
39,calidris_alpina,1,Assemblage,Birds
39,anthus_cervinus,1,Assemblage,Birds
39,mareca_penelope,1,Assemblage,Birds
39,buteo_lagopus,1,Assemblage,Birds
39,rissa_tridactyla,1,Assemblage,Birds
39,stercorarius_longicaudus,1,Assemblage,Birds
39,falco_rusticolus,1,Assemblage,Birds
39,phalaropus_lobatus,1,Assemblage,Birds
39,poecile_cinctus,1,Assemblage,Birds
39,calidris_pugnax,1,Assemblage,Birds
39,calcarius_lapponicus,1,Assemblage,Birds
39,lagopus_muta,1,Assemblage,Birds
39,calidris_temminckii,1,Assemblage,Birds
39,alle_alle,1,Assemblage,Birds
39,calidris_alba,1,Assemblage,Birds
39,larus_glaucoides,1,Assemblage,Birds
39,tringa_erythropus,1,Assemblage,Birds
39,ictinia_mississippiensis,1,Assemblage,Birds
39,melanitta_americana,1,Assemblage,Birds
39,larus_hyperboreus,1,Assemblage,Birds
39,lagopus_muta,1,Assemblage,Birds
39,calidris_maritima,1,Assemblage,Birds
39,melanitta_nigra,1,Assemblage,Birds
39,larus_fuscus,1,Assemblage,Birds
39,larus_fuscus,1,Assemblage,Birds
39,charadrius_hiaticula,1,Assemblage,Birds
39,larus_marinus,1,Assemblage,Birds
39,buteo_lagopus,1,Assemblage,Birds
39,turdus_iliacus,1,Assemblage,Birds
39,numenius_phaeopus,1,Assemblage,Birds
39,alca_torda,1,Assemblage,Birds
39,mergellus_albellus,1,Assemblage,Birds
39,tringa_nebularia,1,Assemblage,Birds
39,plectrophenax_nivalis,1,Assemblage,Birds
39,tadorna_tadorna,1,Assemblage,Birds
39,alectoris_barbara,1,Assemblage,Birds
39,cyanistes_teneriffae,1,Assemblage,Birds
39,chloris_chloris,1,Assemblage,Birds
39,linaria_cannabina,1,Assemblage,Birds
39,larus_melanocephalus,1,Assemblage,Birds
39,anthus_pratensis,1,Assemblage,Birds
39,chloris_chloris,1,Assemblage,Birds
39,eremophila_bilopha,1,Assemblage,Birds
39,ramphocoris_clotbey,1,Assemblage,Birds
39,alectoris_barbara,1,Assemblage,Birds
39,pterocles_orientalis,1,Assemblage,Birds
39,calandrella_brachydactyla,1,Assemblage,Birds
39,puffinus_mauretanicus,1,Assemblage,Birds
39,pluvialis_apricaria,1,Assemblage,Birds
39,ptyonoprogne_rupestris,1,Assemblage,Birds
39,emberiza_cia,1,Assemblage,Birds
39,carduelis_carduelis,1,Assemblage,Birds
39,curruca_melanocephala,1,Assemblage,Birds
39,serinus_serinus,1,Assemblage,Birds
39,branta_bernicla,1,Assemblage,Birds
39,euphagus_carolinus,1,Assemblage,Birds
39,podiceps_auritus,1,Assemblage,Birds
39,setophaga_coronata,1,Assemblage,Birds
39,dryobates_pubescens,1,Assemblage,Birds
39,falco_sparverius,1,Assemblage,Birds
39,tachycineta_bicolor,1,Assemblage,Birds
39,plectrophenax_nivalis,1,Assemblage,Birds
39,calidris_minutilla,1,Assemblage,Birds
39,charadrius_semipalmatus,1,Assemblage,Birds
39,zonotrichia_leucophrys,1,Assemblage,Birds
39,acanthis_flammea,1,Assemblage,Birds
39,junco_hyemalis,1,Assemblage,Birds
39,rissa_tridactyla,1,Assemblage,Birds
39,fringilla_montifringilla,1,Assemblage,Birds
39,fulmarus_glacialis,1,Assemblage,Birds
39,bucephala_clangula,1,Assemblage,Birds
39,alca_torda,1,Assemblage,Birds
39,uria_lomvia,1,Assemblage,Birds
39,lagopus_lagopus,1,Assemblage,Birds
39,tringa_glareola,1,Assemblage,Birds
39,icterus_spurius,1,Assemblage,Birds
39,buteo_platypterus,1,Assemblage,Birds
39,vireo_crassirostris,1,Assemblage,Birds
39,setophaga_flavescens,1,Assemblage,Birds
39,peucaea_aestivalis,1,Assemblage,Birds
39,passerina_ciris,1,Assemblage,Birds
39,antrostomus_carolinensis,1,Assemblage,Birds
39,antrostomus_carolinensis,1,Assemblage,Birds
39,sterna_forsteri,1,Assemblage,Birds
39,tetrax_tetrax,1,Assemblage,Birds
39,curruca_sarda,1,Assemblage,Birds
39,puffinus_mauretanicus,1,Assemblage,Birds
39,curruca_balearica,1,Assemblage,Birds
39,columba_palumbus,1,Assemblage,Birds
39,curruca_sarda,1,Assemblage,Birds
39,phylloscopus_trochiloides,1,Assemblage,Birds
39,poecile_lugubris,1,Assemblage,Birds
39,phylloscopus_orientalis,1,Assemblage,Birds
39,larus_hyperboreus,1,Assemblage,Birds
39,actitis_macularius,1,Assemblage,Birds
39,uria_aalge,1,Assemblage,Birds
39,gallinago_gallinago,1,Assemblage,Birds
39,stercorarius_pomarinus,1,Assemblage,Birds
39,passerculus_sandwichensis,1,Assemblage,Birds
39,larus_smithsonianus,1,Assemblage,Birds
39,catharacta_maccormicki,1,Assemblage,Birds
39,gavia_immer,1,Assemblage,Birds
39,gallinago_delicata,1,Assemblage,Birds
39,somateria_mollissima,1,Assemblage,Birds
39,megaceryle_alcyon,1,Assemblage,Birds
39,eudromias_morinellus,1,Assemblage,Birds
39,circus_hudsonius,1,Assemblage,Birds
39,picoides_tridactylus,1,Assemblage,Birds
39,podiceps_grisegena,1,Assemblage,Birds
39,loxia_leucoptera,1,Assemblage,Birds
39,lanius_borealis,1,Assemblage,Birds
39,cygnus_cygnus,1,Assemblage,Birds
39,mergus_serrator,1,Assemblage,Birds
39,somateria_mollissima,1,Assemblage,Birds
39,botaurus_lentiginosus,1,Assemblage,Birds
39,perisoreus_canadensis,1,Assemblage,Birds
39,pheucticus_ludovicianus,1,Assemblage,Birds
39,sayornis_phoebe,1,Assemblage,Birds
39,podilymbus_podiceps,1,Assemblage,Birds
39,mniotilta_varia,1,Assemblage,Birds
39,larus_delawarensis,1,Assemblage,Birds
39,anas_carolinensis,1,Assemblage,Birds
39,nycticorax_nycticorax,1,Assemblage,Birds
39,ammospiza_nelsoni,1,Assemblage,Birds
39,calidris_pusilla,1,Assemblage,Birds
39,bubo_scandiacus,1,Assemblage,Birds
39,arenaria_interpres,1,Assemblage,Birds
39,phalaropus_fulicarius,1,Assemblage,Birds
39,clangula_hyemalis,1,Assemblage,Birds
39,branta_leucopsis,1,Assemblage,Birds
39,rhodostethia_rosea,1,Assemblage,Birds
39,uria_lomvia,1,Assemblage,Birds
39,anser_albifrons,1,Assemblage,Birds
39,plectrophenax_nivalis,1,Assemblage,Birds
39,setophaga_striata,1,Assemblage,Birds
39,surnia_ulula,1,Assemblage,Birds
39,podiceps_auritus,1,Assemblage,Birds
39,falco_rusticolus,1,Assemblage,Birds
39,larus_glaucoides,1,Assemblage,Birds
39,fratercula_arctica,1,Assemblage,Birds
39,fratercula_arctica,1,Assemblage,Birds
39,bubo_scandiacus,1,Assemblage,Birds
39,phylloscopus_trochilus,1,Assemblage,Birds
39,bucephala_clangula,1,Assemblage,Birds
39,pinicola_enucleator,1,Assemblage,Birds
39,branta_canadensis,1,Assemblage,Birds
39,somateria_mollissima,1,Assemblage,Birds
39,limosa_limosa,1,Assemblage,Birds
39,delichon_urbicum,1,Assemblage,Birds
39,cinclus_cinclus,1,Assemblage,Birds
39,muscicapa_striata,1,Assemblage,Birds
39,turdus_torquatus,1,Assemblage,Birds
39,circus_cyaneus,1,Assemblage,Birds
39,phylloscopus_sibilatrix,1,Assemblage,Birds
39,luscinia_megarhynchos,1,Assemblage,Birds
39,phoenicurus_phoenicurus,1,Assemblage,Birds
39,ardea_purpurea,1,Assemblage,Birds
39,melanitta_fusca,1,Assemblage,Birds
39,prunella_collaris,1,Assemblage,Birds
39,oriolus_oriolus,1,Assemblage,Birds
39,phylloscopus_bonelli,1,Assemblage,Birds
39,circus_aeruginosus,1,Assemblage,Birds
39,chlidonias_hybrida,1,Assemblage,Birds
39,oenanthe_seebohmi,1,Assemblage,Birds
39,leiopicus_medius,1,Assemblage,Birds
39,curruca_curruca,1,Assemblage,Birds
39,linaria_flavirostris,1,Assemblage,Birds
39,turdus_philomelos,1,Assemblage,Birds
39,puffinus_yelkouan,1,Assemblage,Birds
39,turdus_torquatus,1,Assemblage,Birds
39,recurvirostra_avosetta,1,Assemblage,Birds
39,loxia_pytyopsittacus,1,Assemblage,Birds
39,megascops_asio,1,Assemblage,Birds
39,pooecetes_gramineus,1,Assemblage,Birds
39,quiscalus_quiscula,1,Assemblage,Birds
39,branta_hutchinsii,1,Assemblage,Birds
39,aythya_marila,1,Assemblage,Birds
39,bubo_bubo,1,Assemblage,Birds
39,corvus_corone,1,Assemblage,Birds
39,branta_bernicla,1,Assemblage,Birds
39,bucephala_clangula,1,Assemblage,Birds
39,pandion_haliaetus,1,Assemblage,Birds
39,accipiter_nisus,1,Assemblage,Birds
39,anthus_trivialis,1,Assemblage,Birds
39,accipiter_nisus,1,Assemblage,Birds
39,catharus_guttatus,1,Assemblage,Birds
39,catharus_swainsoni,1,Assemblage,Birds
39,nannopterum_auritum,1,Assemblage,Birds
39,gavia_adamsii,1,Assemblage,Birds
39,bonasa_umbellus,1,Assemblage,Birds
39,cardellina_pusilla,1,Assemblage,Birds
39,gavia_immer,1,Assemblage,Birds
39,garrulus_glandarius,1,Assemblage,Birds
39,jynx_torquilla,1,Assemblage,Birds
39,tringa_semipalmata,1,Assemblage,Birds
39,perdix_perdix,1,Assemblage,Birds
39,accipiter_cooperii,1,Assemblage,Birds
39,troglodytes_hiemalis,1,Assemblage,Birds
39,setophaga_tigrina,1,Assemblage,Birds
39,branta_canadensis,1,Assemblage,Birds
39,circus_hudsonius,1,Assemblage,Birds
39,mareca_penelope,1,Assemblage,Birds
39,tyrannus_tyrannus,1,Assemblage,Birds
39,cathartes_aura,1,Assemblage,Birds
39,aquila_chrysaetos,1,Assemblage,Birds
39,hydroprogne_caspia,1,Assemblage,Birds
39,accipiter_gentilis,1,Assemblage,Birds
39,accipiter_cooperii,1,Assemblage,Birds
39,buteo_lineatus,1,Assemblage,Birds
39,grus_canadensis,1,Assemblage,Birds
39,aegolius_acadicus,1,Assemblage,Birds
39,ammospiza_nelsoni,1,Assemblage,Birds
39,columba_palumbus,1,Assemblage,Birds
39,hylatomus_pileatus,1,Assemblage,Birds
39,stelgidopteryx_serripennis,1,Assemblage,Birds
39,passerella_arborea,1,Assemblage,Birds
39,cepphus_grylle,1,Assemblage,Birds
39,stercorarius_parasiticus,1,Assemblage,Birds
39,oenanthe_oenanthe,1,Assemblage,Birds
39,melanitta_perspicillata,1,Assemblage,Birds
39,plectrophenax_nivalis,1,Assemblage,Birds
39,pagophila_eburnea,1,Assemblage,Birds
39,acanthis_flammea,1,Assemblage,Birds
39,gavia_immer,1,Assemblage,Birds
39,alle_alle,1,Assemblage,Birds
39,calidris_falcinellus,1,Assemblage,Birds
39,anser_erythropus,1,Assemblage,Birds
39,lagopus_lagopus,1,Assemblage,Birds
39,anser_brachyrhynchus,1,Assemblage,Birds
39,haemorhous_purpureus,1,Assemblage,Birds
39,molothrus_ater,1,Assemblage,Birds
39,empidonax_flaviventris,1,Assemblage,Birds
39,zonotrichia_albicollis,1,Assemblage,Birds
39,melanitta_perspicillata,1,Assemblage,Birds
39,corvus_brachyrhynchos,1,Assemblage,Birds
39,fulica_americana,1,Assemblage,Birds
39,porzana_carolina,1,Assemblage,Birds
39,troglodytes_troglodytes,1,Assemblage,Birds
39,accipiter_gentilis,1,Assemblage,Birds
39,lanius_borealis,1,Assemblage,Birds
39,falco_peregrinus,1,Assemblage,Birds
39,oenanthe_oenanthe,1,Assemblage,Birds
39,hydrobates_leucorhous,1,Assemblage,Birds
39,contopus_cooperi,1,Assemblage,Birds
39,anas_platyrhynchos,1,Assemblage,Birds
39,larus_canus,1,Assemblage,Birds
39,cygnus_cygnus,1,Assemblage,Birds
39,anthus_rubescens,1,Assemblage,Birds
39,luscinia_svecica,1,Assemblage,Birds
39,lagopus_muta,1,Assemblage,Birds
39,mergus_merganser,1,Assemblage,Birds
39,mergus_merganser,1,Assemblage,Birds
39,helmitheros_vermivorum,1,Assemblage,Birds
39,catharus_minimus,1,Assemblage,Birds
39,geotrygon_chrysia,1,Assemblage,Birds
39,spindalis_zena,1,Assemblage,Birds
39,oxyura_jamaicensis,1,Assemblage,Birds
39,piranga_rubra,1,Assemblage,Birds
39,amazona_leucocephala,1,Assemblage,Birds
39,myiarchus_crinitus,1,Assemblage,Birds
39,zenaida_aurita,1,Assemblage,Birds
39,porphyrio_martinicus,1,Assemblage,Birds
39,fulica_americana,1,Assemblage,Birds
39,patagioenas_leucocephala,1,Assemblage,Birds
39,icterus_pectoralis,1,Assemblage,Birds
39,vireo_altiloquus,1,Assemblage,Birds
39,tyrannus_caudifasciatus,1,Assemblage,Birds
39,setophaga_striata,1,Assemblage,Birds
39,melanospiza_bicolor,1,Assemblage,Birds
39,bartramia_longicauda,1,Assemblage,Birds
39,ixobrychus_exilis,1,Assemblage,Birds
39,contopus_caribaeus,1,Assemblage,Birds
39,aramus_guarauna,1,Assemblage,Birds
39,tachycineta_cyaneoviridis,1,Assemblage,Birds
39,spindalis_zena,1,Assemblage,Birds
39,buteo_brachyurus,1,Assemblage,Birds
39,eupsittula_pertinax,1,Assemblage,Birds
39,myiarchus_sagrae,1,Assemblage,Birds
39,setophaga_kirtlandii,1,Assemblage,Birds
39,mimus_gundlachii,1,Assemblage,Birds
39,melanerpes_superciliaris,1,Assemblage,Birds
39,setophaga_pityophila,1,Assemblage,Birds
39,riccordia_ricordii,1,Assemblage,Birds
39,geothlypis_rostrata,1,Assemblage,Birds
39,setophaga_pityophila,1,Assemblage,Birds
39,icterus_northropi,1,Assemblage,Birds
39,setophaga_pityophila,1,Assemblage,Birds
39,tachycineta_cyaneoviridis,1,Assemblage,Birds
39,tachycineta_cyaneoviridis,1,Assemblage,Birds
39,nesophlox_evelynae,1,Assemblage,Birds
39,turdus_plumbeus,1,Assemblage,Birds
39,dendrocygna_bicolor,1,Assemblage,Birds
39,grus_canadensis,1,Assemblage,Birds
39,icterus_spurius,1,Assemblage,Birds
39,helmitheros_vermivorum,1,Assemblage,Birds
39,aphelocoma_coerulescens,1,Assemblage,Birds
39,buteo_platypterus,1,Assemblage,Birds
39,aphelocoma_coerulescens,1,Assemblage,Birds
39,larus_marinus,1,Assemblage,Birds
39,ortalis_vetula,1,Assemblage,Birds
39,larus_marinus,1,Assemblage,Birds
39,thalasseus_maximus,1,Assemblage,Birds
39,sterna_forsteri,1,Assemblage,Birds
39,rallus_crepitans,1,Assemblage,Birds
39,ammospiza_nelsoni,1,Assemblage,Birds
39,larus_marinus,1,Assemblage,Birds
39,setophaga_striata,1,Assemblage,Birds
39,ammospiza_caudacuta,1,Assemblage,Birds
39,ammospiza_caudacuta,1,Assemblage,Birds
39,ammospiza_caudacuta,1,Assemblage,Birds
39,ammospiza_maritima,1,Assemblage,Birds
39,ammospiza_maritima,1,Assemblage,Birds
39,zonotrichia_albicollis,1,Assemblage,Birds
39,morus_bassanus,1,Assemblage,Birds
39,canachites_canadensis,1,Assemblage,Birds
39,haematopus_palliatus,1,Assemblage,Birds
39,mycteria_americana,1,Assemblage,Birds
39,piranga_rubra,1,Assemblage,Birds
39,sterna_forsteri,1,Assemblage,Birds
39,melopyrrha_violacea,1,Assemblage,Birds
39,melanerpes_superciliaris,1,Assemblage,Birds
39,mareca_strepera,1,Assemblage,Birds
39,asio_flammeus,1,Assemblage,Birds
39,fringilla_montifringilla,1,Assemblage,Birds
39,troglodytes_troglodytes,1,Assemblage,Birds
39,anthus_spinoletta,1,Assemblage,Birds
39,charadrius_dubius,1,Assemblage,Birds
39,ficedula_parva,1,Assemblage,Birds
39,ptyonoprogne_rupestris,1,Assemblage,Birds
39,gavia_arctica,1,Assemblage,Birds
39,carduelis_carduelis,1,Assemblage,Birds
39,prunella_collaris,1,Assemblage,Birds
39,coccothraustes_coccothraustes,1,Assemblage,Birds
39,anthus_spinoletta,1,Assemblage,Birds
39,caprimulgus_europaeus,1,Assemblage,Birds
39,cettia_cetti,1,Assemblage,Birds
39,falco_naumanni,1,Assemblage,Birds
39,linaria_flavirostris,1,Assemblage,Birds
39,monticola_saxatilis,1,Assemblage,Birds
39,corvus_monedula,1,Assemblage,Birds
39,sturnus_unicolor,1,Assemblage,Birds
39,hieraaetus_pennatus,1,Assemblage,Birds
39,cyanistes_caeruleus,1,Assemblage,Birds
39,botaurus_stellaris,1,Assemblage,Birds
39,anthus_campestris,1,Assemblage,Birds
39,lullula_arborea,1,Assemblage,Birds
39,corvus_monedula,1,Assemblage,Birds
39,coccothraustes_coccothraustes,1,Assemblage,Birds
39,emberiza_schoeniclus,1,Assemblage,Birds
39,circus_pygargus,1,Assemblage,Birds
39,certhia_brachydactyla,1,Assemblage,Birds
39,columba_oenas,1,Assemblage,Birds
39,gallinula_chloropus,1,Assemblage,Birds
39,curruca_communis,1,Assemblage,Birds
39,poecile_palustris,1,Assemblage,Birds
39,hippolais_polyglotta,1,Assemblage,Birds
39,remiz_pendulinus,1,Assemblage,Birds
39,milvus_milvus,1,Assemblage,Birds
39,phylloscopus_ibericus,1,Assemblage,Birds
39,larus_audouinii,1,Assemblage,Birds
39,larus_audouinii,1,Assemblage,Birds
39,larus_melanocephalus,1,Assemblage,Birds
39,turdus_torquatus,1,Assemblage,Birds
39,aquila_adalberti,1,Assemblage,Birds
39,grus_grus,1,Assemblage,Birds
39,larus_melanocephalus,1,Assemblage,Birds
39,oxyura_leucocephala,1,Assemblage,Birds
39,corvus_monedula,1,Assemblage,Birds
39,falco_naumanni,1,Assemblage,Birds
39,aegypius_monachus,1,Assemblage,Birds
39,carduelis_corsicana,1,Assemblage,Birds
39,carduelis_corsicana,1,Assemblage,Birds
39,calonectris_diomedea,1,Assemblage,Birds
39,gyps_fulvus,1,Assemblage,Birds
39,tetrax_tetrax,1,Assemblage,Birds
39,lanius_meridionalis,1,Assemblage,Birds
39,lanius_meridionalis,1,Assemblage,Birds
39,anthus_spinoletta,1,Assemblage,Birds
39,passer_italiae,1,Assemblage,Birds
39,serinus_serinus,1,Assemblage,Birds
39,remiz_pendulinus,1,Assemblage,Birds
39,ploceus_melanocephalus,1,Assemblage,Birds
39,columba_oenas,1,Assemblage,Birds
39,oxyura_leucocephala,1,Assemblage,Birds
39,acrocephalus_melanopogon,1,Assemblage,Birds
39,acrocephalus_melanopogon,1,Assemblage,Birds
39,emberiza_melanocephala,1,Assemblage,Birds
39,acrocephalus_melanopogon,1,Assemblage,Birds
39,columba_palumbus,1,Assemblage,Birds
39,hirundo_rustica,1,Assemblage,Birds
39,emberiza_cia,1,Assemblage,Birds
39,larus_cachinnans,1,Assemblage,Birds
39,palaeornis_eupatria,1,Assemblage,Birds
39,chersophilus_duponti,1,Assemblage,Birds
39,cettia_cetti,1,Assemblage,Birds
39,montifringilla_nivalis,1,Assemblage,Birds
39,gyps_fulvus,1,Assemblage,Birds
39,ardeola_ralloides,1,Assemblage,Birds
39,gyps_rueppelli,1,Assemblage,Birds
39,numenius_phaeopus,1,Assemblage,Birds
39,monticola_solitarius,1,Assemblage,Birds
39,curruca_ruppeli,1,Assemblage,Birds
39,ficedula_semitorquata,1,Assemblage,Birds
39,passer_hispaniolensis,1,Assemblage,Birds
39,accipiter_brevipes,1,Assemblage,Birds
39,burhinus_oedicnemus,1,Assemblage,Birds
39,botaurus_stellaris,1,Assemblage,Birds
39,burhinus_oedicnemus,1,Assemblage,Birds
39,gypaetus_barbatus,1,Assemblage,Birds
39,emberiza_caesia,1,Assemblage,Birds
39,nycticorax_nycticorax,1,Assemblage,Birds
39,corvus_splendens,1,Assemblage,Birds
39,chlidonias_hybrida,1,Assemblage,Birds
39,tringa_nebularia,1,Assemblage,Birds
39,tringa_glareola,1,Assemblage,Birds
39,emberiza_citrinella,1,Assemblage,Birds
39,buteo_buteo,1,Assemblage,Birds
39,milvus_milvus,1,Assemblage,Birds
39,anthus_pratensis,1,Assemblage,Birds
39,anthus_petrosus,1,Assemblage,Birds
39,aix_galericulata,1,Assemblage,Birds
39,pluvialis_apricaria,1,Assemblage,Birds
39,milvus_milvus,1,Assemblage,Birds
39,branta_leucopsis,1,Assemblage,Birds
39,numenius_arquata,1,Assemblage,Birds
39,haliaeetus_albicilla,1,Assemblage,Birds
39,melanitta_nigra,1,Assemblage,Birds
39,anser_erythropus,1,Assemblage,Birds
39,haliaeetus_albicilla,1,Assemblage,Birds
39,anser_caerulescens,1,Assemblage,Birds
39,cygnus_olor,1,Assemblage,Birds
39,locustella_naevia,1,Assemblage,Birds
39,curruca_ruppeli,1,Assemblage,Birds
39,clanga_pomarina,1,Assemblage,Birds
39,turdus_philomelos,1,Assemblage,Birds
39,periparus_ater,1,Assemblage,Birds
39,lophophanes_cristatus,1,Assemblage,Birds
39,phylloscopus_collybita,1,Assemblage,Birds
39,larus_melanocephalus,1,Assemblage,Birds
39,aquila_chrysaetos,1,Assemblage,Birds
39,milvus_milvus,1,Assemblage,Birds
39,rallus_aquaticus,1,Assemblage,Birds
39,emberiza_calandra,1,Assemblage,Birds
39,remiz_pendulinus,1,Assemblage,Birds
39,coccothraustes_coccothraustes,1,Assemblage,Birds
39,acrocephalus_palustris,1,Assemblage,Birds
39,larus_melanocephalus,1,Assemblage,Birds
39,circus_cyaneus,1,Assemblage,Birds
39,milvus_milvus,1,Assemblage,Birds
39,columba_oenas,1,Assemblage,Birds
39,plectrophenax_nivalis,1,Assemblage,Birds
39,locustella_luscinioides,1,Assemblage,Birds
39,picus_viridis,1,Assemblage,Birds
39,lanius_collurio,1,Assemblage,Birds
39,anthus_petrosus,1,Assemblage,Birds
39,linaria_flavirostris,1,Assemblage,Birds
39,tadorna_tadorna,1,Assemblage,Birds
39,circus_aeruginosus,1,Assemblage,Birds
39,tachybaptus_ruficollis,1,Assemblage,Birds
39,oxyura_jamaicensis,1,Assemblage,Birds
39,aythya_ferina,1,Assemblage,Birds
39,anthus_spinoletta,1,Assemblage,Birds
39,alcedo_atthis,1,Assemblage,Birds
39,perdix_perdix,1,Assemblage,Birds
39,curruca_nisoria,1,Assemblage,Birds
39,pernis_apivorus,1,Assemblage,Birds
39,spatula_querquedula,1,Assemblage,Birds
39,passer_montanus,1,Assemblage,Birds
39,cardellina_pusilla,1,Assemblage,Birds
39,accipiter_cooperii,1,Assemblage,Birds
39,egretta_rufescens,1,Assemblage,Birds
39,eudocimus_albus,1,Assemblage,Birds
39,limnothlypis_swainsonii,1,Assemblage,Birds
39,mycteria_americana,1,Assemblage,Birds
39,accipiter_striatus,1,Assemblage,Birds
39,podiceps_nigricollis,1,Assemblage,Birds
39,butorides_striata,1,Assemblage,Birds
39,oxyura_jamaicensis,1,Assemblage,Birds
39,aythya_valisineria,1,Assemblage,Birds
39,haemorhous_mexicanus,1,Assemblage,Birds
39,larus_delawarensis,1,Assemblage,Birds
39,catharus_guttatus,1,Assemblage,Birds
39,corthylio_calendula,1,Assemblage,Birds
39,buteo_jamaicensis,1,Assemblage,Birds
39,anthus_rubescens,1,Assemblage,Birds
39,oxyura_jamaicensis,1,Assemblage,Birds
39,egretta_thula,1,Assemblage,Birds
39,lanius_ludovicianus,1,Assemblage,Birds
39,passerculus_sandwichensis,1,Assemblage,Birds
39,catharus_ustulatus,1,Assemblage,Birds
39,ardea_alba,1,Assemblage,Birds
39,passerina_caerulea,1,Assemblage,Birds
39,pelecanus_erythrorhynchos,1,Assemblage,Birds
39,polioptila_caerulea,1,Assemblage,Birds
39,loxia_leucoptera,1,Assemblage,Birds
39,egretta_caerulea,1,Assemblage,Birds
39,loxia_curvirostra,1,Assemblage,Birds
39,mimus_polyglottos,1,Assemblage,Birds
39,rynchops_niger,1,Assemblage,Birds
39,vireo_flavifrons,1,Assemblage,Birds
39,ixobrychus_exilis,1,Assemblage,Birds
39,ixobrychus_exilis,1,Assemblage,Birds
39,dryobates_pubescens,1,Assemblage,Birds
39,setophaga_discolor,1,Assemblage,Birds
39,passerina_ciris,1,Assemblage,Birds
39,anas_fulvigula,1,Assemblage,Birds
39,toxostoma_rufum,1,Assemblage,Birds
39,larus_philadelphia,1,Assemblage,Birds
39,melanerpes_erythrocephalus,1,Assemblage,Birds
39,certhia_americana,1,Assemblage,Birds
39,conuropsis_carolinensis,1,Assemblage,Birds
39,petrochelidon_fulva,1,Assemblage,Birds
39,sayornis_phoebe,1,Assemblage,Birds
39,cistothorus_stellaris,1,Assemblage,Birds
39,archilochus_colubris,1,Assemblage,Birds
39,spizella_pusilla,1,Assemblage,Birds
39,seiurus_aurocapilla,1,Assemblage,Birds
39,setophaga_magnolia,1,Assemblage,Birds
39,setophaga_pensylvanica,1,Assemblage,Birds
39,vireo_griseus,1,Assemblage,Birds
39,passerina_cyanea,1,Assemblage,Birds
39,colaptes_auratus,1,Assemblage,Birds
39,ixobrychus_exilis,1,Assemblage,Birds
39,coturnicops_noveboracensis,1,Assemblage,Birds
39,setophaga_discolor,1,Assemblage,Birds
39,eudocimus_albus,1,Assemblage,Birds
39,melospiza_georgiana,1,Assemblage,Birds
39,setophaga_pinus,1,Assemblage,Birds
39,geothlypis_formosa,1,Assemblage,Birds
39,setophaga_citrina,1,Assemblage,Birds
39,campephilus_principalis,1,Assemblage,Birds
39,pipilo_erythrophthalmus,1,Assemblage,Birds
39,setophaga_dominica,1,Assemblage,Birds
39,tyrannus_dominicensis,1,Assemblage,Birds
39,troglodytes_hiemalis,1,Assemblage,Birds
39,vermivora_cyanoptera,1,Assemblage,Birds
39,leuconotopicus_borealis,1,Assemblage,Birds
39,leuconotopicus_borealis,1,Assemblage,Birds
39,passerculus_henslowii,1,Assemblage,Birds
39,ammospiza_caudacuta,1,Assemblage,Birds
39,scolopax_minor,1,Assemblage,Birds
39,ammospiza_maritima,1,Assemblage,Birds
39,setophaga_cerulea,1,Assemblage,Birds
39,limnothlypis_swainsonii,1,Assemblage,Birds
39,corvus_ossifragus,1,Assemblage,Birds
39,quiscalus_major,1,Assemblage,Birds
39,charadrius_wilsonia,1,Assemblage,Birds
39,sitta_pusilla,1,Assemblage,Birds
39,tyrannus_verticalis,1,Assemblage,Birds
39,sturnus_vulgaris,1,Assemblage,Birds
39,turdus_migratorius,1,Assemblage,Birds
39,melospiza_melodia,1,Assemblage,Birds
39,anser_caerulescens,1,Assemblage,Birds
39,zonotrichia_leucophrys,1,Assemblage,Birds
39,motacilla_flava,1,Assemblage,Birds
39,larus_michahellis,1,Assemblage,Birds
39,recurvirostra_americana,1,Assemblage,Birds
39,zonotrichia_leucophrys,1,Assemblage,Birds
39,parkesia_noveboracensis,1,Assemblage,Birds
39,spinus_spinus,1,Assemblage,Birds
39,icteria_virens,1,Assemblage,Birds
39,aix_sponsa,1,Assemblage,Birds
39,leiothlypis_ruficapilla,1,Assemblage,Birds
39,regulus_regulus,1,Assemblage,Birds
39,aix_sponsa,1,Assemblage,Birds
39,pinguinus_impennis,1,Assemblage,Birds
39,anser_albifrons,1,Assemblage,Birds
39,alca_torda,1,Assemblage,Birds
39,sylvia_atricapilla,1,Assemblage,Birds
39,lagopus_lagopus,1,Assemblage,Birds
39,vanellus_vanellus,1,Assemblage,Birds
39,tringa_totanus,1,Assemblage,Birds
39,turdus_pilaris,1,Assemblage,Birds
39,turdus_pilaris,1,Assemblage,Birds
39,motacilla_cinerea,1,Assemblage,Birds
39,apus_apus,1,Assemblage,Birds
39,calcarius_lapponicus,1,Assemblage,Birds
39,pluvialis_apricaria,1,Assemblage,Birds
39,charadrius_alexandrinus,1,Assemblage,Birds
39,scolopax_rusticola,1,Assemblage,Birds
39,mergus_merganser,1,Assemblage,Birds
39,passerella_iliaca,1,Assemblage,Birds
39,thryothorus_ludovicianus,1,Assemblage,Birds
39,setophaga_tigrina,1,Assemblage,Birds
39,vireo_griseus,1,Assemblage,Birds
39,empidonax_virescens,1,Assemblage,Birds
39,setophaga_americana,1,Assemblage,Birds
39,rallus_elegans,1,Assemblage,Birds
39,scolopax_minor,1,Assemblage,Birds
39,vermivora_cyanoptera,1,Assemblage,Birds
39,antrostomus_vociferus,1,Assemblage,Birds
39,melanerpes_carolinus,1,Assemblage,Birds
39,protonotaria_citrea,1,Assemblage,Birds
39,laterallus_jamaicensis,1,Assemblage,Birds
39,setophaga_caerulescens,1,Assemblage,Birds
39,eupsittula_canicularis,1,Assemblage,Birds
39,euphagus_carolinus,1,Assemblage,Birds
39,gallinula_galeata,1,Assemblage,Birds
39,baeolophus_bicolor,1,Assemblage,Birds
39,porphyrio_martinicus,1,Assemblage,Birds
39,dumetella_carolinensis,1,Assemblage,Birds
39,anhinga_anhinga,1,Assemblage,Birds
39,toxostoma_rufum,1,Assemblage,Birds
39,egretta_caerulea,1,Assemblage,Birds
39,strix_varia,1,Assemblage,Birds
39,meleagris_gallopavo,1,Assemblage,Birds
39,molothrus_ater,1,Assemblage,Birds
39,hesperiphona_vespertina,1,Assemblage,Birds
39,sitta_carolinensis,1,Assemblage,Birds
39,aratinga_nenday,1,Assemblage,Birds
39,melospiza_georgiana,1,Assemblage,Birds
39,haliaeetus_leucocephalus,1,Assemblage,Birds
39,spinus_tristis,1,Assemblage,Birds
39,passerculus_sandwichensis,1,Assemblage,Birds
39,passerina_caerulea,1,Assemblage,Birds
39,spinus_pinus,1,Assemblage,Birds
39,oenanthe_moesta,1,Assemblage,Birds
39,regulus_satrapa,1,Assemblage,Birds
39,zonotrichia_albicollis,1,Assemblage,Birds
39,haemorhous_purpureus,1,Assemblage,Birds
39,progne_subis,1,Assemblage,Birds
39,tachycineta_bicolor,1,Assemblage,Birds
39,lanius_borealis,1,Assemblage,Birds
39,spinus_tristis,1,Assemblage,Birds
39,troglodytes_aedon,1,Assemblage,Birds
39,gulosus_aristotelis,1,Assemblage,Birds
39,asio_otus,1,Assemblage,Birds
39,ardea_cinerea,1,Assemblage,Birds
39,anser_anser,1,Assemblage,Birds
39,ficedula_hypoleuca,1,Assemblage,Birds
39,pyrrhula_pyrrhula,1,Assemblage,Birds
39,ficedula_parva,1,Assemblage,Birds
39,gavia_immer,1,Assemblage,Birds
39,pinicola_enucleator,1,Assemblage,Birds
39,calidris_maritima,1,Assemblage,Birds
39,erithacus_rubecula,1,Assemblage,Birds
39,erithacus_rubecula,1,Assemblage,Birds
39,prunella_modularis,1,Assemblage,Birds
39,gallinago_gallinago,1,Assemblage,Birds
39,plegadis_falcinellus,1,Assemblage,Birds
39,sylvia_borin,1,Assemblage,Birds
39,turdus_viscivorus,1,Assemblage,Birds
39,acrocephalus_schoenobaenus,1,Assemblage,Birds
39,corvus_corax,1,Assemblage,Birds
39,vanellus_vanellus,1,Assemblage,Birds
39,numenius_arquata,1,Assemblage,Birds
39,tringa_totanus,1,Assemblage,Birds
39,emberiza_citrinella,1,Assemblage,Birds
39,mareca_strepera,1,Assemblage,Birds
39,pinguinus_impennis,1,Assemblage,Birds
39,plectrophenax_nivalis,1,Assemblage,Birds
39,puffinus_puffinus,1,Assemblage,Birds
39,cygnus_cygnus,1,Assemblage,Birds
39,larus_marinus,1,Assemblage,Birds
39,larus_argentatus,1,Assemblage,Birds
39,larus_argentatus,1,Assemblage,Birds
39,hylocichla_mustelina,1,Assemblage,Birds
39,molothrus_ater,1,Assemblage,Birds
39,passerina_caerulea,1,Assemblage,Birds
39,charadrius_melodus,1,Assemblage,Birds
39,rallus_limicola,1,Assemblage,Birds
39,poecile_carolinensis,1,Assemblage,Birds
39,polioptila_caerulea,1,Assemblage,Birds
39,euphagus_cyanocephalus,1,Assemblage,Birds
39,troglodytes_aedon,1,Assemblage,Birds
39,porzana_carolina,1,Assemblage,Birds
39,euphagus_carolinus,1,Assemblage,Birds
39,icterus_galbula,1,Assemblage,Birds
39,larus_delawarensis,1,Assemblage,Birds
39,mareca_strepera,1,Assemblage,Birds
39,dolichonyx_oryzivorus,1,Assemblage,Birds
39,toxostoma_rufum,1,Assemblage,Birds
39,setophaga_coronata,1,Assemblage,Birds
39,bucephala_albeola,1,Assemblage,Birds
39,cygnus_olor,1,Assemblage,Birds
39,rallus_limicola,1,Assemblage,Birds
39,cyanocitta_cristata,1,Assemblage,Birds
39,corvus_brachyrhynchos,1,Assemblage,Birds
39,passerina_cyanea,1,Assemblage,Birds
39,branta_canadensis,1,Assemblage,Birds
39,psittacara_acuticaudatus,1,Assemblage,Birds
39,eremophila_alpestris,1,Assemblage,Birds
39,alectoris_rufa,1,Assemblage,Birds
39,cygnus_columbianus,1,Assemblage,Birds
39,emberiza_cirlus,1,Assemblage,Birds
39,haemorhous_purpureus,1,Assemblage,Birds
39,cyanocitta_cristata,1,Assemblage,Birds
39,dumetella_carolinensis,1,Assemblage,Birds
39,polioptila_caerulea,1,Assemblage,Birds
39,scolopax_rusticola,1,Assemblage,Birds
39,piranga_rubra,1,Assemblage,Birds
39,elanoides_forficatus,1,Assemblage,Birds
39,haematopus_palliatus,1,Assemblage,Birds
39,limnothlypis_swainsonii,1,Assemblage,Birds
39,gallinula_chloropus,1,Assemblage,Birds
39,turdus_philomelos,1,Assemblage,Birds
39,erithacus_rubecula,1,Assemblage,Birds
39,ficedula_parva,1,Assemblage,Birds
39,catharus_fuscescens,1,Assemblage,Birds
39,scolopax_minor,1,Assemblage,Birds
39,buteo_buteo,1,Assemblage,Birds
39,gypaetus_barbatus,1,Assemblage,Birds
39,crex_crex,1,Assemblage,Birds
39,recurvirostra_avosetta,1,Assemblage,Birds
39,tachymarptis_melba,1,Assemblage,Birds
39,clamator_glandarius,1,Assemblage,Birds
39,glareola_pratincola,1,Assemblage,Birds
39,porzana_porzana,1,Assemblage,Birds
39,falco_eleonorae,1,Assemblage,Birds
39,clanga_clanga,1,Assemblage,Birds
39,acrocephalus_palustris,1,Assemblage,Birds
39,falco_cherrug,1,Assemblage,Birds
39,porzana_porzana,1,Assemblage,Birds
39,iduna_pallida,1,Assemblage,Birds
39,coturnix_coturnix,1,Assemblage,Birds
39,numenius_arquata,1,Assemblage,Birds
39,jynx_torquilla,1,Assemblage,Birds
39,cursorius_cursor,1,Assemblage,Birds
39,oenanthe_hispanica,1,Assemblage,Birds
39,ardea_purpurea,1,Assemblage,Birds
39,larus_genei,1,Assemblage,Birds
39,hieraaetus_pennatus,1,Assemblage,Birds
39,scotocerca_inquieta,1,Assemblage,Birds
39,emberiza_sahari,1,Assemblage,Birds
39,caprimulgus_ruficollis,1,Assemblage,Birds
39,curruca_melanocephala,1,Assemblage,Birds
39,pterocles_coronatus,1,Assemblage,Birds
39,curruca_cantillans,1,Assemblage,Birds
39,curruca_subalpina,1,Assemblage,Birds
39,curruca_deserticola,1,Assemblage,Birds
39,oenanthe_leucura,1,Assemblage,Birds
39,chlamydotis_undulata,1,Assemblage,Birds
39,alaudala_rufescens,1,Assemblage,Birds
39,oenanthe_lugens,1,Assemblage,Birds
39,passer_hispaniolensis,1,Assemblage,Birds
39,passer_hispaniolensis,1,Assemblage,Birds
39,iduna_opaca,1,Assemblage,Birds
39,marmaronetta_angustirostris,1,Assemblage,Birds
39,melanocorypha_calandra,1,Assemblage,Birds
39,passer_montanus,1,Assemblage,Birds
39,chlamydotis_undulata,1,Assemblage,Birds
39,numenius_tenuirostris,1,Assemblage,Birds
39,locustella_luscinioides,1,Assemblage,Birds
39,acridotheres_cristatellus,1,Assemblage,Birds
39,acrocephalus_scirpaceus,1,Assemblage,Birds
39,milvus_migrans,1,Assemblage,Birds
39,circus_macrourus,1,Assemblage,Birds
39,recurvirostra_avosetta,1,Assemblage,Birds
39,mareca_strepera,1,Assemblage,Birds
39,falco_cherrug,1,Assemblage,Birds
39,athene_noctua,1,Assemblage,Birds
39,coracias_garrulus,1,Assemblage,Birds
39,platalea_leucorodia,1,Assemblage,Birds
39,apus_pallidus,1,Assemblage,Birds
39,scolopax_rusticola,1,Assemblage,Birds
39,saxicola_torquatus,1,Assemblage,Birds
39,curruca_curruca,1,Assemblage,Birds
39,zapornia_pusilla,1,Assemblage,Birds
39,falco_subbuteo,1,Assemblage,Birds
39,aegypius_monachus,1,Assemblage,Birds
39,circus_pygargus,1,Assemblage,Birds
39,upupa_epops,1,Assemblage,Birds
39,circus_cyaneus,1,Assemblage,Birds
39,alauda_arvensis,1,Assemblage,Birds
39,aythya_nyroca,1,Assemblage,Birds
39,calidris_temminckii,1,Assemblage,Birds
39,circaetus_gallicus,1,Assemblage,Birds
39,bubo_ascalaphus,1,Assemblage,Birds
39,otus_scops,1,Assemblage,Birds
39,iduna_pallida,1,Assemblage,Birds
39,anthus_pratensis,1,Assemblage,Birds
39,aquila_adalberti,1,Assemblage,Birds
39,emberiza_calandra,1,Assemblage,Birds
39,falco_biarmicus,1,Assemblage,Birds
39,pelecanus_onocrotalus,1,Assemblage,Birds
39,cercotrichas_galactotes,1,Assemblage,Birds
39,clamator_glandarius,1,Assemblage,Birds
39,sturnus_vulgaris,1,Assemblage,Birds
39,aythya_nyroca,1,Assemblage,Birds
39,acrocephalus_melanopogon,1,Assemblage,Birds
39,oxyura_leucocephala,1,Assemblage,Birds
39,remiz_pendulinus,1,Assemblage,Birds
39,curruca_crassirostris,1,Assemblage,Birds
39,curruca_hortensis,1,Assemblage,Birds
39,dendrocopos_syriacus,1,Assemblage,Birds
39,falco_eleonorae,1,Assemblage,Birds
39,lullula_arborea,1,Assemblage,Birds
39,phoenicurus_ochruros,1,Assemblage,Birds
39,phoenicopterus_chilensis,1,Assemblage,Birds
39,syrmaticus_reevesii,1,Assemblage,Birds
39,lanius_senator,1,Assemblage,Birds
39,curruca_undata,1,Assemblage,Birds
39,marmaronetta_angustirostris,1,Assemblage,Birds
39,limosa_limosa,1,Assemblage,Birds
39,emberiza_citrinella,1,Assemblage,Birds
39,regulus_ignicapilla,1,Assemblage,Birds
39,regulus_ignicapilla,1,Assemblage,Birds
39,tadorna_tadorna,1,Assemblage,Birds
39,emberiza_schoeniclus,1,Assemblage,Birds
39,emberiza_schoeniclus,1,Assemblage,Birds
39,threskiornis_aethiopicus,1,Assemblage,Birds
39,regulus_regulus,1,Assemblage,Birds
39,nycticorax_nycticorax,1,Assemblage,Birds
39,upupa_epops,1,Assemblage,Birds
39,cygnus_olor,1,Assemblage,Birds
39,aegypius_monachus,1,Assemblage,Birds
39,ciconia_ciconia,1,Assemblage,Birds
39,egretta_garzetta,1,Assemblage,Birds
39,turdus_iliacus,1,Assemblage,Birds
39,turdus_viscivorus,1,Assemblage,Birds
39,strix_aluco,1,Assemblage,Birds
39,netta_rufina,1,Assemblage,Birds
39,alauda_arvensis,1,Assemblage,Birds
39,ciconia_nigra,1,Assemblage,Birds
39,podiceps_cristatus,1,Assemblage,Birds
39,vanellus_vanellus,1,Assemblage,Birds
39,lanius_minor,1,Assemblage,Birds
39,panurus_biarmicus,1,Assemblage,Birds
39,platalea_leucorodia,1,Assemblage,Birds
39,prunella_modularis,1,Assemblage,Birds
39,zapornia_parva,1,Assemblage,Birds
39,corvus_corax,1,Assemblage,Birds
39,cygnus_olor,1,Assemblage,Birds
39,corvus_frugilegus,1,Assemblage,Birds
39,acrocephalus_arundinaceus,1,Assemblage,Birds
39,larus_ridibundus,1,Assemblage,Birds
39,mergus_serrator,1,Assemblage,Birds
39,porzana_porzana,1,Assemblage,Birds
39,merops_apiaster,1,Assemblage,Birds
39,circaetus_gallicus,1,Assemblage,Birds
39,larus_fuscus,1,Assemblage,Birds
39,caprimulgus_aegyptius,1,Assemblage,Birds
39,lanius_excubitor,1,Assemblage,Birds
39,coracias_garrulus,1,Assemblage,Birds
39,otus_scops,1,Assemblage,Birds
39,ixobrychus_minutus,1,Assemblage,Birds
39,lullula_arborea,1,Assemblage,Birds
39,acrocephalus_scirpaceus,1,Assemblage,Birds
39,neophron_percnopterus,1,Assemblage,Birds
39,clanga_clanga,1,Assemblage,Birds
39,ciconia_nigra,1,Assemblage,Birds
39,larus_genei,1,Assemblage,Birds
39,gallinago_media,1,Assemblage,Birds
39,lullula_arborea,1,Assemblage,Birds
39,phoenicurus_ochruros,1,Assemblage,Birds
39,clanga_clanga,1,Assemblage,Birds
39,fringilla_coelebs,1,Assemblage,Birds
39,haematopus_ostralegus,1,Assemblage,Birds
39,aythya_ferina,1,Assemblage,Birds
39,buteo_rufinus,1,Assemblage,Birds
39,tichodroma_muraria,1,Assemblage,Birds
39,tichodroma_muraria,1,Assemblage,Birds
39,rallus_aquaticus,1,Assemblage,Birds
39,pyrrhocorax_graculus,1,Assemblage,Birds
39,panurus_biarmicus,1,Assemblage,Birds
39,anser_anser,1,Assemblage,Birds
39,tadorna_ferruginea,1,Assemblage,Birds
39,tachybaptus_ruficollis,1,Assemblage,Birds
39,netta_rufina,1,Assemblage,Birds
39,grus_grus,1,Assemblage,Birds
39,hippolais_olivetorum,1,Assemblage,Birds
39,galerida_theklae,1,Assemblage,Birds
39,burhinus_oedicnemus,1,Assemblage,Birds
39,ptyonoprogne_rupestris,1,Assemblage,Birds
39,locustella_naevia,1,Assemblage,Birds
39,ammomanes_deserti,1,Assemblage,Birds
39,pterocles_senegallus,1,Assemblage,Birds
39,ardeola_ralloides,1,Assemblage,Birds
39,gyps_fulvus,1,Assemblage,Birds
39,calandrella_brachydactyla,1,Assemblage,Birds
39,ciconia_ciconia,1,Assemblage,Birds
39,linaria_cannabina,1,Assemblage,Birds
39,acrocephalus_paludicola,1,Assemblage,Birds
39,marmaronetta_angustirostris,1,Assemblage,Birds
39,marmaronetta_angustirostris,1,Assemblage,Birds
39,iduna_opaca,1,Assemblage,Birds
39,acrocephalus_schoenobaenus,1,Assemblage,Birds
39,netta_rufina,1,Assemblage,Birds
39,tadorna_ferruginea,1,Assemblage,Birds
39,regulus_ignicapilla,1,Assemblage,Birds
39,caprimulgus_europaeus,1,Assemblage,Birds
39,acrocephalus_arundinaceus,1,Assemblage,Birds
39,larus_melanocephalus,1,Assemblage,Birds
39,pernis_apivorus,1,Assemblage,Birds
39,larus_cachinnans,1,Assemblage,Birds
39,curruca_deserticola,1,Assemblage,Birds
39,caprimulgus_ruficollis,1,Assemblage,Birds
39,microcarbo_pygmaeus,1,Assemblage,Birds
39,curruca_undata,1,Assemblage,Birds
39,microcarbo_pygmaeus,1,Assemblage,Birds
39,prunella_modularis,1,Assemblage,Birds
39,microcarbo_pygmaeus,1,Assemblage,Birds
39,curruca_conspicillata,1,Assemblage,Birds
39,sitta_neumayer,1,Assemblage,Birds
39,puffinus_yelkouan,1,Assemblage,Birds
39,alectoris_rufa,1,Assemblage,Birds
39,picus_sharpei,1,Assemblage,Birds
39,alectoris_graeca,1,Assemblage,Birds
39,threskiornis_aethiopicus,1,Assemblage,Birds
39,curruca_subalpina,1,Assemblage,Birds
39,picus_vaillantii,1,Assemblage,Birds
39,zapornia_parva,1,Assemblage,Birds
39,cyanopica_cooki,1,Assemblage,Birds
39,jynx_torquilla,1,Assemblage,Birds
39,hippolais_olivetorum,1,Assemblage,Birds
39,ficedula_albicollis,1,Assemblage,Birds
39,turdus_pilaris,1,Assemblage,Birds
39,crex_crex,1,Assemblage,Birds
39,acrocephalus_paludicola,1,Assemblage,Birds
39,cygnus_olor,1,Assemblage,Birds
39,locustella_fluviatilis,1,Assemblage,Birds
39,anser_indicus,1,Assemblage,Birds
39,branta_leucopsis,1,Assemblage,Birds
39,branta_canadensis,1,Assemblage,Birds
39,loxia_scotica,1,Assemblage,Birds
39,luscinia_luscinia,1,Assemblage,Birds
39,anser_brachyrhynchus,1,Assemblage,Birds
39,aegolius_funereus,1,Assemblage,Birds
39,larus_argentatus,1,Assemblage,Birds
39,apus_affinis,1,Assemblage,Birds
39,pica_mauritanica,1,Assemblage,Birds
39,turdus_torquatus,1,Assemblage,Birds
39,curruca_cantillans,1,Assemblage,Birds
39,oenanthe_hispanica,1,Assemblage,Birds
39,cursorius_cursor,1,Assemblage,Birds
39,pterocles_alchata,1,Assemblage,Birds
39,phoenicurus_moussieri,1,Assemblage,Birds
39,eudromias_morinellus,1,Assemblage,Birds
39,phoenicurus_moussieri,1,Assemblage,Birds
39,turdus_viscivorus,1,Assemblage,Birds
39,circus_aeruginosus,1,Assemblage,Birds
39,podiceps_cristatus,1,Assemblage,Birds
39,larus_michahellis,1,Assemblage,Birds
39,phoenicurus_ochruros,1,Assemblage,Birds
39,corvus_frugilegus,1,Assemblage,Birds
39,cygnus_columbianus,1,Assemblage,Birds
39,anser_erythropus,1,Assemblage,Birds
39,mergellus_albellus,1,Assemblage,Birds
39,bombycilla_garrulus,1,Assemblage,Birds
39,sylvia_atricapilla,1,Assemblage,Birds
39,emberiza_hortulana,1,Assemblage,Birds
39,hippolais_icterina,1,Assemblage,Birds
39,cinclus_cinclus,1,Assemblage,Birds
39,hippolais_icterina,1,Assemblage,Birds
39,apus_caffer,1,Assemblage,Birds
39,alopochen_aegyptiaca,1,Assemblage,Birds
39,neophron_percnopterus,1,Assemblage,Birds
39,locustella_fluviatilis,1,Assemblage,Birds
39,ficedula_albicollis,1,Assemblage,Birds
39,pelecanus_crispus,1,Assemblage,Birds
39,ficedula_semitorquata,1,Assemblage,Birds
39,aegypius_monachus,1,Assemblage,Birds
39,oceanites_oceanicus,1,Assemblage,Birds
39,ardenna_grisea,1,Assemblage,Birds
39,calidris_alba,1,Assemblage,Birds
39,calidris_canutus,1,Assemblage,Birds
39,xema_sabini,1,Assemblage,Birds
39,arenaria_interpres,1,Assemblage,Birds
39,calidris_melanotos,1,Assemblage,Birds
39,puffinus_puffinus,1,Assemblage,Birds
39,pluvialis_squatarola,1,Assemblage,Birds
39,calidris_fuscicollis,1,Assemblage,Birds
39,calidris_alba,1,Assemblage,Birds
39,falco_peregrinus,1,Assemblage,Birds
39,passer_domesticus,1,Assemblage,Birds
39,calidris_canutus,1,Assemblage,Birds
39,pluvialis_dominica,1,Assemblage,Birds
39,limosa_lapponica,1,Assemblage,Birds
39,sturnus_vulgaris,1,Assemblage,Birds
39,larus_fuscus,1,Assemblage,Birds
39,catharacta_skua,1,Assemblage,Birds
39,muscicapa_striata,1,Assemblage,Birds
39,calidris_falcinellus,1,Assemblage,Birds
39,arenaria_interpres,1,Assemblage,Birds
39,cuculus_canorus,1,Assemblage,Birds
39,alauda_arvensis,1,Assemblage,Birds
39,phalacrocorax_carbo,1,Assemblage,Birds
39,pluvialis_squatarola,1,Assemblage,Birds
39,hydrobates_leucorhous,1,Assemblage,Birds
39,calidris_pusilla,1,Assemblage,Birds
39,calidris_subruficollis,1,Assemblage,Birds
39,hirundo_rustica,1,Assemblage,Birds
39,tringa_solitaria,1,Assemblage,Birds
39,bubo_virginianus,1,Assemblage,Birds
39,calidris_minutilla,1,Assemblage,Birds
39,rissa_tridactyla,1,Assemblage,Birds
39,limnodromus_griseus,1,Assemblage,Birds
39,calidris_himantopus,1,Assemblage,Birds
39,larus_marinus,1,Assemblage,Birds
39,clangula_hyemalis,1,Assemblage,Birds
39,clangula_hyemalis,1,Assemblage,Birds
39,calidris_alpina,1,Assemblage,Birds
39,tringa_flavipes,1,Assemblage,Birds
39,calidris_bairdii,1,Assemblage,Birds
39,uria_aalge,1,Assemblage,Birds
39,stercorarius_parasiticus,1,Assemblage,Birds
39,corvus_corax,1,Assemblage,Birds
39,setophaga_petechia,1,Assemblage,Birds
39,eremophila_alpestris,1,Assemblage,Birds
39,falco_peregrinus,1,Assemblage,Birds
39,tringa_melanoleuca,1,Assemblage,Birds
39,larus_canus,1,Assemblage,Birds
39,mergus_serrator,1,Assemblage,Birds
39,anser_albifrons,1,Assemblage,Birds
39,loxia_curvirostra,1,Assemblage,Birds
39,catharus_minimus,1,Assemblage,Birds
39,larus_fuscus,1,Assemblage,Birds
39,phalacrocorax_carbo,1,Assemblage,Birds
39,larus_ridibundus,1,Assemblage,Birds
39,motacilla_flava,1,Assemblage,Birds
39,passer_domesticus,1,Assemblage,Birds
39,morus_bassanus,1,Assemblage,Birds
39,hirundo_rustica,1,Assemblage,Birds
39,parus_major,1,Assemblage,Birds
39,larus_ridibundus,1,Assemblage,Birds
39,numenius_phaeopus,1,Assemblage,Birds
39,pinicola_enucleator,1,Assemblage,Birds
39,accipiter_gentilis,1,Assemblage,Birds
39,corthylio_calendula,1,Assemblage,Birds
39,leuconotopicus_villosus,1,Assemblage,Birds
39,regulus_satrapa,1,Assemblage,Birds
39,falco_columbarius,1,Assemblage,Birds
39,asio_otus,1,Assemblage,Birds
39,thalasseus_sandvicensis,1,Assemblage,Birds
39,certhia_americana,1,Assemblage,Birds
39,spinus_pinus,1,Assemblage,Birds
39,limosa_haemastica,1,Assemblage,Birds
39,branta_canadensis,1,Assemblage,Birds
39,stercorarius_pomarinus,1,Assemblage,Birds
39,calidris_ferruginea,1,Assemblage,Birds
39,phasianus_colchicus,1,Assemblage,Birds
39,limosa_lapponica,1,Assemblage,Birds
39,limosa_limosa,1,Assemblage,Birds
39,charadrius_vociferus,1,Assemblage,Birds
39,aquila_chrysaetos,1,Assemblage,Birds
39,luscinia_svecica,1,Assemblage,Birds
39,falco_tinnunculus,1,Assemblage,Birds
39,rallus_aquaticus,1,Assemblage,Birds
39,fringilla_coelebs,1,Assemblage,Birds
39,spatula_clypeata,1,Assemblage,Birds
39,hydrocoloeus_minutus,1,Assemblage,Birds
39,mareca_strepera,1,Assemblage,Birds
39,turdus_merula,1,Assemblage,Birds
39,rallus_aquaticus,1,Assemblage,Birds
39,buteo_buteo,1,Assemblage,Birds
39,emberiza_calandra,1,Assemblage,Birds
39,mareca_penelope,1,Assemblage,Birds
39,phoenicurus_phoenicurus,1,Assemblage,Birds
39,curruca_communis,1,Assemblage,Birds
39,saxicola_torquatus,1,Assemblage,Birds
39,anthus_trivialis,1,Assemblage,Birds
39,columba_livia,1,Assemblage,Birds
39,gallinula_chloropus,1,Assemblage,Birds
39,lymnocryptes_minimus,1,Assemblage,Birds
39,tachybaptus_ruficollis,1,Assemblage,Birds
39,numenius_arquata,1,Assemblage,Birds
39,aythya_ferina,1,Assemblage,Birds
39,ardenna_gravis,1,Assemblage,Birds
39,larus_ridibundus,1,Assemblage,Birds
39,alca_torda,1,Assemblage,Birds
39,hydrobates_pelagicus,1,Assemblage,Birds
39,streptopelia_decaocto,1,Assemblage,Birds
39,hydrobates_pelagicus,1,Assemblage,Birds
39,phylloscopus_collybita,1,Assemblage,Birds
39,ardea_cinerea,1,Assemblage,Birds
39,fulica_atra,1,Assemblage,Birds
39,turdus_merula,1,Assemblage,Birds
39,melanitta_nigra,1,Assemblage,Birds
39,calonectris_borealis,1,Assemblage,Birds
39,anas_platyrhynchos,1,Assemblage,Birds
39,sternula_albifrons,1,Assemblage,Birds
39,gavia_stellata,1,Assemblage,Birds
39,uria_lomvia,1,Assemblage,Birds
39,motacilla_alba,1,Assemblage,Birds
39,corvus_corax,1,Assemblage,Birds
39,bubo_scandiacus,1,Assemblage,Birds
39,riparia_riparia,1,Assemblage,Birds
39,haliaeetus_leucocephalus,1,Assemblage,Birds
39,melanitta_deglandi,1,Assemblage,Birds
39,podiceps_grisegena,1,Assemblage,Birds
39,aythya_marila,1,Assemblage,Birds
39,aythya_collaris,1,Assemblage,Birds
39,bombycilla_cedrorum,1,Assemblage,Birds
39,catharacta_skua,1,Assemblage,Birds
39,setophaga_ruticilla,1,Assemblage,Birds
39,haematopus_ostralegus,1,Assemblage,Birds
39,anthus_rubescens,1,Assemblage,Birds
39,acanthis_flammea,1,Assemblage,Birds
39,spatula_clypeata,1,Assemblage,Birds
39,larus_glaucoides,1,Assemblage,Birds
39,vireo_olivaceus,1,Assemblage,Birds
39,alle_alle,1,Assemblage,Birds
39,aegolius_funereus,1,Assemblage,Birds
39,sterna_hirundo,1,Assemblage,Birds
39,histrionicus_histrionicus,1,Assemblage,Birds
39,haliaeetus_albicilla,1,Assemblage,Birds
39,motacilla_alba,1,Assemblage,Birds
39,bucephala_clangula,1,Assemblage,Birds
39,actitis_hypoleucos,1,Assemblage,Birds
39,motacilla_cinerea,1,Assemblage,Birds
39,anas_rubripes,1,Assemblage,Birds
39,anas_rubripes,1,Assemblage,Birds
39,thalasseus_sandvicensis,1,Assemblage,Birds
39,larus_marinus,1,Assemblage,Birds
39,anthus_pratensis,1,Assemblage,Birds
39,sturnus_vulgaris,1,Assemblage,Birds
39,gulosus_aristotelis,1,Assemblage,Birds
39,morus_bassanus,1,Assemblage,Birds
39,pterodroma_cahow,1,Assemblage,Birds
39,passerella_iliaca,1,Assemblage,Birds
39,setophaga_pensylvanica,1,Assemblage,Birds
39,melospiza_lincolnii,1,Assemblage,Birds
39,colaptes_auratus,1,Assemblage,Birds
39,picoides_arcticus,1,Assemblage,Birds
39,empidonax_alnorum,1,Assemblage,Birds
39,sitta_canadensis,1,Assemblage,Birds
39,junco_hyemalis,1,Assemblage,Birds
39,agelaius_phoeniceus,1,Assemblage,Birds
39,spatula_discors,1,Assemblage,Birds
39,spizella_passerina,1,Assemblage,Birds
39,poecile_atricapillus,1,Assemblage,Birds
39,quiscalus_quiscula,1,Assemblage,Birds
39,geothlypis_philadelphia,1,Assemblage,Birds
39,setophaga_virens,1,Assemblage,Birds
39,haematopus_ostralegus,1,Assemblage,Birds
39,leiothlypis_ruficapilla,1,Assemblage,Birds
39,phylloscopus_collybita,1,Assemblage,Birds
39,calidris_maritima,1,Assemblage,Birds
39,larus_ridibundus,1,Assemblage,Birds
39,linaria_cannabina,1,Assemblage,Birds
39,saxicola_rubetra,1,Assemblage,Birds
39,spinus_spinus,1,Assemblage,Birds
39,aythya_fuligula,1,Assemblage,Birds
39,troglodytes_troglodytes,1,Assemblage,Birds
39,aythya_fuligula,1,Assemblage,Birds
39,setophaga_fusca,1,Assemblage,Birds
39,parkesia_noveboracensis,1,Assemblage,Birds
39,sphyrapicus_varius,1,Assemblage,Birds
39,melospiza_georgiana,1,Assemblage,Birds
39,setophaga_magnolia,1,Assemblage,Birds
39,empidonax_minimus,1,Assemblage,Birds
39,accipiter_striatus,1,Assemblage,Birds
39,setophaga_castanea,1,Assemblage,Birds
39,leiothlypis_peregrina,1,Assemblage,Birds
39,larus_canus,1,Assemblage,Birds
39,calidris_maritima,1,Assemblage,Birds
39,tringa_melanoleuca,1,Assemblage,Birds
39,poecile_hudsonicus,1,Assemblage,Birds
39,histrionicus_histrionicus,1,Assemblage,Birds
39,falco_columbarius,1,Assemblage,Birds
39,fulmarus_glacialis,1,Assemblage,Birds
39,rissa_tridactyla,1,Assemblage,Birds
39,somateria_spectabilis,1,Assemblage,Birds
39,larus_smithsonianus,1,Assemblage,Birds
39,uria_aalge,1,Assemblage,Birds
39,clangula_hyemalis,1,Assemblage,Birds
39,anas_acuta,1,Assemblage,Birds
39,asio_flammeus,1,Assemblage,Birds
39,cepphus_grylle,1,Assemblage,Birds
39,asio_flammeus,1,Assemblage,Birds
39,anas_acuta,1,Assemblage,Birds
39,histrionicus_histrionicus,1,Assemblage,Birds
39,melospiza_melodia,1,Assemblage,Birds
39,anas_crecca,1,Assemblage,Birds
39,anas_crecca,1,Assemblage,Birds
39,cepphus_grylle,1,Assemblage,Birds
39,gavia_stellata,1,Assemblage,Birds
39,anas_carolinensis,1,Assemblage,Birds
39,charadrius_hiaticula,1,Assemblage,Birds
39,gavia_arctica,1,Assemblage,Birds
39,sterna_paradisaea,1,Assemblage,Birds
39,somateria_mollissima,1,Assemblage,Birds
39,lagopus_lagopus,1,Assemblage,Birds
39,passerella_iliaca,1,Assemblage,Birds
39,acanthis_flammea,1,Assemblage,Birds
39,haliaeetus_leucocephalus,1,Assemblage,Birds
39,aythya_marila,1,Assemblage,Birds
39,calidris_alpina,1,Assemblage,Birds
39,mareca_penelope,1,Assemblage,Birds
39,falco_rusticolus,1,Assemblage,Birds
39,phalaropus_lobatus,1,Assemblage,Birds
39,lagopus_muta,1,Assemblage,Birds
39,larus_hyperboreus,1,Assemblage,Birds
39,calidris_maritima,1,Assemblage,Birds
39,larus_fuscus,1,Assemblage,Birds
39,larus_fuscus,1,Assemblage,Birds
39,charadrius_hiaticula,1,Assemblage,Birds
39,turdus_iliacus,1,Assemblage,Birds
39,numenius_phaeopus,1,Assemblage,Birds
39,tringa_nebularia,1,Assemblage,Birds
39,tadorna_tadorna,1,Assemblage,Birds
39,chloris_chloris,1,Assemblage,Birds
39,puffinus_mauretanicus,1,Assemblage,Birds
39,euphagus_carolinus,1,Assemblage,Birds
39,podiceps_auritus,1,Assemblage,Birds
39,setophaga_coronata,1,Assemblage,Birds
39,dryobates_pubescens,1,Assemblage,Birds
39,falco_sparverius,1,Assemblage,Birds
39,plectrophenax_nivalis,1,Assemblage,Birds
39,calidris_minutilla,1,Assemblage,Birds
39,charadrius_semipalmatus,1,Assemblage,Birds
39,acanthis_flammea,1,Assemblage,Birds
39,junco_hyemalis,1,Assemblage,Birds
39,rissa_tridactyla,1,Assemblage,Birds
39,fulmarus_glacialis,1,Assemblage,Birds
39,bucephala_clangula,1,Assemblage,Birds
39,alca_torda,1,Assemblage,Birds
39,uria_lomvia,1,Assemblage,Birds
39,lagopus_lagopus,1,Assemblage,Birds
39,larus_hyperboreus,1,Assemblage,Birds
39,actitis_macularius,1,Assemblage,Birds
39,uria_aalge,1,Assemblage,Birds
39,gallinago_gallinago,1,Assemblage,Birds
39,stercorarius_pomarinus,1,Assemblage,Birds
39,passerculus_sandwichensis,1,Assemblage,Birds
39,gavia_immer,1,Assemblage,Birds
39,gallinago_delicata,1,Assemblage,Birds
39,somateria_mollissima,1,Assemblage,Birds
39,megaceryle_alcyon,1,Assemblage,Birds
39,circus_hudsonius,1,Assemblage,Birds
39,picoides_tridactylus,1,Assemblage,Birds
39,loxia_leucoptera,1,Assemblage,Birds
39,cygnus_cygnus,1,Assemblage,Birds
39,mergus_serrator,1,Assemblage,Birds
39,somateria_mollissima,1,Assemblage,Birds
39,botaurus_lentiginosus,1,Assemblage,Birds
39,perisoreus_canadensis,1,Assemblage,Birds
39,mniotilta_varia,1,Assemblage,Birds
39,larus_delawarensis,1,Assemblage,Birds
39,phalaropus_fulicarius,1,Assemblage,Birds
39,clangula_hyemalis,1,Assemblage,Birds
39,uria_lomvia,1,Assemblage,Birds
39,surnia_ulula,1,Assemblage,Birds
39,podiceps_auritus,1,Assemblage,Birds
39,falco_rusticolus,1,Assemblage,Birds
39,larus_glaucoides,1,Assemblage,Birds
39,fratercula_arctica,1,Assemblage,Birds
39,fratercula_arctica,1,Assemblage,Birds
39,bubo_scandiacus,1,Assemblage,Birds
39,phylloscopus_trochilus,1,Assemblage,Birds
39,limosa_limosa,1,Assemblage,Birds
39,delichon_urbicum,1,Assemblage,Birds
39,cinclus_cinclus,1,Assemblage,Birds
39,muscicapa_striata,1,Assemblage,Birds
39,turdus_torquatus,1,Assemblage,Birds
39,aythya_marila,1,Assemblage,Birds
39,corvus_corone,1,Assemblage,Birds
39,bucephala_clangula,1,Assemblage,Birds
39,pandion_haliaetus,1,Assemblage,Birds
39,accipiter_nisus,1,Assemblage,Birds
39,catharus_guttatus,1,Assemblage,Birds
39,nannopterum_auritum,1,Assemblage,Birds
39,bonasa_umbellus,1,Assemblage,Birds
39,gavia_immer,1,Assemblage,Birds
39,troglodytes_hiemalis,1,Assemblage,Birds
39,setophaga_tigrina,1,Assemblage,Birds
39,tyrannus_tyrannus,1,Assemblage,Birds
39,columba_palumbus,1,Assemblage,Birds
39,gavia_immer,1,Assemblage,Birds
39,anser_brachyrhynchus,1,Assemblage,Birds
39,haemorhous_purpureus,1,Assemblage,Birds
39,molothrus_ater,1,Assemblage,Birds
39,empidonax_flaviventris,1,Assemblage,Birds
39,zonotrichia_albicollis,1,Assemblage,Birds
39,porzana_carolina,1,Assemblage,Birds
39,troglodytes_troglodytes,1,Assemblage,Birds
39,lanius_borealis,1,Assemblage,Birds
39,falco_peregrinus,1,Assemblage,Birds
39,oenanthe_oenanthe,1,Assemblage,Birds
39,hydrobates_leucorhous,1,Assemblage,Birds
39,contopus_cooperi,1,Assemblage,Birds
39,anas_platyrhynchos,1,Assemblage,Birds
39,larus_canus,1,Assemblage,Birds
39,cygnus_cygnus,1,Assemblage,Birds
39,anthus_rubescens,1,Assemblage,Birds
39,lagopus_muta,1,Assemblage,Birds
39,mergus_merganser,1,Assemblage,Birds
39,mergus_merganser,1,Assemblage,Birds
39,larus_marinus,1,Assemblage,Birds
39,larus_marinus,1,Assemblage,Birds
39,canachites_canadensis,1,Assemblage,Birds
39,asio_flammeus,1,Assemblage,Birds
39,ficedula_parva,1,Assemblage,Birds
39,linaria_flavirostris,1,Assemblage,Birds
39,corvus_monedula,1,Assemblage,Birds
39,emberiza_schoeniclus,1,Assemblage,Birds
39,curruca_communis,1,Assemblage,Birds
39,anthus_pratensis,1,Assemblage,Birds
39,anthus_petrosus,1,Assemblage,Birds
39,pluvialis_apricaria,1,Assemblage,Birds
39,branta_leucopsis,1,Assemblage,Birds
39,haliaeetus_albicilla,1,Assemblage,Birds
39,melanitta_nigra,1,Assemblage,Birds
39,turdus_philomelos,1,Assemblage,Birds
39,circus_cyaneus,1,Assemblage,Birds
39,plectrophenax_nivalis,1,Assemblage,Birds
39,tadorna_tadorna,1,Assemblage,Birds
39,zonotrichia_leucophrys,1,Assemblage,Birds
39,regulus_regulus,1,Assemblage,Birds
39,aix_sponsa,1,Assemblage,Birds
39,pinguinus_impennis,1,Assemblage,Birds
39,tringa_totanus,1,Assemblage,Birds
39,turdus_pilaris,1,Assemblage,Birds
39,motacilla_cinerea,1,Assemblage,Birds
39,pluvialis_apricaria,1,Assemblage,Birds
39,mergus_merganser,1,Assemblage,Birds
39,hesperiphona_vespertina,1,Assemblage,Birds
39,spinus_tristis,1,Assemblage,Birds
39,gulosus_aristotelis,1,Assemblage,Birds
39,anser_anser,1,Assemblage,Birds
39,gavia_immer,1,Assemblage,Birds
39,calidris_maritima,1,Assemblage,Birds
39,erithacus_rubecula,1,Assemblage,Birds
39,gallinago_gallinago,1,Assemblage,Birds
39,acrocephalus_schoenobaenus,1,Assemblage,Birds
39,corvus_corax,1,Assemblage,Birds
39,numenius_arquata,1,Assemblage,Birds
39,tringa_totanus,1,Assemblage,Birds
39,mareca_strepera,1,Assemblage,Birds
39,pinguinus_impennis,1,Assemblage,Birds
39,plectrophenax_nivalis,1,Assemblage,Birds
39,puffinus_puffinus,1,Assemblage,Birds
39,cygnus_cygnus,1,Assemblage,Birds
39,larus_marinus,1,Assemblage,Birds
39,larus_argentatus,1,Assemblage,Birds
39,larus_argentatus,1,Assemblage,Birds
39,dolichonyx_oryzivorus,1,Assemblage,Birds
39,corvus_brachyrhynchos,1,Assemblage,Birds
39,alectoris_rufa,1,Assemblage,Birds
39,cyanocitta_cristata,1,Assemblage,Birds
39,catharus_fuscescens,1,Assemblage,Birds
39,scolopax_minor,1,Assemblage,Birds
39,acrocephalus_palustris,1,Assemblage,Birds
39,coturnix_coturnix,1,Assemblage,Birds
39,scolopax_rusticola,1,Assemblage,Birds
39,turdus_iliacus,1,Assemblage,Birds
39,alauda_arvensis,1,Assemblage,Birds
39,vanellus_vanellus,1,Assemblage,Birds
39,prunella_modularis,1,Assemblage,Birds
39,cygnus_olor,1,Assemblage,Birds
39,corvus_frugilegus,1,Assemblage,Birds
39,larus_ridibundus,1,Assemblage,Birds
39,mergus_serrator,1,Assemblage,Birds
39,rallus_aquaticus,1,Assemblage,Birds
39,crex_crex,1,Assemblage,Birds
39,anser_indicus,1,Assemblage,Birds
39,larus_argentatus,1,Assemblage,Birds
40,craugastor_m,0,Community,Amphibians
40,crocodylus_acutus,1,Community,Amphibians
40,chapinophis_xanthocheilus,1,Community,Amphibians
40,pliocercus_elapoides,1,Community,Amphibians
40,tantilla_impensa,1,Community,Amphibians
40,micrurus_diastema,1,Community,Amphibians
40,micrurus_elegans,1,Community,Amphibians
40,aspidoscelis_motaguae,1,Community,Amphibians
40,amerotyphlops_tenuis,1,Community,Amphibians
40,bothriechis_aurifer,1,Community,Amphibians
40,porthidium_nasutum,1,Community,Amphibians
40,xenosaurus_grandis,1,Community,Amphibians
40,ctenosaura_similis,1,Community,Amphibians
40,anolis_rodriguezii,1,Community,Amphibians
40,anolis_petersii,1,Community,Amphibians
40,anolis_crassulus,1,Community,Amphibians
40,anolis_tropidonotus,1,Community,Amphibians
40,metlapilcoatlus_mexicanus,1,Community,Amphibians
40,bothrops_asper,1,Community,Amphibians
40,cerrophidion_godmani,1,Community,Amphibians
40,corytophanes_percarinatus,1,Community,Amphibians
40,leptodeira_annulata,1,Community,Amphibians
40,leptophis_mexicanus,1,Community,Amphibians
40,rhadinella_godmani,1,Community,Amphibians
40,tantilla_schistosa,1,Community,Amphibians
40,tretanorhinus_nigroluteus,1,Community,Amphibians
40,anolis_cobanensis,1,Community,Amphibians
40,anolis_unilobatus,1,Community,Amphibians
40,lampropeltis_abnorma,1,Community,Amphibians
40,caiman_crocodilus,1,Community,Amphibians
40,conophis_lineatus,1,Community,Amphibians
40,drymarchon_melanurus,1,Community,Amphibians
40,sibon_dimidiatus,1,Community,Amphibians
40,stenorrhina_freminvillei,1,Community,Amphibians
40,storeria_dekayi,1,Community,Amphibians
40,sceloporus_teapensis,1,Community,Amphibians
40,indotyphlops_braminus,1,Community,Amphibians
40,abronia_moreletii,1,Community,Amphibians
40,anolis_lemurinus,1,Community,Amphibians
40,anolis_capito,1,Community,Amphibians
40,bothriechis_schlegelii,1,Community,Amphibians
40,crotalus_simus,1,Community,Amphibians
40,laemanctus_longipes,1,Community,Amphibians
40,ninia_sebae,1,Community,Amphibians
40,rhadinaea_decorata,1,Community,Amphibians
40,sceloporus_variabilis,1,Community,Amphibians
40,sphaerodactylus_millepunctatus,1,Community,Amphibians
40,sphaerodactylus_glaucus,1,Community,Amphibians
40,scincella_incerta,1,Community,Amphibians
40,scincella_cherriei,1,Community,Amphibians
40,plestiodon_sumichrasti,1,Community,Amphibians
40,ninia_pavimentata,1,Community,Amphibians
40,porthidium_ophryomegas,1,Community,Amphibians
40,bauerus_dubiaquercus,1,Community,Amphibians
40,dermanura_azteca,1,Community,Amphibians
40,artibeus_lituratus,1,Community,Amphibians
40,balantiopteryx_plicata,1,Community,Amphibians
40,bassariscus_sumichrasti,1,Community,Amphibians
40,cabassous_centralis,1,Community,Amphibians
40,carollia_subrufa,1,Community,Amphibians
40,chironectes_minimus,1,Community,Amphibians
40,choeroniscus_godmani,1,Community,Amphibians
40,chrotopterus_auritus,1,Community,Amphibians
40,dasypus_novemcinctus,1,Community,Amphibians
40,neoeptesicus_furinalis,1,Community,Amphibians
40,eumops_auripendulus,1,Community,Amphibians
40,glaucomys_volans,1,Community,Amphibians
40,glossophaga_commissarisi,1,Community,Amphibians
40,herpailurus_yagouaroundi,1,Community,Amphibians
40,hylonycteris_underwoodi,1,Community,Amphibians
40,lasiurus_ega,1,Community,Amphibians
40,lasiurus_intermedius,1,Community,Amphibians
40,leopardus_pardalis,1,Community,Amphibians
40,lontra_longicaudis,1,Community,Amphibians
40,macrophyllum_macrophyllum,1,Community,Amphibians
40,lampronycteris_brachyotis,1,Community,Amphibians
40,micronycteris_schmidtorum,1,Community,Amphibians
40,molossus_sinaloae,1,Community,Amphibians
40,myotis_elegans,1,Community,Amphibians
40,myotis_nigricans,1,Community,Amphibians
40,myrmecophaga_tridactyla,1,Community,Amphibians
40,noctilio_leporinus,1,Community,Amphibians
40,oligoryzomys_fulvescens,1,Community,Amphibians
40,oryzomys_couesi,1,Community,Amphibians
40,phylloderma_stenops,1,Community,Amphibians
40,phyllostomus_discolor,1,Community,Amphibians
40,perimyotis_subflavus,1,Community,Amphibians
40,pteronotus_davyi,1,Community,Amphibians
40,pteronotus_gymnonotus,1,Community,Amphibians
40,puma_concolor,1,Community,Amphibians
40,reithrodontomys_gracilis,1,Community,Amphibians
40,sciurus_deppei,1,Community,Amphibians
40,scotinomys_teguina,1,Community,Amphibians
40,coendou_mexicanus,1,Community,Amphibians
40,tapirus_bairdii,1,Community,Amphibians
40,didelphis_marsupialis,1,Community,Amphibians
40,philander_opossum,1,Community,Amphibians
40,sorex_saussurei,1,Community,Amphibians
40,sorex_veraepacis,1,Community,Amphibians
40,conepatus_leuconotus,1,Community,Amphibians
40,mephitis_macroura,1,Community,Amphibians
40,eira_barbara,1,Community,Amphibians
40,neogale_frenata,1,Community,Amphibians
40,nasua_narica,1,Community,Amphibians
40,procyon_lotor,1,Community,Amphibians
40,pecari_tajacu,1,Community,Amphibians
40,odocoileus_virginianus,1,Community,Amphibians
40,peromyscus_beatae,1,Community,Amphibians
40,micronycteris_microtis,1,Community,Amphibians
40,sigmodon_hirsutus,1,Community,Amphibians
40,eumops_ferox,1,Community,Amphibians
40,anoura_geoffroyi,1,Community,Amphibians
40,lasiurus_blossevillii,1,Community,Amphibians
40,vampyrodes_major,1,Community,Amphibians
40,sturnira_parvidens,1,Community,Amphibians
40,cuniculus_paca,1,Community,Amphibians
40,alouatta_pigra,1,Community,Amphibians
40,enchisthenes_hartii,1,Community,Amphibians
40,dermanura_tolteca,1,Community,Amphibians
40,ateles_geoffroyi,1,Community,Amphibians
40,balantiopteryx_io,1,Community,Amphibians
40,caluromys_derbianus,1,Community,Amphibians
40,canis_latrans,1,Community,Amphibians
40,carollia_perspicillata,1,Community,Amphibians
40,centurio_senex,1,Community,Amphibians
40,chiroderma_salvini,1,Community,Amphibians
40,desmodus_rotundus,1,Community,Amphibians
40,diclidurus_albus,1,Community,Amphibians
40,diphylla_ecaudata,1,Community,Amphibians
40,eptesicus_fuscus,1,Community,Amphibians
40,eumops_underwoodi,1,Community,Amphibians
40,glossophaga_leachii,1,Community,Amphibians
40,glossophaga_soricina,1,Community,Amphibians
40,leopardus_wiedii,1,Community,Amphibians
40,lonchorhina_aurita,1,Community,Amphibians
40,molossus_rufus,1,Community,Amphibians
40,molossus_molossus,1,Community,Amphibians
40,mormoops_megalophylla,1,Community,Amphibians
40,myotis_keaysi,1,Community,Amphibians
40,myotis_velifer,1,Community,Amphibians
40,nyctinomops_laticaudatus,1,Community,Amphibians
40,nyctomys_sumichrasti,1,Community,Amphibians
40,orthogeomys_hispidus,1,Community,Amphibians
40,casiomys_alfaroi,1,Community,Amphibians
40,casiomys_rhabdops,1,Community,Amphibians
40,casiomys_saturatior,1,Community,Amphibians
40,ototylomys_phyllotis,1,Community,Amphibians
40,peromyscus_aztecus,1,Community,Amphibians
40,peromyscus_mexicanus,1,Community,Amphibians
40,pteronotus_personatus,1,Community,Amphibians
40,reithrodontomys_mexicanus,1,Community,Amphibians
40,reithrodontomys_sumichrasti,1,Community,Amphibians
40,rhogeessa_tumida,1,Community,Amphibians
40,tadarida_brasiliensis,1,Community,Amphibians
40,tamandua_mexicana,1,Community,Amphibians
40,lophostoma_evotis,1,Community,Amphibians
40,trachops_cirrhosus,1,Community,Amphibians
40,tylomys_nudicaudus,1,Community,Amphibians
40,urocyon_cinereoargenteus,1,Community,Amphibians
40,didelphis_virginiana,1,Community,Amphibians
40,marmosa_mexicana,1,Community,Amphibians
40,tonatia_saurophila,1,Community,Amphibians
40,galictis_vittata,1,Community,Amphibians
40,potos_flavus,1,Community,Amphibians
40,carollia_sowelli,1,Community,Amphibians
40,mazama_temama,1,Community,Amphibians
40,cryptotis_merriami,1,Community,Amphibians
40,spilogale_angustifrons,1,Community,Amphibians
40,cryptotis_tropicalis,1,Community,Amphibians
40,heteromys_desmarestianus,1,Community,Amphibians
40,sylvilagus_gabbi,1,Community,Amphibians
40,pteronotus_mesoamericanus,1,Community,Amphibians
40,promops_centralis,1,Community,Amphibians
40,artibeus_jamaicensis,1,Community,Amphibians
40,platyrrhinus_helleri,1,Community,Amphibians
40,natalus_mexicanus,1,Community,Amphibians
40,cyclopes_dorsalis,1,Community,Amphibians
40,scinax_staufferi,1,Community,Amphibians
40,plectrohyla_quecchi,1,Community,Amphibians
40,incilius_valliceps,1,Community,Amphibians
40,craugastor_bocourti,1,Community,Amphibians
40,ptychohyla_hypomykter,1,Community,Amphibians
40,lithobates_maculatus,1,Community,Amphibians
40,trachycephalus_vermiculatus,1,Community,Amphibians
40,agalychnis_moreletii,1,Community,Amphibians
40,bromeliohyla_bromeliacia,1,Community,Amphibians
40,craugastor_myllomyllon,1,Community,Amphibians
40,rhinella_horribilis,1,Community,Amphibians
40,bolitoglossa_odonnelli,1,Community,Amphibians
40,leptodactylus_fragilis,1,Community,Amphibians
40,craugastor_chac,1,Community,Amphibians
40,bolitoglossa_mexicana,1,Community,Amphibians
40,craugastor_xucanebi,1,Community,Amphibians
40,tlalocohyla_loquax,1,Community,Amphibians
40,bolitoglossa_dofleini,1,Community,Amphibians
40,craugastor_rivulus,1,Community,Amphibians
40,craugastor_sandersoni,1,Community,Amphibians
40,bolitoglossa_nympha,1,Community,Amphibians
40,bolitoglossa_helmrichi,1,Community,Amphibians
40,plectrohyla_teuchestes,1,Community,Amphibians
40,hyalinobatrachium_viridissimum,1,Community,Amphibians
41,hypselotriton_wol,0,Community,Amphibians
41,calotes_versicolor,1,Community,Amphibians
41,lepidodactylus_lugubris,1,Community,Amphibians
41,chrysopelea_ornata,1,Community,Amphibians
41,sphenomorphus_indicus,1,Community,Amphibians
41,trimeresurus_albolabris,1,Community,Amphibians
41,gekko_chinensis,1,Community,Amphibians
41,psammodynastes_pulverulentus,1,Community,Amphibians
41,oreocryptophis_porphyraceus,1,Community,Amphibians
41,azemiops_feae,1,Community,Amphibians
41,pseudoxenodon_macrops,1,Community,Amphibians
41,sinomicrurus_macclellandi,1,Community,Amphibians
41,rhabdophis_tigrinus,1,Community,Amphibians
41,lycodon_septentrionalis,1,Community,Amphibians
41,boiga_cyanea,1,Community,Amphibians
41,boiga_multomaculata,1,Community,Amphibians
41,plagiopholis_blakewayi,1,Community,Amphibians
41,pareas_monticola,1,Community,Amphibians
41,lycodon_rufozonatus,1,Community,Amphibians
41,trimerodytes_percarinatus,1,Community,Amphibians
41,lycodon_fasciatus,1,Community,Amphibians
41,calamaria_pavimentata,1,Community,Amphibians
41,python_bivittatus,1,Community,Amphibians
41,sibynophis_chinensis,1,Community,Amphibians
41,hemidactylus_bowringii,1,Community,Amphibians
41,hemidactylus_platyurus,1,Community,Amphibians
41,ovophis_makazayazaya,1,Community,Amphibians
41,rhabdophis_pentasupralabialis,1,Community,Amphibians
41,gekko_japonicus,1,Community,Amphibians
41,plestiodon_elegans,1,Community,Amphibians
41,calotes_emma,1,Community,Amphibians
41,dopasia_gracilis,1,Community,Amphibians
41,takydromus_septentrionalis,1,Community,Amphibians
41,scincella_barbouri,1,Community,Amphibians
41,scincella_doriae,1,Community,Amphibians
41,diploderma_varcoae,1,Community,Amphibians
41,plestiodon_chinensis,1,Community,Amphibians
41,lycodon_subcinctus,1,Community,Amphibians
41,hebius_octolineatus,1,Community,Amphibians
41,ptyas_mucosa,1,Community,Amphibians
41,amphiesma_stolatum,1,Community,Amphibians
41,dendrelaphis_pictus,1,Community,Amphibians
41,indotyphlops_braminus,1,Community,Amphibians
41,hemidactylus_garnotii,1,Community,Amphibians
41,oligodon_cinereus,1,Community,Amphibians
41,plagiopholis_nuchalis,1,Community,Amphibians
41,rhabdophis_nuchalis,1,Community,Amphibians
41,ophiophagus_hannah,1,Community,Amphibians
41,sibynophis_collaris,1,Community,Amphibians
41,xenopeltis_unicolor,1,Community,Amphibians
41,argyrophis_diardii,1,Community,Amphibians
41,coelognathus_radiatus,1,Community,Amphibians
41,oligodon_albocinctus,1,Community,Amphibians
41,pseudagkistrodon_rudis,1,Community,Amphibians
41,oligodon_chinensis,1,Community,Amphibians
41,sinomicrurus_kelloggi,1,Community,Amphibians
41,elaphe_carinata,1,Community,Amphibians
41,hebius_bitaeniatus,1,Community,Amphibians
41,trimeresurus_yunnanensis,1,Community,Amphibians
41,ptyas_major,1,Community,Amphibians
41,gonyosoma_prasinum,1,Community,Amphibians
41,boiga_kraepelini,1,Community,Amphibians
41,rhabdophis_subminiatus,1,Community,Amphibians
41,ptyas_korros,1,Community,Amphibians
41,trimeresurus_stejnegeri,1,Community,Amphibians
41,euprepiophis_mandarinus,1,Community,Amphibians
41,hebius_johannis,1,Community,Amphibians
41,pareas_hamptoni,1,Community,Amphibians
41,lycodon_laoensis,1,Community,Amphibians
41,elaphe_taeniura,1,Community,Amphibians
41,ptyas_nigromarginata,1,Community,Amphibians
41,eutropis_multifasciata,1,Community,Amphibians
41,subdoluseps_bowringii,1,Community,Amphibians
41,gekko_gecko,1,Community,Amphibians
41,dopasia_harti,1,Community,Amphibians
41,hemiphyllodactylus_yunnanensis,1,Community,Amphibians
41,takydromus_intermedius,1,Community,Amphibians
41,eutropis_longicaudata,1,Community,Amphibians
41,scincella_reevesii,1,Community,Amphibians
41,gekko_reevesii,1,Community,Amphibians
41,sphenomorphus_incognitus,1,Community,Amphibians
41,gekko_subpalmatus,1,Community,Amphibians
41,pareas_niger,1,Community,Amphibians
41,apodemus_chevrieri,1,Community,Amphibians
41,apodemus_peninsulae,1,Community,Amphibians
41,bandicota_indica,1,Community,Amphibians
41,callosciurus_erythraeus,1,Community,Amphibians
41,catopuma_temminckii,1,Community,Amphibians
41,catopuma_temminckii,1,Community,Amphibians
41,cynopterus_sphinx,1,Community,Amphibians
41,dremomys_pernyi,1,Community,Amphibians
41,eothenomys_olitor,1,Community,Amphibians
41,felis_chaus,1,Community,Amphibians
41,hipposideros_armiger,1,Community,Amphibians
41,ia_io,1,Community,Amphibians
41,lutra_lutra,1,Community,Amphibians
41,macaca_arctoides,1,Community,Amphibians
41,manis_pentadactyla,1,Community,Amphibians
41,moschus_berezovskii,1,Community,Amphibians
41,mus_caroli,1,Community,Amphibians
41,mus_pahari,1,Community,Amphibians
41,myotis_chinensis,1,Community,Amphibians
41,myotis_horsfieldii,1,Community,Amphibians
41,niviventer_fulvescens,1,Community,Amphibians
41,panthera_pardus,1,Community,Amphibians
41,panthera_tigris,1,Community,Amphibians
41,pardofelis_marmorata,1,Community,Amphibians
41,petaurista_alborufus,1,Community,Amphibians
41,petaurista_petaurista,1,Community,Amphibians
41,petaurista_philippensis,1,Community,Amphibians
41,pipistrellus_abramus,1,Community,Amphibians
41,pteropus_lylei,1,Community,Amphibians
41,rattus_losea,1,Community,Amphibians
41,rattus_rattus,1,Community,Amphibians
41,rhinolophus_ferrumequinum,1,Community,Amphibians
41,rhinolophus_affinis,1,Community,Amphibians
41,rhinolophus_luctus,1,Community,Amphibians
41,rhinolophus_malayanus,1,Community,Amphibians
41,rhinolophus_osgoodi,1,Community,Amphibians
41,rhinolophus_pearsonii,1,Community,Amphibians
41,rhinolophus_thomasi,1,Community,Amphibians
41,rhizomys_sinensis,1,Community,Amphibians
41,rousettus_leschenaultii,1,Community,Amphibians
41,sciurotamias_davidianus,1,Community,Amphibians
41,sciurotamias_forresti,1,Community,Amphibians
41,ursus_thibetanus,1,Community,Amphibians
41,ursus_thibetanus,1,Community,Amphibians
41,martes_foina,1,Community,Amphibians
41,chimarrogale_himalayica,1,Community,Amphibians
41,crocidura_fuliginosa,1,Community,Amphibians
41,uropsilus_gracilis,1,Community,Amphibians
41,melogale_moschata,1,Community,Amphibians
41,mustela_kathiah,1,Community,Amphibians
41,mustela_sibirica,1,Community,Amphibians
41,viverra_zibetha,1,Community,Amphibians
41,viverricula_indica,1,Community,Amphibians
41,rusa_unicolor,1,Community,Amphibians
41,muntiacus_reevesi,1,Community,Amphibians
41,muntiacus_reevesi,1,Community,Amphibians
41,crocidura_vorax,1,Community,Amphibians
41,muntiacus_vaginalis,1,Community,Amphibians
41,crocidura_attenuata,1,Community,Amphibians
41,urva_auropunctata,1,Community,Amphibians
41,urva_auropunctata,1,Community,Amphibians
41,arctonyx_collaris,1,Community,Amphibians
41,rhinolophus_schnitzleri,1,Community,Amphibians
41,murina_feae,1,Community,Amphibians
41,barbastella_leucomelas,1,Community,Amphibians
41,cnephaeus_pachyomus,1,Community,Amphibians
41,myotis_indochinensis,1,Community,Amphibians
41,myotis_muricola,1,Community,Amphibians
41,rhinolophus_pusillus,1,Community,Amphibians
41,myotis_fimbriatus,1,Community,Amphibians
41,capricornis_sumatraensis,1,Community,Amphibians
41,hipposideros_gentilis,1,Community,Amphibians
41,aselliscus_stoliczkanus,1,Community,Amphibians
41,berylmys_bowersii,1,Community,Amphibians
41,apodemus_draco,1,Community,Amphibians
41,atherurus_macrourus,1,Community,Amphibians
41,elaphodus_cephalophus,1,Community,Amphibians
41,eothenomys_melanogaster,1,Community,Amphibians
41,hipposideros_pratti,1,Community,Amphibians
41,hylopetes_alboniger,1,Community,Amphibians
41,hystrix_brachyura,1,Community,Amphibians
41,macaca_assamensis,1,Community,Amphibians
41,macaca_mulatta,1,Community,Amphibians
41,micromys_minutus,1,Community,Amphibians
41,mus_musculus,1,Community,Amphibians
41,myotis_altarium,1,Community,Amphibians
41,myotis_hasseltii,1,Community,Amphibians
41,neofelis_nebulosa,1,Community,Amphibians
41,niviventer_confucianus,1,Community,Amphibians
41,nyctereutes_procyonoides,1,Community,Amphibians
41,petaurista_elegans,1,Community,Amphibians
41,pipistrellus_paterculus,1,Community,Amphibians
41,hypsugo_pulveratus,1,Community,Amphibians
41,rattus_nitidus,1,Community,Amphibians
41,rattus_andamanensis,1,Community,Amphibians
41,rattus_tanezumi,1,Community,Amphibians
41,rhinolophus_macrotis,1,Community,Amphibians
41,rhinolophus_rex,1,Community,Amphibians
41,rhizomys_pruinosus,1,Community,Amphibians
41,scotomanes_ornatus,1,Community,Amphibians
41,scotophilus_heathii,1,Community,Amphibians
41,tamiops_swinhoei,1,Community,Amphibians
41,taphozous_melanopogon,1,Community,Amphibians
41,taphozous_theobaldi,1,Community,Amphibians
41,typhlomys_cinereus,1,Community,Amphibians
41,vulpes_vulpes,1,Community,Amphibians
41,lepus_comus,1,Community,Amphibians
41,chodsigoa_parca,1,Community,Amphibians
41,suncus_murinus,1,Community,Amphibians
41,scaptonyx_fusicaudus,1,Community,Amphibians
41,tupaia_belangeri,1,Community,Amphibians
41,rhinolophus_sinicus,1,Community,Amphibians
41,urva_urva,1,Community,Amphibians
41,paguma_larvata,1,Community,Amphibians
41,prionodon_pardicolor,1,Community,Amphibians
41,sus_scrofa,1,Community,Amphibians
41,myotis_davidii,1,Community,Amphibians
41,eothenomys_miletus,1,Community,Amphibians
41,blarinella_griselda,1,Community,Amphibians
41,myotis_laniger,1,Community,Amphibians
41,rhinolophus_huananus,1,Community,Amphibians
41,barbastella_darjelingensis,1,Community,Amphibians
41,myotis_badius,1,Community,Amphibians
41,prionailurus_bengalensis,1,Community,Amphibians
41,glyphoglossus_yunnanensis,1,Community,Amphibians
41,fejervarya_multistriata,1,Community,Amphibians
41,megophrys_minor,1,Community,Amphibians
41,hypselotriton_yunnanensis,1,Community,Amphibians
41,odorrana_grahami,1,Community,Amphibians
41,rana_chaochiaoensis,1,Community,Amphibians
41,hyla_annectans,1,Community,Amphibians
41,hypselotriton_wolterstorffi,1,Community,Amphibians
41,nanorana_yunnanensis,1,Community,Amphibians
41,odorrana_yunnanensis,1,Community,Amphibians
41,microhyla_fissipes,1,Community,Amphibians
41,nidirana_pleuraden,1,Community,Amphibians
41,aquarana_catesbeianus,1,Community,Amphibians
41,megophrys_platyparietus,1,Community,Amphibians
41,hoplobatrachus_rugulosus,1,Community,Amphibians
41,microhyla_butleri,1,Community,Amphibians
41,kaloula_verrucosa,1,Community,Amphibians
41,bufo_gargarizans,1,Community,Amphibians
41,hypselotriton_chenggongensis,1,Community,Amphibians
41,hypselotriton_chenggongensis,1,Community,Amphibians
41,hypselotriton_chenggongensis,1,Community,Amphibians
41,duttaphrynus_melanostictus,1,Community,Amphibians
41,bombina_maxima,1,Community,Amphibians
41,zhangixalus_feae,1,Community,Amphibians
41,hylarana_guentheri,1,Community,Amphibians
41,kurixalus_verrucosus,1,Community,Amphibians
42,craugast,0,Community,Amphibians
42,drymobius_chloroticus,1,Community,Amphibians
42,rhadinella_kinkelini,1,Community,Amphibians
42,thamnophis_fulvus,1,Community,Amphibians
42,ctenosaura_similis,1,Community,Amphibians
42,ninia_espinali,1,Community,Amphibians
42,anolis_tropidonotus,1,Community,Amphibians
42,enulius_flavitorques,1,Community,Amphibians
42,enulius_flavitorques,1,Community,Amphibians
42,leptodeira_annulata,1,Community,Amphibians
42,mastigodryas_dorsalis,1,Community,Amphibians
42,phyllodactylus_tuberculosus,1,Community,Amphibians
42,rhadinella_godmani,1,Community,Amphibians
42,stenorrhina_degenhardtii,1,Community,Amphibians
42,masticophis_mentovarius,1,Community,Amphibians
42,anolis_beckeri,1,Community,Amphibians
42,anolis_heteropholidotus,1,Community,Amphibians
42,tropidodipsas_fischeri,1,Community,Amphibians
42,lampropeltis_abnorma,1,Community,Amphibians
42,adelphicos_quadrivirgatum,1,Community,Amphibians
42,leptophis_modestus,1,Community,Amphibians
42,ninia_diademata,1,Community,Amphibians
42,sibon_dimidiatus,1,Community,Amphibians
42,stenorrhina_freminvillei,1,Community,Amphibians
42,abronia_moreletii,1,Community,Amphibians
42,anolis_laeviventris,1,Community,Amphibians
42,coniophanes_fissidens,1,Community,Amphibians
42,crotalus_simus,1,Community,Amphibians
42,ninia_sebae,1,Community,Amphibians
42,sceloporus_squamosus,1,Community,Amphibians
42,sceloporus_variabilis,1,Community,Amphibians
42,sibon_nebulatus,1,Community,Amphibians
42,siderolamprus_bivittatus,1,Community,Amphibians
42,sceloporus_malachiticus,1,Community,Amphibians
42,tantilla_taeniata,1,Community,Amphibians
42,coniophanes_piceivittis,1,Community,Amphibians
42,epictia_ater,1,Community,Amphibians
42,dermanura_azteca,1,Community,Amphibians
42,artibeus_lituratus,1,Community,Amphibians
42,balantiopteryx_plicata,1,Community,Amphibians
42,bassariscus_sumichrasti,1,Community,Amphibians
42,cabassous_centralis,1,Community,Amphibians
42,carollia_subrufa,1,Community,Amphibians
42,chironectes_minimus,1,Community,Amphibians
42,choeroniscus_godmani,1,Community,Amphibians
42,chrotopterus_auritus,1,Community,Amphibians
42,dasypus_novemcinctus,1,Community,Amphibians
42,eumops_auripendulus,1,Community,Amphibians
42,glaucomys_volans,1,Community,Amphibians
42,glossophaga_commissarisi,1,Community,Amphibians
42,herpailurus_yagouaroundi,1,Community,Amphibians
42,lasiurus_ega,1,Community,Amphibians
42,lasiurus_intermedius,1,Community,Amphibians
42,lontra_longicaudis,1,Community,Amphibians
42,macrophyllum_macrophyllum,1,Community,Amphibians
42,micronycteris_schmidtorum,1,Community,Amphibians
42,molossus_sinaloae,1,Community,Amphibians
42,myotis_elegans,1,Community,Amphibians
42,myotis_nigricans,1,Community,Amphibians
42,myrmecophaga_tridactyla,1,Community,Amphibians
42,noctilio_leporinus,1,Community,Amphibians
42,oligoryzomys_fulvescens,1,Community,Amphibians
42,oryzomys_couesi,1,Community,Amphibians
42,phyllostomus_discolor,1,Community,Amphibians
42,pteronotus_davyi,1,Community,Amphibians
42,pteronotus_gymnonotus,1,Community,Amphibians
42,puma_concolor,1,Community,Amphibians
42,sciurus_deppei,1,Community,Amphibians
42,scotinomys_teguina,1,Community,Amphibians
42,coendou_mexicanus,1,Community,Amphibians
42,tapirus_bairdii,1,Community,Amphibians
42,didelphis_marsupialis,1,Community,Amphibians
42,conepatus_leuconotus,1,Community,Amphibians
42,mephitis_macroura,1,Community,Amphibians
42,eira_barbara,1,Community,Amphibians
42,neogale_frenata,1,Community,Amphibians
42,nasua_narica,1,Community,Amphibians
42,procyon_lotor,1,Community,Amphibians
42,pecari_tajacu,1,Community,Amphibians
42,odocoileus_virginianus,1,Community,Amphibians
42,peromyscus_beatae,1,Community,Amphibians
42,micronycteris_microtis,1,Community,Amphibians
42,sigmodon_hirsutus,1,Community,Amphibians
42,leptonycteris_yerbabuenae,1,Community,Amphibians
42,eumops_ferox,1,Community,Amphibians
42,anoura_geoffroyi,1,Community,Amphibians
42,carollia_castanea,1,Community,Amphibians
42,lasiurus_blossevillii,1,Community,Amphibians
42,sturnira_parvidens,1,Community,Amphibians
42,dasyprocta_punctata,1,Community,Amphibians
42,cryptotis_celaque,1,Community,Amphibians
42,cuniculus_paca,1,Community,Amphibians
42,enchisthenes_hartii,1,Community,Amphibians
42,dermanura_tolteca,1,Community,Amphibians
42,ateles_geoffroyi,1,Community,Amphibians
42,baiomys_musculus,1,Community,Amphibians
42,canis_latrans,1,Community,Amphibians
42,carollia_perspicillata,1,Community,Amphibians
42,centurio_senex,1,Community,Amphibians
42,chiroderma_salvini,1,Community,Amphibians
42,choeronycteris_mexicana,1,Community,Amphibians
42,desmodus_rotundus,1,Community,Amphibians
42,diclidurus_albus,1,Community,Amphibians
42,diphylla_ecaudata,1,Community,Amphibians
42,eptesicus_fuscus,1,Community,Amphibians
42,eumops_underwoodi,1,Community,Amphibians
42,glossophaga_leachii,1,Community,Amphibians
42,glossophaga_soricina,1,Community,Amphibians
42,leopardus_wiedii,1,Community,Amphibians
42,heteromys_salvini,1,Community,Amphibians
42,molossus_rufus,1,Community,Amphibians
42,molossus_molossus,1,Community,Amphibians
42,mormoops_megalophylla,1,Community,Amphibians
42,myotis_keaysi,1,Community,Amphibians
42,myotis_velifer,1,Community,Amphibians
42,neotoma_mexicana,1,Community,Amphibians
42,noctilio_albiventris,1,Community,Amphibians
42,nyctomys_sumichrasti,1,Community,Amphibians
42,casiomys_alfaroi,1,Community,Amphibians
42,casiomys_saturatior,1,Community,Amphibians
42,ototylomys_phyllotis,1,Community,Amphibians
42,peromyscus_aztecus,1,Community,Amphibians
42,peromyscus_mexicanus,1,Community,Amphibians
42,pteronotus_personatus,1,Community,Amphibians
42,reithrodontomys_fulvescens,1,Community,Amphibians
42,reithrodontomys_mexicanus,1,Community,Amphibians
42,reithrodontomys_sumichrasti,1,Community,Amphibians
42,rhogeessa_tumida,1,Community,Amphibians
42,sciurus_variegatoides,1,Community,Amphibians
42,tadarida_brasiliensis,1,Community,Amphibians
42,tamandua_mexicana,1,Community,Amphibians
42,thyroptera_tricolor,1,Community,Amphibians
42,trachops_cirrhosus,1,Community,Amphibians
42,tylomys_nudicaudus,1,Community,Amphibians
42,urocyon_cinereoargenteus,1,Community,Amphibians
42,alouatta_palliata,1,Community,Amphibians
42,didelphis_virginiana,1,Community,Amphibians
42,marmosa_mexicana,1,Community,Amphibians
42,sylvilagus_floridanus,1,Community,Amphibians
42,galictis_vittata,1,Community,Amphibians
42,potos_flavus,1,Community,Amphibians
42,carollia_sowelli,1,Community,Amphibians
42,mazama_temama,1,Community,Amphibians
42,cryptotis_merriami,1,Community,Amphibians
42,spilogale_angustifrons,1,Community,Amphibians
42,cryptotis_orophila,1,Community,Amphibians
42,heteromys_desmarestianus,1,Community,Amphibians
42,cryptotis_goodwini,1,Community,Amphibians
42,sylvilagus_gabbi,1,Community,Amphibians
42,pteronotus_mesoamericanus,1,Community,Amphibians
42,promops_centralis,1,Community,Amphibians
42,artibeus_jamaicensis,1,Community,Amphibians
42,sturnira_hondurensis,1,Community,Amphibians
42,platyrrhinus_helleri,1,Community,Amphibians
42,natalus_mexicanus,1,Community,Amphibians
42,leptodactylus_melanonotus,1,Community,Amphibians
42,smilisca_baudinii,1,Community,Amphibians
42,scinax_staufferi,1,Community,Amphibians
42,ptychohyla_hypomykter,1,Community,Amphibians
42,lithobates_maculatus,1,Community,Amphibians
42,dendropsophus_microcephalus,1,Community,Amphibians
42,plectrohyla_calvata,1,Community,Amphibians
42,hypopachus_variolosus,1,Community,Amphibians
42,rhinella_horribilis,1,Community,Amphibians
42,leptodactylus_fragilis,1,Community,Amphibians
42,bolitoglossa_mexicana,1,Community,Amphibians
42,duellmanohyla_salvadorensis,1,Community,Amphibians
42,hypopachus_barberi,1,Community,Amphibians
42,engystomops_pustulosus,1,Community,Amphibians
42,leptodactylus_silvanimbus,1,Community,Amphibians
42,incilius_porteri,1,Community,Amphibians
42,bolitoglossa_conanti,1,Community,Amphibians
42,craugastor_anciano,1,Community,Amphibians
42,plectrohyla_matudai,1,Community,Amphibians
43,plethodon_,0,Community,Amphibians
43,alligator_mississippiensis,1,Community,Amphibians
43,masticophis_flagellum,1,Community,Amphibians
43,thamnophis_sirtalis,1,Community,Amphibians
43,cemophora_coccinea,1,Community,Amphibians
43,farancia_erytrogramma,1,Community,Amphibians
43,heterodon_platirhinos,1,Community,Amphibians
43,regina_septemvittata,1,Community,Amphibians
43,micrurus_fulvius,1,Community,Amphibians
43,anolis_carolinensis,1,Community,Amphibians
43,agkistrodon_contortrix,1,Community,Amphibians
43,agkistrodon_piscivorus,1,Community,Amphibians
43,chelydra_serpentina,1,Community,Amphibians
43,apalone_spinifera,1,Community,Amphibians
43,lampropeltis_elapsoides,1,Community,Amphibians
43,pantherophis_spiloides,1,Community,Amphibians
43,kinosternon_subrubrum,1,Community,Amphibians
43,nerodia_sipedon,1,Community,Amphibians
43,ophisaurus_attenuatus,1,Community,Amphibians
43,carphophis_amoenus,1,Community,Amphibians
43,diadophis_punctatus,1,Community,Amphibians
43,farancia_abacura,1,Community,Amphibians
43,lampropeltis_calligaster,1,Community,Amphibians
43,nerodia_erythrogaster,1,Community,Amphibians
43,nerodia_rhombifer,1,Community,Amphibians
43,opheodrys_aestivus,1,Community,Amphibians
43,pantherophis_guttatus,1,Community,Amphibians
43,pituophis_melanoleucus,1,Community,Amphibians
43,tantilla_coronata,1,Community,Amphibians
43,thamnophis_saurita,1,Community,Amphibians
43,virginia_striatula,1,Community,Amphibians
43,virginia_valeriae,1,Community,Amphibians
43,sceloporus_undulatus,1,Community,Amphibians
43,plestiodon_anthracinus,1,Community,Amphibians
43,plestiodon_fasciatus,1,Community,Amphibians
43,plestiodon_inexpectatus,1,Community,Amphibians
43,plestiodon_laticeps,1,Community,Amphibians
43,scincella_lateralis,1,Community,Amphibians
43,aspidoscelis_sexlineata,1,Community,Amphibians
43,crotalus_horridus,1,Community,Amphibians
43,sistrurus_miliarius,1,Community,Amphibians
43,sternotherus_odoratus,1,Community,Amphibians
43,lampropeltis_nigra,1,Community,Amphibians
43,castor_canadensis,1,Community,Amphibians
43,dasypus_novemcinctus,1,Community,Amphibians
43,glaucomys_volans,1,Community,Amphibians
43,lasionycteris_noctivagans,1,Community,Amphibians
43,lasiurus_cinereus,1,Community,Amphibians
43,lasiurus_intermedius,1,Community,Amphibians
43,lasiurus_seminolus,1,Community,Amphibians
43,myotis_austroriparius,1,Community,Amphibians
43,peromyscus_leucopus,1,Community,Amphibians
43,perimyotis_subflavus,1,Community,Amphibians
43,corynorhinus_rafinesquii,1,Community,Amphibians
43,sciurus_niger,1,Community,Amphibians
43,sigmodon_hispidus,1,Community,Amphibians
43,sorex_longirostris,1,Community,Amphibians
43,blarina_carolinensis,1,Community,Amphibians
43,spilogale_putorius,1,Community,Amphibians
43,neogale_frenata,1,Community,Amphibians
43,procyon_lotor,1,Community,Amphibians
43,odocoileus_virginianus,1,Community,Amphibians
43,tamias_striatus,1,Community,Amphibians
43,microtus_pinetorum,1,Community,Amphibians
43,neotoma_floridana,1,Community,Amphibians
43,ochrotomys_nuttalli,1,Community,Amphibians
43,reithrodontomys_humulis,1,Community,Amphibians
43,canis_latrans,1,Community,Amphibians
43,eptesicus_fuscus,1,Community,Amphibians
43,lasiurus_borealis,1,Community,Amphibians
43,lontra_canadensis,1,Community,Amphibians
43,lynx_rufus,1,Community,Amphibians
43,mus_musculus,1,Community,Amphibians
43,myotis_lucifugus,1,Community,Amphibians
43,nycticeius_humeralis,1,Community,Amphibians
43,reithrodontomys_fulvescens,1,Community,Amphibians
43,tadarida_brasiliensis,1,Community,Amphibians
43,urocyon_cinereoargenteus,1,Community,Amphibians
43,vulpes_vulpes,1,Community,Amphibians
43,didelphis_virginiana,1,Community,Amphibians
43,sylvilagus_aquaticus,1,Community,Amphibians
43,sylvilagus_floridanus,1,Community,Amphibians
43,cryptotis_parva,1,Community,Amphibians
43,scalopus_aquaticus,1,Community,Amphibians
43,mephitis_mephitis,1,Community,Amphibians
43,neogale_vison,1,Community,Amphibians
43,ursus_americanus,1,Community,Amphibians
43,sciurus_carolinensis,1,Community,Amphibians
43,peromyscus_gossypinus,1,Community,Amphibians
43,oryzomys_palustris,1,Community,Amphibians
43,plethodon_ainsworthi,1,Community,Amphibians
43,necturus_beyeri,1,Community,Amphibians
43,dryophytes_squirellus,1,Community,Amphibians
43,ambystoma_texanum,1,Community,Amphibians
43,lithobates_palustris,1,Community,Amphibians
43,ambystoma_talpoideum,1,Community,Amphibians
43,ambystoma_maculatum,1,Community,Amphibians
43,lithobates_sphenocephalus,1,Community,Amphibians
43,ambystoma_opacum,1,Community,Amphibians
43,eurycea_paludicola,1,Community,Amphibians
43,eurycea_cirrigera,1,Community,Amphibians
43,dryophytes_cinereus,1,Community,Amphibians
43,scaphiopus_holbrookii,1,Community,Amphibians
43,notophthalmus_viridescens,1,Community,Amphibians
43,acris_gryllus,1,Community,Amphibians
43,dryophytes_chrysoscelis,1,Community,Amphibians
43,eurycea_guttolineata,1,Community,Amphibians
43,siren_intermedia,1,Community,Amphibians
43,dryophytes_avivoca,1,Community,Amphibians
43,anaxyrus_terrestris,1,Community,Amphibians
43,pseudotriton_ruber,1,Community,Amphibians
43,desmognathus_conanti,1,Community,Amphibians
43,amphiuma_tridactylum,1,Community,Amphibians
43,aquarana_catesbeianus,1,Community,Amphibians
43,pseudacris_fouquettei,1,Community,Amphibians
43,anaxyrus_fowleri,1,Community,Amphibians
43,pseudacris_crucifer,1,Community,Amphibians
43,dryophytes_femoralis,1,Community,Amphibians
43,plethodon_glutinosus,1,Community,Amphibians
43,acris_crepitans,1,Community,Amphibians
43,aquarana_clamitans,1,Community,Amphibians
43,desmognathus_valentinei,1,Community,Amphibians
43,gastrophryne_carolinensis,1,Community,Amphibians
44,nectophrynoides_,0,Community,Amphibians
44,stigmochelys_pardalis,1,Community,Amphibians
44,rieppeleon_brevicaudatus,1,Community,Amphibians
44,chamaeleo_anchietae,1,Community,Amphibians
44,hemidactylus_platycephalus,1,Community,Amphibians
44,chamaeleo_dilepis,1,Community,Amphibians
44,hemidactylus_mabouia,1,Community,Amphibians
44,varanus_niloticus,1,Community,Amphibians
44,meizodon_semiornatus,1,Community,Amphibians
44,trachylepis_striata,1,Community,Amphibians
44,broadleysaurus_major,1,Community,Amphibians
44,trachylepis_maculilabris,1,Community,Amphibians
44,aparallactus_lunulatus,1,Community,Amphibians
44,crotaphopeltis_hotamboeia,1,Community,Amphibians
44,dasypeltis_medici,1,Community,Amphibians
44,thelotornis_mossambicanus,1,Community,Amphibians
44,melanoseps_loveridgei,1,Community,Amphibians
44,atractaspis_bibronii,1,Community,Amphibians
44,agama_mossambica,1,Community,Amphibians
44,philothamnus_punctatus,1,Community,Amphibians
44,psammophis_angolensis,1,Community,Amphibians
44,trachylepis_planifrons,1,Community,Amphibians
44,trachylepis_varia,1,Community,Amphibians
44,trachylepis_varia,1,Community,Amphibians
44,trachylepis_varia,1,Community,Amphibians
44,trachylepis_varia,1,Community,Amphibians
44,trachylepis_varia,1,Community,Amphibians
44,afrotyphlops_dinga,1,Community,Amphibians
44,varanus_albigularis,1,Community,Amphibians
44,afrotyphlops_nigrocandidus,1,Community,Amphibians
44,philothamnus_angolensis,1,Community,Amphibians
44,ancylodactylus_uzungwae,1,Community,Amphibians
44,lygodactylus_angolensis,1,Community,Amphibians
44,lygodactylus_angularis,1,Community,Amphibians
44,agama_dodomae,1,Community,Amphibians
44,melanoseps_uzungwensis,1,Community,Amphibians
44,pseudaspis_cana,1,Community,Amphibians
44,chondrodactylus_laevigatus,1,Community,Amphibians
44,trioceros_goetzei,1,Community,Amphibians
44,lycodonomorphus_whytii,1,Community,Amphibians
44,natriciteres_olivacea,1,Community,Amphibians
44,dendroaspis_polylepis,1,Community,Amphibians
44,mochlus_sundevallii,1,Community,Amphibians
44,boaedon_fuliginosus,1,Community,Amphibians
44,lycophidion_capense,1,Community,Amphibians
44,dispholidus_typus,1,Community,Amphibians
44,chondrodactylus_turneri,1,Community,Amphibians
44,meroles_squamulosus,1,Community,Amphibians
44,bitis_arietans,1,Community,Amphibians
44,philothamnus_semivariegatus,1,Community,Amphibians
44,panaspis_wahlbergii,1,Community,Amphibians
44,crotaphopeltis_tornieri,1,Community,Amphibians
44,telescopus_semiannulatus,1,Community,Amphibians
44,naja_nigricollis,1,Community,Amphibians
44,lycophidion_depressirostre,1,Community,Amphibians
44,hemirhagerrhis_nototaenia,1,Community,Amphibians
44,psammophylax_variabilis,1,Community,Amphibians
44,python_natalensis,1,Community,Amphibians
44,python_sebae,1,Community,Amphibians
44,causus_rhombeatus,1,Community,Amphibians
44,causus_defilippii,1,Community,Amphibians
44,leptosiaphos_kilimensis,1,Community,Amphibians
44,philothamnus_hoplogaster,1,Community,Amphibians
44,chamaesaura_miopropus,1,Community,Amphibians
44,cordylus_tropidosternum,1,Community,Amphibians
44,ichnotropis_bivittata,1,Community,Amphibians
44,buhoma_procterae,1,Community,Amphibians
44,duberria_shirana,1,Community,Amphibians
44,psammophis_mossambicus,1,Community,Amphibians
44,dasypeltis_scabra,1,Community,Amphibians
44,acanthocercus_gregorii,1,Community,Amphibians
44,boaedon_capensis,1,Community,Amphibians
44,arvicanthis_neumanni,1,Community,Amphibians
44,lupulella_adustus,1,Community,Amphibians
44,cercopithecus_mitis,1,Community,Amphibians
44,mops_bivittatus,1,Community,Amphibians
44,colobus_angolensis,1,Community,Amphibians
44,crocuta_crocuta,1,Community,Amphibians
44,dasymys_incomtus,1,Community,Amphibians
44,diceros_bicornis,1,Community,Amphibians
44,paragalago_zanzibaricus,1,Community,Amphibians
44,grammomys_dolichurus,1,Community,Amphibians
44,grammomys_macmillani,1,Community,Amphibians
44,heliophobius_argenteocinereus,1,Community,Amphibians
44,heterohyrax_brucei,1,Community,Amphibians
44,hystrix_cristata,1,Community,Amphibians
44,kerivoula_argentata,1,Community,Amphibians
44,kerivoula_lanosa,1,Community,Amphibians
44,lavia_frons,1,Community,Amphibians
44,smutsia_temminckii,1,Community,Amphibians
44,mastomys_natalensis,1,Community,Amphibians
44,mus_minutoides,1,Community,Amphibians
44,myotis_bocagii,1,Community,Amphibians
44,myotis_tricolor,1,Community,Amphibians
44,nycteris_grandis,1,Community,Amphibians
44,nycteris_macrotis,1,Community,Amphibians
44,nycteris_thebaica,1,Community,Amphibians
44,otolemur_garnettii,1,Community,Amphibians
44,otomops_martiensseni,1,Community,Amphibians
44,panthera_pardus,1,Community,Amphibians
44,paraxerus_vexillarius,1,Community,Amphibians
44,paraxerus_flavovittis,1,Community,Amphibians
44,pelomys_fallax,1,Community,Amphibians
44,praomys_delectorum,1,Community,Amphibians
44,raphicerus_sharpei,1,Community,Amphibians
44,rattus_rattus,1,Community,Amphibians
44,redunca_arundinum,1,Community,Amphibians
44,redunca_redunca,1,Community,Amphibians
44,rhinolophus_landeri,1,Community,Amphibians
44,saccostomus_campestris,1,Community,Amphibians
44,scotoecus_albofuscus,1,Community,Amphibians
44,sylvicapra_grimmia,1,Community,Amphibians
44,syncerus_caffer,1,Community,Amphibians
44,thryonomys_swinderianus,1,Community,Amphibians
44,tragelaphus_scriptus,1,Community,Amphibians
44,tragelaphus_strepsiceros,1,Community,Amphibians
44,atelerix_albiventris,1,Community,Amphibians
44,crocidura_fuscomurina,1,Community,Amphibians
44,crocidura_nigrofusca,1,Community,Amphibians
44,crocidura_olivieri,1,Community,Amphibians
44,crocidura_turba,1,Community,Amphibians
44,suncus_megalura,1,Community,Amphibians
44,orycteropus_afer,1,Community,Amphibians
44,atilax_paludinosus,1,Community,Amphibians
44,herpestes_ichneumon,1,Community,Amphibians
44,mungos_mungo,1,Community,Amphibians
44,genetta_fieldiana,1,Community,Amphibians
44,phacochoerus_africanus,1,Community,Amphibians
44,potamochoerus_larvatus,1,Community,Amphibians
44,lepus_victoriae,1,Community,Amphibians
44,petrodromus_tetradactylus,1,Community,Amphibians
44,glauconycteris_argentata,1,Community,Amphibians
44,glauconycteris_variegata,1,Community,Amphibians
44,laephotis_capensis,1,Community,Amphibians
44,neoromicia_melckorum,1,Community,Amphibians
44,pseudoromicia_rendalli,1,Community,Amphibians
44,macronycteris_vittata,1,Community,Amphibians
44,mus_musculoides,1,Community,Amphibians
44,dendrohyrax_validus,1,Community,Amphibians
44,epomophorus_minor,1,Community,Amphibians
44,epomophorus_minor,1,Community,Amphibians
44,felis_lybica,1,Community,Amphibians
44,acinonyx_jubatus,1,Community,Amphibians
44,aepyceros_melampus,1,Community,Amphibians
44,aethomys_chrysophilus,1,Community,Amphibians
44,aethomys_kaiseri,1,Community,Amphibians
44,alcelaphus_buselaphus,1,Community,Amphibians
44,anomalurus_derbianus,1,Community,Amphibians
44,aonyx_capensis,1,Community,Amphibians
44,caracal_caracal,1,Community,Amphibians
44,philantomba_monticola,1,Community,Amphibians
44,cephalophus_harveyi,1,Community,Amphibians
44,dendrohyrax_arboreus,1,Community,Amphibians
44,eidolon_helvum,1,Community,Amphibians
44,epomophorus_wahlbergi,1,Community,Amphibians
44,galago_senegalensis,1,Community,Amphibians
44,hipposideros_ruber,1,Community,Amphibians
44,hippotragus_niger,1,Community,Amphibians
44,hystrix_africaeaustralis,1,Community,Amphibians
44,kobus_ellipsiprymnus,1,Community,Amphibians
44,laephotis_wintoni,1,Community,Amphibians
44,leptailurus_serval,1,Community,Amphibians
44,lycaon_pictus,1,Community,Amphibians
44,miniopterus_fraterculus,1,Community,Amphibians
44,mops_condylurus,1,Community,Amphibians
44,myotis_welwitschii,1,Community,Amphibians
44,nesotragus_moschatus,1,Community,Amphibians
44,oreotragus_oreotragus,1,Community,Amphibians
44,otocyon_megalotis,1,Community,Amphibians
44,otolemur_crassicaudatus,1,Community,Amphibians
44,panthera_leo,1,Community,Amphibians
44,rhinolophus_fumigatus,1,Community,Amphibians
44,rhinolophus_simulator,1,Community,Amphibians
44,rhinopoma_macinnesi,1,Community,Amphibians
44,rhynchocyon_cirnei,1,Community,Amphibians
44,scotoecus_hirundo,1,Community,Amphibians
44,scotophilus_nigrita,1,Community,Amphibians
44,scotophilus_viridis,1,Community,Amphibians
44,steatomys_pratensis,1,Community,Amphibians
44,tadarida_ventralis,1,Community,Amphibians
44,gerbilliscus_leucogaster,1,Community,Amphibians
44,gerbilliscus_validus,1,Community,Amphibians
44,thallomys_paedulcus,1,Community,Amphibians
44,tragelaphus_oryx,1,Community,Amphibians
44,uranomys_ruddi,1,Community,Amphibians
44,chrysochloris_stuhlmanni,1,Community,Amphibians
44,equus_quagga,1,Community,Amphibians
44,crocidura_hildegardeae,1,Community,Amphibians
44,crocidura_hirta,1,Community,Amphibians
44,crocidura_luna,1,Community,Amphibians
44,nandinia_binotata,1,Community,Amphibians
44,bdeogale_crassicauda,1,Community,Amphibians
44,herpestes_sanguineus,1,Community,Amphibians
44,helogale_parvula,1,Community,Amphibians
44,ichneumia_albicauda,1,Community,Amphibians
44,rhynchogale_melleri,1,Community,Amphibians
44,mellivora_capensis,1,Community,Amphibians
44,ictonyx_striatus,1,Community,Amphibians
44,poecilogale_albinucha,1,Community,Amphibians
44,civettictis_civetta,1,Community,Amphibians
44,genetta_genetta,1,Community,Amphibians
44,myonycteris_angolensis,1,Community,Amphibians
44,miniopterus_africanus,1,Community,Amphibians
44,afronycteris_nanus,1,Community,Amphibians
44,otomys_lacustris,1,Community,Amphibians
44,acomys_ngurui,1,Community,Amphibians
44,hylomyscus_arcimontensis,1,Community,Amphibians
44,lophuromys_machangui,1,Community,Amphibians
44,rhinolophus_hildebrandtii,1,Community,Amphibians
44,paragalago_granti,1,Community,Amphibians
44,papio_cynocephalus,1,Community,Amphibians
44,cricetomys_ansorgei,1,Community,Amphibians
44,crocidura_munissii,1,Community,Amphibians
44,chlorocebus_pygerythrus,1,Community,Amphibians
44,sclerophrys_pusilla,1,Community,Amphibians
44,arthroleptis_affinis,1,Community,Amphibians
44,ptychadena_taenioscelis,1,Community,Amphibians
44,phrynomantis_bifasciatus,1,Community,Amphibians
44,phrynobatrachus_mababiensis,1,Community,Amphibians
44,phrynobatrachus_acridoides,1,Community,Amphibians
44,hylarana_galamensis,1,Community,Amphibians
44,hyperolius_mitchelli,1,Community,Amphibians
44,chiromantis_xerampelina,1,Community,Amphibians
44,kassina_senegalensis,1,Community,Amphibians
44,hyperolius_substriatus,1,Community,Amphibians
44,pyxicephalus_edulis,1,Community,Amphibians
44,hyperolius_marginatus,1,Community,Amphibians
44,ptychadena_mossambica,1,Community,Amphibians
44,mertensophryne_micranotis,1,Community,Amphibians
44,ptychadena_schillukorum,1,Community,Amphibians
44,xenopus_muelleri,1,Community,Amphibians
44,ptychadena_anchietae,1,Community,Amphibians
44,sclerophrys_gutturalis,1,Community,Amphibians
44,leptopelis_bocagii,1,Community,Amphibians
44,hyperolius_glandicolor,1,Community,Amphibians
44,spelaeophryne_methneri,1,Community,Amphibians
44,probreviceps_loveridgei,1,Community,Amphibians
44,leptopelis_flavomaculatus,1,Community,Amphibians
44,afrixalus_quadrivittatus,1,Community,Amphibians
44,hyperolius_kivuensis,1,Community,Amphibians
44,amietia_nutti,1,Community,Amphibians
44,hildebrandtia_ornata,1,Community,Amphibians
44,afrixalus_stuhlmanni,1,Community,Amphibians
44,schismaderma_carens,1,Community,Amphibians
44,hemisus_marmoratus,1,Community,Amphibians
44,nectophrynoides_asperginis,1,Community,Amphibians
44,phrynobatrachus_natalensis,1,Community,Amphibians
44,hyperolius_tuberilinguis,1,Community,Amphibians
44,ptychadena_nilotica,1,Community,Amphibians
44,arthroleptis_stenodactylus,1,Community,Amphibians
44,ptychadena_uzungwensis,1,Community,Amphibians
44,ptychadena_porosissima,1,Community,Amphibians
44,arthroleptis_xenodactyloides,1,Community,Amphibians
44,mertensophryne_taitana,1,Community,Amphibians
44,ptychadena_oxyrhynchus,1,Community,Amphibians
45,boan,0,Community,Amphibians
45,erythrolamprus_atraventer,1,Community,Amphibians
45,caiman_latirostris,1,Community,Amphibians
45,tomodon_dorsatus,1,Community,Amphibians
45,amphisbaena_alba,1,Community,Amphibians
45,dibernardia_affinis,1,Community,Amphibians
45,xenopholis_scalaris,1,Community,Amphibians
45,tropidodryas_serra,1,Community,Amphibians
45,dipsas_ventrimaculata,1,Community,Amphibians
45,bothrops_itapetiningae,1,Community,Amphibians
45,urostrophus_grilli,1,Community,Amphibians
45,crotalus_durissus,1,Community,Amphibians
45,cercosaura_schreibersii,1,Community,Amphibians
45,bothrops_jararacussu,1,Community,Amphibians
45,caaeteboia_amarali,1,Community,Amphibians
45,mussurana_quimi,1,Community,Amphibians
45,lygophis_meridionalis,1,Community,Amphibians
45,uromacerina_ricardinii,1,Community,Amphibians
45,hemidactylus_mabouia,1,Community,Amphibians
45,boa_constrictor,1,Community,Amphibians
45,imantodes_cenchoa,1,Community,Amphibians
45,leptodeira_annulata,1,Community,Amphibians
45,oxyrhopus_petolarius,1,Community,Amphibians
45,enyalius_iheringii,1,Community,Amphibians
45,enyalius_perditus,1,Community,Amphibians
45,polychrus_acutirostris,1,Community,Amphibians
45,liotyphlops_ternetzii,1,Community,Amphibians
45,corallus_hortulana,1,Community,Amphibians
45,chironius_exoletus,1,Community,Amphibians
45,tantilla_melanocephala,1,Community,Amphibians
45,clelia_plumbea,1,Community,Amphibians
45,phimophis_guerini,1,Community,Amphibians
45,pseudoboa_nigra,1,Community,Amphibians
45,pseudoboa_serrana,1,Community,Amphibians
45,apostolepis_dimidiata,1,Community,Amphibians
45,atractus_zebrinus,1,Community,Amphibians
45,echinanthera_cyanopleura,1,Community,Amphibians
45,amnisiophis_amoenus,1,Community,Amphibians
45,helicops_carinicaudus,1,Community,Amphibians
45,helicops_infrataeniatus,1,Community,Amphibians
45,helicops_modestus,1,Community,Amphibians
45,oxyrhopus_trigeminus,1,Community,Amphibians
45,oxyrhopus_guibei,1,Community,Amphibians
45,phalotris_reticulatus,1,Community,Amphibians
45,dipsas_turgida,1,Community,Amphibians
45,dipsas_neuwiedi,1,Community,Amphibians
45,dibernardia_bilineata,1,Community,Amphibians
45,adelphostigma_occipitalis,1,Community,Amphibians
45,tropidodryas_striaticeps,1,Community,Amphibians
45,xenodon_merremii,1,Community,Amphibians
45,xenopholis_undulatus,1,Community,Amphibians
45,micrurus_decoratus,1,Community,Amphibians
45,micrurus_lemniscatus,1,Community,Amphibians
45,amerotyphlops_brongersmianus,1,Community,Amphibians
45,bothrops_neuwiedi,1,Community,Amphibians
45,bothrops_alternatus,1,Community,Amphibians
45,anolis_punctatus,1,Community,Amphibians
45,cercosaura_quadrilineata,1,Community,Amphibians
45,kentropyx_paulensis,1,Community,Amphibians
45,chironius_laevicollis,1,Community,Amphibians
45,chironius_quadricarinatus,1,Community,Amphibians
45,erythrolamprus_reginae,1,Community,Amphibians
45,erythrolamprus_typhlus,1,Community,Amphibians
45,notomabuya_frenata,1,Community,Amphibians
45,psychosaura_macrorhyncha,1,Community,Amphibians
45,tropidurus_itambere,1,Community,Amphibians
45,dipsas_alternans,1,Community,Amphibians
45,dipsas_bucephala,1,Community,Amphibians
45,erythrolamprus_almadensis,1,Community,Amphibians
45,erythrolamprus_frenatus,1,Community,Amphibians
45,diploglossus_fasciatus,1,Community,Amphibians
45,leposternon_microcephalum,1,Community,Amphibians
45,amphisbaena_prunicolor,1,Community,Amphibians
45,chironius_foveatus,1,Community,Amphibians
45,gomesophis_brasiliensis,1,Community,Amphibians
45,placosoma_glabellum,1,Community,Amphibians
45,dipsas_albifrons,1,Community,Amphibians
45,xenodon_neuwiedii,1,Community,Amphibians
45,liotyphlops_beui,1,Community,Amphibians
45,echinanthera_undulata,1,Community,Amphibians
45,erythrolamprus_jaegeri,1,Community,Amphibians
45,rhachidelus_brazili,1,Community,Amphibians
45,siphlophis_pulcher,1,Community,Amphibians
45,mesotes_strigatus,1,Community,Amphibians
45,placosoma_cordylinum,1,Community,Amphibians
45,mussurana_montana,1,Community,Amphibians
45,spilotes_pullatus,1,Community,Amphibians
45,leptophis_ahaetulla,1,Community,Amphibians
45,enyalius_brasiliensis,1,Community,Amphibians
45,urostrophus_vautieri,1,Community,Amphibians
45,ameiva_ameiva,1,Community,Amphibians
45,palusophis_bifossatus,1,Community,Amphibians
45,erythrolamprus_aesculapii,1,Community,Amphibians
45,siphlophis_longicaudatus,1,Community,Amphibians
45,epicrates_crassus,1,Community,Amphibians
45,atractus_reticulatus,1,Community,Amphibians
45,atractus_serranus,1,Community,Amphibians
45,atractus_trihedrurus,1,Community,Amphibians
45,boiruna_maculata,1,Community,Amphibians
45,chironius_flavolineatus,1,Community,Amphibians
45,dipsas_indica,1,Community,Amphibians
45,echinanthera_cephalostriata,1,Community,Amphibians
45,echinanthera_melanostigma,1,Community,Amphibians
45,elapomorphus_quinquelineatus,1,Community,Amphibians
45,oxyrhopus_clathratus,1,Community,Amphibians
45,oxyrhopus_rhombifer,1,Community,Amphibians
45,phalotris_mertensi,1,Community,Amphibians
45,philodryas_aestiva,1,Community,Amphibians
45,philodryas_agassizii,1,Community,Amphibians
45,philodryas_olfersii,1,Community,Amphibians
45,philodryas_patagoniensis,1,Community,Amphibians
45,ptychophis_flavovirgatus,1,Community,Amphibians
45,dipsas_mikanii,1,Community,Amphibians
45,sordellina_punctata,1,Community,Amphibians
45,dibernardia_persimilis,1,Community,Amphibians
45,dryophylax_hypoconia,1,Community,Amphibians
45,thamnodynastes_longicauda,1,Community,Amphibians
45,spilotes_sulphureus,1,Community,Amphibians
45,tropidophis_paucisquamis,1,Community,Amphibians
45,bothrops_jararaca,1,Community,Amphibians
45,cercosaura_ocellata,1,Community,Amphibians
45,chironius_bicarinatus,1,Community,Amphibians
45,chironius_fuscus,1,Community,Amphibians
45,erythrolamprus_miliaris,1,Community,Amphibians
45,aspronema_dorsivittatum,1,Community,Amphibians
45,dipsas_variegata,1,Community,Amphibians
45,erythrolamprus_poecilogyrus,1,Community,Amphibians
45,gymnodactylus_darwinii,1,Community,Amphibians
45,amphisbaena_mertensii,1,Community,Amphibians
45,micrurus_corallinus,1,Community,Amphibians
45,micrurus_frontalis,1,Community,Amphibians
45,simophis_rhinostoma,1,Community,Amphibians
45,amphisbaena_roberti,1,Community,Amphibians
45,amphisbaena_dubia,1,Community,Amphibians
45,amphisbaena_hogei,1,Community,Amphibians
45,atractus_pantostictus,1,Community,Amphibians
45,colobodactylus_taunayi,1,Community,Amphibians
45,ecpleopus_gaudichaudii,1,Community,Amphibians
45,heterodactylus_imbricatus,1,Community,Amphibians
45,apostolepis_assimilis,1,Community,Amphibians
45,akodon_cursor,1,Community,Amphibians
45,akodon_serrensis,1,Community,Amphibians
45,artibeus_fimbriatus,1,Community,Amphibians
45,artibeus_lituratus,1,Community,Amphibians
45,bibimys_labiosus,1,Community,Amphibians
45,necromys_lasiurus,1,Community,Amphibians
45,brachyteles_arachnoides,1,Community,Amphibians
45,bradypus_variegatus,1,Community,Amphibians
45,cabassous_tatouay,1,Community,Amphibians
45,caluromys_philander,1,Community,Amphibians
45,cerdocyon_thous,1,Community,Amphibians
45,chironectes_minimus,1,Community,Amphibians
45,chrotopterus_auritus,1,Community,Amphibians
45,chrysocyon_brachyurus,1,Community,Amphibians
45,dasypus_novemcinctus,1,Community,Amphibians
45,neoeptesicus_brasiliensis,1,Community,Amphibians
45,neoeptesicus_diminutus,1,Community,Amphibians
45,neoeptesicus_furinalis,1,Community,Amphibians
45,eumops_auripendulus,1,Community,Amphibians
45,eumops_perotis,1,Community,Amphibians
45,gracilinanus_microtarsus,1,Community,Amphibians
45,herpailurus_yagouaroundi,1,Community,Amphibians
45,lasiurus_cinereus,1,Community,Amphibians
45,lasiurus_ega,1,Community,Amphibians
45,leopardus_pardalis,1,Community,Amphibians
45,lontra_longicaudis,1,Community,Amphibians
45,macrophyllum_macrophyllum,1,Community,Amphibians
45,marmosops_incanus,1,Community,Amphibians
45,micronycteris_megalotis,1,Community,Amphibians
45,micronycteris_minuta,1,Community,Amphibians
45,micronycteris_schmidtorum,1,Community,Amphibians
45,mimon_bennettii,1,Community,Amphibians
45,cynomops_abrasus,1,Community,Amphibians
45,molossops_neglectus,1,Community,Amphibians
45,molossops_temminckii,1,Community,Amphibians
45,monodelphis_dimidiata,1,Community,Amphibians
45,monodelphis_iheringi,1,Community,Amphibians
45,myotis_nigricans,1,Community,Amphibians
45,myotis_riparius,1,Community,Amphibians
45,myrmecophaga_tridactyla,1,Community,Amphibians
45,nectomys_squamipes,1,Community,Amphibians
45,noctilio_leporinus,1,Community,Amphibians
45,nyctinomops_macrotis,1,Community,Amphibians
45,oligoryzomys_eliurus,1,Community,Amphibians
45,oxymycterus_hispidus,1,Community,Amphibians
45,phylloderma_stenops,1,Community,Amphibians
45,phyllostomus_discolor,1,Community,Amphibians
45,phyllostomus_hastatus,1,Community,Amphibians
45,platyrrhinus_recifinus,1,Community,Amphibians
45,trinomys_iheringi,1,Community,Amphibians
45,puma_concolor,1,Community,Amphibians
45,pygoderma_bilabiatum,1,Community,Amphibians
45,rhagomys_rufescens,1,Community,Amphibians
45,saccopteryx_leptura,1,Community,Amphibians
45,sciurus_aestuans,1,Community,Amphibians
45,speothos_venaticus,1,Community,Amphibians
45,wilfredomys_oenax,1,Community,Amphibians
45,juliomys_pictipes,1,Community,Amphibians
45,euryoryzomys_russatus,1,Community,Amphibians
45,didelphis_aurita,1,Community,Amphibians
45,metachirus_nudicaudatus,1,Community,Amphibians
45,mazama_bororo,1,Community,Amphibians
45,conepatus_chinga,1,Community,Amphibians
45,galictis_cuja,1,Community,Amphibians
45,eira_barbara,1,Community,Amphibians
45,pecari_tajacu,1,Community,Amphibians
45,tayassu_pecari,1,Community,Amphibians
45,tayassu_pecari,1,Community,Amphibians
45,sooretamys_angouya,1,Community,Amphibians
45,philander_frenatus,1,Community,Amphibians
45,phyllomys_medius,1,Community,Amphibians
45,sapajus_nigritus,1,Community,Amphibians
45,oxymycterus_dasytrichus,1,Community,Amphibians
45,leopardus_guttulus,1,Community,Amphibians
45,anoura_caudifer,1,Community,Amphibians
45,anoura_geoffroyi,1,Community,Amphibians
45,lasiurus_blossevillii,1,Community,Amphibians
45,dasyprocta_leporina,1,Community,Amphibians
45,monodelphis_americana,1,Community,Amphibians
45,coendou_prehensilis,1,Community,Amphibians
45,cuniculus_paca,1,Community,Amphibians
45,thaptomys_nigrita,1,Community,Amphibians
45,artibeus_obscurus,1,Community,Amphibians
45,artibeus_planirostris,1,Community,Amphibians
45,blarinomys_breviceps,1,Community,Amphibians
45,callithrix_aurita,1,Community,Amphibians
45,carollia_perspicillata,1,Community,Amphibians
45,cavia_fulgida,1,Community,Amphibians
45,chiroderma_doriae,1,Community,Amphibians
45,dasypus_septemcinctus,1,Community,Amphibians
45,delomys_dorsalis,1,Community,Amphibians
45,delomys_sublineatus,1,Community,Amphibians
45,desmodus_rotundus,1,Community,Amphibians
45,diaemus_youngii,1,Community,Amphibians
45,diclidurus_scutatus,1,Community,Amphibians
45,diphylla_ecaudata,1,Community,Amphibians
45,phyllomys_nigrispinus,1,Community,Amphibians
45,euphractus_sexcinctus,1,Community,Amphibians
45,euryzygomatomys_spinosus,1,Community,Amphibians
45,furipterus_horrens,1,Community,Amphibians
45,glossophaga_soricina,1,Community,Amphibians
45,histiotus_velatus,1,Community,Amphibians
45,holochilus_brasiliensis,1,Community,Amphibians
45,hydrochoerus_hydrochaeris,1,Community,Amphibians
45,kannabateomys_amblyonyx,1,Community,Amphibians
45,leopardus_wiedii,1,Community,Amphibians
45,lonchorhina_aurita,1,Community,Amphibians
45,glyphonycteris_sylvestris,1,Community,Amphibians
45,molossus_rufus,1,Community,Amphibians
45,molossus_molossus,1,Community,Amphibians
45,mus_musculus,1,Community,Amphibians
45,myotis_albescens,1,Community,Amphibians
45,myotis_levis,1,Community,Amphibians
45,myotis_ruber,1,Community,Amphibians
45,noctilio_albiventris,1,Community,Amphibians
45,nyctinomops_aurispinosus,1,Community,Amphibians
45,nyctinomops_laticaudatus,1,Community,Amphibians
45,oecomys_trinitatis,1,Community,Amphibians
45,oligoryzomys_flavescens,1,Community,Amphibians
45,oligoryzomys_nigripes,1,Community,Amphibians
45,peropteryx_kappleri,1,Community,Amphibians
45,peropteryx_macrotis,1,Community,Amphibians
45,platyrrhinus_lineatus,1,Community,Amphibians
45,coendou_spinosus,1,Community,Amphibians
45,sturnira_tildae,1,Community,Amphibians
45,tadarida_brasiliensis,1,Community,Amphibians
45,tamandua_tetradactyla,1,Community,Amphibians
45,tapirus_terrestris,1,Community,Amphibians
45,tapirus_terrestris,1,Community,Amphibians
45,thyroptera_tricolor,1,Community,Amphibians
45,tonatia_bidens,1,Community,Amphibians
45,trachops_cirrhosus,1,Community,Amphibians
45,vampyressa_pusilla,1,Community,Amphibians
45,mazama_gouazoubira,1,Community,Amphibians
45,alouatta_guariba,1,Community,Amphibians
45,callicebus_nigrifrons,1,Community,Amphibians
45,lutreolina_crassicaudata,1,Community,Amphibians
45,nasua_nasua,1,Community,Amphibians
45,procyon_cancrivorus,1,Community,Amphibians
45,akodon_montensis,1,Community,Amphibians
45,marmosops_paulensis,1,Community,Amphibians
45,oecomys_catherinae,1,Community,Amphibians
45,brucepattersonius_soricinus,1,Community,Amphibians
45,akodon_paranaensis,1,Community,Amphibians
45,marmosa_paraguayana,1,Community,Amphibians
45,drymoreomys_albimaculatus,1,Community,Amphibians
45,phyllomys_sulinus,1,Community,Amphibians
45,rhipidomys_itoan,1,Community,Amphibians
45,cavia_aperea,1,Community,Amphibians
45,sturnira_lilium,1,Community,Amphibians
45,monodelphis_scalops,1,Community,Amphibians
45,dendropsophus_minutus,1,Community,Amphibians
45,leptodactylus_furnarius,1,Community,Amphibians
45,adenomera_marmorata,1,Community,Amphibians
45,ololygon_hiemalis,1,Community,Amphibians
45,paratelmatobius_cardosoi,1,Community,Amphibians
45,pithecopus_rohdei,1,Community,Amphibians
45,ischnocnema_parva,1,Community,Amphibians
45,ololygon_berthae,1,Community,Amphibians
45,leptodactylus_gracilis,1,Community,Amphibians
45,adenomera_thomei,1,Community,Amphibians
45,boana_raniceps,1,Community,Amphibians
45,rhinella_crucifer,1,Community,Amphibians
45,brachycephalus_ephippium,1,Community,Amphibians
45,boana_polytaenia,1,Community,Amphibians
45,ololygon_trapicheiroi,1,Community,Amphibians
45,chiasmocleis_lacrimae,1,Community,Amphibians
45,rhinella_icterica,1,Community,Amphibians
45,crossodactylus_boulengeri,1,Community,Amphibians
45,ololygon_obtriangulata,1,Community,Amphibians
45,siphonops_hardyi,1,Community,Amphibians
45,boana_cymbalum,1,Community,Amphibians
45,leptodactylus_fuscus,1,Community,Amphibians
45,proceratophrys_boiei,1,Community,Amphibians
45,macrogenioglottus_alipioi,1,Community,Amphibians
45,ololygon_brieni,1,Community,Amphibians
45,dendropsophus_microps,1,Community,Amphibians
45,dendropsophus_seniculus,1,Community,Amphibians
45,luetkenotyphlus_brasiliensis,1,Community,Amphibians
45,thoropa_petropolitana,1,Community,Amphibians
45,hylodes_phyllodes,1,Community,Amphibians
45,eleutherodactylus_johnstonei,1,Community,Amphibians
45,cycloramphus_dubius,1,Community,Amphibians
45,scinax_fuscovarius,1,Community,Amphibians
45,dendropsophus_jimi,1,Community,Amphibians
45,physalaemus_olfersii,1,Community,Amphibians
45,odontophrynus_americanus,1,Community,Amphibians
45,elachistocleis_cesarii,1,Community,Amphibians
45,phrynomedusa_dryade,1,Community,Amphibians
45,haddadus_binotatus,1,Community,Amphibians
45,rhinella_diptycha,1,Community,Amphibians
45,physalaemus_bokermanni,1,Community,Amphibians
45,boana_faber,1,Community,Amphibians
45,dendropsophus_nanus,1,Community,Amphibians
45,phantasmarana_massarti,1,Community,Amphibians
45,cycloramphus_eleutherodactylus,1,Community,Amphibians
45,ischnocnema_gehrti,1,Community,Amphibians
45,scinax_tymbamirim,1,Community,Amphibians
45,scinax_crospedospilus,1,Community,Amphibians
45,arcovomer_passarellii,1,Community,Amphibians
45,physalaemus_cuvieri,1,Community,Amphibians
45,scinax_granulatus,1,Community,Amphibians
45,cycloramphus_acangatan,1,Community,Amphibians
45,trachycephalus_imitatrix,1,Community,Amphibians
45,aplastodiscus_arildae,1,Community,Amphibians
45,brachycephalus_hermogenesi,1,Community,Amphibians
45,physalaemus_atlanticus,1,Community,Amphibians
45,chiasmocleis_leucosticta,1,Community,Amphibians
45,siphonops_paulensis,1,Community,Amphibians
45,scinax_squalirostris,1,Community,Amphibians
45,boana_albomarginata,1,Community,Amphibians
45,physalaemus_maculiventris,1,Community,Amphibians
45,ischnocnema_hoehnei,1,Community,Amphibians
45,gastrotheca_microdiscus,1,Community,Amphibians
45,sphaenorhynchus_platycephalus,1,Community,Amphibians
45,bokermannohyla_hylax,1,Community,Amphibians
45,proceratophrys_pombali,1,Community,Amphibians
45,dendropsophus_elegans,1,Community,Amphibians
45,aplastodiscus_leucopygius,1,Community,Amphibians
45,dendropsophus_werneri,1,Community,Amphibians
45,bokermannohyla_astartea,1,Community,Amphibians
45,bokermannohyla_astartea,1,Community,Amphibians
45,phrynomedusa_appendiculata,1,Community,Amphibians
45,boana_bischoffi,1,Community,Amphibians
45,ololygon_perpusilla,1,Community,Amphibians
45,ololygon_humilis,1,Community,Amphibians
45,scinax_nasicus,1,Community,Amphibians
45,proceratophrys_melanopogon,1,Community,Amphibians
45,leptodactylus_luctator,1,Community,Amphibians
45,boana_pardalis,1,Community,Amphibians
45,ololygon_catharinae,1,Community,Amphibians
45,itapotihyla_langsdorffii,1,Community,Amphibians
45,dendrophryniscus_leucomystax,1,Community,Amphibians
45,rhinella_hoogmoedi,1,Community,Amphibians
45,ischnocnema_spanios,1,Community,Amphibians
45,thoropa_miliaris,1,Community,Amphibians
45,brachycephalus_nodoterga,1,Community,Amphibians
45,ololygon_flavoguttata,1,Community,Amphibians
45,chthonerpeton_viviparum,1,Community,Amphibians
45,ololygon_littoralis,1,Community,Amphibians
45,dendropsophus_giesleri,1,Community,Amphibians
45,dendrophryniscus_imitator,1,Community,Amphibians
45,boana_semilineata,1,Community,Amphibians
45,aplastodiscus_albosignatus,1,Community,Amphibians
45,ceratophrys_aurita,1,Community,Amphibians
45,rhinella_ornata,1,Community,Amphibians
45,ololygon_rizibilis,1,Community,Amphibians
45,fritziana_mitus,1,Community,Amphibians
45,dendrophryniscus_berthalutzae,1,Community,Amphibians
45,leptodactylus_jolyi,1,Community,Amphibians
45,physalaemus_moreirae,1,Community,Amphibians
45,leptodactylus_podicipinus,1,Community,Amphibians
45,crossodactylus_gaudichaudii,1,Community,Amphibians
45,pseudopaludicola_saltica,1,Community,Amphibians
45,ischnocnema_guentheri,1,Community,Amphibians
45,fritziana_ohausi,1,Community,Amphibians
45,phyllomedusa_burmeisteri,1,Community,Amphibians
45,ischnocnema_nigriventris,1,Community,Amphibians
45,cycloramphus_semipalmatus,1,Community,Amphibians
45,dendropsophus_berthalutzae,1,Community,Amphibians
45,siphonops_annulatus,1,Community,Amphibians
45,scinax_x-signatus,1,Community,Amphibians
45,thoropa_taophora,1,Community,Amphibians
45,vitreorana_eurygnatha,1,Community,Amphibians
45,scinax_hayii,1,Community,Amphibians
45,leptodactylus_mystacinus,1,Community,Amphibians
45,scinax_fuscomarginatus,1,Community,Amphibians
45,hylodes_asper,1,Community,Amphibians
45,boana_albopunctata,1,Community,Amphibians
45,trachycephalus_mesophaeus,1,Community,Amphibians
45,leptodactylus_flavopictus,1,Community,Amphibians
45,dendropsophus_decipiens,1,Community,Amphibians
45,hylodes_caete,1,Community,Amphibians
45,boana_prasina,1,Community,Amphibians
45,myersiella_microps,1,Community,Amphibians
45,ischnocnema_lactea,1,Community,Amphibians
45,ischnocnema_lactea,1,Community,Amphibians
45,gastrotheca_fulvorufa,1,Community,Amphibians
45,phasmahyla_cochranae,1,Community,Amphibians
45,hylodes_nasus,1,Community,Amphibians
45,aplastodiscus_perviridis,1,Community,Amphibians
45,ischnocnema_henselii,1,Community,Amphibians
45,bokermannohyla_circumdata,1,Community,Amphibians
45,leptodactylus_paranaru,1,Community,Amphibians
45,bokermannohyla_luctuosa,1,Community,Amphibians
45,adenomera_ajurauna,1,Community,Amphibians
45,vitreorana_uranoscopa,1,Community,Amphibians
45,ololygon_argyreornata,1,Community,Amphibians
46,craugastor,0,Community,Amphibians
46,crocodylus_acutus,1,Community,Amphibians
46,coniophanes_imperialis,1,Community,Amphibians
46,drymobius_chloroticus,1,Community,Amphibians
46,mastigodryas_melanolomus,1,Community,Amphibians
46,pliocercus_elapoides,1,Community,Amphibians
46,rhadinella_kinkelini,1,Community,Amphibians
46,porthidium_nasutum,1,Community,Amphibians
46,ctenosaura_similis,1,Community,Amphibians
46,ninia_espinali,1,Community,Amphibians
46,anolis_amplisquamosus,1,Community,Amphibians
46,sphaerodactylus_dunni,1,Community,Amphibians
46,aspidoscelis_deppii,1,Community,Amphibians
46,senticolis_triaspis,1,Community,Amphibians
46,anolis_rodriguezii,1,Community,Amphibians
46,anolis_biporcatus,1,Community,Amphibians
46,anolis_uniformis,1,Community,Amphibians
46,anolis_tropidonotus,1,Community,Amphibians
46,metlapilcoatlus_mexicanus,1,Community,Amphibians
46,basiliscus_vittatus,1,Community,Amphibians
46,basiliscus_vittatus,1,Community,Amphibians
46,bothrops_asper,1,Community,Amphibians
46,coniophanes_bipunctatus,1,Community,Amphibians
46,corytophanes_hernandesii,1,Community,Amphibians
46,enulius_flavitorques,1,Community,Amphibians
46,enulius_flavitorques,1,Community,Amphibians
46,imantodes_cenchoa,1,Community,Amphibians
46,lepidophyma_flavimaculatum,1,Community,Amphibians
46,leptodeira_annulata,1,Community,Amphibians
46,leptophis_mexicanus,1,Community,Amphibians
46,micrurus_nigrocinctus,1,Community,Amphibians
46,oxybelis_fulgidus,1,Community,Amphibians
46,scaphiodontophis_annulatus,1,Community,Amphibians
46,stenorrhina_degenhardtii,1,Community,Amphibians
46,tantilla_schistosa,1,Community,Amphibians
46,tretanorhinus_nigroluteus,1,Community,Amphibians
46,geophis_sartorii,1,Community,Amphibians
46,masticophis_mentovarius,1,Community,Amphibians
46,anolis_beckeri,1,Community,Amphibians
46,anolis_johnmeyeri,1,Community,Amphibians
46,anolis_ocelloscapularis,1,Community,Amphibians
46,anolis_unilobatus,1,Community,Amphibians
46,hydromorphus_concolor,1,Community,Amphibians
46,phrynonax_poecilonotus,1,Community,Amphibians
46,lampropeltis_abnorma,1,Community,Amphibians
46,caiman_crocodilus,1,Community,Amphibians
46,adelphicos_quadrivirgatum,1,Community,Amphibians
46,conophis_lineatus,1,Community,Amphibians
46,ninia_diademata,1,Community,Amphibians
46,sibon_dimidiatus,1,Community,Amphibians
46,stenorrhina_freminvillei,1,Community,Amphibians
46,iguana_iguana,1,Community,Amphibians
46,thecadactylus_rapicauda,1,Community,Amphibians
46,spilotes_pullatus,1,Community,Amphibians
46,holcosus_festivus,1,Community,Amphibians
46,holcosus_festivus,1,Community,Amphibians
46,holcosus_undulatus,1,Community,Amphibians
46,anolis_lemurinus,1,Community,Amphibians
46,anolis_capito,1,Community,Amphibians
46,bothriechis_schlegelii,1,Community,Amphibians
46,clelia_clelia,1,Community,Amphibians
46,coniophanes_fissidens,1,Community,Amphibians
46,corytophanes_cristatus,1,Community,Amphibians
46,corytophanes_cristatus,1,Community,Amphibians
46,crotalus_simus,1,Community,Amphibians
46,ficimia_publia,1,Community,Amphibians
46,laemanctus_longipes,1,Community,Amphibians
46,leptodeira_septentrionalis,1,Community,Amphibians
46,leptophis_ahaetulla,1,Community,Amphibians
46,ninia_sebae,1,Community,Amphibians
46,oxybelis_aeneus,1,Community,Amphibians
46,sceloporus_variabilis,1,Community,Amphibians
46,sibon_nebulatus,1,Community,Amphibians
46,sphaerodactylus_millepunctatus,1,Community,Amphibians
46,scincella_cherriei,1,Community,Amphibians
46,xenodon_rabdocephalus,1,Community,Amphibians
46,plestiodon_sumichrasti,1,Community,Amphibians
46,sceloporus_malachiticus,1,Community,Amphibians
46,dendrophidion_clarkii,1,Community,Amphibians
46,tantilla_taeniata,1,Community,Amphibians
46,coniophanes_piceivittis,1,Community,Amphibians
46,leptodeira_rhombifera,1,Community,Amphibians
46,omoadiphas_aurula,1,Community,Amphibians
46,epictia_ater,1,Community,Amphibians
46,amerotyphlops_stadelmani,1,Community,Amphibians
46,boa_imperator,1,Community,Amphibians
46,marisora_brachypoda,1,Community,Amphibians
46,lampropeltis_micropholis,1,Community,Amphibians
46,bauerus_dubiaquercus,1,Community,Amphibians
46,artibeus_lituratus,1,Community,Amphibians
46,bassariscus_sumichrasti,1,Community,Amphibians
46,cabassous_centralis,1,Community,Amphibians
46,carollia_subrufa,1,Community,Amphibians
46,chiroderma_villosum,1,Community,Amphibians
46,chironectes_minimus,1,Community,Amphibians
46,choeroniscus_godmani,1,Community,Amphibians
46,chrotopterus_auritus,1,Community,Amphibians
46,dasypus_novemcinctus,1,Community,Amphibians
46,neoeptesicus_furinalis,1,Community,Amphibians
46,eumops_auripendulus,1,Community,Amphibians
46,glossophaga_commissarisi,1,Community,Amphibians
46,herpailurus_yagouaroundi,1,Community,Amphibians
46,lasiurus_ega,1,Community,Amphibians
46,lasiurus_intermedius,1,Community,Amphibians
46,leopardus_pardalis,1,Community,Amphibians
46,lontra_longicaudis,1,Community,Amphibians
46,macrophyllum_macrophyllum,1,Community,Amphibians
46,marmosa_alstoni,1,Community,Amphibians
46,micronycteris_schmidtorum,1,Community,Amphibians
46,molossus_sinaloae,1,Community,Amphibians
46,myotis_elegans,1,Community,Amphibians
46,myotis_nigricans,1,Community,Amphibians
46,myrmecophaga_tridactyla,1,Community,Amphibians
46,noctilio_leporinus,1,Community,Amphibians
46,oligoryzomys_fulvescens,1,Community,Amphibians
46,oryzomys_couesi,1,Community,Amphibians
46,casiomys_rostratus,1,Community,Amphibians
46,phylloderma_stenops,1,Community,Amphibians
46,phyllostomus_discolor,1,Community,Amphibians
46,phyllostomus_hastatus,1,Community,Amphibians
46,perimyotis_subflavus,1,Community,Amphibians
46,pteronotus_davyi,1,Community,Amphibians
46,pteronotus_gymnonotus,1,Community,Amphibians
46,puma_concolor,1,Community,Amphibians
46,rhynchonycteris_naso,1,Community,Amphibians
46,saccopteryx_bilineata,1,Community,Amphibians
46,saccopteryx_leptura,1,Community,Amphibians
46,sciurus_deppei,1,Community,Amphibians
46,scotinomys_teguina,1,Community,Amphibians
46,tapirus_bairdii,1,Community,Amphibians
46,lophostoma_brasiliense,1,Community,Amphibians
46,vampyrum_spectrum,1,Community,Amphibians
46,didelphis_marsupialis,1,Community,Amphibians
46,philander_opossum,1,Community,Amphibians
46,eira_barbara,1,Community,Amphibians
46,neogale_frenata,1,Community,Amphibians
46,nasua_narica,1,Community,Amphibians
46,procyon_lotor,1,Community,Amphibians
46,pecari_tajacu,1,Community,Amphibians
46,odocoileus_virginianus,1,Community,Amphibians
46,micronycteris_microtis,1,Community,Amphibians
46,sigmodon_hirsutus,1,Community,Amphibians
46,mimon_cozumelae,1,Community,Amphibians
46,cynomops_mexicanus,1,Community,Amphibians
46,cebus_imitator,1,Community,Amphibians
46,dermanura_phaeotis,1,Community,Amphibians
46,eumops_ferox,1,Community,Amphibians
46,carollia_castanea,1,Community,Amphibians
46,lichonycteris_obscura,1,Community,Amphibians
46,lasiurus_blossevillii,1,Community,Amphibians
46,vampyrodes_major,1,Community,Amphibians
46,sturnira_parvidens,1,Community,Amphibians
46,dasyprocta_punctata,1,Community,Amphibians
46,cuniculus_paca,1,Community,Amphibians
46,ateles_geoffroyi,1,Community,Amphibians
46,caluromys_derbianus,1,Community,Amphibians
46,canis_latrans,1,Community,Amphibians
46,carollia_perspicillata,1,Community,Amphibians
46,centurio_senex,1,Community,Amphibians
46,chiroderma_salvini,1,Community,Amphibians
46,desmodus_rotundus,1,Community,Amphibians
46,diclidurus_albus,1,Community,Amphibians
46,diphylla_ecaudata,1,Community,Amphibians
46,eptesicus_fuscus,1,Community,Amphibians
46,eumops_hansae,1,Community,Amphibians
46,eumops_underwoodi,1,Community,Amphibians
46,glossophaga_soricina,1,Community,Amphibians
46,leopardus_wiedii,1,Community,Amphibians
46,heteromys_salvini,1,Community,Amphibians
46,lonchorhina_aurita,1,Community,Amphibians
46,gardnerycteris_crenulatum,1,Community,Amphibians
46,molossus_rufus,1,Community,Amphibians
46,molossus_molossus,1,Community,Amphibians
46,mormoops_megalophylla,1,Community,Amphibians
46,myotis_albescens,1,Community,Amphibians
46,myotis_keaysi,1,Community,Amphibians
46,noctilio_albiventris,1,Community,Amphibians
46,nyctinomops_laticaudatus,1,Community,Amphibians
46,nyctomys_sumichrasti,1,Community,Amphibians
46,orthogeomys_hispidus,1,Community,Amphibians
46,casiomys_alfaroi,1,Community,Amphibians
46,ototylomys_phyllotis,1,Community,Amphibians
46,peropteryx_kappleri,1,Community,Amphibians
46,peropteryx_macrotis,1,Community,Amphibians
46,pteronotus_personatus,1,Community,Amphibians
46,rhogeessa_tumida,1,Community,Amphibians
46,sciurus_variegatoides,1,Community,Amphibians
46,tadarida_brasiliensis,1,Community,Amphibians
46,tamandua_mexicana,1,Community,Amphibians
46,thyroptera_tricolor,1,Community,Amphibians
46,lophostoma_evotis,1,Community,Amphibians
46,trachops_cirrhosus,1,Community,Amphibians
46,tylomys_nudicaudus,1,Community,Amphibians
46,urocyon_cinereoargenteus,1,Community,Amphibians
46,alouatta_palliata,1,Community,Amphibians
46,didelphis_virginiana,1,Community,Amphibians
46,marmosa_mexicana,1,Community,Amphibians
46,tonatia_saurophila,1,Community,Amphibians
46,conepatus_semistriatus,1,Community,Amphibians
46,galictis_vittata,1,Community,Amphibians
46,potos_flavus,1,Community,Amphibians
46,carollia_sowelli,1,Community,Amphibians
46,mazama_temama,1,Community,Amphibians
46,centronycteris_centralis,1,Community,Amphibians
46,spilogale_angustifrons,1,Community,Amphibians
46,vampyressa_thyone,1,Community,Amphibians
46,cryptotis_orophila,1,Community,Amphibians
46,heteromys_desmarestianus,1,Community,Amphibians
46,sylvilagus_gabbi,1,Community,Amphibians
46,pteronotus_mesoamericanus,1,Community,Amphibians
46,artibeus_jamaicensis,1,Community,Amphibians
46,platyrrhinus_helleri,1,Community,Amphibians
46,dermanura_watsoni,1,Community,Amphibians
46,natalus_mexicanus,1,Community,Amphibians
46,cyclopes_dorsalis,1,Community,Amphibians
46,leptodactylus_melanonotus,1,Community,Amphibians
46,smilisca_baudinii,1,Community,Amphibians
46,rhinophrynus_dorsalis,1,Community,Amphibians
46,bolitoglossa_dunni,1,Community,Amphibians
46,scinax_staufferi,1,Community,Amphibians
46,craugastor_charadra,1,Community,Amphibians
46,agalychnis_callidryas,1,Community,Amphibians
46,incilius_valliceps,1,Community,Amphibians
46,ptychohyla_hypomykter,1,Community,Amphibians
46,cryptotriton_nasalis,1,Community,Amphibians
46,lithobates_maculatus,1,Community,Amphibians
46,dendropsophus_microcephalus,1,Community,Amphibians
46,craugastor_rostralis,1,Community,Amphibians
46,trachycephalus_vermiculatus,1,Community,Amphibians
46,bromeliohyla_bromeliacia,1,Community,Amphibians
46,hypopachus_variolosus,1,Community,Amphibians
46,rhinella_horribilis,1,Community,Amphibians
46,incilius_campbelli,1,Community,Amphibians
46,leptodactylus_fragilis,1,Community,Amphibians
46,craugastor_chac,1,Community,Amphibians
46,lithobates_vaillanti,1,Community,Amphibians
46,bolitoglossa_mexicana,1,Community,Amphibians
46,dermophis_mexicanus,1,Community,Amphibians
46,engystomops_pustulosus,1,Community,Amphibians
46,tlalocohyla_loquax,1,Community,Amphibians
46,craugastor_omoaensis,1,Community,Amphibians
46,lithobates_brownorum,1,Community,Amphibians
46,bolitoglossa_dofleini,1,Community,Amphibians
46,bolitoglossa_nympha,1,Community,Amphibians
46,bolitoglossa_diaphora,1,Community,Amphibians
46,gymnopis_multiplicata,1,Community,Amphibians
46,bromeliohyla_melacaena,1,Community,Amphibians
46,bolitoglossa_conanti,1,Community,Amphibians
46,hyalinobatrachium_viridissimum,1,Community,Amphibians
46,craugastor_laevissimus,1,Community,Amphibians
46,craugastor_laticeps,1,Community,Amphibians
46,duellmanohyla_soralia,1,Community,Amphibians
47,rheobatra,0,Community,Amphibians
47,coeranoscincus_reticulatus,1,Community,Amphibians
47,notechis_scutatus,1,Community,Amphibians
47,pogona_barbata,1,Community,Amphibians
47,tropidonophis_mairii,1,Community,Amphibians
47,brachyurophis_australis,1,Community,Amphibians
47,hoplocephalus_stephensii,1,Community,Amphibians
47,anilios_proximus,1,Community,Amphibians
47,gehyra_dubia,1,Community,Amphibians
47,boiga_irregularis,1,Community,Amphibians
47,diporiphora_australis,1,Community,Amphibians
47,intellagama_lesueurii,1,Community,Amphibians
47,ctenotus_robustus,1,Community,Amphibians
47,bellatorias_frerei,1,Community,Amphibians
47,varanus_panoptes,1,Community,Amphibians
47,acanthophis_antarcticus,1,Community,Amphibians
47,oxyuranus_scutellatus,1,Community,Amphibians
47,pseudechis_porphyriacus,1,Community,Amphibians
47,heteronotia_binoei,1,Community,Amphibians
47,varanus_gouldii,1,Community,Amphibians
47,varanus_tristis,1,Community,Amphibians
47,amalosia_jacovae,1,Community,Amphibians
47,diplodactylus_vittatus,1,Community,Amphibians
47,oedura_tryoni,1,Community,Amphibians
47,cacophis_krefftii,1,Community,Amphibians
47,hoplocephalus_bitorquatus,1,Community,Amphibians
47,vermicella_annulata,1,Community,Amphibians
47,anilios_affinis,1,Community,Amphibians
47,anilios_ligatus,1,Community,Amphibians
47,anilios_nigrescens,1,Community,Amphibians
47,anomalopus_leuckartii,1,Community,Amphibians
47,calyptotis_lepidorostrum,1,Community,Amphibians
47,calyptotis_scutirostrum,1,Community,Amphibians
47,carlia_munda,1,Community,Amphibians
47,carlia_pectoralis,1,Community,Amphibians
47,carlia_schmeltzii,1,Community,Amphibians
47,ctenotus_taeniolatus,1,Community,Amphibians
47,cyclodomorphus_gerrardii,1,Community,Amphibians
47,lampropholis_adonis,1,Community,Amphibians
47,lampropholis_couperi,1,Community,Amphibians
47,lerista_fragilis,1,Community,Amphibians
47,ophioscincus_truncatus,1,Community,Amphibians
47,saiphos_equalis,1,Community,Amphibians
47,saproscincus_rosei,1,Community,Amphibians
47,silvascincus_murrayi,1,Community,Amphibians
47,tiliqua_scincoides,1,Community,Amphibians
47,dendrelaphis_punctulatus,1,Community,Amphibians
47,delma_torquata,1,Community,Amphibians
47,morelia_spilota,1,Community,Amphibians
47,chlamydosaurus_kingii,1,Community,Amphibians
47,indotyphlops_braminus,1,Community,Amphibians
47,morethia_boulengeri,1,Community,Amphibians
47,antaresia_maculosa,1,Community,Amphibians
47,antaresia_maculosa,1,Community,Amphibians
47,diporiphora_nobbi,1,Community,Amphibians
47,lophosaurus_spinipes,1,Community,Amphibians
47,lialis_burtonis,1,Community,Amphibians
47,ctenotus_spaldingi,1,Community,Amphibians
47,cryptophis_boschmai,1,Community,Amphibians
47,cryptophis_nigrescens,1,Community,Amphibians
47,demansia_psammophis,1,Community,Amphibians
47,demansia_vestigiata,1,Community,Amphibians
47,furina_diadema,1,Community,Amphibians
47,pseudonaja_textilis,1,Community,Amphibians
47,lygisaurus_foliorum,1,Community,Amphibians
47,bellatorias_major,1,Community,Amphibians
47,varanus_varius,1,Community,Amphibians
47,amalosia_robusta,1,Community,Amphibians
47,cacophis_harriettae,1,Community,Amphibians
47,cacophis_squamulosus,1,Community,Amphibians
47,hemiaspis_signata,1,Community,Amphibians
47,tropidechis_carinatus,1,Community,Amphibians
47,delma_plebeia,1,Community,Amphibians
47,delma_tincta,1,Community,Amphibians
47,pygopus_lepidopodus,1,Community,Amphibians
47,anilios_wiedii,1,Community,Amphibians
47,anomalopus_verreauxii,1,Community,Amphibians
47,carlia_vivax,1,Community,Amphibians
47,concinnia_martini,1,Community,Amphibians
47,concinnia_tenuis,1,Community,Amphibians
47,cryptoblepharus_pulcher,1,Community,Amphibians
47,ctenotus_arcanus,1,Community,Amphibians
47,ctenotus_eurydice,1,Community,Amphibians
47,egernia_striolata,1,Community,Amphibians
47,eremiascincus_fasciolatus,1,Community,Amphibians
47,eroticoscincus_graciloides,1,Community,Amphibians
47,eulamprus_quoyii,1,Community,Amphibians
47,lampropholis_amicula,1,Community,Amphibians
47,lampropholis_delicata,1,Community,Amphibians
47,lampropholis_guichenoti,1,Community,Amphibians
47,liopholis_modesta,1,Community,Amphibians
47,morethia_taeniopleura,1,Community,Amphibians
47,ophioscincus_ophioscincus,1,Community,Amphibians
47,chalinolobus_dwyeri,1,Community,Amphibians
47,chalinolobus_gouldii,1,Community,Amphibians
47,vespadelus_pumilus,1,Community,Amphibians
47,hydromys_chrysogaster,1,Community,Amphibians
47,phoniscus_papuensis,1,Community,Amphibians
47,miniopterus_australis,1,Community,Amphibians
47,scotorepens_greyii,1,Community,Amphibians
47,petaurus_norfolcensis,1,Community,Amphibians
47,petrogale_penicillata,1,Community,Amphibians
47,falsistrellus_tasmaniensis,1,Community,Amphibians
47,pseudomys_gracilicaudatus,1,Community,Amphibians
47,pteropus_alecto,1,Community,Amphibians
47,pteropus_poliocephalus,1,Community,Amphibians
47,pteropus_scapulatus,1,Community,Amphibians
47,rattus_fuscipes,1,Community,Amphibians
47,rattus_lutreolus,1,Community,Amphibians
47,saccolaimus_flaviventris,1,Community,Amphibians
47,antechinus_flavipes,1,Community,Amphibians
47,isoodon_macrourus,1,Community,Amphibians
47,thylogale_stigmatica,1,Community,Amphibians
47,petauroides_volans,1,Community,Amphibians
47,pseudocheirus_peregrinus,1,Community,Amphibians
47,tachyglossus_aculeatus,1,Community,Amphibians
47,ozimops_ridei,1,Community,Amphibians
47,ozimops_planiceps,1,Community,Amphibians
47,micronomus_norfolkensis,1,Community,Amphibians
47,nyctophilus_gouldi,1,Community,Amphibians
47,chalinolobus_morio,1,Community,Amphibians
47,chalinolobus_nigrogriseus,1,Community,Amphibians
47,dasyurus_maculatus,1,Community,Amphibians
47,vespadelus_troughtoni,1,Community,Amphibians
47,melomys_burtoni,1,Community,Amphibians
47,melomys_cervinipes,1,Community,Amphibians
47,mus_musculus,1,Community,Amphibians
47,scoteanax_rueppellii,1,Community,Amphibians
47,nyctimene_robinsoni,1,Community,Amphibians
47,nyctophilus_geoffroyi,1,Community,Amphibians
47,petaurus_breviceps,1,Community,Amphibians
47,phascogale_tapoatafa,1,Community,Amphibians
47,phascolarctos_cinereus,1,Community,Amphibians
47,pseudomys_delicatulus,1,Community,Amphibians
47,rattus_tunneyi,1,Community,Amphibians
47,rhinolophus_megaphyllus,1,Community,Amphibians
47,austronomus_australis,1,Community,Amphibians
47,vulpes_vulpes,1,Community,Amphibians
47,ornithorhynchus_anatinus,1,Community,Amphibians
47,planigale_maculata,1,Community,Amphibians
47,sminthopsis_murina,1,Community,Amphibians
47,perameles_nasuta,1,Community,Amphibians
47,trichosurus_caninus,1,Community,Amphibians
47,aepyprymnus_rufescens,1,Community,Amphibians
47,notamacropus_dorsalis,1,Community,Amphibians
47,notamacropus_parryi,1,Community,Amphibians
47,notamacropus_rufogriseus,1,Community,Amphibians
47,wallabia_bicolor,1,Community,Amphibians
47,acrobates_pygmaeus,1,Community,Amphibians
47,trichosurus_vulpecula,1,Community,Amphibians
47,lepus_europaeus,1,Community,Amphibians
47,potorous_tridactylus,1,Community,Amphibians
47,macropus_giganteus,1,Community,Amphibians
47,petrogale_herberti,1,Community,Amphibians
47,myotis_macropus,1,Community,Amphibians
47,antechinus_subtropicus,1,Community,Amphibians
47,ozimops_lumsdenae,1,Community,Amphibians
47,nyctophilus_bifax,1,Community,Amphibians
47,litoria_balatus,1,Community,Amphibians
47,pseudophryne_raveni,1,Community,Amphibians
47,limnodynastes_salmini,1,Community,Amphibians
47,rhinella_marina,1,Community,Amphibians
47,limnodynastes_terraereginae,1,Community,Amphibians
47,litoria_peronii,1,Community,Amphibians
47,limnodynastes_dumerilii,1,Community,Amphibians
47,litoria_nasuta,1,Community,Amphibians
47,crinia_parinsignifera,1,Community,Amphibians
47,rheobatrachus_silus,1,Community,Amphibians
47,uperoleia_rugosa,1,Community,Amphibians
47,litoria_tyleri,1,Community,Amphibians
47,limnodynastes_peronii,1,Community,Amphibians
47,litoria_rubella,1,Community,Amphibians
47,litoria_latopalmata,1,Community,Amphibians
47,litoria_caerulea,1,Community,Amphibians
47,litoria_pearsoniana,1,Community,Amphibians
47,adelotus_brevis,1,Community,Amphibians
47,limnodynastes_tasmaniensis,1,Community,Amphibians
47,crinia_tinnula,1,Community,Amphibians
47,litoria_gracilenta,1,Community,Amphibians
47,crinia_signifera,1,Community,Amphibians
47,cyclorana_alboguttata,1,Community,Amphibians
47,mixophyes_iteratus,1,Community,Amphibians
47,uperoleia_laevigata,1,Community,Amphibians
47,litoria_fallax,1,Community,Amphibians
47,litoria_brevipalmata,1,Community,Amphibians
47,pseudophryne_major,1,Community,Amphibians
47,litoria_rothii,1,Community,Amphibians
47,platyplectrum_ornatum,1,Community,Amphibians
47,litoria_freycineti,1,Community,Amphibians
47,uperoleia_fusca,1,Community,Amphibians
47,litoria_chloris,1,Community,Amphibians
47,taudactylus_diurnus,1,Community,Amphibians
47,litoria_verreauxii,1,Community,Amphibians
47,assa_darlingtoni,1,Community,Amphibians
47,mixophyes_fasciolatus,1,Community,Amphibians
47,mixophyes_fleayi,1,Community,Amphibians
47,cyclorana_brevipes,1,Community,Amphibians
47,litoria_wilcoxii,1,Community,Amphibians
48,oophag,0,Community,Amphibians
48,crocodylus_acutus,1,Community,Amphibians
48,porthidium_nasutum,1,Community,Amphibians
48,ctenosaura_similis,1,Community,Amphibians
48,pliocercus_euryzonus,1,Community,Amphibians
48,urotheca_guentheri,1,Community,Amphibians
48,anolis_lionotus,1,Community,Amphibians
48,holcosus_quadrilineatus,1,Community,Amphibians
48,anolis_carpenteri,1,Community,Amphibians
48,anolis_pentaprion,1,Community,Amphibians
48,anolis_biporcatus,1,Community,Amphibians
48,bothrops_asper,1,Community,Amphibians
48,gonatodes_albogularis,1,Community,Amphibians
48,imantodes_cenchoa,1,Community,Amphibians
48,lepidophyma_flavimaculatum,1,Community,Amphibians
48,leptodeira_annulata,1,Community,Amphibians
48,oxybelis_fulgidus,1,Community,Amphibians
48,oxyrhopus_petolarius,1,Community,Amphibians
48,rhadinella_godmani,1,Community,Amphibians
48,stenorrhina_degenhardtii,1,Community,Amphibians
48,tantilla_schistosa,1,Community,Amphibians
48,tretanorhinus_nigroluteus,1,Community,Amphibians
48,marisora_unimarginata,1,Community,Amphibians
48,diploglossus_monotropis,1,Community,Amphibians
48,diploglossus_monotropis,1,Community,Amphibians
48,anadia_ocellata,1,Community,Amphibians
48,anadia_ocellata,1,Community,Amphibians
48,loxopholis_southi,1,Community,Amphibians
48,alopoglossus_plicatus,1,Community,Amphibians
48,anolis_ibanezi,1,Community,Amphibians
48,anolis_limifrons,1,Community,Amphibians
48,polychrus_gutturosus,1,Community,Amphibians
48,corallus_annulatus,1,Community,Amphibians
48,epicrates_maurus,1,Community,Amphibians
48,chironius_exoletus,1,Community,Amphibians
48,chironius_grandisquamis,1,Community,Amphibians
48,dendrophidion_paucicarinatum,1,Community,Amphibians
48,leptophis_depressirostris,1,Community,Amphibians
48,mastigodryas_alternatus,1,Community,Amphibians
48,oxybelis_brevirostris,1,Community,Amphibians
48,tantilla_supracincta,1,Community,Amphibians
48,dipsas_articulata,1,Community,Amphibians
48,geophis_hoffmanni,1,Community,Amphibians
48,geophis_hoffmanni,1,Community,Amphibians
48,geophis_tectus,1,Community,Amphibians
48,hydromorphus_concolor,1,Community,Amphibians
48,ninia_maculata,1,Community,Amphibians
48,ninia_psephota,1,Community,Amphibians
48,sibon_annulatus,1,Community,Amphibians
48,sibon_argus,1,Community,Amphibians
48,sibon_longifrenis,1,Community,Amphibians
48,micrurus_alleni,1,Community,Amphibians
48,micrurus_multifasciatus,1,Community,Amphibians
48,atropoides_picadoi,1,Community,Amphibians
48,phrynonax_poecilonotus,1,Community,Amphibians
48,caiman_crocodilus,1,Community,Amphibians
48,iguana_iguana,1,Community,Amphibians
48,drymobius_rhombifer,1,Community,Amphibians
48,geophis_brachycephalus,1,Community,Amphibians
48,nothopsis_rugosus,1,Community,Amphibians
48,lepidoblepharis_xanthostigma,1,Community,Amphibians
48,thecadactylus_rapicauda,1,Community,Amphibians
48,lygophis_lineatus,1,Community,Amphibians
48,spilotes_pullatus,1,Community,Amphibians
48,holcosus_festivus,1,Community,Amphibians
48,holcosus_festivus,1,Community,Amphibians
48,anolis_lemurinus,1,Community,Amphibians
48,anolis_capito,1,Community,Amphibians
48,bothriechis_schlegelii,1,Community,Amphibians
48,clelia_clelia,1,Community,Amphibians
48,coniophanes_fissidens,1,Community,Amphibians
48,corytophanes_cristatus,1,Community,Amphibians
48,corytophanes_cristatus,1,Community,Amphibians
48,gymnophthalmus_speciosus,1,Community,Amphibians
48,leptodeira_septentrionalis,1,Community,Amphibians
48,leptophis_ahaetulla,1,Community,Amphibians
48,oxybelis_aeneus,1,Community,Amphibians
48,rhadinaea_decorata,1,Community,Amphibians
48,sibon_nebulatus,1,Community,Amphibians
48,xenodon_rabdocephalus,1,Community,Amphibians
48,anolis_auratus,1,Community,Amphibians
48,anolis_frenatus,1,Community,Amphibians
48,anolis_humilis,1,Community,Amphibians
48,anolis_insignis,1,Community,Amphibians
48,anolis_microtus,1,Community,Amphibians
48,sphaerodactylus_homolepis,1,Community,Amphibians
48,dendrophidion_clarkii,1,Community,Amphibians
48,enuliophis_sclateri,1,Community,Amphibians
48,enuliophis_sclateri,1,Community,Amphibians
48,erythrolamprus_mimus,1,Community,Amphibians
48,leptodeira_rhombifera,1,Community,Amphibians
48,erythrolamprus_epinephelus,1,Community,Amphibians
48,urotheca_pachyura,1,Community,Amphibians
48,scaphiodontophis_venustissimus,1,Community,Amphibians
48,bothriechis_lateralis,1,Community,Amphibians
48,bothriechis_nigroviridis,1,Community,Amphibians
48,lachesis_stenophrys,1,Community,Amphibians
48,anolis_benedikti,1,Community,Amphibians
48,boa_imperator,1,Community,Amphibians
48,lampropeltis_micropholis,1,Community,Amphibians
48,dermanura_azteca,1,Community,Amphibians
48,artibeus_lituratus,1,Community,Amphibians
48,bradypus_variegatus,1,Community,Amphibians
48,cabassous_centralis,1,Community,Amphibians
48,chiroderma_villosum,1,Community,Amphibians
48,chironectes_minimus,1,Community,Amphibians
48,chrotopterus_auritus,1,Community,Amphibians
48,cryptotis_endersi,1,Community,Amphibians
48,dasypus_novemcinctus,1,Community,Amphibians
48,neoeptesicus_brasiliensis,1,Community,Amphibians
48,neoeptesicus_furinalis,1,Community,Amphibians
48,eumops_auripendulus,1,Community,Amphibians
48,glossophaga_commissarisi,1,Community,Amphibians
48,herpailurus_yagouaroundi,1,Community,Amphibians
48,hylonycteris_underwoodi,1,Community,Amphibians
48,lasiurus_cinereus,1,Community,Amphibians
48,lasiurus_ega,1,Community,Amphibians
48,leopardus_pardalis,1,Community,Amphibians
48,lontra_longicaudis,1,Community,Amphibians
48,macrophyllum_macrophyllum,1,Community,Amphibians
48,marmosops_invictus,1,Community,Amphibians
48,mesophylla_macconnelli,1,Community,Amphibians
48,lampronycteris_brachyotis,1,Community,Amphibians
48,micronycteris_hirsuta,1,Community,Amphibians
48,micronycteris_minuta,1,Community,Amphibians
48,trinycteris_nicefori,1,Community,Amphibians
48,micronycteris_schmidtorum,1,Community,Amphibians
48,microsciurus_alfari,1,Community,Amphibians
48,microsciurus_mimulus,1,Community,Amphibians
48,molossus_sinaloae,1,Community,Amphibians
48,myotis_nigricans,1,Community,Amphibians
48,myotis_oxyotus,1,Community,Amphibians
48,myotis_riparius,1,Community,Amphibians
48,myrmecophaga_tridactyla,1,Community,Amphibians
48,noctilio_leporinus,1,Community,Amphibians
48,oligoryzomys_fulvescens,1,Community,Amphibians
48,oligoryzomys_vegetus,1,Community,Amphibians
48,orthogeomys_cavator,1,Community,Amphibians
48,transandinomys_bolivaris,1,Community,Amphibians
48,oryzomys_couesi,1,Community,Amphibians
48,panthera_onca,1,Community,Amphibians
48,phylloderma_stenops,1,Community,Amphibians
48,phyllostomus_discolor,1,Community,Amphibians
48,phyllostomus_hastatus,1,Community,Amphibians
48,proechimys_semispinosus,1,Community,Amphibians
48,pteronotus_gymnonotus,1,Community,Amphibians
48,puma_concolor,1,Community,Amphibians
48,puma_concolor,1,Community,Amphibians
48,rhynchonycteris_naso,1,Community,Amphibians
48,saccopteryx_bilineata,1,Community,Amphibians
48,saccopteryx_leptura,1,Community,Amphibians
48,sciurus_granatensis,1,Community,Amphibians
48,scotinomys_teguina,1,Community,Amphibians
48,tanyuromys_aphrastus,1,Community,Amphibians
48,speothos_venaticus,1,Community,Amphibians
48,coendou_mexicanus,1,Community,Amphibians
48,tapirus_bairdii,1,Community,Amphibians
48,lophostoma_brasiliense,1,Community,Amphibians
48,vampyriscus_nymphaea,1,Community,Amphibians
48,vampyrum_spectrum,1,Community,Amphibians
48,zygodontomys_brevicauda,1,Community,Amphibians
48,didelphis_marsupialis,1,Community,Amphibians
48,philander_opossum,1,Community,Amphibians
48,cryptotis_nigrescens,1,Community,Amphibians
48,cormura_brevirostris,1,Community,Amphibians
48,eira_barbara,1,Community,Amphibians
48,neogale_frenata,1,Community,Amphibians
48,nasua_narica,1,Community,Amphibians
48,procyon_lotor,1,Community,Amphibians
48,pecari_tajacu,1,Community,Amphibians
48,tayassu_pecari,1,Community,Amphibians
48,odocoileus_virginianus,1,Community,Amphibians
48,micronycteris_microtis,1,Community,Amphibians
48,sigmodon_hirsutus,1,Community,Amphibians
48,neoeptesicus_chiriquinus,1,Community,Amphibians
48,mimon_cozumelae,1,Community,Amphibians
48,coendou_quichua,1,Community,Amphibians
48,bassaricyon_gabbii,1,Community,Amphibians
48,cebus_imitator,1,Community,Amphibians
48,dermanura_phaeotis,1,Community,Amphibians
48,eumops_ferox,1,Community,Amphibians
48,pteronotus_rubiginosus,1,Community,Amphibians
48,anoura_geoffroyi,1,Community,Amphibians
48,carollia_castanea,1,Community,Amphibians
48,lichonycteris_obscura,1,Community,Amphibians
48,lasiurus_blossevillii,1,Community,Amphibians
48,vampyrodes_major,1,Community,Amphibians
48,dasyprocta_punctata,1,Community,Amphibians
48,cuniculus_paca,1,Community,Amphibians
48,anoura_cultrata,1,Community,Amphibians
48,enchisthenes_hartii,1,Community,Amphibians
48,dermanura_tolteca,1,Community,Amphibians
48,ateles_geoffroyi,1,Community,Amphibians
48,caluromys_derbianus,1,Community,Amphibians
48,canis_latrans,1,Community,Amphibians
48,carollia_perspicillata,1,Community,Amphibians
48,centurio_senex,1,Community,Amphibians
48,chiroderma_salvini,1,Community,Amphibians
48,chiroderma_trinitatum,1,Community,Amphibians
48,choloepus_hoffmanni,1,Community,Amphibians
48,desmodus_rotundus,1,Community,Amphibians
48,diaemus_youngii,1,Community,Amphibians
48,diclidurus_albus,1,Community,Amphibians
48,diphylla_ecaudata,1,Community,Amphibians
48,eptesicus_fuscus,1,Community,Amphibians
48,furipterus_horrens,1,Community,Amphibians
48,glossophaga_soricina,1,Community,Amphibians
48,hoplomys_gymnurus,1,Community,Amphibians
48,isthmomys_flavidus,1,Community,Amphibians
48,leopardus_wiedii,1,Community,Amphibians
48,lonchophylla_robusta,1,Community,Amphibians
48,lonchorhina_aurita,1,Community,Amphibians
48,melanomys_caliginosus,1,Community,Amphibians
48,glyphonycteris_sylvestris,1,Community,Amphibians
48,gardnerycteris_crenulatum,1,Community,Amphibians
48,molossus_rufus,1,Community,Amphibians
48,molossus_molossus,1,Community,Amphibians
48,mus_musculus,1,Community,Amphibians
48,myotis_albescens,1,Community,Amphibians
48,myotis_keaysi,1,Community,Amphibians
48,noctilio_albiventris,1,Community,Amphibians
48,nyctomys_sumichrasti,1,Community,Amphibians
48,oecomys_trinitatis,1,Community,Amphibians
48,casiomys_alfaroi,1,Community,Amphibians
48,nephelomys_devius,1,Community,Amphibians
48,transandinomys_talamancae,1,Community,Amphibians
48,peromyscus_mexicanus,1,Community,Amphibians
48,peropteryx_kappleri,1,Community,Amphibians
48,peropteryx_macrotis,1,Community,Amphibians
48,platyrrhinus_vittatus,1,Community,Amphibians
48,pteronotus_personatus,1,Community,Amphibians
48,reithrodontomys_creper,1,Community,Amphibians
48,reithrodontomys_mexicanus,1,Community,Amphibians
48,rheomys_raptor,1,Community,Amphibians
48,sciurus_variegatoides,1,Community,Amphibians
48,scotinomys_xerampelinus,1,Community,Amphibians
48,sigmodontomys_alfari,1,Community,Amphibians
48,sturnira_luisi,1,Community,Amphibians
48,sturnira_mordax,1,Community,Amphibians
48,tadarida_brasiliensis,1,Community,Amphibians
48,tamandua_mexicana,1,Community,Amphibians
48,thyroptera_discifera,1,Community,Amphibians
48,thyroptera_tricolor,1,Community,Amphibians
48,trachops_cirrhosus,1,Community,Amphibians
48,tylomys_watsoni,1,Community,Amphibians
48,urocyon_cinereoargenteus,1,Community,Amphibians
48,alouatta_palliata,1,Community,Amphibians
48,marmosa_mexicana,1,Community,Amphibians
48,marmosa_robinsoni,1,Community,Amphibians
48,tonatia_saurophila,1,Community,Amphibians
48,conepatus_semistriatus,1,Community,Amphibians
48,galictis_vittata,1,Community,Amphibians
48,potos_flavus,1,Community,Amphibians
48,procyon_cancrivorus,1,Community,Amphibians
48,carollia_sowelli,1,Community,Amphibians
48,mazama_temama,1,Community,Amphibians
48,centronycteris_centralis,1,Community,Amphibians
48,vampyressa_thyone,1,Community,Amphibians
48,heteromys_desmarestianus,1,Community,Amphibians
48,sylvilagus_gabbi,1,Community,Amphibians
48,eumops_nanus,1,Community,Amphibians
48,molossus_bondae,1,Community,Amphibians
48,artibeus_jamaicensis,1,Community,Amphibians
48,lophostoma_silvicolum,1,Community,Amphibians
48,rhogeessa_io,1,Community,Amphibians
48,platyrrhinus_helleri,1,Community,Amphibians
48,dermanura_watsoni,1,Community,Amphibians
48,molossus_coibensis,1,Community,Amphibians
48,natalus_mexicanus,1,Community,Amphibians
48,cyclopes_dorsalis,1,Community,Amphibians
48,lithobates_pipiens,1,Community,Amphibians
48,leptodactylus_melanonotus,1,Community,Amphibians
48,isthmohyla_tica,1,Community,Amphibians
48,oedipina_cyclocauda,1,Community,Amphibians
48,craugastor_talamancae,1,Community,Amphibians
48,colostethus_pratti,1,Community,Amphibians
48,isthmohyla_picadoi,1,Community,Amphibians
48,pristimantis_ridens,1,Community,Amphibians
48,oophaga_speciosa,1,Community,Amphibians
48,ecnomiohyla_miliaria,1,Community,Amphibians
48,teratohyla_pulverata,1,Community,Amphibians
48,isthmohyla_lancasteri,1,Community,Amphibians
48,hyloscirtus_colymba,1,Community,Amphibians
48,hyloscirtus_colymba,1,Community,Amphibians
48,oedipina_collaris,1,Community,Amphibians
48,lithobates_warszewitschii,1,Community,Amphibians
48,rhaebo_haematiticus,1,Community,Amphibians
48,diasporus_diastema,1,Community,Amphibians
48,dermophis_gracilior,1,Community,Amphibians
48,dermophis_glandulosus,1,Community,Amphibians
48,teratohyla_spinosa,1,Community,Amphibians
48,oedipina_fortunensis,1,Community,Amphibians
48,craugastor_monnichorum,1,Community,Amphibians
48,silverstoneia_flotator,1,Community,Amphibians
48,dermophis_parviceps,1,Community,Amphibians
48,cruziohyla_calcarifer,1,Community,Amphibians
48,cruziohyla_sylviae,1,Community,Amphibians
48,oedipina_gracilis,1,Community,Amphibians
48,craugastor_megacephalus,1,Community,Amphibians
48,incilius_coniferus,1,Community,Amphibians
48,strabomantis_bufoniformis,1,Community,Amphibians
48,bolitoglossa_schizodactyla,1,Community,Amphibians
48,rhinella_horribilis,1,Community,Amphibians
48,sachatamia_albomaculata,1,Community,Amphibians
48,allobates_talamancae,1,Community,Amphibians
48,craugastor_ranoides,1,Community,Amphibians
48,craugastor_obesus,1,Community,Amphibians
48,craugastor_obesus,1,Community,Amphibians
48,pristimantis_cruentus,1,Community,Amphibians
48,craugastor_punctariolus,1,Community,Amphibians
48,scinax_boulengeri,1,Community,Amphibians
48,bolitoglossa_robusta,1,Community,Amphibians
48,cochranella_euknemos,1,Community,Amphibians
48,hyalinobatrachium_colymbiphyllum,1,Community,Amphibians
48,pristimantis_gaigei,1,Community,Amphibians
48,diasporus_citrinobapheus,1,Community,Amphibians
48,hyalinobatrachium_valerioi,1,Community,Amphibians
48,isthmohyla_zeteki,1,Community,Amphibians
48,isthmohyla_rivularis,1,Community,Amphibians
48,craugastor_emcelae,1,Community,Amphibians
48,smilisca_sila,1,Community,Amphibians
48,agalychnis_spurrelli,1,Community,Amphibians
48,craugastor_gulosus,1,Community,Amphibians
48,leptodactylus_insularum,1,Community,Amphibians
48,pristimantis_altae,1,Community,Amphibians
48,duellmanohyla_uranochroa,1,Community,Amphibians
48,duellmanohyla_uranochroa,1,Community,Amphibians
48,ctenophryne_aterrima,1,Community,Amphibians
48,bolitoglossa_biseriata,1,Community,Amphibians
48,triprion_spinosus,1,Community,Amphibians
48,scinax_elaeochroa,1,Community,Amphibians
48,bolitoglossa_jugivagans,1,Community,Amphibians
48,diasporus_vocator,1,Community,Amphibians
48,caecilia_volcani,1,Community,Amphibians
48,craugastor_crassidigitus,1,Community,Amphibians
48,bolitoglossa_colonnea,1,Community,Amphibians
48,silverstoneia_nubicola,1,Community,Amphibians
48,silverstoneia_nubicola,1,Community,Amphibians
48,pristimantis_museosus,1,Community,Amphibians
48,dendropsophus_phlebodes,1,Community,Amphibians
48,sachatamia_ilex,1,Community,Amphibians
48,isthmohyla_debilis,1,Community,Amphibians
48,agalychnis_lemur,1,Community,Amphibians
48,pristimantis_caryophyllaceus,1,Community,Amphibians
48,craugastor_gollmeri,1,Community,Amphibians
48,oophaga_pumilio,1,Community,Amphibians
48,espadarana_prosoblepon,1,Community,Amphibians
48,pristimantis_pardalis,1,Community,Amphibians
48,atelopus_varius,1,Community,Amphibians
48,craugastor_blairi,1,Community,Amphibians
48,smilisca_phaeota,1,Community,Amphibians
48,boana_rufitela,1,Community,Amphibians
48,leptodactylus_savagei,1,Community,Amphibians
48,isthmohyla_graceae,1,Community,Amphibians
48,hyalinobatrachium_tatayoi,1,Community,Amphibians
48,craugastor_melanostictus,1,Community,Amphibians
48,phyllobates_lugubris,1,Community,Amphibians
48,pristimantis_cerasinus,1,Community,Amphibians
48,hyalinobatrachium_vireovittatum,1,Community,Amphibians
48,dendrobates_auratus,1,Community,Amphibians
48,craugastor_fitzingeri,1,Community,Amphibians
48,gastrotheca_cornuta,1,Community,Amphibians
48,bolitoglossa_anthracina,1,Community,Amphibians
48,cochranella_granulosa,1,Community,Amphibians
49,phrynomedusa,0,Community,Amphibians
49,caiman_latirostris,1,Community,Amphibians
49,tomodon_dorsatus,1,Community,Amphibians
49,dibernardia_affinis,1,Community,Amphibians
49,pseudoboa_haasi,1,Community,Amphibians
49,tropidodryas_serra,1,Community,Amphibians
49,dipsas_ventrimaculata,1,Community,Amphibians
49,urostrophus_grilli,1,Community,Amphibians
49,crotalus_durissus,1,Community,Amphibians
49,cercosaura_schreibersii,1,Community,Amphibians
49,bothrops_jararacussu,1,Community,Amphibians
49,mussurana_quimi,1,Community,Amphibians
49,lygophis_meridionalis,1,Community,Amphibians
49,uromacerina_ricardinii,1,Community,Amphibians
49,hemidactylus_mabouia,1,Community,Amphibians
49,imantodes_cenchoa,1,Community,Amphibians
49,enyalius_iheringii,1,Community,Amphibians
49,liotyphlops_ternetzii,1,Community,Amphibians
49,corallus_hortulana,1,Community,Amphibians
49,chironius_exoletus,1,Community,Amphibians
49,tantilla_melanocephala,1,Community,Amphibians
49,clelia_plumbea,1,Community,Amphibians
49,paraphimophis_rusticus,1,Community,Amphibians
49,phimophis_guerini,1,Community,Amphibians
49,atractus_zebrinus,1,Community,Amphibians
49,echinanthera_cyanopleura,1,Community,Amphibians
49,amnisiophis_amoenus,1,Community,Amphibians
49,helicops_carinicaudus,1,Community,Amphibians
49,helicops_infrataeniatus,1,Community,Amphibians
49,oxyrhopus_guibei,1,Community,Amphibians
49,phalotris_reticulatus,1,Community,Amphibians
49,dipsas_turgida,1,Community,Amphibians
49,dipsas_neuwiedi,1,Community,Amphibians
49,dibernardia_bilineata,1,Community,Amphibians
49,adelphostigma_occipitalis,1,Community,Amphibians
49,tropidodryas_striaticeps,1,Community,Amphibians
49,xenodon_merremii,1,Community,Amphibians
49,amerotyphlops_brongersmianus,1,Community,Amphibians
49,bothrops_neuwiedi,1,Community,Amphibians
49,bothrops_alternatus,1,Community,Amphibians
49,chironius_laevicollis,1,Community,Amphibians
49,stenocercus_azureus,1,Community,Amphibians
49,dipsas_alternans,1,Community,Amphibians
49,dipsas_bucephala,1,Community,Amphibians
49,erythrolamprus_almadensis,1,Community,Amphibians
49,diploglossus_fasciatus,1,Community,Amphibians
49,leposternon_microcephalum,1,Community,Amphibians
49,amphisbaena_prunicolor,1,Community,Amphibians
49,amphisbaena_trachura,1,Community,Amphibians
49,micrurus_altirostris,1,Community,Amphibians
49,chironius_foveatus,1,Community,Amphibians
49,gomesophis_brasiliensis,1,Community,Amphibians
49,placosoma_glabellum,1,Community,Amphibians
49,dipsas_albifrons,1,Community,Amphibians
49,xenodon_neuwiedii,1,Community,Amphibians
49,liotyphlops_beui,1,Community,Amphibians
49,echinanthera_undulata,1,Community,Amphibians
49,erythrolamprus_jaegeri,1,Community,Amphibians
49,phalotris_lemniscatus,1,Community,Amphibians
49,siphlophis_pulcher,1,Community,Amphibians
49,mesotes_strigatus,1,Community,Amphibians
49,placosoma_cordylinum,1,Community,Amphibians
49,lygophis_flavifrenatus,1,Community,Amphibians
49,spilotes_pullatus,1,Community,Amphibians
49,leptophis_ahaetulla,1,Community,Amphibians
49,urostrophus_vautieri,1,Community,Amphibians
49,palusophis_bifossatus,1,Community,Amphibians
49,erythrolamprus_aesculapii,1,Community,Amphibians
49,siphlophis_longicaudatus,1,Community,Amphibians
49,atractus_reticulatus,1,Community,Amphibians
49,atractus_trihedrurus,1,Community,Amphibians
49,boiruna_maculata,1,Community,Amphibians
49,dipsas_indica,1,Community,Amphibians
49,echinanthera_cephalostriata,1,Community,Amphibians
49,elapomorphus_quinquelineatus,1,Community,Amphibians
49,oxyrhopus_clathratus,1,Community,Amphibians
49,oxyrhopus_rhombifer,1,Community,Amphibians
49,philodryas_aestiva,1,Community,Amphibians
49,philodryas_agassizii,1,Community,Amphibians
49,philodryas_olfersii,1,Community,Amphibians
49,philodryas_patagoniensis,1,Community,Amphibians
49,ptychophis_flavovirgatus,1,Community,Amphibians
49,sordellina_punctata,1,Community,Amphibians
49,dibernardia_persimilis,1,Community,Amphibians
49,dryophylax_hypoconia,1,Community,Amphibians
49,bothrops_jararaca,1,Community,Amphibians
49,cercosaura_ocellata,1,Community,Amphibians
49,chironius_bicarinatus,1,Community,Amphibians
49,chironius_fuscus,1,Community,Amphibians
49,erythrolamprus_miliaris,1,Community,Amphibians
49,aspronema_dorsivittatum,1,Community,Amphibians
49,teius_oculatus,1,Community,Amphibians
49,dipsas_variegata,1,Community,Amphibians
49,erythrolamprus_poecilogyrus,1,Community,Amphibians
49,amphisbaena_mertensii,1,Community,Amphibians
49,ophiodes_fragilis,1,Community,Amphibians
49,ophiodes_striatus,1,Community,Amphibians
49,micrurus_corallinus,1,Community,Amphibians
49,xenodon_histricus,1,Community,Amphibians
49,colobodactylus_taunayi,1,Community,Amphibians
49,ecpleopus_gaudichaudii,1,Community,Amphibians
49,artibeus_fimbriatus,1,Community,Amphibians
49,artibeus_lituratus,1,Community,Amphibians
49,necromys_lasiurus,1,Community,Amphibians
49,cabassous_tatouay,1,Community,Amphibians
49,cerdocyon_thous,1,Community,Amphibians
49,chironectes_minimus,1,Community,Amphibians
49,chrotopterus_auritus,1,Community,Amphibians
49,dasypus_novemcinctus,1,Community,Amphibians
49,neoeptesicus_brasiliensis,1,Community,Amphibians
49,neoeptesicus_diminutus,1,Community,Amphibians
49,neoeptesicus_furinalis,1,Community,Amphibians
49,eumops_auripendulus,1,Community,Amphibians
49,gracilinanus_microtarsus,1,Community,Amphibians
49,herpailurus_yagouaroundi,1,Community,Amphibians
49,histiotus_alienus,1,Community,Amphibians
49,lasiurus_cinereus,1,Community,Amphibians
49,leopardus_pardalis,1,Community,Amphibians
49,lontra_longicaudis,1,Community,Amphibians
49,macrophyllum_macrophyllum,1,Community,Amphibians
49,micronycteris_minuta,1,Community,Amphibians
49,mimon_bennettii,1,Community,Amphibians
49,cynomops_abrasus,1,Community,Amphibians
49,monodelphis_dimidiata,1,Community,Amphibians
49,monodelphis_iheringi,1,Community,Amphibians
49,myotis_nigricans,1,Community,Amphibians
49,myotis_riparius,1,Community,Amphibians
49,myrmecophaga_tridactyla,1,Community,Amphibians
49,nectomys_squamipes,1,Community,Amphibians
49,noctilio_leporinus,1,Community,Amphibians
49,nyctinomops_macrotis,1,Community,Amphibians
49,oxymycterus_hispidus,1,Community,Amphibians
49,oxymycterus_nasutus,1,Community,Amphibians
49,panthera_onca,1,Community,Amphibians
49,phylloderma_stenops,1,Community,Amphibians
49,puma_concolor,1,Community,Amphibians
49,pygoderma_bilabiatum,1,Community,Amphibians
49,rhagomys_rufescens,1,Community,Amphibians
49,saccopteryx_leptura,1,Community,Amphibians
49,sciurus_aestuans,1,Community,Amphibians
49,speothos_venaticus,1,Community,Amphibians
49,wilfredomys_oenax,1,Community,Amphibians
49,euryoryzomys_russatus,1,Community,Amphibians
49,mazama_nana,1,Community,Amphibians
49,mazama_nana,1,Community,Amphibians
49,didelphis_albiventris,1,Community,Amphibians
49,didelphis_aurita,1,Community,Amphibians
49,metachirus_nudicaudatus,1,Community,Amphibians
49,mazama_bororo,1,Community,Amphibians
49,conepatus_chinga,1,Community,Amphibians
49,galictis_cuja,1,Community,Amphibians
49,eira_barbara,1,Community,Amphibians
49,pecari_tajacu,1,Community,Amphibians
49,tayassu_pecari,1,Community,Amphibians
49,tayassu_pecari,1,Community,Amphibians
49,sooretamys_angouya,1,Community,Amphibians
49,philander_frenatus,1,Community,Amphibians
49,oxymycterus_quaestor,1,Community,Amphibians
49,phyllomys_medius,1,Community,Amphibians
49,sapajus_nigritus,1,Community,Amphibians
49,leopardus_guttulus,1,Community,Amphibians
49,anoura_caudifer,1,Community,Amphibians
49,lasiurus_blossevillii,1,Community,Amphibians
49,dasyprocta_leporina,1,Community,Amphibians
49,monodelphis_americana,1,Community,Amphibians
49,coendou_prehensilis,1,Community,Amphibians
49,cuniculus_paca,1,Community,Amphibians
49,thaptomys_nigrita,1,Community,Amphibians
49,artibeus_obscurus,1,Community,Amphibians
49,artibeus_planirostris,1,Community,Amphibians
49,caluromys_lanatus,1,Community,Amphibians
49,carollia_perspicillata,1,Community,Amphibians
49,cavia_fulgida,1,Community,Amphibians
49,chiroderma_doriae,1,Community,Amphibians
49,dasyprocta_azarae,1,Community,Amphibians
49,dasypus_septemcinctus,1,Community,Amphibians
49,delomys_dorsalis,1,Community,Amphibians
49,delomys_sublineatus,1,Community,Amphibians
49,desmodus_rotundus,1,Community,Amphibians
49,diaemus_youngii,1,Community,Amphibians
49,diphylla_ecaudata,1,Community,Amphibians
49,euphractus_sexcinctus,1,Community,Amphibians
49,euryzygomatomys_spinosus,1,Community,Amphibians
49,furipterus_horrens,1,Community,Amphibians
49,glossophaga_soricina,1,Community,Amphibians
49,histiotus_velatus,1,Community,Amphibians
49,holochilus_brasiliensis,1,Community,Amphibians
49,hydrochoerus_hydrochaeris,1,Community,Amphibians
49,kannabateomys_amblyonyx,1,Community,Amphibians
49,lasiurus_egregius,1,Community,Amphibians
49,leopardus_wiedii,1,Community,Amphibians
49,molossus_rufus,1,Community,Amphibians
49,molossus_molossus,1,Community,Amphibians
49,mus_musculus,1,Community,Amphibians
49,myotis_albescens,1,Community,Amphibians
49,myotis_levis,1,Community,Amphibians
49,myotis_ruber,1,Community,Amphibians
49,nyctinomops_aurispinosus,1,Community,Amphibians
49,nyctinomops_laticaudatus,1,Community,Amphibians
49,oecomys_trinitatis,1,Community,Amphibians
49,oligoryzomys_flavescens,1,Community,Amphibians
49,oligoryzomys_nigripes,1,Community,Amphibians
49,peropteryx_macrotis,1,Community,Amphibians
49,platyrrhinus_lineatus,1,Community,Amphibians
49,coendou_spinosus,1,Community,Amphibians
49,sturnira_tildae,1,Community,Amphibians
49,tadarida_brasiliensis,1,Community,Amphibians
49,tamandua_tetradactyla,1,Community,Amphibians
49,tapirus_terrestris,1,Community,Amphibians
49,tonatia_bidens,1,Community,Amphibians
49,trachops_cirrhosus,1,Community,Amphibians
49,vampyressa_pusilla,1,Community,Amphibians
49,mazama_gouazoubira,1,Community,Amphibians
49,alouatta_guariba,1,Community,Amphibians
49,lutreolina_crassicaudata,1,Community,Amphibians
49,nasua_nasua,1,Community,Amphibians
49,procyon_cancrivorus,1,Community,Amphibians
49,akodon_montensis,1,Community,Amphibians
49,oecomys_catherinae,1,Community,Amphibians
49,brucepattersonius_soricinus,1,Community,Amphibians
49,akodon_paranaensis,1,Community,Amphibians
49,marmosa_paraguayana,1,Community,Amphibians
49,drymoreomys_albimaculatus,1,Community,Amphibians
49,phyllomys_sulinus,1,Community,Amphibians
49,cavia_aperea,1,Community,Amphibians
49,myotis_izecksohni,1,Community,Amphibians
49,sturnira_lilium,1,Community,Amphibians
49,monodelphis_scalops,1,Community,Amphibians
49,adenomera_nana,1,Community,Amphibians
49,dendropsophus_minutus,1,Community,Amphibians
49,physalaemus_insperatus,1,Community,Amphibians
49,leptodactylus_gracilis,1,Community,Amphibians
49,scythrophrys_sawayae,1,Community,Amphibians
49,proceratophrys_subguttata,1,Community,Amphibians
49,sphaenorhynchus_surdus,1,Community,Amphibians
49,rhinella_icterica,1,Community,Amphibians
49,leptodactylus_fuscus,1,Community,Amphibians
49,proceratophrys_boiei,1,Community,Amphibians
49,ololygon_brieni,1,Community,Amphibians
49,dendropsophus_microps,1,Community,Amphibians
49,luetkenotyphlus_brasiliensis,1,Community,Amphibians
49,scinax_fuscovarius,1,Community,Amphibians
49,sphaenorhynchus_caramaschii,1,Community,Amphibians
49,dendropsophus_nahdereri,1,Community,Amphibians
49,hylodes_heyeri,1,Community,Amphibians
49,odontophrynus_americanus,1,Community,Amphibians
49,scinax_perereca,1,Community,Amphibians
49,haddadus_binotatus,1,Community,Amphibians
49,rhinella_diptycha,1,Community,Amphibians
49,scinax_imbegue,1,Community,Amphibians
49,boana_faber,1,Community,Amphibians
49,dendropsophus_nanus,1,Community,Amphibians
49,scinax_tymbamirim,1,Community,Amphibians
49,nyctimantis_bokermanni,1,Community,Amphibians
49,physalaemus_cuvieri,1,Community,Amphibians
49,scinax_granulatus,1,Community,Amphibians
49,chiasmocleis_leucosticta,1,Community,Amphibians
49,siphonops_paulensis,1,Community,Amphibians
49,scinax_squalirostris,1,Community,Amphibians
49,boana_albomarginata,1,Community,Amphibians
49,cycloramphus_mirandaribeiroi,1,Community,Amphibians
49,physalaemus_maculiventris,1,Community,Amphibians
49,gastrotheca_microdiscus,1,Community,Amphibians
49,bokermannohyla_hylax,1,Community,Amphibians
49,dendropsophus_elegans,1,Community,Amphibians
49,dendropsophus_werneri,1,Community,Amphibians
49,boana_bischoffi,1,Community,Amphibians
49,cycloramphus_lutzorum,1,Community,Amphibians
49,scinax_nasicus,1,Community,Amphibians
49,leptodactylus_luctator,1,Community,Amphibians
49,rhinella_henseli,1,Community,Amphibians
49,ololygon_catharinae,1,Community,Amphibians
49,itapotihyla_langsdorffii,1,Community,Amphibians
49,dendrophryniscus_leucomystax,1,Community,Amphibians
49,phrynomedusa_fimbriata,1,Community,Amphibians
49,cycloramphus_bolitoglossus,1,Community,Amphibians
49,chthonerpeton_viviparum,1,Community,Amphibians
49,crossodactylus_caramaschii,1,Community,Amphibians
49,ololygon_littoralis,1,Community,Amphibians
49,leptodactylus_notoaktites,1,Community,Amphibians
49,boana_semilineata,1,Community,Amphibians
49,rhinella_ornata,1,Community,Amphibians
49,ololygon_rizibilis,1,Community,Amphibians
49,fritziana_mitus,1,Community,Amphibians
49,dendrophryniscus_berthalutzae,1,Community,Amphibians
49,phyllomedusa_distincta,1,Community,Amphibians
49,ischnocnema_guentheri,1,Community,Amphibians
49,aplastodiscus_ehrhardti,1,Community,Amphibians
49,dendropsophus_berthalutzae,1,Community,Amphibians
49,siphonops_annulatus,1,Community,Amphibians
49,scinax_x-signatus,1,Community,Amphibians
49,vitreorana_eurygnatha,1,Community,Amphibians
49,leptodactylus_mystacinus,1,Community,Amphibians
49,physalaemus_nanus,1,Community,Amphibians
49,adenomera_bokermanni,1,Community,Amphibians
49,trachycephalus_mesophaeus,1,Community,Amphibians
49,leptodactylus_flavopictus,1,Community,Amphibians
49,trachycephalus_dibernardoi,1,Community,Amphibians
49,ischnocnema_sambaqui,1,Community,Amphibians
49,brachycephalus_sulfuratus,1,Community,Amphibians
49,ischnocnema_henselii,1,Community,Amphibians
49,bokermannohyla_circumdata,1,Community,Amphibians
49,leptodactylus_paranaru,1,Community,Amphibians
49,elachistocleis_bicolor,1,Community,Amphibians
49,vitreorana_uranoscopa,1,Community,Amphibians
49,ololygon_argyreornata,1,Community,Amphibians
49,physalaemus_lateristriga,1,Community,Amphibians
49,caiman_latirostris,1,Community,Amphibians
49,tomodon_dorsatus,1,Community,Amphibians
49,amphisbaena_alba,1,Community,Amphibians
49,dibernardia_affinis,1,Community,Amphibians
49,xenopholis_scalaris,1,Community,Amphibians
49,tropidodryas_serra,1,Community,Amphibians
49,dipsas_ventrimaculata,1,Community,Amphibians
49,urostrophus_grilli,1,Community,Amphibians
49,crotalus_durissus,1,Community,Amphibians
49,cercosaura_schreibersii,1,Community,Amphibians
49,bothrops_jararacussu,1,Community,Amphibians
49,caaeteboia_amarali,1,Community,Amphibians
49,mussurana_quimi,1,Community,Amphibians
49,lygophis_meridionalis,1,Community,Amphibians
49,uromacerina_ricardinii,1,Community,Amphibians
49,hemidactylus_mabouia,1,Community,Amphibians
49,boa_constrictor,1,Community,Amphibians
49,imantodes_cenchoa,1,Community,Amphibians
49,leptodeira_annulata,1,Community,Amphibians
49,oxyrhopus_petolarius,1,Community,Amphibians
49,enyalius_iheringii,1,Community,Amphibians
49,enyalius_perditus,1,Community,Amphibians
49,liotyphlops_ternetzii,1,Community,Amphibians
49,corallus_hortulana,1,Community,Amphibians
49,chironius_exoletus,1,Community,Amphibians
49,tantilla_melanocephala,1,Community,Amphibians
49,clelia_plumbea,1,Community,Amphibians
49,pseudoboa_serrana,1,Community,Amphibians
49,apostolepis_dimidiata,1,Community,Amphibians
49,atractus_zebrinus,1,Community,Amphibians
49,echinanthera_cyanopleura,1,Community,Amphibians
49,amnisiophis_amoenus,1,Community,Amphibians
49,helicops_carinicaudus,1,Community,Amphibians
49,helicops_modestus,1,Community,Amphibians
49,oxyrhopus_guibei,1,Community,Amphibians
49,phalotris_reticulatus,1,Community,Amphibians
49,dipsas_turgida,1,Community,Amphibians
49,dipsas_neuwiedi,1,Community,Amphibians
49,dibernardia_bilineata,1,Community,Amphibians
49,adelphostigma_occipitalis,1,Community,Amphibians
49,tropidodryas_striaticeps,1,Community,Amphibians
49,xenodon_merremii,1,Community,Amphibians
49,xenopholis_undulatus,1,Community,Amphibians
49,micrurus_decoratus,1,Community,Amphibians
49,micrurus_lemniscatus,1,Community,Amphibians
49,amerotyphlops_brongersmianus,1,Community,Amphibians
49,bothrops_neuwiedi,1,Community,Amphibians
49,bothrops_alternatus,1,Community,Amphibians
49,anolis_punctatus,1,Community,Amphibians
49,cercosaura_quadrilineata,1,Community,Amphibians
49,kentropyx_paulensis,1,Community,Amphibians
49,chironius_laevicollis,1,Community,Amphibians
49,chironius_quadricarinatus,1,Community,Amphibians
49,erythrolamprus_reginae,1,Community,Amphibians
49,erythrolamprus_typhlus,1,Community,Amphibians
49,psychosaura_macrorhyncha,1,Community,Amphibians
49,tropidurus_itambere,1,Community,Amphibians
49,dipsas_alternans,1,Community,Amphibians
49,dipsas_bucephala,1,Community,Amphibians
49,erythrolamprus_almadensis,1,Community,Amphibians
49,erythrolamprus_frenatus,1,Community,Amphibians
49,diploglossus_fasciatus,1,Community,Amphibians
49,leposternon_microcephalum,1,Community,Amphibians
49,amphisbaena_prunicolor,1,Community,Amphibians
49,chironius_foveatus,1,Community,Amphibians
49,gomesophis_brasiliensis,1,Community,Amphibians
49,placosoma_glabellum,1,Community,Amphibians
49,dipsas_albifrons,1,Community,Amphibians
49,xenodon_neuwiedii,1,Community,Amphibians
49,liotyphlops_beui,1,Community,Amphibians
49,echinanthera_undulata,1,Community,Amphibians
49,erythrolamprus_jaegeri,1,Community,Amphibians
49,siphlophis_pulcher,1,Community,Amphibians
49,mesotes_strigatus,1,Community,Amphibians
49,placosoma_cordylinum,1,Community,Amphibians
49,mussurana_montana,1,Community,Amphibians
49,spilotes_pullatus,1,Community,Amphibians
49,leptophis_ahaetulla,1,Community,Amphibians
49,enyalius_brasiliensis,1,Community,Amphibians
49,urostrophus_vautieri,1,Community,Amphibians
49,palusophis_bifossatus,1,Community,Amphibians
49,erythrolamprus_aesculapii,1,Community,Amphibians
49,siphlophis_longicaudatus,1,Community,Amphibians
49,atractus_reticulatus,1,Community,Amphibians
49,atractus_serranus,1,Community,Amphibians
49,boiruna_maculata,1,Community,Amphibians
49,chironius_flavolineatus,1,Community,Amphibians
49,dipsas_indica,1,Community,Amphibians
49,echinanthera_cephalostriata,1,Community,Amphibians
49,echinanthera_melanostigma,1,Community,Amphibians
49,elapomorphus_quinquelineatus,1,Community,Amphibians
49,oxyrhopus_clathratus,1,Community,Amphibians
49,oxyrhopus_rhombifer,1,Community,Amphibians
49,phalotris_mertensi,1,Community,Amphibians
49,philodryas_aestiva,1,Community,Amphibians
49,philodryas_agassizii,1,Community,Amphibians
49,philodryas_olfersii,1,Community,Amphibians
49,philodryas_patagoniensis,1,Community,Amphibians
49,ptychophis_flavovirgatus,1,Community,Amphibians
49,dipsas_mikanii,1,Community,Amphibians
49,sordellina_punctata,1,Community,Amphibians
49,dibernardia_persimilis,1,Community,Amphibians
49,dryophylax_hypoconia,1,Community,Amphibians
49,spilotes_sulphureus,1,Community,Amphibians
49,tropidophis_paucisquamis,1,Community,Amphibians
49,bothrops_jararaca,1,Community,Amphibians
49,cercosaura_ocellata,1,Community,Amphibians
49,chironius_bicarinatus,1,Community,Amphibians
49,chironius_fuscus,1,Community,Amphibians
49,erythrolamprus_miliaris,1,Community,Amphibians
49,aspronema_dorsivittatum,1,Community,Amphibians
49,dipsas_variegata,1,Community,Amphibians
49,erythrolamprus_poecilogyrus,1,Community,Amphibians
49,gymnodactylus_darwinii,1,Community,Amphibians
49,amphisbaena_mertensii,1,Community,Amphibians
49,micrurus_corallinus,1,Community,Amphibians
49,simophis_rhinostoma,1,Community,Amphibians
49,amphisbaena_roberti,1,Community,Amphibians
49,amphisbaena_dubia,1,Community,Amphibians
49,amphisbaena_hogei,1,Community,Amphibians
49,atractus_pantostictus,1,Community,Amphibians
49,colobodactylus_taunayi,1,Community,Amphibians
49,ecpleopus_gaudichaudii,1,Community,Amphibians
49,heterodactylus_imbricatus,1,Community,Amphibians
49,apostolepis_assimilis,1,Community,Amphibians
49,akodon_cursor,1,Community,Amphibians
49,akodon_serrensis,1,Community,Amphibians
49,artibeus_fimbriatus,1,Community,Amphibians
49,artibeus_lituratus,1,Community,Amphibians
49,necromys_lasiurus,1,Community,Amphibians
49,brachyteles_arachnoides,1,Community,Amphibians
49,bradypus_variegatus,1,Community,Amphibians
49,cabassous_tatouay,1,Community,Amphibians
49,caluromys_philander,1,Community,Amphibians
49,cerdocyon_thous,1,Community,Amphibians
49,chironectes_minimus,1,Community,Amphibians
49,chrotopterus_auritus,1,Community,Amphibians
49,dasypus_novemcinctus,1,Community,Amphibians
49,neoeptesicus_brasiliensis,1,Community,Amphibians
49,neoeptesicus_diminutus,1,Community,Amphibians
49,neoeptesicus_furinalis,1,Community,Amphibians
49,eumops_auripendulus,1,Community,Amphibians
49,eumops_perotis,1,Community,Amphibians
49,gracilinanus_microtarsus,1,Community,Amphibians
49,herpailurus_yagouaroundi,1,Community,Amphibians
49,lasiurus_cinereus,1,Community,Amphibians
49,lasiurus_ega,1,Community,Amphibians
49,leopardus_pardalis,1,Community,Amphibians
49,lontra_longicaudis,1,Community,Amphibians
49,macrophyllum_macrophyllum,1,Community,Amphibians
49,marmosops_incanus,1,Community,Amphibians
49,micronycteris_megalotis,1,Community,Amphibians
49,micronycteris_minuta,1,Community,Amphibians
49,micronycteris_schmidtorum,1,Community,Amphibians
49,mimon_bennettii,1,Community,Amphibians
49,cynomops_abrasus,1,Community,Amphibians
49,molossops_neglectus,1,Community,Amphibians
49,monodelphis_dimidiata,1,Community,Amphibians
49,monodelphis_iheringi,1,Community,Amphibians
49,myotis_nigricans,1,Community,Amphibians
49,myotis_riparius,1,Community,Amphibians
49,nectomys_squamipes,1,Community,Amphibians
49,noctilio_leporinus,1,Community,Amphibians
49,nyctinomops_macrotis,1,Community,Amphibians
49,oligoryzomys_eliurus,1,Community,Amphibians
49,oxymycterus_hispidus,1,Community,Amphibians
49,panthera_onca,1,Community,Amphibians
49,phylloderma_stenops,1,Community,Amphibians
49,phyllostomus_discolor,1,Community,Amphibians
49,phyllostomus_hastatus,1,Community,Amphibians
49,platyrrhinus_recifinus,1,Community,Amphibians
49,trinomys_iheringi,1,Community,Amphibians
49,puma_concolor,1,Community,Amphibians
49,pygoderma_bilabiatum,1,Community,Amphibians
49,rhagomys_rufescens,1,Community,Amphibians
49,saccopteryx_leptura,1,Community,Amphibians
49,sciurus_aestuans,1,Community,Amphibians
49,speothos_venaticus,1,Community,Amphibians
49,wilfredomys_oenax,1,Community,Amphibians
49,euryoryzomys_russatus,1,Community,Amphibians
49,didelphis_aurita,1,Community,Amphibians
49,metachirus_nudicaudatus,1,Community,Amphibians
49,mazama_bororo,1,Community,Amphibians
49,conepatus_chinga,1,Community,Amphibians
49,galictis_cuja,1,Community,Amphibians
49,eira_barbara,1,Community,Amphibians
49,pecari_tajacu,1,Community,Amphibians
49,tayassu_pecari,1,Community,Amphibians
49,sooretamys_angouya,1,Community,Amphibians
49,philander_frenatus,1,Community,Amphibians
49,phyllomys_medius,1,Community,Amphibians
49,sapajus_nigritus,1,Community,Amphibians
49,oxymycterus_dasytrichus,1,Community,Amphibians
49,leopardus_guttulus,1,Community,Amphibians
49,anoura_caudifer,1,Community,Amphibians
49,anoura_geoffroyi,1,Community,Amphibians
49,lasiurus_blossevillii,1,Community,Amphibians
49,dasyprocta_leporina,1,Community,Amphibians
49,monodelphis_americana,1,Community,Amphibians
49,coendou_prehensilis,1,Community,Amphibians
49,cuniculus_paca,1,Community,Amphibians
49,thaptomys_nigrita,1,Community,Amphibians
49,artibeus_obscurus,1,Community,Amphibians
49,artibeus_planirostris,1,Community,Amphibians
49,blarinomys_breviceps,1,Community,Amphibians
49,callithrix_aurita,1,Community,Amphibians
49,carollia_perspicillata,1,Community,Amphibians
49,cavia_fulgida,1,Community,Amphibians
49,chiroderma_doriae,1,Community,Amphibians
49,dasypus_septemcinctus,1,Community,Amphibians
49,delomys_dorsalis,1,Community,Amphibians
49,delomys_sublineatus,1,Community,Amphibians
49,desmodus_rotundus,1,Community,Amphibians
49,diaemus_youngii,1,Community,Amphibians
49,diclidurus_scutatus,1,Community,Amphibians
49,diphylla_ecaudata,1,Community,Amphibians
49,phyllomys_nigrispinus,1,Community,Amphibians
49,euphractus_sexcinctus,1,Community,Amphibians
49,euryzygomatomys_spinosus,1,Community,Amphibians
49,furipterus_horrens,1,Community,Amphibians
49,glossophaga_soricina,1,Community,Amphibians
49,histiotus_velatus,1,Community,Amphibians
49,holochilus_brasiliensis,1,Community,Amphibians
49,hydrochoerus_hydrochaeris,1,Community,Amphibians
49,kannabateomys_amblyonyx,1,Community,Amphibians
49,leopardus_wiedii,1,Community,Amphibians
49,lonchorhina_aurita,1,Community,Amphibians
49,glyphonycteris_sylvestris,1,Community,Amphibians
49,molossus_rufus,1,Community,Amphibians
49,molossus_molossus,1,Community,Amphibians
49,mus_musculus,1,Community,Amphibians
49,myotis_albescens,1,Community,Amphibians
49,myotis_levis,1,Community,Amphibians
49,myotis_ruber,1,Community,Amphibians
49,noctilio_albiventris,1,Community,Amphibians
49,nyctinomops_aurispinosus,1,Community,Amphibians
49,nyctinomops_laticaudatus,1,Community,Amphibians
49,oecomys_trinitatis,1,Community,Amphibians
49,oligoryzomys_flavescens,1,Community,Amphibians
49,oligoryzomys_nigripes,1,Community,Amphibians
49,peropteryx_kappleri,1,Community,Amphibians
49,peropteryx_macrotis,1,Community,Amphibians
49,platyrrhinus_lineatus,1,Community,Amphibians
49,coendou_spinosus,1,Community,Amphibians
49,sturnira_tildae,1,Community,Amphibians
49,tadarida_brasiliensis,1,Community,Amphibians
49,tamandua_tetradactyla,1,Community,Amphibians
49,tapirus_terrestris,1,Community,Amphibians
49,thyroptera_tricolor,1,Community,Amphibians
49,tonatia_bidens,1,Community,Amphibians
49,trachops_cirrhosus,1,Community,Amphibians
49,vampyressa_pusilla,1,Community,Amphibians
49,mazama_gouazoubira,1,Community,Amphibians
49,alouatta_guariba,1,Community,Amphibians
49,callicebus_nigrifrons,1,Community,Amphibians
49,lutreolina_crassicaudata,1,Community,Amphibians
49,nasua_nasua,1,Community,Amphibians
49,procyon_cancrivorus,1,Community,Amphibians
49,akodon_montensis,1,Community,Amphibians
49,marmosops_paulensis,1,Community,Amphibians
49,oecomys_catherinae,1,Community,Amphibians
49,brucepattersonius_soricinus,1,Community,Amphibians
49,akodon_paranaensis,1,Community,Amphibians
49,marmosa_paraguayana,1,Community,Amphibians
49,drymoreomys_albimaculatus,1,Community,Amphibians
49,phyllomys_sulinus,1,Community,Amphibians
49,rhipidomys_itoan,1,Community,Amphibians
49,cavia_aperea,1,Community,Amphibians
49,sturnira_lilium,1,Community,Amphibians
49,monodelphis_scalops,1,Community,Amphibians
49,dendropsophus_minutus,1,Community,Amphibians
49,leptodactylus_furnarius,1,Community,Amphibians
49,adenomera_marmorata,1,Community,Amphibians
49,holoaden_suarezi,1,Community,Amphibians
49,paratelmatobius_poecilogaster,1,Community,Amphibians
49,paratelmatobius_cardosoi,1,Community,Amphibians
49,pithecopus_rohdei,1,Community,Amphibians
49,ischnocnema_parva,1,Community,Amphibians
49,ololygon_berthae,1,Community,Amphibians
49,leptodactylus_gracilis,1,Community,Amphibians
49,boana_raniceps,1,Community,Amphibians
49,rhinella_crucifer,1,Community,Amphibians
49,brachycephalus_ephippium,1,Community,Amphibians
49,boana_polytaenia,1,Community,Amphibians
49,ololygon_trapicheiroi,1,Community,Amphibians
49,chiasmocleis_lacrimae,1,Community,Amphibians
49,rhinella_icterica,1,Community,Amphibians
49,crossodactylus_boulengeri,1,Community,Amphibians
49,ololygon_obtriangulata,1,Community,Amphibians
49,siphonops_hardyi,1,Community,Amphibians
49,leptodactylus_fuscus,1,Community,Amphibians
49,macrogenioglottus_alipioi,1,Community,Amphibians
49,ololygon_brieni,1,Community,Amphibians
49,dendropsophus_microps,1,Community,Amphibians
49,dendropsophus_seniculus,1,Community,Amphibians
49,luetkenotyphlus_brasiliensis,1,Community,Amphibians
49,hylodes_phyllodes,1,Community,Amphibians
49,cycloramphus_dubius,1,Community,Amphibians
49,scinax_fuscovarius,1,Community,Amphibians
49,physalaemus_olfersii,1,Community,Amphibians
49,elachistocleis_cesarii,1,Community,Amphibians
49,phrynomedusa_dryade,1,Community,Amphibians
49,haddadus_binotatus,1,Community,Amphibians
49,rhinella_diptycha,1,Community,Amphibians
49,physalaemus_bokermanni,1,Community,Amphibians
49,boana_faber,1,Community,Amphibians
49,dendropsophus_nanus,1,Community,Amphibians
49,phantasmarana_massarti,1,Community,Amphibians
49,cycloramphus_eleutherodactylus,1,Community,Amphibians
49,ischnocnema_gehrti,1,Community,Amphibians
49,scinax_tymbamirim,1,Community,Amphibians
49,scinax_crospedospilus,1,Community,Amphibians
49,arcovomer_passarellii,1,Community,Amphibians
49,physalaemus_cuvieri,1,Community,Amphibians
49,cycloramphus_acangatan,1,Community,Amphibians
49,trachycephalus_imitatrix,1,Community,Amphibians
49,aplastodiscus_arildae,1,Community,Amphibians
49,brachycephalus_hermogenesi,1,Community,Amphibians
49,physalaemus_atlanticus,1,Community,Amphibians
49,chiasmocleis_leucosticta,1,Community,Amphibians
49,siphonops_paulensis,1,Community,Amphibians
49,scinax_squalirostris,1,Community,Amphibians
49,boana_albomarginata,1,Community,Amphibians
49,physalaemus_maculiventris,1,Community,Amphibians
49,ischnocnema_hoehnei,1,Community,Amphibians
49,gastrotheca_microdiscus,1,Community,Amphibians
49,sphaenorhynchus_platycephalus,1,Community,Amphibians
49,bokermannohyla_hylax,1,Community,Amphibians
49,proceratophrys_pombali,1,Community,Amphibians
49,dendropsophus_elegans,1,Community,Amphibians
49,aplastodiscus_leucopygius,1,Community,Amphibians
49,dendropsophus_werneri,1,Community,Amphibians
49,bokermannohyla_astartea,1,Community,Amphibians
49,phrynomedusa_appendiculata,1,Community,Amphibians
49,boana_bischoffi,1,Community,Amphibians
49,ololygon_perpusilla,1,Community,Amphibians
49,ololygon_humilis,1,Community,Amphibians
49,proceratophrys_melanopogon,1,Community,Amphibians
49,leptodactylus_luctator,1,Community,Amphibians
49,boana_pardalis,1,Community,Amphibians
49,ololygon_catharinae,1,Community,Amphibians
49,itapotihyla_langsdorffii,1,Community,Amphibians
49,dendrophryniscus_leucomystax,1,Community,Amphibians
49,rhinella_hoogmoedi,1,Community,Amphibians
49,ischnocnema_spanios,1,Community,Amphibians
49,phrynomedusa_fimbriata,1,Community,Amphibians
49,thoropa_miliaris,1,Community,Amphibians
49,brachycephalus_nodoterga,1,Community,Amphibians
49,brachycephalus_nodoterga,1,Community,Amphibians
49,ololygon_flavoguttata,1,Community,Amphibians
49,chthonerpeton_viviparum,1,Community,Amphibians
49,ololygon_littoralis,1,Community,Amphibians
49,dendropsophus_giesleri,1,Community,Amphibians
49,dendrophryniscus_imitator,1,Community,Amphibians
49,boana_semilineata,1,Community,Amphibians
49,aplastodiscus_albosignatus,1,Community,Amphibians
49,ceratophrys_aurita,1,Community,Amphibians
49,rhinella_ornata,1,Community,Amphibians
49,ololygon_rizibilis,1,Community,Amphibians
49,fritziana_mitus,1,Community,Amphibians
49,dendrophryniscus_berthalutzae,1,Community,Amphibians
49,leptodactylus_jolyi,1,Community,Amphibians
49,physalaemus_moreirae,1,Community,Amphibians
49,leptodactylus_podicipinus,1,Community,Amphibians
49,crossodactylus_gaudichaudii,1,Community,Amphibians
49,ischnocnema_guentheri,1,Community,Amphibians
49,fritziana_ohausi,1,Community,Amphibians
49,phyllomedusa_burmeisteri,1,Community,Amphibians
49,ischnocnema_nigriventris,1,Community,Amphibians
49,cycloramphus_semipalmatus,1,Community,Amphibians
49,dendropsophus_berthalutzae,1,Community,Amphibians
49,siphonops_annulatus,1,Community,Amphibians
49,scinax_x-signatus,1,Community,Amphibians
49,thoropa_taophora,1,Community,Amphibians
49,vitreorana_eurygnatha,1,Community,Amphibians
49,scinax_hayii,1,Community,Amphibians
49,leptodactylus_mystacinus,1,Community,Amphibians
49,scinax_fuscomarginatus,1,Community,Amphibians
49,hylodes_asper,1,Community,Amphibians
49,trachycephalus_mesophaeus,1,Community,Amphibians
49,leptodactylus_flavopictus,1,Community,Amphibians
49,dendropsophus_decipiens,1,Community,Amphibians
49,hylodes_caete,1,Community,Amphibians
49,boana_prasina,1,Community,Amphibians
49,myersiella_microps,1,Community,Amphibians
49,ischnocnema_lactea,1,Community,Amphibians
49,gastrotheca_fulvorufa,1,Community,Amphibians
49,phasmahyla_cochranae,1,Community,Amphibians
49,aplastodiscus_perviridis,1,Community,Amphibians
49,ischnocnema_henselii,1,Community,Amphibians
49,bokermannohyla_circumdata,1,Community,Amphibians
49,leptodactylus_paranaru,1,Community,Amphibians
49,adenomera_ajurauna,1,Community,Amphibians
49,vitreorana_uranoscopa,1,Community,Amphibians
49,ololygon_argyreornata,1,Community,Amphibians
50,rheobatrachus_,0,Community,Amphibians
50,crocodylus_porosus,1,Community,Amphibians
50,pogona_barbata,1,Community,Amphibians
50,lepidodactylus_lugubris,1,Community,Amphibians
50,tropidonophis_mairii,1,Community,Amphibians
50,gehyra_dubia,1,Community,Amphibians
50,tumbunascincus_luteilateralis,1,Community,Amphibians
50,boiga_irregularis,1,Community,Amphibians
50,aspidites_melanocephalus,1,Community,Amphibians
50,diporiphora_australis,1,Community,Amphibians
50,intellagama_lesueurii,1,Community,Amphibians
50,ctenotus_robustus,1,Community,Amphibians
50,bellatorias_frerei,1,Community,Amphibians
50,glaphyromorphus_punctulatus,1,Community,Amphibians
50,varanus_panoptes,1,Community,Amphibians
50,acanthophis_antarcticus,1,Community,Amphibians
50,cryptophis_nigrostriatus,1,Community,Amphibians
50,demansia_papuensis,1,Community,Amphibians
50,furina_barnardi,1,Community,Amphibians
50,furina_ornata,1,Community,Amphibians
50,oxyuranus_scutellatus,1,Community,Amphibians
50,pseudechis_australis,1,Community,Amphibians
50,pseudechis_porphyriacus,1,Community,Amphibians
50,heteronotia_binoei,1,Community,Amphibians
50,varanus_gouldii,1,Community,Amphibians
50,varanus_tristis,1,Community,Amphibians
50,nephrurus_asper,1,Community,Amphibians
50,lucasium_steindachneri,1,Community,Amphibians
50,strophurus_williamsi,1,Community,Amphibians
50,cacophis_krefftii,1,Community,Amphibians
50,vermicella_annulata,1,Community,Amphibians
50,anilios_affinis,1,Community,Amphibians
50,anilios_ligatus,1,Community,Amphibians
50,anilios_unguirostris,1,Community,Amphibians
50,calyptotis_lepidorostrum,1,Community,Amphibians
50,carlia_munda,1,Community,Amphibians
50,carlia_rubigo,1,Community,Amphibians
50,carlia_schmeltzii,1,Community,Amphibians
50,concinnia_ampla,1,Community,Amphibians
50,ctenotus_taeniolatus,1,Community,Amphibians
50,cyclodomorphus_gerrardii,1,Community,Amphibians
50,lampropholis_adonis,1,Community,Amphibians
50,lerista_fragilis,1,Community,Amphibians
50,proablepharus_tenuis,1,Community,Amphibians
50,saproscincus_hannahae,1,Community,Amphibians
50,tiliqua_scincoides,1,Community,Amphibians
50,dendrelaphis_punctulatus,1,Community,Amphibians
50,oedura_monilis,1,Community,Amphibians
50,delma_labialis,1,Community,Amphibians
50,morelia_spilota,1,Community,Amphibians
50,chlamydosaurus_kingii,1,Community,Amphibians
50,demansia_torquata,1,Community,Amphibians
50,varanus_scalaris,1,Community,Amphibians
50,phyllurus_ossa,1,Community,Amphibians
50,concinnia_sokosoma,1,Community,Amphibians
50,egernia_rugosa,1,Community,Amphibians
50,praeteropus_brevicollis,1,Community,Amphibians
50,antaresia_maculosa,1,Community,Amphibians
50,antaresia_maculosa,1,Community,Amphibians
50,diporiphora_nobbi,1,Community,Amphibians
50,lialis_burtonis,1,Community,Amphibians
50,carlia_decora,1,Community,Amphibians
50,ctenotus_spaldingi,1,Community,Amphibians
50,cryptophis_boschmai,1,Community,Amphibians
50,cryptophis_nigrescens,1,Community,Amphibians
50,demansia_psammophis,1,Community,Amphibians
50,demansia_vestigiata,1,Community,Amphibians
50,furina_diadema,1,Community,Amphibians
50,pseudonaja_textilis,1,Community,Amphibians
50,lygisaurus_foliorum,1,Community,Amphibians
50,lygisaurus_zuma,1,Community,Amphibians
50,varanus_semiremex,1,Community,Amphibians
50,varanus_varius,1,Community,Amphibians
50,amalosia_rhombifer,1,Community,Amphibians
50,phyllurus_nepthys,1,Community,Amphibians
50,cacophis_harriettae,1,Community,Amphibians
50,cacophis_squamulosus,1,Community,Amphibians
50,hemiaspis_signata,1,Community,Amphibians
50,delma_tincta,1,Community,Amphibians
50,anilios_torresianus,1,Community,Amphibians
50,anomalopus_verreauxii,1,Community,Amphibians
50,calyptotis_temporalis,1,Community,Amphibians
50,carlia_rhomboidalis,1,Community,Amphibians
50,carlia_vivax,1,Community,Amphibians
50,concinnia_brachysoma,1,Community,Amphibians
50,concinnia_martini,1,Community,Amphibians
50,concinnia_tenuis,1,Community,Amphibians
50,cryptoblepharus_metallicus,1,Community,Amphibians
50,cryptoblepharus_pulcher,1,Community,Amphibians
50,egernia_striolata,1,Community,Amphibians
50,eulamprus_quoyii,1,Community,Amphibians
50,lampropholis_delicata,1,Community,Amphibians
50,liburnascincus_mundivensis,1,Community,Amphibians
50,morethia_taeniopleura,1,Community,Amphibians
50,pygmaeascincus_timlowi,1,Community,Amphibians
50,saproscincus_eungellensis,1,Community,Amphibians
50,dendrelaphis_calligaster,1,Community,Amphibians
50,chalinolobus_gouldii,1,Community,Amphibians
50,dasyurus_hallucatus,1,Community,Amphibians
50,hydromys_chrysogaster,1,Community,Amphibians
50,phoniscus_papuensis,1,Community,Amphibians
50,miniopterus_australis,1,Community,Amphibians
50,scotorepens_greyii,1,Community,Amphibians
50,scotorepens_sanborni,1,Community,Amphibians
50,petaurus_norfolcensis,1,Community,Amphibians
50,pseudomys_gracilicaudatus,1,Community,Amphibians
50,pteropus_alecto,1,Community,Amphibians
50,pteropus_scapulatus,1,Community,Amphibians
50,rattus_fuscipes,1,Community,Amphibians
50,rattus_lutreolus,1,Community,Amphibians
50,saccolaimus_flaviventris,1,Community,Amphibians
50,taphozous_troughtoni,1,Community,Amphibians
50,zyzomys_argurus,1,Community,Amphibians
50,antechinus_flavipes,1,Community,Amphibians
50,planigale_ingrami,1,Community,Amphibians
50,isoodon_macrourus,1,Community,Amphibians
50,notamacropus_agilis,1,Community,Amphibians
50,thylogale_stigmatica,1,Community,Amphibians
50,petauroides_volans,1,Community,Amphibians
50,pseudocheirus_peregrinus,1,Community,Amphibians
50,tachyglossus_aculeatus,1,Community,Amphibians
50,petrogale_inornata,1,Community,Amphibians
50,ozimops_ridei,1,Community,Amphibians
50,ozimops_planiceps,1,Community,Amphibians
50,nyctophilus_gouldi,1,Community,Amphibians
50,mops_jobensis,1,Community,Amphibians
50,chalinolobus_morio,1,Community,Amphibians
50,chalinolobus_nigrogriseus,1,Community,Amphibians
50,vespadelus_troughtoni,1,Community,Amphibians
50,lagorchestes_conspicillatus,1,Community,Amphibians
50,macroderma_gigas,1,Community,Amphibians
50,melomys_burtoni,1,Community,Amphibians
50,melomys_cervinipes,1,Community,Amphibians
50,mus_musculus,1,Community,Amphibians
50,scoteanax_rueppellii,1,Community,Amphibians
50,nyctimene_robinsoni,1,Community,Amphibians
50,petaurus_breviceps,1,Community,Amphibians
50,phascolarctos_cinereus,1,Community,Amphibians
50,pseudomys_delicatulus,1,Community,Amphibians
50,pseudomys_patrius,1,Community,Amphibians
50,rattus_sordidus,1,Community,Amphibians
50,rattus_tunneyi,1,Community,Amphibians
50,rhinolophus_megaphyllus,1,Community,Amphibians
50,syconycteris_australis,1,Community,Amphibians
50,vulpes_vulpes,1,Community,Amphibians
50,ornithorhynchus_anatinus,1,Community,Amphibians
50,planigale_maculata,1,Community,Amphibians
50,sminthopsis_murina,1,Community,Amphibians
50,perameles_nasuta,1,Community,Amphibians
50,aepyprymnus_rufescens,1,Community,Amphibians
50,notamacropus_dorsalis,1,Community,Amphibians
50,notamacropus_parryi,1,Community,Amphibians
50,osphranter_robustus,1,Community,Amphibians
50,wallabia_bicolor,1,Community,Amphibians
50,acrobates_pygmaeus,1,Community,Amphibians
50,trichosurus_vulpecula,1,Community,Amphibians
50,macropus_giganteus,1,Community,Amphibians
50,myotis_macropus,1,Community,Amphibians
50,ozimops_lumsdenae,1,Community,Amphibians
50,nyctophilus_bifax,1,Community,Amphibians
50,pseudophryne_raveni,1,Community,Amphibians
50,rhinella_marina,1,Community,Amphibians
50,limnodynastes_terraereginae,1,Community,Amphibians
50,litoria_jungguy,1,Community,Amphibians
50,litoria_revelata,1,Community,Amphibians
50,litoria_nasuta,1,Community,Amphibians
50,litoria_inermis,1,Community,Amphibians
50,limnodynastes_peronii,1,Community,Amphibians
50,litoria_rubella,1,Community,Amphibians
50,litoria_latopalmata,1,Community,Amphibians
50,litoria_caerulea,1,Community,Amphibians
50,crinia_deserticola,1,Community,Amphibians
50,adelotus_brevis,1,Community,Amphibians
50,limnodynastes_tasmaniensis,1,Community,Amphibians
50,litoria_gracilenta,1,Community,Amphibians
50,cyclorana_alboguttata,1,Community,Amphibians
50,litoria_fallax,1,Community,Amphibians
50,litoria_pallida,1,Community,Amphibians
50,cyclorana_novaehollandiae,1,Community,Amphibians
50,pseudophryne_major,1,Community,Amphibians
50,limnodynastes_convexiusculus,1,Community,Amphibians
50,taudactylus_liemi,1,Community,Amphibians
50,litoria_rothii,1,Community,Amphibians
50,platyplectrum_ornatum,1,Community,Amphibians
50,uperoleia_fusca,1,Community,Amphibians
50,litoria_chloris,1,Community,Amphibians
50,rheobatrachus_vitellinus,1,Community,Amphibians
50,mixophyes_fasciolatus,1,Community,Amphibians
50,taudactylus_eungellensis,1,Community,Amphibians
50,taudactylus_eungellensis,1,Community,Amphibians
50,cyclorana_brevipes,1,Community,Amphibians
50,litoria_wilcoxii,1,Community,Amphibians
51,lithobat,0,Community,Amphibians
51,masticophis_flagellum,1,Community,Amphibians
51,phyllorhynchus_decurtatus,1,Community,Amphibians
51,salvadora_hexalepis,1,Community,Amphibians
51,sonora_semiannulata,1,Community,Amphibians
51,crotaphytus_bicinctores,1,Community,Amphibians
51,sauromalus_ater,1,Community,Amphibians
51,rena_dulcis,1,Community,Amphibians
51,callisaurus_draconoides,1,Community,Amphibians
51,sceloporus_occidentalis,1,Community,Amphibians
51,urosaurus_ornatus,1,Community,Amphibians
51,uta_stansburiana,1,Community,Amphibians
51,aspidoscelis_tigris,1,Community,Amphibians
51,crotalus_cerastes,1,Community,Amphibians
51,dipsosaurus_dorsalis,1,Community,Amphibians
51,trimorphodon_lambda,1,Community,Amphibians
51,phrynosoma_platyrhinos,1,Community,Amphibians
51,gopherus_agassizii,1,Community,Amphibians
51,heloderma_suspectum,1,Community,Amphibians
51,arizona_elegans,1,Community,Amphibians
51,sonora_occipitalis,1,Community,Amphibians
51,hypsiglena_torquata,1,Community,Amphibians
51,masticophis_taeniatus,1,Community,Amphibians
51,pituophis_catenifer,1,Community,Amphibians
51,rhinocheilus_lecontei,1,Community,Amphibians
51,gambelia_wislizenii,1,Community,Amphibians
51,coleonyx_variegatus,1,Community,Amphibians
51,rena_humilis,1,Community,Amphibians
51,sceloporus_magister,1,Community,Amphibians
51,urosaurus_graciosus,1,Community,Amphibians
51,crotalus_mitchellii,1,Community,Amphibians
51,crotalus_scutulatus,1,Community,Amphibians
51,xantusia_vigilis,1,Community,Amphibians
51,lampropeltis_californiae,1,Community,Amphibians
51,hypsiglena_chlorophaea,1,Community,Amphibians
51,antrozous_pallidus,1,Community,Amphibians
51,castor_canadensis,1,Community,Amphibians
51,chaetodipus_formosus,1,Community,Amphibians
51,eumops_perotis,1,Community,Amphibians
51,lasionycteris_noctivagans,1,Community,Amphibians
51,lasiurus_cinereus,1,Community,Amphibians
51,macrotus_californicus,1,Community,Amphibians
51,myotis_californicus,1,Community,Amphibians
51,myotis_evotis,1,Community,Amphibians
51,myotis_thysanodes,1,Community,Amphibians
51,nyctinomops_macrotis,1,Community,Amphibians
51,ovis_canadensis,1,Community,Amphibians
51,perognathus_longimembris,1,Community,Amphibians
51,peromyscus_boylii,1,Community,Amphibians
51,parastrellus_hesperus,1,Community,Amphibians
51,corynorhinus_townsendii,1,Community,Amphibians
51,puma_concolor,1,Community,Amphibians
51,reithrodontomys_megalotis,1,Community,Amphibians
51,xerospermophilus_tereticaudus,1,Community,Amphibians
51,otospermophilus_variegatus,1,Community,Amphibians
51,lepus_californicus,1,Community,Amphibians
51,sylvilagus_audubonii,1,Community,Amphibians
51,procyon_lotor,1,Community,Amphibians
51,odocoileus_hemionus,1,Community,Amphibians
51,callospermophilus_lateralis,1,Community,Amphibians
51,dipodomys_microps,1,Community,Amphibians
51,myotis_melanorhinus,1,Community,Amphibians
51,spilogale_gracilis,1,Community,Amphibians
51,dipodomys_merriami,1,Community,Amphibians
51,canis_latrans,1,Community,Amphibians
51,chaetodipus_penicillatus,1,Community,Amphibians
51,dipodomys_deserti,1,Community,Amphibians
51,eptesicus_fuscus,1,Community,Amphibians
51,erethizon_dorsatum,1,Community,Amphibians
51,euderma_maculatum,1,Community,Amphibians
51,lontra_canadensis,1,Community,Amphibians
51,lynx_rufus,1,Community,Amphibians
51,mus_musculus,1,Community,Amphibians
51,myotis_volans,1,Community,Amphibians
51,myotis_yumanensis,1,Community,Amphibians
51,ondatra_zibethicus,1,Community,Amphibians
51,onychomys_torridus,1,Community,Amphibians
51,peromyscus_crinitus,1,Community,Amphibians
51,peromyscus_eremicus,1,Community,Amphibians
51,peromyscus_maniculatus,1,Community,Amphibians
51,tadarida_brasiliensis,1,Community,Amphibians
51,thomomys_bottae,1,Community,Amphibians
51,urocyon_cinereoargenteus,1,Community,Amphibians
51,vulpes_macrotis,1,Community,Amphibians
51,mephitis_mephitis,1,Community,Amphibians
51,taxidea_taxus,1,Community,Amphibians
51,bassariscus_astutus,1,Community,Amphibians
51,ammospermophilus_leucurus,1,Community,Amphibians
51,perognathus_parvus,1,Community,Amphibians
51,neotoma_cinerea,1,Community,Amphibians
51,neotoma_lepida,1,Community,Amphibians
51,anaxyrus_woodhousii,1,Community,Amphibians
51,anaxyrus_punctatus,1,Community,Amphibians
51,pseudacris_hypochondriaca,1,Community,Amphibians
51,anaxyrus_cognatus,1,Community,Amphibians
51,lithobates_fisheri,1,Community,Amphibians
51,spea_intermontana,1,Community,Amphibians
51,aquarana_catesbeianus,1,Community,Amphibians
51,anaxyrus_microscaphus,1,Community,Amphibians
52,anaxyr,0,Community,Amphibians
52,thamnophis_sirtalis,1,Community,Amphibians
52,thamnophis_elegans,1,Community,Amphibians
52,pituophis_catenifer,1,Community,Amphibians
52,sceloporus_graciosus,1,Community,Amphibians
52,sceloporus_undulatus,1,Community,Amphibians
52,crotalus_viridis,1,Community,Amphibians
52,castor_canadensis,1,Community,Amphibians
52,lasionycteris_noctivagans,1,Community,Amphibians
52,lasiurus_cinereus,1,Community,Amphibians
52,lynx_canadensis,1,Community,Amphibians
52,microtus_pennsylvanicus,1,Community,Amphibians
52,mustela_nigripes,1,Community,Amphibians
52,myotis_evotis,1,Community,Amphibians
52,myotis_thysanodes,1,Community,Amphibians
52,ovis_canadensis,1,Community,Amphibians
52,peromyscus_boylii,1,Community,Amphibians
52,peromyscus_nasutus,1,Community,Amphibians
52,corynorhinus_townsendii,1,Community,Amphibians
52,puma_concolor,1,Community,Amphibians
52,reithrodontomys_megalotis,1,Community,Amphibians
52,sciurus_niger,1,Community,Amphibians
52,mustela_erminea,1,Community,Amphibians
52,lepus_californicus,1,Community,Amphibians
52,sylvilagus_audubonii,1,Community,Amphibians
52,sylvilagus_nuttallii,1,Community,Amphibians
52,sorex_hoyi,1,Community,Amphibians
52,sorex_merriami,1,Community,Amphibians
52,sorex_monticola,1,Community,Amphibians
52,sorex_palustris,1,Community,Amphibians
52,spilogale_putorius,1,Community,Amphibians
52,neogale_frenata,1,Community,Amphibians
52,procyon_lotor,1,Community,Amphibians
52,ursus_arctos,1,Community,Amphibians
52,odocoileus_hemionus,1,Community,Amphibians
52,odocoileus_virginianus,1,Community,Amphibians
52,callospermophilus_lateralis,1,Community,Amphibians
52,neotamias_umbrinus,1,Community,Amphibians
52,tamiasciurus_hudsonicus,1,Community,Amphibians
52,thomomys_talpoides,1,Community,Amphibians
52,zapus_princeps,1,Community,Amphibians
52,lemmiscus_curtatus,1,Community,Amphibians
52,microtus_montanus,1,Community,Amphibians
52,spilogale_gracilis,1,Community,Amphibians
52,lasiurus_blossevillii,1,Community,Amphibians
52,antilocapra_americana,1,Community,Amphibians
52,canis_latrans,1,Community,Amphibians
52,cynomys_ludovicianus,1,Community,Amphibians
52,dipodomys_ordii,1,Community,Amphibians
52,eptesicus_fuscus,1,Community,Amphibians
52,erethizon_dorsatum,1,Community,Amphibians
52,lontra_canadensis,1,Community,Amphibians
52,lynx_rufus,1,Community,Amphibians
52,mus_musculus,1,Community,Amphibians
52,myotis_ciliolabrum,1,Community,Amphibians
52,myotis_lucifugus,1,Community,Amphibians
52,myotis_volans,1,Community,Amphibians
52,ondatra_zibethicus,1,Community,Amphibians
52,onychomys_leucogaster,1,Community,Amphibians
52,peromyscus_maniculatus,1,Community,Amphibians
52,peromyscus_truei,1,Community,Amphibians
52,reithrodontomys_montanus,1,Community,Amphibians
52,urocyon_cinereoargenteus,1,Community,Amphibians
52,vulpes_velox,1,Community,Amphibians
52,vulpes_velox,1,Community,Amphibians
52,vulpes_vulpes,1,Community,Amphibians
52,ochotona_princeps,1,Community,Amphibians
52,lepus_townsendii,1,Community,Amphibians
52,cryptotis_parva,1,Community,Amphibians
52,sorex_cinereus,1,Community,Amphibians
52,sorex_nanus,1,Community,Amphibians
52,mephitis_mephitis,1,Community,Amphibians
52,martes_americana,1,Community,Amphibians
52,neogale_vison,1,Community,Amphibians
52,taxidea_taxus,1,Community,Amphibians
52,ursus_americanus,1,Community,Amphibians
52,ursus_americanus,1,Community,Amphibians
52,cynomys_leucurus,1,Community,Amphibians
52,marmota_flaviventris,1,Community,Amphibians
52,sciurus_aberti,1,Community,Amphibians
52,urocitellus_elegans,1,Community,Amphibians
52,ictidomys_tridecemlineatus,1,Community,Amphibians
52,neotamias_minimus,1,Community,Amphibians
52,perognathus_fasciatus,1,Community,Amphibians
52,zapus_hudsonius,1,Community,Amphibians
52,clethrionomys_gapperi,1,Community,Amphibians
52,microtus_longicaudus,1,Community,Amphibians
52,microtus_ochrogaster,1,Community,Amphibians
52,neotoma_cinerea,1,Community,Amphibians
52,cervus_canadensis,1,Community,Amphibians
52,lithobates_pipiens,1,Community,Amphibians
52,anaxyrus_woodhousii,1,Community,Amphibians
52,ambystoma_tigrinum,1,Community,Amphibians
52,anaxyrus_boreas,1,Community,Amphibians
52,spea_bombifrons,1,Community,Amphibians
52,anaxyrus_cognatus,1,Community,Amphibians
52,spea_intermontana,1,Community,Amphibians
52,pseudacris_maculata,1,Community,Amphibians
52,aquarana_catesbeianus,1,Community,Amphibians
52,ambystoma_mavortium,1,Community,Amphibians
52,lithobates_sylvaticus,1,Community,Amphibians
52,anaxyrus_baxteri,1,Community,Amphibians
53,taudactyl,0,Community,Amphibians
53,coeranoscincus_reticulatus,1,Community,Amphibians
53,notechis_scutatus,1,Community,Amphibians
53,pogona_barbata,1,Community,Amphibians
53,tropidonophis_mairii,1,Community,Amphibians
53,brachyurophis_australis,1,Community,Amphibians
53,hoplocephalus_stephensii,1,Community,Amphibians
53,anilios_proximus,1,Community,Amphibians
53,gehyra_dubia,1,Community,Amphibians
53,boiga_irregularis,1,Community,Amphibians
53,diporiphora_australis,1,Community,Amphibians
53,intellagama_lesueurii,1,Community,Amphibians
53,ctenotus_robustus,1,Community,Amphibians
53,bellatorias_frerei,1,Community,Amphibians
53,varanus_panoptes,1,Community,Amphibians
53,acanthophis_antarcticus,1,Community,Amphibians
53,oxyuranus_scutellatus,1,Community,Amphibians
53,pseudechis_porphyriacus,1,Community,Amphibians
53,heteronotia_binoei,1,Community,Amphibians
53,varanus_gouldii,1,Community,Amphibians
53,varanus_tristis,1,Community,Amphibians
53,amalosia_jacovae,1,Community,Amphibians
53,diplodactylus_vittatus,1,Community,Amphibians
53,oedura_tryoni,1,Community,Amphibians
53,cacophis_krefftii,1,Community,Amphibians
53,hoplocephalus_bitorquatus,1,Community,Amphibians
53,vermicella_annulata,1,Community,Amphibians
53,anilios_affinis,1,Community,Amphibians
53,anilios_ligatus,1,Community,Amphibians
53,anilios_nigrescens,1,Community,Amphibians
53,anomalopus_leuckartii,1,Community,Amphibians
53,calyptotis_lepidorostrum,1,Community,Amphibians
53,calyptotis_scutirostrum,1,Community,Amphibians
53,carlia_munda,1,Community,Amphibians
53,carlia_pectoralis,1,Community,Amphibians
53,carlia_schmeltzii,1,Community,Amphibians
53,ctenotus_taeniolatus,1,Community,Amphibians
53,cyclodomorphus_gerrardii,1,Community,Amphibians
53,egernia_cunninghami,1,Community,Amphibians
53,lampropholis_adonis,1,Community,Amphibians
53,lampropholis_couperi,1,Community,Amphibians
53,lerista_fragilis,1,Community,Amphibians
53,ophioscincus_truncatus,1,Community,Amphibians
53,saiphos_equalis,1,Community,Amphibians
53,saproscincus_rosei,1,Community,Amphibians
53,silvascincus_murrayi,1,Community,Amphibians
53,tiliqua_scincoides,1,Community,Amphibians
53,dendrelaphis_punctulatus,1,Community,Amphibians
53,delma_torquata,1,Community,Amphibians
53,morelia_spilota,1,Community,Amphibians
53,chlamydosaurus_kingii,1,Community,Amphibians
53,indotyphlops_braminus,1,Community,Amphibians
53,morethia_boulengeri,1,Community,Amphibians
53,liopholis_whitii,1,Community,Amphibians
53,antaresia_maculosa,1,Community,Amphibians
53,antaresia_maculosa,1,Community,Amphibians
53,diporiphora_nobbi,1,Community,Amphibians
53,lophosaurus_spinipes,1,Community,Amphibians
53,lialis_burtonis,1,Community,Amphibians
53,ctenotus_spaldingi,1,Community,Amphibians
53,cryptophis_boschmai,1,Community,Amphibians
53,cryptophis_nigrescens,1,Community,Amphibians
53,demansia_psammophis,1,Community,Amphibians
53,demansia_vestigiata,1,Community,Amphibians
53,furina_diadema,1,Community,Amphibians
53,pseudechis_guttatus,1,Community,Amphibians
53,pseudonaja_textilis,1,Community,Amphibians
53,lygisaurus_foliorum,1,Community,Amphibians
53,bellatorias_major,1,Community,Amphibians
53,varanus_varius,1,Community,Amphibians
53,amalosia_robusta,1,Community,Amphibians
53,cacophis_harriettae,1,Community,Amphibians
53,cacophis_squamulosus,1,Community,Amphibians
53,hemiaspis_signata,1,Community,Amphibians
53,tropidechis_carinatus,1,Community,Amphibians
53,delma_plebeia,1,Community,Amphibians
53,delma_tincta,1,Community,Amphibians
53,pygopus_lepidopodus,1,Community,Amphibians
53,anilios_wiedii,1,Community,Amphibians
53,anomalopus_verreauxii,1,Community,Amphibians
53,carlia_vivax,1,Community,Amphibians
53,concinnia_martini,1,Community,Amphibians
53,concinnia_tenuis,1,Community,Amphibians
53,cryptoblepharus_pulcher,1,Community,Amphibians
53,ctenotus_arcanus,1,Community,Amphibians
53,ctenotus_eurydice,1,Community,Amphibians
53,egernia_striolata,1,Community,Amphibians
53,eremiascincus_fasciolatus,1,Community,Amphibians
53,eroticoscincus_graciloides,1,Community,Amphibians
53,eulamprus_quoyii,1,Community,Amphibians
53,lampropholis_amicula,1,Community,Amphibians
53,lampropholis_delicata,1,Community,Amphibians
53,lampropholis_guichenoti,1,Community,Amphibians
53,liopholis_modesta,1,Community,Amphibians
53,morethia_taeniopleura,1,Community,Amphibians
53,ophioscincus_ophioscincus,1,Community,Amphibians
53,chalinolobus_dwyeri,1,Community,Amphibians
53,chalinolobus_gouldii,1,Community,Amphibians
53,vespadelus_pumilus,1,Community,Amphibians
53,vespadelus_regulus,1,Community,Amphibians
53,hydromys_chrysogaster,1,Community,Amphibians
53,phoniscus_papuensis,1,Community,Amphibians
53,miniopterus_australis,1,Community,Amphibians
53,scotorepens_greyii,1,Community,Amphibians
53,scotorepens_orion,1,Community,Amphibians
53,petaurus_norfolcensis,1,Community,Amphibians
53,petrogale_penicillata,1,Community,Amphibians
53,falsistrellus_tasmaniensis,1,Community,Amphibians
53,pseudomys_gracilicaudatus,1,Community,Amphibians
53,pteropus_alecto,1,Community,Amphibians
53,pteropus_poliocephalus,1,Community,Amphibians
53,pteropus_scapulatus,1,Community,Amphibians
53,rattus_fuscipes,1,Community,Amphibians
53,rattus_lutreolus,1,Community,Amphibians
53,saccolaimus_flaviventris,1,Community,Amphibians
53,antechinus_flavipes,1,Community,Amphibians
53,isoodon_macrourus,1,Community,Amphibians
53,thylogale_stigmatica,1,Community,Amphibians
53,petauroides_volans,1,Community,Amphibians
53,pseudocheirus_peregrinus,1,Community,Amphibians
53,tachyglossus_aculeatus,1,Community,Amphibians
53,ozimops_ridei,1,Community,Amphibians
53,ozimops_planiceps,1,Community,Amphibians
53,micronomus_norfolkensis,1,Community,Amphibians
53,nyctophilus_gouldi,1,Community,Amphibians
53,chalinolobus_morio,1,Community,Amphibians
53,chalinolobus_nigrogriseus,1,Community,Amphibians
53,dasyurus_maculatus,1,Community,Amphibians
53,vespadelus_darlingtoni,1,Community,Amphibians
53,vespadelus_troughtoni,1,Community,Amphibians
53,melomys_burtoni,1,Community,Amphibians
53,melomys_cervinipes,1,Community,Amphibians
53,mus_musculus,1,Community,Amphibians
53,scoteanax_rueppellii,1,Community,Amphibians
53,nyctimene_robinsoni,1,Community,Amphibians
53,nyctophilus_geoffroyi,1,Community,Amphibians
53,petaurus_breviceps,1,Community,Amphibians
53,phascogale_tapoatafa,1,Community,Amphibians
53,phascolarctos_cinereus,1,Community,Amphibians
53,pseudomys_delicatulus,1,Community,Amphibians
53,pseudomys_patrius,1,Community,Amphibians
53,rattus_tunneyi,1,Community,Amphibians
53,rhinolophus_megaphyllus,1,Community,Amphibians
53,austronomus_australis,1,Community,Amphibians
53,vulpes_vulpes,1,Community,Amphibians
53,ornithorhynchus_anatinus,1,Community,Amphibians
53,planigale_maculata,1,Community,Amphibians
53,sminthopsis_murina,1,Community,Amphibians
53,perameles_nasuta,1,Community,Amphibians
53,trichosurus_caninus,1,Community,Amphibians
53,aepyprymnus_rufescens,1,Community,Amphibians
53,notamacropus_dorsalis,1,Community,Amphibians
53,notamacropus_parryi,1,Community,Amphibians
53,notamacropus_rufogriseus,1,Community,Amphibians
53,wallabia_bicolor,1,Community,Amphibians
53,acrobates_pygmaeus,1,Community,Amphibians
53,trichosurus_vulpecula,1,Community,Amphibians
53,lepus_europaeus,1,Community,Amphibians
53,potorous_tridactylus,1,Community,Amphibians
53,macropus_giganteus,1,Community,Amphibians
53,petrogale_herberti,1,Community,Amphibians
53,myotis_macropus,1,Community,Amphibians
53,antechinus_subtropicus,1,Community,Amphibians
53,ozimops_lumsdenae,1,Community,Amphibians
53,nyctophilus_bifax,1,Community,Amphibians
53,litoria_balatus,1,Community,Amphibians
53,pseudophryne_raveni,1,Community,Amphibians
53,limnodynastes_salmini,1,Community,Amphibians
53,rhinella_marina,1,Community,Amphibians
53,limnodynastes_terraereginae,1,Community,Amphibians
53,litoria_peronii,1,Community,Amphibians
53,limnodynastes_dumerilii,1,Community,Amphibians
53,litoria_nasuta,1,Community,Amphibians
53,crinia_parinsignifera,1,Community,Amphibians
53,rheobatrachus_silus,1,Community,Amphibians
53,uperoleia_rugosa,1,Community,Amphibians
53,litoria_tyleri,1,Community,Amphibians
53,limnodynastes_peronii,1,Community,Amphibians
53,litoria_rubella,1,Community,Amphibians
53,litoria_latopalmata,1,Community,Amphibians
53,litoria_caerulea,1,Community,Amphibians
53,litoria_pearsoniana,1,Community,Amphibians
53,adelotus_brevis,1,Community,Amphibians
53,limnodynastes_tasmaniensis,1,Community,Amphibians
53,crinia_tinnula,1,Community,Amphibians
53,litoria_gracilenta,1,Community,Amphibians
53,crinia_signifera,1,Community,Amphibians
53,cyclorana_alboguttata,1,Community,Amphibians
53,mixophyes_iteratus,1,Community,Amphibians
53,uperoleia_laevigata,1,Community,Amphibians
53,litoria_fallax,1,Community,Amphibians
53,litoria_brevipalmata,1,Community,Amphibians
53,pseudophryne_major,1,Community,Amphibians
53,litoria_rothii,1,Community,Amphibians
53,platyplectrum_ornatum,1,Community,Amphibians
53,litoria_freycineti,1,Community,Amphibians
53,uperoleia_fusca,1,Community,Amphibians
53,litoria_chloris,1,Community,Amphibians
53,taudactylus_diurnus,1,Community,Amphibians
53,litoria_verreauxii,1,Community,Amphibians
53,assa_darlingtoni,1,Community,Amphibians
53,mixophyes_fasciolatus,1,Community,Amphibians
53,mixophyes_fleayi,1,Community,Amphibians
53,cyclorana_brevipes,1,Community,Amphibians
53,limnodynastes_fletcheri,1,Community,Amphibians
53,litoria_wilcoxii,1,Community,Amphibians
54,incilius_,0,Community,Amphibians
54,crocodylus_acutus,1,Community,Amphibians
54,porthidium_nasutum,1,Community,Amphibians
54,ctenosaura_similis,1,Community,Amphibians
54,erythrolamprus_bizona,1,Community,Amphibians
54,urotheca_guentheri,1,Community,Amphibians
54,trimetopon_slevini,1,Community,Amphibians
54,rhadinella_serperaster,1,Community,Amphibians
54,lepidophyma_reticulatum,1,Community,Amphibians
54,lepidophyma_reticulatum,1,Community,Amphibians
54,senticolis_triaspis,1,Community,Amphibians
54,anolis_cupreus,1,Community,Amphibians
54,anolis_biporcatus,1,Community,Amphibians
54,enulius_flavitorques,1,Community,Amphibians
54,enulius_flavitorques,1,Community,Amphibians
54,gonatodes_albogularis,1,Community,Amphibians
54,imantodes_cenchoa,1,Community,Amphibians
54,leptodeira_annulata,1,Community,Amphibians
54,leptophis_mexicanus,1,Community,Amphibians
54,micrurus_nigrocinctus,1,Community,Amphibians
54,oxybelis_fulgidus,1,Community,Amphibians
54,phyllodactylus_tuberculosus,1,Community,Amphibians
54,masticophis_mentovarius,1,Community,Amphibians
54,marisora_unimarginata,1,Community,Amphibians
54,mesoamericus_bilobatus,1,Community,Amphibians
54,anolis_charlesmyersi,1,Community,Amphibians
54,anolis_monteverde,1,Community,Amphibians
54,anolis_woodi,1,Community,Amphibians
54,polychrus_gutturosus,1,Community,Amphibians
54,chironius_exoletus,1,Community,Amphibians
54,dendrophidion_paucicarinatum,1,Community,Amphibians
54,mastigodryas_alternatus,1,Community,Amphibians
54,scolecophis_atrocinctus,1,Community,Amphibians
54,tantilla_alticola,1,Community,Amphibians
54,tantilla_armillata,1,Community,Amphibians
54,tantilla_supracincta,1,Community,Amphibians
54,trimorphodon_quadruplex,1,Community,Amphibians
54,crisantophis_nevermanni,1,Community,Amphibians
54,geophis_hoffmanni,1,Community,Amphibians
54,geophis_hoffmanni,1,Community,Amphibians
54,hydromorphus_concolor,1,Community,Amphibians
54,ninia_maculata,1,Community,Amphibians
54,ninia_psephota,1,Community,Amphibians
54,trimetopon_simile,1,Community,Amphibians
54,micrurus_alleni,1,Community,Amphibians
54,phrynonax_poecilonotus,1,Community,Amphibians
54,lampropeltis_abnorma,1,Community,Amphibians
54,caiman_crocodilus,1,Community,Amphibians
54,stenorrhina_freminvillei,1,Community,Amphibians
54,iguana_iguana,1,Community,Amphibians
54,drymobius_rhombifer,1,Community,Amphibians
54,geophis_ruthveni,1,Community,Amphibians
54,geophis_ruthveni,1,Community,Amphibians
54,lepidoblepharis_xanthostigma,1,Community,Amphibians
54,anolis_altae,1,Community,Amphibians
54,leptodrymus_pulcherrimus,1,Community,Amphibians
54,spilotes_pullatus,1,Community,Amphibians
54,holcosus_undulatus,1,Community,Amphibians
54,anolis_lemurinus,1,Community,Amphibians
54,anolis_laeviventris,1,Community,Amphibians
54,anolis_capito,1,Community,Amphibians
54,clelia_clelia,1,Community,Amphibians
54,coniophanes_fissidens,1,Community,Amphibians
54,crotalus_simus,1,Community,Amphibians
54,gymnophthalmus_speciosus,1,Community,Amphibians
54,imantodes_gemmistratus,1,Community,Amphibians
54,leptodeira_septentrionalis,1,Community,Amphibians
54,leptophis_ahaetulla,1,Community,Amphibians
54,ninia_sebae,1,Community,Amphibians
54,oxybelis_aeneus,1,Community,Amphibians
54,sceloporus_variabilis,1,Community,Amphibians
54,sibon_nebulatus,1,Community,Amphibians
54,sphaerodactylus_millepunctatus,1,Community,Amphibians
54,scincella_cherriei,1,Community,Amphibians
54,xenodon_rabdocephalus,1,Community,Amphibians
54,basiliscus_basiliscus,1,Community,Amphibians
54,basiliscus_basiliscus,1,Community,Amphibians
54,sceloporus_malachiticus,1,Community,Amphibians
54,anolis_insignis,1,Community,Amphibians
54,anolis_tropidolepis,1,Community,Amphibians
54,leptophis_nebulosus,1,Community,Amphibians
54,coniophanes_piceivittis,1,Community,Amphibians
54,leptodeira_rhombifera,1,Community,Amphibians
54,erythrolamprus_epinephelus,1,Community,Amphibians
54,rhadinaea_calligaster,1,Community,Amphibians
54,sibon_anthracops,1,Community,Amphibians
54,urotheca_decipiens,1,Community,Amphibians
54,epictia_ater,1,Community,Amphibians
54,scaphiodontophis_venustissimus,1,Community,Amphibians
54,bothriechis_lateralis,1,Community,Amphibians
54,bothriechis_nigroviridis,1,Community,Amphibians
54,porthidium_ophryomegas,1,Community,Amphibians
54,boa_imperator,1,Community,Amphibians
54,marisora_brachypoda,1,Community,Amphibians
54,lampropeltis_micropholis,1,Community,Amphibians
54,bauerus_dubiaquercus,1,Community,Amphibians
54,dermanura_azteca,1,Community,Amphibians
54,artibeus_lituratus,1,Community,Amphibians
54,balantiopteryx_plicata,1,Community,Amphibians
54,bradypus_variegatus,1,Community,Amphibians
54,cabassous_centralis,1,Community,Amphibians
54,carollia_subrufa,1,Community,Amphibians
54,chiroderma_villosum,1,Community,Amphibians
54,chironectes_minimus,1,Community,Amphibians
54,choeroniscus_godmani,1,Community,Amphibians
54,dasypus_novemcinctus,1,Community,Amphibians
54,neoeptesicus_brasiliensis,1,Community,Amphibians
54,neoeptesicus_furinalis,1,Community,Amphibians
54,eumops_auripendulus,1,Community,Amphibians
54,glossophaga_commissarisi,1,Community,Amphibians
54,herpailurus_yagouaroundi,1,Community,Amphibians
54,hylonycteris_underwoodi,1,Community,Amphibians
54,lasiurus_ega,1,Community,Amphibians
54,leopardus_pardalis,1,Community,Amphibians
54,lontra_longicaudis,1,Community,Amphibians
54,macrophyllum_macrophyllum,1,Community,Amphibians
54,marmosa_alstoni,1,Community,Amphibians
54,lampronycteris_brachyotis,1,Community,Amphibians
54,micronycteris_hirsuta,1,Community,Amphibians
54,micronycteris_minuta,1,Community,Amphibians
54,trinycteris_nicefori,1,Community,Amphibians
54,micronycteris_schmidtorum,1,Community,Amphibians
54,microsciurus_alfari,1,Community,Amphibians
54,molossus_pretiosus,1,Community,Amphibians
54,molossus_sinaloae,1,Community,Amphibians
54,myotis_nigricans,1,Community,Amphibians
54,myotis_oxyotus,1,Community,Amphibians
54,myotis_riparius,1,Community,Amphibians
54,myrmecophaga_tridactyla,1,Community,Amphibians
54,noctilio_leporinus,1,Community,Amphibians
54,oligoryzomys_fulvescens,1,Community,Amphibians
54,oryzomys_couesi,1,Community,Amphibians
54,panthera_onca,1,Community,Amphibians
54,phyllostomus_discolor,1,Community,Amphibians
54,phyllostomus_hastatus,1,Community,Amphibians
54,proechimys_semispinosus,1,Community,Amphibians
54,pteronotus_davyi,1,Community,Amphibians
54,pteronotus_gymnonotus,1,Community,Amphibians
54,puma_concolor,1,Community,Amphibians
54,reithrodontomys_gracilis,1,Community,Amphibians
54,rhynchonycteris_naso,1,Community,Amphibians
54,saccopteryx_bilineata,1,Community,Amphibians
54,sciurus_granatensis,1,Community,Amphibians
54,scotinomys_teguina,1,Community,Amphibians
54,coendou_mexicanus,1,Community,Amphibians
54,tapirus_bairdii,1,Community,Amphibians
54,lophostoma_brasiliense,1,Community,Amphibians
54,vampyrum_spectrum,1,Community,Amphibians
54,didelphis_marsupialis,1,Community,Amphibians
54,metachirus_nudicaudatus,1,Community,Amphibians
54,cryptotis_nigrescens,1,Community,Amphibians
54,eira_barbara,1,Community,Amphibians
54,neogale_frenata,1,Community,Amphibians
54,nasua_narica,1,Community,Amphibians
54,procyon_lotor,1,Community,Amphibians
54,pecari_tajacu,1,Community,Amphibians
54,odocoileus_virginianus,1,Community,Amphibians
54,micronycteris_microtis,1,Community,Amphibians
54,sigmodon_hirsutus,1,Community,Amphibians
54,bassaricyon_gabbii,1,Community,Amphibians
54,cebus_imitator,1,Community,Amphibians
54,dermanura_phaeotis,1,Community,Amphibians
54,eumops_ferox,1,Community,Amphibians
54,anoura_geoffroyi,1,Community,Amphibians
54,carollia_castanea,1,Community,Amphibians
54,lichonycteris_obscura,1,Community,Amphibians
54,lasiurus_blossevillii,1,Community,Amphibians
54,vampyrodes_major,1,Community,Amphibians
54,sturnira_parvidens,1,Community,Amphibians
54,dasyprocta_punctata,1,Community,Amphibians
54,cuniculus_paca,1,Community,Amphibians
54,anoura_cultrata,1,Community,Amphibians
54,enchisthenes_hartii,1,Community,Amphibians
54,dermanura_tolteca,1,Community,Amphibians
54,ateles_geoffroyi,1,Community,Amphibians
54,caluromys_derbianus,1,Community,Amphibians
54,canis_latrans,1,Community,Amphibians
54,carollia_perspicillata,1,Community,Amphibians
54,centurio_senex,1,Community,Amphibians
54,chiroderma_salvini,1,Community,Amphibians
54,choloepus_hoffmanni,1,Community,Amphibians
54,cryptotis_gracilis,1,Community,Amphibians
54,desmodus_rotundus,1,Community,Amphibians
54,diaemus_youngii,1,Community,Amphibians
54,diclidurus_albus,1,Community,Amphibians
54,eumops_underwoodi,1,Community,Amphibians
54,furipterus_horrens,1,Community,Amphibians
54,lasiurus_castaneus,1,Community,Amphibians
54,leopardus_wiedii,1,Community,Amphibians
54,heteromys_salvini,1,Community,Amphibians
54,lonchorhina_aurita,1,Community,Amphibians
54,melanomys_caliginosus,1,Community,Amphibians
54,glyphonycteris_sylvestris,1,Community,Amphibians
54,molossus_rufus,1,Community,Amphibians
54,myotis_albescens,1,Community,Amphibians
54,myotis_keaysi,1,Community,Amphibians
54,noctilio_albiventris,1,Community,Amphibians
54,nyctomys_sumichrasti,1,Community,Amphibians
54,casiomys_alfaroi,1,Community,Amphibians
54,ototylomys_phyllotis,1,Community,Amphibians
54,peromyscus_mexicanus,1,Community,Amphibians
54,peropteryx_kappleri,1,Community,Amphibians
54,peropteryx_macrotis,1,Community,Amphibians
54,platyrrhinus_vittatus,1,Community,Amphibians
54,pteronotus_personatus,1,Community,Amphibians
54,rheomys_raptor,1,Community,Amphibians
54,sciurus_variegatoides,1,Community,Amphibians
54,sturnira_luisi,1,Community,Amphibians
54,sturnira_mordax,1,Community,Amphibians
54,tadarida_brasiliensis,1,Community,Amphibians
54,tamandua_mexicana,1,Community,Amphibians
54,thyroptera_tricolor,1,Community,Amphibians
54,trachops_cirrhosus,1,Community,Amphibians
54,tylomys_watsoni,1,Community,Amphibians
54,urocyon_cinereoargenteus,1,Community,Amphibians
54,alouatta_palliata,1,Community,Amphibians
54,didelphis_virginiana,1,Community,Amphibians
54,marmosa_mexicana,1,Community,Amphibians
54,sylvilagus_floridanus,1,Community,Amphibians
54,conepatus_semistriatus,1,Community,Amphibians
54,galictis_vittata,1,Community,Amphibians
54,potos_flavus,1,Community,Amphibians
54,carollia_sowelli,1,Community,Amphibians
54,mazama_temama,1,Community,Amphibians
54,spilogale_angustifrons,1,Community,Amphibians
54,vampyressa_thyone,1,Community,Amphibians
54,heteromys_desmarestianus,1,Community,Amphibians
54,leopardus_tigrinus,1,Community,Amphibians
54,pteronotus_mesoamericanus,1,Community,Amphibians
54,artibeus_jamaicensis,1,Community,Amphibians
54,lophostoma_silvicolum,1,Community,Amphibians
54,platyrrhinus_helleri,1,Community,Amphibians
54,heterogeomys_cherriei,1,Community,Amphibians
54,dermanura_watsoni,1,Community,Amphibians
54,molossus_coibensis,1,Community,Amphibians
54,natalus_mexicanus,1,Community,Amphibians
54,cyclopes_dorsalis,1,Community,Amphibians
54,hyalinobatrachium_fleischmanni,1,Community,Amphibians
54,incilius_luetkenii,1,Community,Amphibians
54,smilisca_baudinii,1,Community,Amphibians
54,rhinophrynus_dorsalis,1,Community,Amphibians
54,scinax_staufferi,1,Community,Amphibians
54,oedipina_poelzi,1,Community,Amphibians
54,isthmohyla_tica,1,Community,Amphibians
54,craugastor_bransfordii,1,Community,Amphibians
54,craugastor_persimilis,1,Community,Amphibians
54,agalychnis_callidryas,1,Community,Amphibians
54,pristimantis_ridens,1,Community,Amphibians
54,ecnomiohyla_miliaria,1,Community,Amphibians
54,craugastor_angelicus,1,Community,Amphibians
54,ecnomiohyla_sukia,1,Community,Amphibians
54,dendropsophus_microcephalus,1,Community,Amphibians
54,lithobates_warszewitschii,1,Community,Amphibians
54,leptodactylus_poecilochilus,1,Community,Amphibians
54,lithobates_vibicarius,1,Community,Amphibians
54,rhaebo_haematiticus,1,Community,Amphibians
54,diasporus_diastema,1,Community,Amphibians
54,isthmohyla_angustilineata,1,Community,Amphibians
54,incilius_periglenes,1,Community,Amphibians
54,trachycephalus_vermiculatus,1,Community,Amphibians
54,craugastor_podiciferus,1,Community,Amphibians
54,craugastor_megacephalus,1,Community,Amphibians
54,incilius_coniferus,1,Community,Amphibians
54,hypopachus_variolosus,1,Community,Amphibians
54,rhinella_horribilis,1,Community,Amphibians
54,sachatamia_albomaculata,1,Community,Amphibians
54,diasporus_hylaeformis,1,Community,Amphibians
54,leptodactylus_fragilis,1,Community,Amphibians
54,lithobates_vaillanti,1,Community,Amphibians
54,ecnomiohyla_fimbrimembra,1,Community,Amphibians
54,duellmanohyla_rufioculis,1,Community,Amphibians
54,bolitoglossa_subpalmata,1,Community,Amphibians
54,pristimantis_cruentus,1,Community,Amphibians
54,engystomops_pustulosus,1,Community,Amphibians
54,nototriton_gamezi,1,Community,Amphibians
54,bolitoglossa_robusta,1,Community,Amphibians
54,hyalinobatrachium_colymbiphyllum,1,Community,Amphibians
54,hyalinobatrachium_valerioi,1,Community,Amphibians
54,isthmohyla_zeteki,1,Community,Amphibians
54,isthmohyla_rivularis,1,Community,Amphibians
54,incilius_melanochlorus,1,Community,Amphibians
54,leptodactylus_insularum,1,Community,Amphibians
54,pristimantis_altae,1,Community,Amphibians
54,oedipina_uniformis,1,Community,Amphibians
54,duellmanohyla_uranochroa,1,Community,Amphibians
54,ctenophryne_aterrima,1,Community,Amphibians
54,dendropsophus_ebraccatus,1,Community,Amphibians
54,triprion_spinosus,1,Community,Amphibians
54,smilisca_sordida,1,Community,Amphibians
54,craugastor_crassidigitus,1,Community,Amphibians
54,gymnopis_multiplicata,1,Community,Amphibians
54,dermophis_costaricense,1,Community,Amphibians
54,isthmohyla_pseudopuma,1,Community,Amphibians
54,agalychnis_lemur,1,Community,Amphibians
54,pristimantis_caryophyllaceus,1,Community,Amphibians
54,espadarana_prosoblepon,1,Community,Amphibians
54,atelopus_varius,1,Community,Amphibians
54,smilisca_phaeota,1,Community,Amphibians
54,craugastor_andi,1,Community,Amphibians
54,leptodactylus_savagei,1,Community,Amphibians
54,craugastor_cuaquero,1,Community,Amphibians
54,craugastor_melanostictus,1,Community,Amphibians
54,agalychnis_annae,1,Community,Amphibians
54,hyalinobatrachium_vireovittatum,1,Community,Amphibians
54,lithobates_forreri,1,Community,Amphibians
54,craugastor_fitzingeri,1,Community,Amphibians
54,incilius_coccifer,1,Community,Amphibians
54,craugastor_stejnegerianus,1,Community,Amphibians
54,cochranella_granulosa,1,Community,Amphibians
55,atel,0,Community,Amphibians
55,porthidium_nasutum,1,Community,Amphibians
55,ctenosaura_similis,1,Community,Amphibians
55,abronia_monticola,1,Community,Amphibians
55,drymobius_melanotropis,1,Community,Amphibians
55,erythrolamprus_bizona,1,Community,Amphibians
55,pliocercus_euryzonus,1,Community,Amphibians
55,urotheca_guentheri,1,Community,Amphibians
55,trimetopon_slevini,1,Community,Amphibians
55,rhadinella_serperaster,1,Community,Amphibians
55,lepidophyma_reticulatum,1,Community,Amphibians
55,lepidophyma_reticulatum,1,Community,Amphibians
55,holcosus_quadrilineatus,1,Community,Amphibians
55,anolis_carpenteri,1,Community,Amphibians
55,senticolis_triaspis,1,Community,Amphibians
55,anolis_cupreus,1,Community,Amphibians
55,anolis_biporcatus,1,Community,Amphibians
55,metlapilcoatlus_mexicanus,1,Community,Amphibians
55,basiliscus_vittatus,1,Community,Amphibians
55,basiliscus_vittatus,1,Community,Amphibians
55,bothrops_asper,1,Community,Amphibians
55,enulius_flavitorques,1,Community,Amphibians
55,enulius_flavitorques,1,Community,Amphibians
55,lepidophyma_flavimaculatum,1,Community,Amphibians
55,leptodeira_annulata,1,Community,Amphibians
55,leptophis_mexicanus,1,Community,Amphibians
55,oxybelis_fulgidus,1,Community,Amphibians
55,oxyrhopus_petolarius,1,Community,Amphibians
55,phyllodactylus_tuberculosus,1,Community,Amphibians
55,rhadinella_godmani,1,Community,Amphibians
55,stenorrhina_degenhardtii,1,Community,Amphibians
55,tantilla_schistosa,1,Community,Amphibians
55,thamnophis_proximus,1,Community,Amphibians
55,masticophis_mentovarius,1,Community,Amphibians
55,marisora_unimarginata,1,Community,Amphibians
55,siderolamprus_hylaius,1,Community,Amphibians
55,diploglossus_monotropis,1,Community,Amphibians
55,diploglossus_monotropis,1,Community,Amphibians
55,alopoglossus_plicatus,1,Community,Amphibians
55,anolis_limifrons,1,Community,Amphibians
55,anolis_woodi,1,Community,Amphibians
55,polychrus_gutturosus,1,Community,Amphibians
55,corallus_annulatus,1,Community,Amphibians
55,chironius_exoletus,1,Community,Amphibians
55,chironius_grandisquamis,1,Community,Amphibians
55,dendrophidion_paucicarinatum,1,Community,Amphibians
55,leptophis_depressirostris,1,Community,Amphibians
55,scolecophis_atrocinctus,1,Community,Amphibians
55,tantilla_alticola,1,Community,Amphibians
55,tantilla_armillata,1,Community,Amphibians
55,tantilla_supracincta,1,Community,Amphibians
55,crisantophis_nevermanni,1,Community,Amphibians
55,ninia_celata,1,Community,Amphibians
55,ninia_maculata,1,Community,Amphibians
55,ninia_psephota,1,Community,Amphibians
55,rhadinaea_pulveriventris,1,Community,Amphibians
55,sibon_annulatus,1,Community,Amphibians
55,sibon_longifrenis,1,Community,Amphibians
55,micrurus_alleni,1,Community,Amphibians
55,micrurus_multifasciatus,1,Community,Amphibians
55,atropoides_picadoi,1,Community,Amphibians
55,phrynonax_poecilonotus,1,Community,Amphibians
55,lampropeltis_abnorma,1,Community,Amphibians
55,sibon_dimidiatus,1,Community,Amphibians
55,stenorrhina_freminvillei,1,Community,Amphibians
55,geophis_brachycephalus,1,Community,Amphibians
55,geophis_ruthveni,1,Community,Amphibians
55,geophis_ruthveni,1,Community,Amphibians
55,lepidoblepharis_xanthostigma,1,Community,Amphibians
55,anolis_altae,1,Community,Amphibians
55,leptodrymus_pulcherrimus,1,Community,Amphibians
55,spilotes_pullatus,1,Community,Amphibians
55,holcosus_festivus,1,Community,Amphibians
55,holcosus_festivus,1,Community,Amphibians
55,holcosus_undulatus,1,Community,Amphibians
55,anolis_lemurinus,1,Community,Amphibians
55,anolis_laeviventris,1,Community,Amphibians
55,anolis_capito,1,Community,Amphibians
55,clelia_clelia,1,Community,Amphibians
55,coniophanes_fissidens,1,Community,Amphibians
55,corytophanes_cristatus,1,Community,Amphibians
55,corytophanes_cristatus,1,Community,Amphibians
55,crotalus_simus,1,Community,Amphibians
55,imantodes_gemmistratus,1,Community,Amphibians
55,leptophis_ahaetulla,1,Community,Amphibians
55,rhadinaea_decorata,1,Community,Amphibians
55,sceloporus_variabilis,1,Community,Amphibians
55,sphaerodactylus_millepunctatus,1,Community,Amphibians
55,scincella_cherriei,1,Community,Amphibians
55,siderolamprus_cyanochloris,1,Community,Amphibians
55,basiliscus_basiliscus,1,Community,Amphibians
55,basiliscus_basiliscus,1,Community,Amphibians
55,sceloporus_malachiticus,1,Community,Amphibians
55,anolis_frenatus,1,Community,Amphibians
55,anolis_insignis,1,Community,Amphibians
55,anolis_microtus,1,Community,Amphibians
55,anolis_tropidolepis,1,Community,Amphibians
55,dendrophidion_clarkii,1,Community,Amphibians
55,leptophis_nebulosus,1,Community,Amphibians
55,dipsas_bicolor,1,Community,Amphibians
55,erythrolamprus_mimus,1,Community,Amphibians
55,geophis_godmani,1,Community,Amphibians
55,geophis_zeledoni,1,Community,Amphibians
55,leptodeira_rhombifera,1,Community,Amphibians
55,erythrolamprus_epinephelus,1,Community,Amphibians
55,rhadinaea_calligaster,1,Community,Amphibians
55,trimetopon_gracile,1,Community,Amphibians
55,trimetopon_pliolepis,1,Community,Amphibians
55,urotheca_decipiens,1,Community,Amphibians
55,urotheca_pachyura,1,Community,Amphibians
55,scaphiodontophis_venustissimus,1,Community,Amphibians
55,bothriechis_lateralis,1,Community,Amphibians
55,bothriechis_nigroviridis,1,Community,Amphibians
55,lachesis_stenophrys,1,Community,Amphibians
55,porthidium_ophryomegas,1,Community,Amphibians
55,lampropeltis_micropholis,1,Community,Amphibians
55,dermanura_azteca,1,Community,Amphibians
55,artibeus_lituratus,1,Community,Amphibians
55,balantiopteryx_plicata,1,Community,Amphibians
55,bassariscus_sumichrasti,1,Community,Amphibians
55,bradypus_variegatus,1,Community,Amphibians
55,cabassous_centralis,1,Community,Amphibians
55,chironectes_minimus,1,Community,Amphibians
55,choeroniscus_godmani,1,Community,Amphibians
55,chrotopterus_auritus,1,Community,Amphibians
55,dasypus_novemcinctus,1,Community,Amphibians
55,neoeptesicus_brasiliensis,1,Community,Amphibians
55,neoeptesicus_furinalis,1,Community,Amphibians
55,eumops_auripendulus,1,Community,Amphibians
55,glossophaga_commissarisi,1,Community,Amphibians
55,herpailurus_yagouaroundi,1,Community,Amphibians
55,heteromys_oresterus,1,Community,Amphibians
55,hylonycteris_underwoodi,1,Community,Amphibians
55,lasiurus_ega,1,Community,Amphibians
55,lasiurus_intermedius,1,Community,Amphibians
55,leopardus_pardalis,1,Community,Amphibians
55,lontra_longicaudis,1,Community,Amphibians
55,macrophyllum_macrophyllum,1,Community,Amphibians
55,mesophylla_macconnelli,1,Community,Amphibians
55,marmosa_alstoni,1,Community,Amphibians
55,lampronycteris_brachyotis,1,Community,Amphibians
55,micronycteris_hirsuta,1,Community,Amphibians
55,micronycteris_minuta,1,Community,Amphibians
55,trinycteris_nicefori,1,Community,Amphibians
55,micronycteris_schmidtorum,1,Community,Amphibians
55,microsciurus_alfari,1,Community,Amphibians
55,molossus_pretiosus,1,Community,Amphibians
55,molossus_sinaloae,1,Community,Amphibians
55,myotis_nigricans,1,Community,Amphibians
55,myotis_oxyotus,1,Community,Amphibians
55,myotis_riparius,1,Community,Amphibians
55,myrmecophaga_tridactyla,1,Community,Amphibians
55,oligoryzomys_fulvescens,1,Community,Amphibians
55,oligoryzomys_vegetus,1,Community,Amphibians
55,orthogeomys_heterodus,1,Community,Amphibians
55,transandinomys_bolivaris,1,Community,Amphibians
55,oryzomys_couesi,1,Community,Amphibians
55,panthera_onca,1,Community,Amphibians
55,phylloderma_stenops,1,Community,Amphibians
55,phyllostomus_discolor,1,Community,Amphibians
55,phyllostomus_hastatus,1,Community,Amphibians
55,pteronotus_gymnonotus,1,Community,Amphibians
55,puma_concolor,1,Community,Amphibians
55,rhynchonycteris_naso,1,Community,Amphibians
55,saccopteryx_bilineata,1,Community,Amphibians
55,sciurus_granatensis,1,Community,Amphibians
55,scotinomys_teguina,1,Community,Amphibians
55,coendou_mexicanus,1,Community,Amphibians
55,sylvilagus_dicei,1,Community,Amphibians
55,syntheosciurus_brochus,1,Community,Amphibians
55,tapirus_bairdii,1,Community,Amphibians
55,tapirus_bairdii,1,Community,Amphibians
55,lophostoma_brasiliense,1,Community,Amphibians
55,vampyrum_spectrum,1,Community,Amphibians
55,didelphis_marsupialis,1,Community,Amphibians
55,metachirus_nudicaudatus,1,Community,Amphibians
55,philander_opossum,1,Community,Amphibians
55,cryptotis_nigrescens,1,Community,Amphibians
55,eira_barbara,1,Community,Amphibians
55,neogale_frenata,1,Community,Amphibians
55,nasua_narica,1,Community,Amphibians
55,procyon_lotor,1,Community,Amphibians
55,pecari_tajacu,1,Community,Amphibians
55,odocoileus_virginianus,1,Community,Amphibians
55,micronycteris_microtis,1,Community,Amphibians
55,sigmodon_hirsutus,1,Community,Amphibians
55,mimon_cozumelae,1,Community,Amphibians
55,cynomops_mexicanus,1,Community,Amphibians
55,bassaricyon_gabbii,1,Community,Amphibians
55,cebus_imitator,1,Community,Amphibians
55,dermanura_phaeotis,1,Community,Amphibians
55,eumops_ferox,1,Community,Amphibians
55,pteronotus_rubiginosus,1,Community,Amphibians
55,anoura_geoffroyi,1,Community,Amphibians
55,carollia_castanea,1,Community,Amphibians
55,lichonycteris_obscura,1,Community,Amphibians
55,lasiurus_blossevillii,1,Community,Amphibians
55,vampyrodes_major,1,Community,Amphibians
55,sturnira_burtonlimi,1,Community,Amphibians
55,sturnira_parvidens,1,Community,Amphibians
55,dasyprocta_punctata,1,Community,Amphibians
55,cuniculus_paca,1,Community,Amphibians
55,anoura_cultrata,1,Community,Amphibians
55,enchisthenes_hartii,1,Community,Amphibians
55,dermanura_tolteca,1,Community,Amphibians
55,ateles_geoffroyi,1,Community,Amphibians
55,caluromys_derbianus,1,Community,Amphibians
55,canis_latrans,1,Community,Amphibians
55,carollia_perspicillata,1,Community,Amphibians
55,centurio_senex,1,Community,Amphibians
55,chiroderma_salvini,1,Community,Amphibians
55,choloepus_hoffmanni,1,Community,Amphibians
55,cryptotis_gracilis,1,Community,Amphibians
55,desmodus_rotundus,1,Community,Amphibians
55,diaemus_youngii,1,Community,Amphibians
55,diclidurus_albus,1,Community,Amphibians
55,diphylla_ecaudata,1,Community,Amphibians
55,eptesicus_fuscus,1,Community,Amphibians
55,furipterus_horrens,1,Community,Amphibians
55,glossophaga_soricina,1,Community,Amphibians
55,hoplomys_gymnurus,1,Community,Amphibians
55,leopardus_wiedii,1,Community,Amphibians
55,heteromys_salvini,1,Community,Amphibians
55,lonchophylla_robusta,1,Community,Amphibians
55,lonchorhina_aurita,1,Community,Amphibians
55,melanomys_caliginosus,1,Community,Amphibians
55,glyphonycteris_sylvestris,1,Community,Amphibians
55,molossus_rufus,1,Community,Amphibians
55,molossus_molossus,1,Community,Amphibians
55,myotis_albescens,1,Community,Amphibians
55,myotis_keaysi,1,Community,Amphibians
55,noctilio_albiventris,1,Community,Amphibians
55,nyctomys_sumichrasti,1,Community,Amphibians
55,casiomys_alfaroi,1,Community,Amphibians
55,nephelomys_devius,1,Community,Amphibians
55,ototylomys_phyllotis,1,Community,Amphibians
55,peromyscus_mexicanus,1,Community,Amphibians
55,peropteryx_kappleri,1,Community,Amphibians
55,peropteryx_macrotis,1,Community,Amphibians
55,platyrrhinus_vittatus,1,Community,Amphibians
55,pteronotus_personatus,1,Community,Amphibians
55,reithrodontomys_brevirostris,1,Community,Amphibians
55,reithrodontomys_creper,1,Community,Amphibians
55,reithrodontomys_mexicanus,1,Community,Amphibians
55,reithrodontomys_rodriguezi,1,Community,Amphibians
55,reithrodontomys_sumichrasti,1,Community,Amphibians
55,rheomys_raptor,1,Community,Amphibians
55,rheomys_underwoodi,1,Community,Amphibians
55,sciurus_variegatoides,1,Community,Amphibians
55,scotinomys_xerampelinus,1,Community,Amphibians
55,sturnira_luisi,1,Community,Amphibians
55,sturnira_mordax,1,Community,Amphibians
55,tadarida_brasiliensis,1,Community,Amphibians
55,tamandua_mexicana,1,Community,Amphibians
55,thyroptera_tricolor,1,Community,Amphibians
55,trachops_cirrhosus,1,Community,Amphibians
55,tylomys_watsoni,1,Community,Amphibians
55,urocyon_cinereoargenteus,1,Community,Amphibians
55,alouatta_palliata,1,Community,Amphibians
55,didelphis_virginiana,1,Community,Amphibians
55,marmosa_mexicana,1,Community,Amphibians
55,conepatus_semistriatus,1,Community,Amphibians
55,galictis_vittata,1,Community,Amphibians
55,potos_flavus,1,Community,Amphibians
55,carollia_sowelli,1,Community,Amphibians
55,mazama_temama,1,Community,Amphibians
55,centronycteris_centralis,1,Community,Amphibians
55,spilogale_angustifrons,1,Community,Amphibians
55,vampyressa_thyone,1,Community,Amphibians
55,cryptotis_orophila,1,Community,Amphibians
55,heteromys_desmarestianus,1,Community,Amphibians
55,leopardus_tigrinus,1,Community,Amphibians
55,sylvilagus_gabbi,1,Community,Amphibians
55,pteronotus_mesoamericanus,1,Community,Amphibians
55,molossus_bondae,1,Community,Amphibians
55,artibeus_jamaicensis,1,Community,Amphibians
55,lophostoma_silvicolum,1,Community,Amphibians
55,rhogeessa_bickhami,1,Community,Amphibians
55,rhogeessa_io,1,Community,Amphibians
55,platyrrhinus_helleri,1,Community,Amphibians
55,dermanura_watsoni,1,Community,Amphibians
55,molossus_coibensis,1,Community,Amphibians
55,natalus_mexicanus,1,Community,Amphibians
55,cyclopes_dorsalis,1,Community,Amphibians
55,isthmohyla_pictipes,1,Community,Amphibians
55,dermophis_occidentalis,1,Community,Amphibians
55,hyalinobatrachium_fleischmanni,1,Community,Amphibians
55,leptodactylus_melanonotus,1,Community,Amphibians
55,nototriton_tapanti,1,Community,Amphibians
55,smilisca_baudinii,1,Community,Amphibians
55,atelopus_senex,1,Community,Amphibians
55,scinax_staufferi,1,Community,Amphibians
55,isthmohyla_xanthosticta,1,Community,Amphibians
55,oedipina_poelzi,1,Community,Amphibians
55,isthmohyla_tica,1,Community,Amphibians
55,craugastor_persimilis,1,Community,Amphibians
55,craugastor_persimilis,1,Community,Amphibians
55,agalychnis_callidryas,1,Community,Amphibians
55,isthmohyla_picadoi,1,Community,Amphibians
55,pristimantis_ridens,1,Community,Amphibians
55,teratohyla_pulverata,1,Community,Amphibians
55,incilius_holdridgei,1,Community,Amphibians
55,craugastor_angelicus,1,Community,Amphibians
55,isthmohyla_lancasteri,1,Community,Amphibians
55,ecnomiohyla_sukia,1,Community,Amphibians
55,bolitoglossa_striatula,1,Community,Amphibians
55,oedipina_collaris,1,Community,Amphibians
55,lithobates_warszewitschii,1,Community,Amphibians
55,lithobates_warszewitschii,1,Community,Amphibians
55,lithobates_vibicarius,1,Community,Amphibians
55,lithobates_vibicarius,1,Community,Amphibians
55,craugastor_fleischmanni,1,Community,Amphibians
55,craugastor_fleischmanni,1,Community,Amphibians
55,rhaebo_haematiticus,1,Community,Amphibians
55,diasporus_diastema,1,Community,Amphibians
55,isthmohyla_angustilineata,1,Community,Amphibians
55,isthmohyla_angustilineata,1,Community,Amphibians
55,incilius_chompipe,1,Community,Amphibians
55,craugastor_noblei,1,Community,Amphibians
55,trachycephalus_vermiculatus,1,Community,Amphibians
55,bolitoglossa_epimela,1,Community,Amphibians
55,craugastor_podiciferus,1,Community,Amphibians
55,craugastor_podiciferus,1,Community,Amphibians
55,craugastor_underwoodi,1,Community,Amphibians
55,incilius_coniferus,1,Community,Amphibians
55,hypopachus_variolosus,1,Community,Amphibians
55,oedipina_altura,1,Community,Amphibians
55,rhinella_horribilis,1,Community,Amphibians
55,sachatamia_albomaculata,1,Community,Amphibians
55,diasporus_hylaeformis,1,Community,Amphibians
55,allobates_talamancae,1,Community,Amphibians
55,bolitoglossa_tica,1,Community,Amphibians
55,craugastor_ranoides,1,Community,Amphibians
55,ecnomiohyla_fimbrimembra,1,Community,Amphibians
55,duellmanohyla_rufioculis,1,Community,Amphibians
55,bolitoglossa_subpalmata,1,Community,Amphibians
55,pristimantis_cruentus,1,Community,Amphibians
55,scinax_boulengeri,1,Community,Amphibians
55,bolitoglossa_robusta,1,Community,Amphibians
55,bolitoglossa_robusta,1,Community,Amphibians
55,cochranella_euknemos,1,Community,Amphibians
55,hyalinobatrachium_colymbiphyllum,1,Community,Amphibians
55,hyalinobatrachium_valerioi,1,Community,Amphibians
55,isthmohyla_zeteki,1,Community,Amphibians
55,isthmohyla_rivularis,1,Community,Amphibians
55,isthmohyla_rivularis,1,Community,Amphibians
55,incilius_melanochlorus,1,Community,Amphibians
55,bolitoglossa_gracilis,1,Community,Amphibians
55,leptodactylus_insularum,1,Community,Amphibians
55,nototriton_richardi,1,Community,Amphibians
55,pristimantis_altae,1,Community,Amphibians
55,oedipina_uniformis,1,Community,Amphibians
55,duellmanohyla_uranochroa,1,Community,Amphibians
55,ctenophryne_aterrima,1,Community,Amphibians
55,triprion_spinosus,1,Community,Amphibians
55,smilisca_sordida,1,Community,Amphibians
55,scinax_elaeochroa,1,Community,Amphibians
55,craugastor_crassidigitus,1,Community,Amphibians
55,gymnopis_multiplicata,1,Community,Amphibians
55,bolitoglossa_colonnea,1,Community,Amphibians
55,dermophis_costaricense,1,Community,Amphibians
55,bolitoglossa_obscura,1,Community,Amphibians
55,isthmohyla_pseudopuma,1,Community,Amphibians
55,bolitoglossa_diminuta,1,Community,Amphibians
55,nototriton_major,1,Community,Amphibians
55,isthmohyla_debilis,1,Community,Amphibians
55,nototriton_picadoi,1,Community,Amphibians
55,agalychnis_lemur,1,Community,Amphibians
55,pristimantis_caryophyllaceus,1,Community,Amphibians
55,craugastor_gollmeri,1,Community,Amphibians
55,espadarana_prosoblepon,1,Community,Amphibians
55,atelopus_varius,1,Community,Amphibians
55,smilisca_phaeota,1,Community,Amphibians
55,bolitoglossa_nigrescens,1,Community,Amphibians
55,craugastor_andi,1,Community,Amphibians
55,nototriton_abscondens,1,Community,Amphibians
55,leptodactylus_savagei,1,Community,Amphibians
55,incilius_epioticus,1,Community,Amphibians
55,lithobates_taylori,1,Community,Amphibians
55,craugastor_melanostictus,1,Community,Amphibians
55,agalychnis_annae,1,Community,Amphibians
55,agalychnis_annae,1,Community,Amphibians
55,craugastor_escoces,1,Community,Amphibians
55,pristimantis_cerasinus,1,Community,Amphibians
55,craugastor_fitzingeri,1,Community,Amphibians
55,incilius_coccifer,1,Community,Amphibians
55,craugastor_stejnegerianus,1,Community,Amphibians
55,cochranella_granulosa,1,Community,Amphibians
56,litoria_n,0,Community,Amphibians
56,caretta_caretta,1,Community,Amphibians
56,chelonia_mydas,1,Community,Amphibians
56,crocodylus_porosus,1,Community,Amphibians
56,crocodylus_johnstoni,1,Community,Amphibians
56,pogona_barbata,1,Community,Amphibians
56,lepidodactylus_lugubris,1,Community,Amphibians
56,liasis_fuscus,1,Community,Amphibians
56,tropidonophis_mairii,1,Community,Amphibians
56,brachyurophis_australis,1,Community,Amphibians
56,saltuarius_cornutus,1,Community,Amphibians
56,saproscincus_czechurai,1,Community,Amphibians
56,anilios_proximus,1,Community,Amphibians
56,ctenotus_inornatus,1,Community,Amphibians
56,gehyra_dubia,1,Community,Amphibians
56,glaphyromorphus_crassicaudus,1,Community,Amphibians
56,boiga_irregularis,1,Community,Amphibians
56,aspidites_melanocephalus,1,Community,Amphibians
56,nactus_cheverti,1,Community,Amphibians
56,diporiphora_australis,1,Community,Amphibians
56,diporiphora_bilineata,1,Community,Amphibians
56,intellagama_lesueurii,1,Community,Amphibians
56,carlia_longipes,1,Community,Amphibians
56,cryptoblepharus_virgatus,1,Community,Amphibians
56,ctenotus_robustus,1,Community,Amphibians
56,bellatorias_frerei,1,Community,Amphibians
56,glaphyromorphus_mjobergi,1,Community,Amphibians
56,glaphyromorphus_pumilus,1,Community,Amphibians
56,varanus_panoptes,1,Community,Amphibians
56,stegonotus_cucullatus,1,Community,Amphibians
56,acanthophis_antarcticus,1,Community,Amphibians
56,cryptophis_nigrostriatus,1,Community,Amphibians
56,demansia_papuensis,1,Community,Amphibians
56,furina_barnardi,1,Community,Amphibians
56,furina_ornata,1,Community,Amphibians
56,oxyuranus_scutellatus,1,Community,Amphibians
56,pseudechis_australis,1,Community,Amphibians
56,pseudechis_porphyriacus,1,Community,Amphibians
56,heteronotia_binoei,1,Community,Amphibians
56,varanus_gouldii,1,Community,Amphibians
56,varanus_tristis,1,Community,Amphibians
56,hemidactylus_frenatus,1,Community,Amphibians
56,carphodactylus_laevis,1,Community,Amphibians
56,nephrurus_asper,1,Community,Amphibians
56,lucasium_steindachneri,1,Community,Amphibians
56,strophurus_williamsi,1,Community,Amphibians
56,brachyurophis_campbelli,1,Community,Amphibians
56,cacophis_churchilli,1,Community,Amphibians
56,hoplocephalus_bitorquatus,1,Community,Amphibians
56,suta_suta,1,Community,Amphibians
56,vermicella_annulata,1,Community,Amphibians
56,cyrtodactylus_mcdonaldi,1,Community,Amphibians
56,delma_mitella,1,Community,Amphibians
56,anilios_broomi,1,Community,Amphibians
56,anilios_ligatus,1,Community,Amphibians
56,anilios_unguirostris,1,Community,Amphibians
56,calorodius_thorntonensis,1,Community,Amphibians
56,carlia_jarnoldae,1,Community,Amphibians
56,carlia_munda,1,Community,Amphibians
56,carlia_rubigo,1,Community,Amphibians
56,carlia_schmeltzii,1,Community,Amphibians
56,concinnia_frerei,1,Community,Amphibians
56,gnypetoscincus_queenslandiae,1,Community,Amphibians
56,concinnia_tigrina,1,Community,Amphibians
56,ctenotus_brevipes,1,Community,Amphibians
56,ctenotus_eutaenius,1,Community,Amphibians
56,ctenotus_taeniolatus,1,Community,Amphibians
56,cyclodomorphus_gerrardii,1,Community,Amphibians
56,eremiascincus_pardalis,1,Community,Amphibians
56,lerista_zonulata,1,Community,Amphibians
56,proablepharus_tenuis,1,Community,Amphibians
56,tiliqua_scincoides,1,Community,Amphibians
56,dendrelaphis_punctulatus,1,Community,Amphibians
56,lampropholis_similis,1,Community,Amphibians
56,lampropholis_robertsi,1,Community,Amphibians
56,oedura_monilis,1,Community,Amphibians
56,dermochelys_coriacea,1,Community,Amphibians
56,morelia_spilota,1,Community,Amphibians
56,chlamydosaurus_kingii,1,Community,Amphibians
56,indotyphlops_braminus,1,Community,Amphibians
56,pseudoferania_polylepis,1,Community,Amphibians
56,demansia_torquata,1,Community,Amphibians
56,simalia_amethistina,1,Community,Amphibians
56,varanus_scalaris,1,Community,Amphibians
56,praeteropus_gowi,1,Community,Amphibians
56,egernia_rugosa,1,Community,Amphibians
56,antaresia_maculosa,1,Community,Amphibians
56,antaresia_maculosa,1,Community,Amphibians
56,diporiphora_nobbi,1,Community,Amphibians
56,lophosaurus_boydii,1,Community,Amphibians
56,lialis_burtonis,1,Community,Amphibians
56,carlia_decora,1,Community,Amphibians
56,carlia_storri,1,Community,Amphibians
56,cryptoblepharus_litoralis,1,Community,Amphibians
56,ctenotus_spaldingi,1,Community,Amphibians
56,glaphyromorphus_cracens,1,Community,Amphibians
56,glaphyromorphus_fuscicaudis,1,Community,Amphibians
56,glaphyromorphus_nigricaudis,1,Community,Amphibians
56,acanthophis_praelongus,1,Community,Amphibians
56,cryptophis_boschmai,1,Community,Amphibians
56,cryptophis_nigrescens,1,Community,Amphibians
56,demansia_psammophis,1,Community,Amphibians
56,demansia_vestigiata,1,Community,Amphibians
56,furina_diadema,1,Community,Amphibians
56,furina_tristis,1,Community,Amphibians
56,pseudonaja_textilis,1,Community,Amphibians
56,lygisaurus_aeratus,1,Community,Amphibians
56,lygisaurus_foliorum,1,Community,Amphibians
56,lygisaurus_laevis,1,Community,Amphibians
56,lygisaurus_malleolus,1,Community,Amphibians
56,lygisaurus_zuma,1,Community,Amphibians
56,varanus_semiremex,1,Community,Amphibians
56,varanus_varius,1,Community,Amphibians
56,amalosia_rhombifer,1,Community,Amphibians
56,diplodactylus_platyurus,1,Community,Amphibians
56,oedura_castelnaui,1,Community,Amphibians
56,oedura_coggeri,1,Community,Amphibians
56,antaioserpens_albiceps,1,Community,Amphibians
56,hemiaspis_signata,1,Community,Amphibians
56,tropidechis_carinatus,1,Community,Amphibians
56,delma_tincta,1,Community,Amphibians
56,pygopus_robertsi,1,Community,Amphibians
56,anilios_torresianus,1,Community,Amphibians
56,carlia_rostralis,1,Community,Amphibians
56,carlia_vivax,1,Community,Amphibians
56,coeranoscincus_frontalis,1,Community,Amphibians
56,concinnia_brachysoma,1,Community,Amphibians
56,concinnia_tenuis,1,Community,Amphibians
56,cryptoblepharus_adamsi,1,Community,Amphibians
56,cryptoblepharus_metallicus,1,Community,Amphibians
56,cryptoblepharus_pannosus,1,Community,Amphibians
56,cryptoblepharus_pulcher,1,Community,Amphibians
56,ctenotus_monticola,1,Community,Amphibians
56,ctenotus_strauchii,1,Community,Amphibians
56,ctenotus_tanamiensis,1,Community,Amphibians
56,egernia_hosmeri,1,Community,Amphibians
56,eulamprus_quoyii,1,Community,Amphibians
56,lampropholis_delicata,1,Community,Amphibians
56,liburnascincus_mundivensis,1,Community,Amphibians
56,morethia_taeniopleura,1,Community,Amphibians
56,notoscincus_ornatus,1,Community,Amphibians
56,pygmaeascincus_koshlandae,1,Community,Amphibians
56,pygmaeascincus_timlowi,1,Community,Amphibians
56,saproscincus_basiliscus,1,Community,Amphibians
56,saproscincus_lewisi,1,Community,Amphibians
56,saproscincus_tetradactylus,1,Community,Amphibians
56,techmarscincus_jigurru,1,Community,Amphibians
56,dendrelaphis_calligaster,1,Community,Amphibians
56,carlia_crypta,1,Community,Amphibians
56,lampropholis_bellendenkerensis,1,Community,Amphibians
56,lampropholis_coggeri,1,Community,Amphibians
56,carlia_rubrigularis,1,Community,Amphibians
56,varanus_indicus,1,Community,Amphibians
56,bettongia_tropica,1,Community,Amphibians
56,dactylopsila_trivirgata,1,Community,Amphibians
56,dasyurus_hallucatus,1,Community,Amphibians
56,dendrolagus_lumholtzi,1,Community,Amphibians
56,vespadelus_pumilus,1,Community,Amphibians
56,hemibelideus_lemuroides,1,Community,Amphibians
56,hydromys_chrysogaster,1,Community,Amphibians
56,phoniscus_papuensis,1,Community,Amphibians
56,miniopterus_australis,1,Community,Amphibians
56,murina_florium,1,Community,Amphibians
56,scotorepens_orion,1,Community,Amphibians
56,scotorepens_sanborni,1,Community,Amphibians
56,petaurus_norfolcensis,1,Community,Amphibians
56,pogonomys_macrourus,1,Community,Amphibians
56,pseudochirulus_herbertensis,1,Community,Amphibians
56,pseudomys_gracilicaudatus,1,Community,Amphibians
56,pteropus_alecto,1,Community,Amphibians
56,pteropus_scapulatus,1,Community,Amphibians
56,rattus_fuscipes,1,Community,Amphibians
56,rattus_leucopus,1,Community,Amphibians
56,rattus_lutreolus,1,Community,Amphibians
56,rhinolophus_philippinensis,1,Community,Amphibians
56,saccolaimus_flaviventris,1,Community,Amphibians
56,saccolaimus_saccolaimus,1,Community,Amphibians
56,sminthopsis_leucopus,1,Community,Amphibians
56,taphozous_troughtoni,1,Community,Amphibians
56,uromys_caudimaculatus,1,Community,Amphibians
56,zyzomys_argurus,1,Community,Amphibians
56,antechinus_flavipes,1,Community,Amphibians
56,planigale_ingrami,1,Community,Amphibians
56,isoodon_macrourus,1,Community,Amphibians
56,notamacropus_agilis,1,Community,Amphibians
56,thylogale_stigmatica,1,Community,Amphibians
56,petauroides_volans,1,Community,Amphibians
56,pseudocheirus_peregrinus,1,Community,Amphibians
56,tachyglossus_aculeatus,1,Community,Amphibians
56,ozimops_ridei,1,Community,Amphibians
56,ozimops_planiceps,1,Community,Amphibians
56,hipposideros_ater,1,Community,Amphibians
56,nyctophilus_gouldi,1,Community,Amphibians
56,antechinus_godmani,1,Community,Amphibians
56,cercartetus_caudatus,1,Community,Amphibians
56,mops_jobensis,1,Community,Amphibians
56,chalinolobus_nigrogriseus,1,Community,Amphibians
56,dasyurus_maculatus,1,Community,Amphibians
56,dendrolagus_bennettianus,1,Community,Amphibians
56,vespadelus_troughtoni,1,Community,Amphibians
56,hipposideros_diadema,1,Community,Amphibians
56,leggadina_lakedownensis,1,Community,Amphibians
56,macroderma_gigas,1,Community,Amphibians
56,macroglossus_minimus,1,Community,Amphibians
56,melomys_burtoni,1,Community,Amphibians
56,melomys_cervinipes,1,Community,Amphibians
56,mesembriomys_gouldii,1,Community,Amphibians
56,mus_musculus,1,Community,Amphibians
56,scoteanax_rueppellii,1,Community,Amphibians
56,nyctimene_robinsoni,1,Community,Amphibians
56,petaurus_gracilis,1,Community,Amphibians
56,petaurus_breviceps,1,Community,Amphibians
56,petrogale_sharmani,1,Community,Amphibians
56,phascogale_tapoatafa,1,Community,Amphibians
56,pseudochirops_archeri,1,Community,Amphibians
56,pseudochirulus_cinereus,1,Community,Amphibians
56,pseudomys_delicatulus,1,Community,Amphibians
56,pseudomys_patrius,1,Community,Amphibians
56,pteropus_conspicillatus,1,Community,Amphibians
56,rattus_sordidus,1,Community,Amphibians
56,rattus_tunneyi,1,Community,Amphibians
56,rhinolophus_megaphyllus,1,Community,Amphibians
56,sminthopsis_archeri,1,Community,Amphibians
56,syconycteris_australis,1,Community,Amphibians
56,taphozous_australis,1,Community,Amphibians
56,uromys_hadrourus,1,Community,Amphibians
56,vulpes_vulpes,1,Community,Amphibians
56,ornithorhynchus_anatinus,1,Community,Amphibians
56,planigale_maculata,1,Community,Amphibians
56,sminthopsis_murina,1,Community,Amphibians
56,sminthopsis_virginiae,1,Community,Amphibians
56,isoodon_obesulus,1,Community,Amphibians
56,perameles_nasuta,1,Community,Amphibians
56,aepyprymnus_rufescens,1,Community,Amphibians
56,hypsiprymnodon_moschatus,1,Community,Amphibians
56,notamacropus_parryi,1,Community,Amphibians
56,wallabia_bicolor,1,Community,Amphibians
56,acrobates_pygmaeus,1,Community,Amphibians
56,trichosurus_vulpecula,1,Community,Amphibians
56,macropus_giganteus,1,Community,Amphibians
56,petrogale_godmani,1,Community,Amphibians
56,petrogale_mareeba,1,Community,Amphibians
56,antechinus_adustus,1,Community,Amphibians
56,myotis_macropus,1,Community,Amphibians
56,ozimops_lumsdenae,1,Community,Amphibians
56,nyctophilus_bifax,1,Community,Amphibians
56,uperoleia_lithomoda,1,Community,Amphibians
56,uperoleia_altissima,1,Community,Amphibians
56,crinia_remota,1,Community,Amphibians
56,cophixalus_neglectus,1,Community,Amphibians
56,litoria_infrafrenata,1,Community,Amphibians
56,rhinella_marina,1,Community,Amphibians
56,limnodynastes_terraereginae,1,Community,Amphibians
56,litoria_jungguy,1,Community,Amphibians
56,cophixalus_concinnus,1,Community,Amphibians
56,cophixalus_australis,1,Community,Amphibians
56,taudactylus_rheophilus,1,Community,Amphibians
56,cophixalus_infacetus,1,Community,Amphibians
56,litoria_nasuta,1,Community,Amphibians
56,austrochaperina_pluvialis,1,Community,Amphibians
56,litoria_serrata,1,Community,Amphibians
56,litoria_inermis,1,Community,Amphibians
56,limnodynastes_peronii,1,Community,Amphibians
56,cophixalus_aenigma,1,Community,Amphibians
56,litoria_rubella,1,Community,Amphibians
56,litoria_latopalmata,1,Community,Amphibians
56,litoria_caerulea,1,Community,Amphibians
56,crinia_deserticola,1,Community,Amphibians
56,limnodynastes_tasmaniensis,1,Community,Amphibians
56,litoria_gracilenta,1,Community,Amphibians
56,cyclorana_alboguttata,1,Community,Amphibians
56,cophixalus_monticola,1,Community,Amphibians
56,cophixalus_bombiens,1,Community,Amphibians
56,cophixalus_ornatus,1,Community,Amphibians
56,litoria_xanthomera,1,Community,Amphibians
56,litoria_fallax,1,Community,Amphibians
56,cophixalus_hosmeri,1,Community,Amphibians
56,litoria_pallida,1,Community,Amphibians
56,cyclorana_novaehollandiae,1,Community,Amphibians
56,litoria_nannotis,1,Community,Amphibians
56,taudactylus_acutirostris,1,Community,Amphibians
56,limnodynastes_convexiusculus,1,Community,Amphibians
56,litoria_rothii,1,Community,Amphibians
56,platyplectrum_ornatum,1,Community,Amphibians
56,mixophyes_schevilli,1,Community,Amphibians
56,austrochaperina_fryi,1,Community,Amphibians
56,litoria_bicolor,1,Community,Amphibians
56,litoria_dayi,1,Community,Amphibians
56,litoria_lorica,1,Community,Amphibians
56,litoria_lorica,1,Community,Amphibians
56,pseudophryne_covacevichae,1,Community,Amphibians
56,litoria_myola,1,Community,Amphibians
56,litoria_microbelos,1,Community,Amphibians
56,mixophyes_carbinensis,1,Community,Amphibians
56,uperoleia_mimula,1,Community,Amphibians
56,cyclorana_brevipes,1,Community,Amphibians
56,litoria_rheocola,1,Community,Amphibians
56,litoria_nyakalensis,1,Community,Amphibians
56,cyclorana_cryptotis,1,Community,Amphibians
56,austrochaperina_robusta,1,Community,Amphibians
56,papurana_daemeli,1,Community,Amphibians
56,mixophyes_coggeri,1,Community,Amphibians
56,litoria_nigrofrenata,1,Community,Amphibians
56,litoria_wilcoxii,1,Community,Amphibians
57,pseudoeurycea_,0,Community,Amphibians
57,drymobius_chloroticus,1,Community,Amphibians
57,geophis_rhodogaster,1,Community,Amphibians
57,pliocercus_elapoides,1,Community,Amphibians
57,thamnophis_fulvus,1,Community,Amphibians
57,ctenosaura_similis,1,Community,Amphibians
57,anolis_crassulus,1,Community,Amphibians
57,corytophanes_percarinatus,1,Community,Amphibians
57,mastigodryas_dorsalis,1,Community,Amphibians
57,rhadinella_godmani,1,Community,Amphibians
57,abronia_meledona,1,Community,Amphibians
57,tropidodipsas_fischeri,1,Community,Amphibians
57,lampropeltis_abnorma,1,Community,Amphibians
57,conophis_lineatus,1,Community,Amphibians
57,leptophis_modestus,1,Community,Amphibians
57,stenorrhina_freminvillei,1,Community,Amphibians
57,sceloporus_smaragdinus,1,Community,Amphibians
57,indotyphlops_braminus,1,Community,Amphibians
57,abronia_moreletii,1,Community,Amphibians
57,anolis_laeviventris,1,Community,Amphibians
57,crotalus_simus,1,Community,Amphibians
57,sceloporus_squamosus,1,Community,Amphibians
57,sceloporus_variabilis,1,Community,Amphibians
57,anolis_wellbornae,1,Community,Amphibians
57,tantilla_taeniata,1,Community,Amphibians
57,coniophanes_piceivittis,1,Community,Amphibians
57,dermanura_azteca,1,Community,Amphibians
57,artibeus_lituratus,1,Community,Amphibians
57,balantiopteryx_plicata,1,Community,Amphibians
57,bassariscus_sumichrasti,1,Community,Amphibians
57,carollia_subrufa,1,Community,Amphibians
57,chrotopterus_auritus,1,Community,Amphibians
57,dasypus_novemcinctus,1,Community,Amphibians
57,eumops_auripendulus,1,Community,Amphibians
57,glossophaga_commissarisi,1,Community,Amphibians
57,lasiurus_ega,1,Community,Amphibians
57,lasiurus_intermedius,1,Community,Amphibians
57,leopardus_pardalis,1,Community,Amphibians
57,lontra_longicaudis,1,Community,Amphibians
57,macrophyllum_macrophyllum,1,Community,Amphibians
57,molossus_sinaloae,1,Community,Amphibians
57,myotis_elegans,1,Community,Amphibians
57,myotis_nigricans,1,Community,Amphibians
57,myrmecophaga_tridactyla,1,Community,Amphibians
57,noctilio_leporinus,1,Community,Amphibians
57,oligoryzomys_fulvescens,1,Community,Amphibians
57,oryzomys_couesi,1,Community,Amphibians
57,phyllostomus_discolor,1,Community,Amphibians
57,pteronotus_davyi,1,Community,Amphibians
57,pteronotus_gymnonotus,1,Community,Amphibians
57,puma_concolor,1,Community,Amphibians
57,reithrodontomys_gracilis,1,Community,Amphibians
57,reithrodontomys_microdon,1,Community,Amphibians
57,sciurus_deppei,1,Community,Amphibians
57,sciurus_aureogaster,1,Community,Amphibians
57,scotinomys_teguina,1,Community,Amphibians
57,coendou_mexicanus,1,Community,Amphibians
57,tapirus_bairdii,1,Community,Amphibians
57,didelphis_marsupialis,1,Community,Amphibians
57,mephitis_macroura,1,Community,Amphibians
57,eira_barbara,1,Community,Amphibians
57,neogale_frenata,1,Community,Amphibians
57,nasua_narica,1,Community,Amphibians
57,procyon_lotor,1,Community,Amphibians
57,pecari_tajacu,1,Community,Amphibians
57,odocoileus_virginianus,1,Community,Amphibians
57,peromyscus_beatae,1,Community,Amphibians
57,micronycteris_microtis,1,Community,Amphibians
57,sigmodon_hirsutus,1,Community,Amphibians
57,leptonycteris_yerbabuenae,1,Community,Amphibians
57,eumops_ferox,1,Community,Amphibians
57,anoura_geoffroyi,1,Community,Amphibians
57,lasiurus_blossevillii,1,Community,Amphibians
57,sturnira_parvidens,1,Community,Amphibians
57,dasyprocta_punctata,1,Community,Amphibians
57,cuniculus_paca,1,Community,Amphibians
57,enchisthenes_hartii,1,Community,Amphibians
57,dermanura_tolteca,1,Community,Amphibians
57,ateles_geoffroyi,1,Community,Amphibians
57,baiomys_musculus,1,Community,Amphibians
57,canis_latrans,1,Community,Amphibians
57,centurio_senex,1,Community,Amphibians
57,chiroderma_salvini,1,Community,Amphibians
57,choeronycteris_mexicana,1,Community,Amphibians
57,desmodus_rotundus,1,Community,Amphibians
57,diclidurus_albus,1,Community,Amphibians
57,diphylla_ecaudata,1,Community,Amphibians
57,eptesicus_fuscus,1,Community,Amphibians
57,eumops_underwoodi,1,Community,Amphibians
57,glossophaga_leachii,1,Community,Amphibians
57,glossophaga_soricina,1,Community,Amphibians
57,habromys_lophurus,1,Community,Amphibians
57,leopardus_wiedii,1,Community,Amphibians
57,heteromys_salvini,1,Community,Amphibians
57,molossus_rufus,1,Community,Amphibians
57,molossus_molossus,1,Community,Amphibians
57,mormoops_megalophylla,1,Community,Amphibians
57,myotis_keaysi,1,Community,Amphibians
57,neotoma_mexicana,1,Community,Amphibians
57,noctilio_albiventris,1,Community,Amphibians
57,nyctinomops_laticaudatus,1,Community,Amphibians
57,nyctomys_sumichrasti,1,Community,Amphibians
57,orthogeomys_hispidus,1,Community,Amphibians
57,casiomys_alfaroi,1,Community,Amphibians
57,casiomys_saturatior,1,Community,Amphibians
57,ototylomys_phyllotis,1,Community,Amphibians
57,peromyscus_aztecus,1,Community,Amphibians
57,pteronotus_personatus,1,Community,Amphibians
57,reithrodontomys_fulvescens,1,Community,Amphibians
57,reithrodontomys_mexicanus,1,Community,Amphibians
57,reithrodontomys_sumichrasti,1,Community,Amphibians
57,rhogeessa_tumida,1,Community,Amphibians
57,sciurus_variegatoides,1,Community,Amphibians
57,tadarida_brasiliensis,1,Community,Amphibians
57,tamandua_mexicana,1,Community,Amphibians
57,tylomys_nudicaudus,1,Community,Amphibians
57,urocyon_cinereoargenteus,1,Community,Amphibians
57,didelphis_virginiana,1,Community,Amphibians
57,marmosa_mexicana,1,Community,Amphibians
57,sylvilagus_floridanus,1,Community,Amphibians
57,potos_flavus,1,Community,Amphibians
57,orthogeomys_grandis,1,Community,Amphibians
57,carollia_sowelli,1,Community,Amphibians
57,mazama_temama,1,Community,Amphibians
57,spilogale_angustifrons,1,Community,Amphibians
57,cryptotis_tropicalis,1,Community,Amphibians
57,heteromys_desmarestianus,1,Community,Amphibians
57,cryptotis_goodwini,1,Community,Amphibians
57,pteronotus_mesoamericanus,1,Community,Amphibians
57,artibeus_jamaicensis,1,Community,Amphibians
57,sturnira_hondurensis,1,Community,Amphibians
57,natalus_mexicanus,1,Community,Amphibians
57,lithobates_macroglossa,1,Community,Amphibians
57,plectrohyla_glandulosa,1,Community,Amphibians
57,scinax_staufferi,1,Community,Amphibians
57,incilius_valliceps,1,Community,Amphibians
57,lithobates_maculatus,1,Community,Amphibians
57,pseudoeurycea_exspectata,1,Community,Amphibians
57,trachycephalus_vermiculatus,1,Community,Amphibians
57,leptodactylus_fragilis,1,Community,Amphibians
57,incilius_ibarrai,1,Community,Amphibians
57,plectrohyla_guatemalensis,1,Community,Amphibians
58,taudactylus_ac,0,Community,Amphibians
58,caretta_caretta,1,Community,Amphibians
58,chelonia_mydas,1,Community,Amphibians
58,crocodylus_porosus,1,Community,Amphibians
58,crocodylus_johnstoni,1,Community,Amphibians
58,pogona_barbata,1,Community,Amphibians
58,lepidodactylus_lugubris,1,Community,Amphibians
58,lepidodactylus_lugubris,1,Community,Amphibians
58,hydrophis_stokesii,1,Community,Amphibians
58,hydrophis_schistosus,1,Community,Amphibians
58,hydrophis_ocellatus,1,Community,Amphibians
58,hydrophis_major,1,Community,Amphibians
58,hydrophis_elegans,1,Community,Amphibians
58,hydrophis_platurus,1,Community,Amphibians
58,hydrophis_curtus,1,Community,Amphibians
58,aipysurus_duboisii,1,Community,Amphibians
58,hydrophis_peronii,1,Community,Amphibians
58,acrochordus_granulatus,1,Community,Amphibians
58,liasis_fuscus,1,Community,Amphibians
58,tropidonophis_mairii,1,Community,Amphibians
58,brachyurophis_australis,1,Community,Amphibians
58,saltuarius_cornutus,1,Community,Amphibians
58,saproscincus_czechurai,1,Community,Amphibians
58,anilios_proximus,1,Community,Amphibians
58,ctenotus_inornatus,1,Community,Amphibians
58,gehyra_dubia,1,Community,Amphibians
58,glaphyromorphus_crassicaudus,1,Community,Amphibians
58,liburnascincus_scirtetis,1,Community,Amphibians
58,boiga_irregularis,1,Community,Amphibians
58,boiga_irregularis,1,Community,Amphibians
58,aspidites_melanocephalus,1,Community,Amphibians
58,nactus_cheverti,1,Community,Amphibians
58,nactus_galgajuga,1,Community,Amphibians
58,diporiphora_australis,1,Community,Amphibians
58,diporiphora_bilineata,1,Community,Amphibians
58,intellagama_lesueurii,1,Community,Amphibians
58,carlia_longipes,1,Community,Amphibians
58,cryptoblepharus_virgatus,1,Community,Amphibians
58,ctenotus_robustus,1,Community,Amphibians
58,bellatorias_frerei,1,Community,Amphibians
58,glaphyromorphus_mjobergi,1,Community,Amphibians
58,glaphyromorphus_pumilus,1,Community,Amphibians
58,glaphyromorphus_punctulatus,1,Community,Amphibians
58,varanus_panoptes,1,Community,Amphibians
58,stegonotus_cucullatus,1,Community,Amphibians
58,acanthophis_antarcticus,1,Community,Amphibians
58,cryptophis_nigrostriatus,1,Community,Amphibians
58,demansia_papuensis,1,Community,Amphibians
58,furina_barnardi,1,Community,Amphibians
58,furina_ornata,1,Community,Amphibians
58,oxyuranus_scutellatus,1,Community,Amphibians
58,pseudechis_australis,1,Community,Amphibians
58,pseudechis_porphyriacus,1,Community,Amphibians
58,heteronotia_binoei,1,Community,Amphibians
58,varanus_gouldii,1,Community,Amphibians
58,varanus_tristis,1,Community,Amphibians
58,hemidactylus_frenatus,1,Community,Amphibians
58,carphodactylus_laevis,1,Community,Amphibians
58,nephrurus_asper,1,Community,Amphibians
58,lucasium_steindachneri,1,Community,Amphibians
58,strophurus_williamsi,1,Community,Amphibians
58,brachyurophis_campbelli,1,Community,Amphibians
58,cacophis_churchilli,1,Community,Amphibians
58,hoplocephalus_bitorquatus,1,Community,Amphibians
58,suta_suta,1,Community,Amphibians
58,vermicella_annulata,1,Community,Amphibians
58,cyrtodactylus_mcdonaldi,1,Community,Amphibians
58,delma_mitella,1,Community,Amphibians
58,anilios_broomi,1,Community,Amphibians
58,anilios_ligatus,1,Community,Amphibians
58,anilios_unguirostris,1,Community,Amphibians
58,calorodius_thorntonensis,1,Community,Amphibians
58,carlia_jarnoldae,1,Community,Amphibians
58,carlia_munda,1,Community,Amphibians
58,carlia_rubigo,1,Community,Amphibians
58,carlia_schmeltzii,1,Community,Amphibians
58,concinnia_frerei,1,Community,Amphibians
58,gnypetoscincus_queenslandiae,1,Community,Amphibians
58,concinnia_tigrina,1,Community,Amphibians
58,ctenotus_brevipes,1,Community,Amphibians
58,ctenotus_eutaenius,1,Community,Amphibians
58,ctenotus_nullum,1,Community,Amphibians
58,ctenotus_taeniolatus,1,Community,Amphibians
58,cyclodomorphus_gerrardii,1,Community,Amphibians
58,eremiascincus_pardalis,1,Community,Amphibians
58,lerista_zonulata,1,Community,Amphibians
58,proablepharus_tenuis,1,Community,Amphibians
58,tiliqua_scincoides,1,Community,Amphibians
58,dendrelaphis_punctulatus,1,Community,Amphibians
58,lampropholis_similis,1,Community,Amphibians
58,lampropholis_robertsi,1,Community,Amphibians
58,oedura_monilis,1,Community,Amphibians
58,dermochelys_coriacea,1,Community,Amphibians
58,eretmochelys_imbricata,1,Community,Amphibians
58,lepidochelys_olivacea,1,Community,Amphibians
58,morelia_spilota,1,Community,Amphibians
58,chlamydosaurus_kingii,1,Community,Amphibians
58,indotyphlops_braminus,1,Community,Amphibians
58,pseudoferania_polylepis,1,Community,Amphibians
58,emydocephalus_annulatus,1,Community,Amphibians
58,hydrophis_ornatus,1,Community,Amphibians
58,hydrophis_macdowelli,1,Community,Amphibians
58,aipysurus_eydouxii,1,Community,Amphibians
58,hydrophis_kingii,1,Community,Amphibians
58,demansia_torquata,1,Community,Amphibians
58,simalia_amethistina,1,Community,Amphibians
58,varanus_scalaris,1,Community,Amphibians
58,praeteropus_gowi,1,Community,Amphibians
58,concinnia_sokosoma,1,Community,Amphibians
58,egernia_rugosa,1,Community,Amphibians
58,antaresia_maculosa,1,Community,Amphibians
58,antaresia_maculosa,1,Community,Amphibians
58,diporiphora_nobbi,1,Community,Amphibians
58,lophosaurus_boydii,1,Community,Amphibians
58,lialis_burtonis,1,Community,Amphibians
58,carlia_decora,1,Community,Amphibians
58,carlia_storri,1,Community,Amphibians
58,cryptoblepharus_litoralis,1,Community,Amphibians
58,ctenotus_spaldingi,1,Community,Amphibians
58,glaphyromorphus_cracens,1,Community,Amphibians
58,glaphyromorphus_fuscicaudis,1,Community,Amphibians
58,glaphyromorphus_nigricaudis,1,Community,Amphibians
58,acanthophis_praelongus,1,Community,Amphibians
58,cryptophis_boschmai,1,Community,Amphibians
58,cryptophis_nigrescens,1,Community,Amphibians
58,demansia_psammophis,1,Community,Amphibians
58,demansia_vestigiata,1,Community,Amphibians
58,furina_diadema,1,Community,Amphibians
58,furina_tristis,1,Community,Amphibians
58,pseudonaja_textilis,1,Community,Amphibians
58,lygisaurus_aeratus,1,Community,Amphibians
58,lygisaurus_foliorum,1,Community,Amphibians
58,lygisaurus_laevis,1,Community,Amphibians
58,lygisaurus_malleolus,1,Community,Amphibians
58,lygisaurus_tanneri,1,Community,Amphibians
58,lygisaurus_zuma,1,Community,Amphibians
58,varanus_semiremex,1,Community,Amphibians
58,varanus_storri,1,Community,Amphibians
58,varanus_varius,1,Community,Amphibians
58,amalosia_rhombifer,1,Community,Amphibians
58,diplodactylus_platyurus,1,Community,Amphibians
58,oedura_castelnaui,1,Community,Amphibians
58,oedura_coggeri,1,Community,Amphibians
58,antaioserpens_albiceps,1,Community,Amphibians
58,hemiaspis_signata,1,Community,Amphibians
58,tropidechis_carinatus,1,Community,Amphibians
58,cyrtodactylus_tuberculatus,1,Community,Amphibians
58,delma_tincta,1,Community,Amphibians
58,pygopus_robertsi,1,Community,Amphibians
58,anilios_torresianus,1,Community,Amphibians
58,carlia_rostralis,1,Community,Amphibians
58,carlia_vivax,1,Community,Amphibians
58,coeranoscincus_frontalis,1,Community,Amphibians
58,concinnia_brachysoma,1,Community,Amphibians
58,concinnia_tenuis,1,Community,Amphibians
58,cryptoblepharus_adamsi,1,Community,Amphibians
58,cryptoblepharus_metallicus,1,Community,Amphibians
58,cryptoblepharus_pannosus,1,Community,Amphibians
58,cryptoblepharus_pulcher,1,Community,Amphibians
58,ctenotus_monticola,1,Community,Amphibians
58,ctenotus_strauchii,1,Community,Amphibians
58,ctenotus_tanamiensis,1,Community,Amphibians
58,ctenotus_zebrilla,1,Community,Amphibians
58,egernia_hosmeri,1,Community,Amphibians
58,eremiascincus_isolepis,1,Community,Amphibians
58,eulamprus_quoyii,1,Community,Amphibians
58,lampropholis_delicata,1,Community,Amphibians
58,liburnascincus_mundivensis,1,Community,Amphibians
58,morethia_taeniopleura,1,Community,Amphibians
58,notoscincus_ornatus,1,Community,Amphibians
58,pygmaeascincus_koshlandae,1,Community,Amphibians
58,pygmaeascincus_timlowi,1,Community,Amphibians
58,saproscincus_basiliscus,1,Community,Amphibians
58,saproscincus_lewisi,1,Community,Amphibians
58,saproscincus_tetradactylus,1,Community,Amphibians
58,techmarscincus_jigurru,1,Community,Amphibians
58,dendrelaphis_calligaster,1,Community,Amphibians
58,aipysurus_mosaicus,1,Community,Amphibians
58,aipysurus_laevis,1,Community,Amphibians
58,carlia_crypta,1,Community,Amphibians
58,lampropholis_bellendenkerensis,1,Community,Amphibians
58,lampropholis_coggeri,1,Community,Amphibians
58,carlia_rubrigularis,1,Community,Amphibians
58,varanus_indicus,1,Community,Amphibians
58,balaenoptera_acutorostrata,1,Community,Amphibians
58,balaenoptera_borealis,1,Community,Amphibians
58,balaenoptera_edeni,1,Community,Amphibians
58,balaenoptera_bonaerensis,1,Community,Amphibians
58,bettongia_tropica,1,Community,Amphibians
58,bettongia_tropica,1,Community,Amphibians
58,dactylopsila_trivirgata,1,Community,Amphibians
58,dasyurus_hallucatus,1,Community,Amphibians
58,dendrolagus_lumholtzi,1,Community,Amphibians
58,vespadelus_pumilus,1,Community,Amphibians
58,feresa_attenuata,1,Community,Amphibians
58,globicephala_macrorhynchus,1,Community,Amphibians
58,hemibelideus_lemuroides,1,Community,Amphibians
58,hydromys_chrysogaster,1,Community,Amphibians
58,phoniscus_papuensis,1,Community,Amphibians
58,kogia_breviceps,1,Community,Amphibians
58,lagenodelphis_hosei,1,Community,Amphibians
58,miniopterus_australis,1,Community,Amphibians
58,murina_florium,1,Community,Amphibians
58,scotorepens_orion,1,Community,Amphibians
58,scotorepens_sanborni,1,Community,Amphibians
58,peponocephala_electra,1,Community,Amphibians
58,petaurus_norfolcensis,1,Community,Amphibians
58,pogonomys_macrourus,1,Community,Amphibians
58,pseudochirulus_herbertensis,1,Community,Amphibians
58,pseudomys_gracilicaudatus,1,Community,Amphibians
58,pseudorca_crassidens,1,Community,Amphibians
58,pteropus_alecto,1,Community,Amphibians
58,pteropus_scapulatus,1,Community,Amphibians
58,rattus_fuscipes,1,Community,Amphibians
58,rattus_leucopus,1,Community,Amphibians
58,rattus_lutreolus,1,Community,Amphibians
58,rhinolophus_philippinensis,1,Community,Amphibians
58,saccolaimus_flaviventris,1,Community,Amphibians
58,saccolaimus_saccolaimus,1,Community,Amphibians
58,sminthopsis_leucopus,1,Community,Amphibians
58,steno_bredanensis,1,Community,Amphibians
58,taphozous_troughtoni,1,Community,Amphibians
58,uromys_caudimaculatus,1,Community,Amphibians
58,ziphius_cavirostris,1,Community,Amphibians
58,zyzomys_argurus,1,Community,Amphibians
58,antechinus_flavipes,1,Community,Amphibians
58,planigale_ingrami,1,Community,Amphibians
58,isoodon_macrourus,1,Community,Amphibians
58,notamacropus_agilis,1,Community,Amphibians
58,thylogale_stigmatica,1,Community,Amphibians
58,petauroides_volans,1,Community,Amphibians
58,pseudocheirus_peregrinus,1,Community,Amphibians
58,tachyglossus_aculeatus,1,Community,Amphibians
58,physeter_macrocephalus,1,Community,Amphibians
58,orcaella_heinsohni,1,Community,Amphibians
58,balaenoptera_omurai,1,Community,Amphibians
58,ozimops_ridei,1,Community,Amphibians
58,ozimops_planiceps,1,Community,Amphibians
58,hipposideros_ater,1,Community,Amphibians
58,nyctophilus_gouldi,1,Community,Amphibians
58,antechinus_godmani,1,Community,Amphibians
58,balaenoptera_musculus,1,Community,Amphibians
58,cercartetus_caudatus,1,Community,Amphibians
58,mops_jobensis,1,Community,Amphibians
58,chalinolobus_nigrogriseus,1,Community,Amphibians
58,dasyurus_maculatus,1,Community,Amphibians
58,dendrolagus_bennettianus,1,Community,Amphibians
58,dugong_dugon,1,Community,Amphibians
58,vespadelus_troughtoni,1,Community,Amphibians
58,grampus_griseus,1,Community,Amphibians
58,hipposideros_diadema,1,Community,Amphibians
58,hipposideros_semoni,1,Community,Amphibians
58,kogia_sima,1,Community,Amphibians
58,lagorchestes_conspicillatus,1,Community,Amphibians
58,leggadina_lakedownensis,1,Community,Amphibians
58,macroderma_gigas,1,Community,Amphibians
58,macroglossus_minimus,1,Community,Amphibians
58,megaptera_novaeangliae,1,Community,Amphibians
58,melomys_burtoni,1,Community,Amphibians
58,melomys_cervinipes,1,Community,Amphibians
58,mesembriomys_gouldii,1,Community,Amphibians
58,mesoplodon_densirostris,1,Community,Amphibians
58,mus_musculus,1,Community,Amphibians
58,scoteanax_rueppellii,1,Community,Amphibians
58,nyctimene_robinsoni,1,Community,Amphibians
58,orcinus_orca,1,Community,Amphibians
58,petaurus_gracilis,1,Community,Amphibians
58,petaurus_breviceps,1,Community,Amphibians
58,petrogale_sharmani,1,Community,Amphibians
58,phascogale_tapoatafa,1,Community,Amphibians
58,phascolarctos_cinereus,1,Community,Amphibians
58,pseudochirops_archeri,1,Community,Amphibians
58,pseudochirulus_cinereus,1,Community,Amphibians
58,pseudomys_delicatulus,1,Community,Amphibians
58,pseudomys_patrius,1,Community,Amphibians
58,pteropus_conspicillatus,1,Community,Amphibians
58,rattus_sordidus,1,Community,Amphibians
58,rattus_tunneyi,1,Community,Amphibians
58,rhinolophus_megaphyllus,1,Community,Amphibians
58,sminthopsis_archeri,1,Community,Amphibians
58,stenella_attenuata,1,Community,Amphibians
58,stenella_coeruleoalba,1,Community,Amphibians
58,stenella_longirostris,1,Community,Amphibians
58,syconycteris_australis,1,Community,Amphibians
58,taphozous_australis,1,Community,Amphibians
58,tursiops_truncatus,1,Community,Amphibians
58,uromys_hadrourus,1,Community,Amphibians
58,vulpes_vulpes,1,Community,Amphibians
58,ornithorhynchus_anatinus,1,Community,Amphibians
58,planigale_maculata,1,Community,Amphibians
58,sminthopsis_murina,1,Community,Amphibians
58,sminthopsis_virginiae,1,Community,Amphibians
58,isoodon_obesulus,1,Community,Amphibians
58,perameles_nasuta,1,Community,Amphibians
58,aepyprymnus_rufescens,1,Community,Amphibians
58,hypsiprymnodon_moschatus,1,Community,Amphibians
58,notamacropus_parryi,1,Community,Amphibians
58,osphranter_robustus,1,Community,Amphibians
58,wallabia_bicolor,1,Community,Amphibians
58,acrobates_pygmaeus,1,Community,Amphibians
58,trichosurus_vulpecula,1,Community,Amphibians
58,indopacetus_pacificus,1,Community,Amphibians
58,macropus_giganteus,1,Community,Amphibians
58,petrogale_godmani,1,Community,Amphibians
58,tursiops_aduncus,1,Community,Amphibians
58,petrogale_mareeba,1,Community,Amphibians
58,antechinus_adustus,1,Community,Amphibians
58,myotis_macropus,1,Community,Amphibians
58,ozimops_lumsdenae,1,Community,Amphibians
58,sousa_sahulensis,1,Community,Amphibians
58,nyctophilus_bifax,1,Community,Amphibians
58,uperoleia_lithomoda,1,Community,Amphibians
58,uperoleia_altissima,1,Community,Amphibians
58,crinia_remota,1,Community,Amphibians
58,cophixalus_neglectus,1,Community,Amphibians
58,litoria_infrafrenata,1,Community,Amphibians
58,rhinella_marina,1,Community,Amphibians
58,limnodynastes_terraereginae,1,Community,Amphibians
58,litoria_jungguy,1,Community,Amphibians
58,cophixalus_concinnus,1,Community,Amphibians
58,cophixalus_australis,1,Community,Amphibians
58,taudactylus_rheophilus,1,Community,Amphibians
58,cophixalus_infacetus,1,Community,Amphibians
58,litoria_nasuta,1,Community,Amphibians
58,austrochaperina_pluvialis,1,Community,Amphibians
58,litoria_serrata,1,Community,Amphibians
58,litoria_inermis,1,Community,Amphibians
58,limnodynastes_peronii,1,Community,Amphibians
58,cophixalus_aenigma,1,Community,Amphibians
58,litoria_rubella,1,Community,Amphibians
58,litoria_latopalmata,1,Community,Amphibians
58,litoria_caerulea,1,Community,Amphibians
58,crinia_deserticola,1,Community,Amphibians
58,limnodynastes_tasmaniensis,1,Community,Amphibians
58,cophixalus_exiguus,1,Community,Amphibians
58,litoria_gracilenta,1,Community,Amphibians
58,cyclorana_alboguttata,1,Community,Amphibians
58,cophixalus_monticola,1,Community,Amphibians
58,cophixalus_bombiens,1,Community,Amphibians
58,cophixalus_ornatus,1,Community,Amphibians
58,litoria_xanthomera,1,Community,Amphibians
58,litoria_fallax,1,Community,Amphibians
58,cophixalus_hosmeri,1,Community,Amphibians
58,litoria_pallida,1,Community,Amphibians
58,cyclorana_novaehollandiae,1,Community,Amphibians
58,litoria_nannotis,1,Community,Amphibians
58,litoria_nannotis,1,Community,Amphibians
58,taudactylus_acutirostris,1,Community,Amphibians
58,limnodynastes_convexiusculus,1,Community,Amphibians
58,litoria_rothii,1,Community,Amphibians
58,platyplectrum_ornatum,1,Community,Amphibians
58,mixophyes_schevilli,1,Community,Amphibians
58,austrochaperina_fryi,1,Community,Amphibians
58,litoria_bicolor,1,Community,Amphibians
58,litoria_dayi,1,Community,Amphibians
58,litoria_lorica,1,Community,Amphibians
58,litoria_lorica,1,Community,Amphibians
58,cophixalus_saxatilis,1,Community,Amphibians
58,pseudophryne_covacevichae,1,Community,Amphibians
58,litoria_myola,1,Community,Amphibians
58,litoria_microbelos,1,Community,Amphibians
58,mixophyes_carbinensis,1,Community,Amphibians
58,uperoleia_mimula,1,Community,Amphibians
58,cyclorana_brevipes,1,Community,Amphibians
58,litoria_rheocola,1,Community,Amphibians
58,litoria_nyakalensis,1,Community,Amphibians
58,cyclorana_cryptotis,1,Community,Amphibians
58,austrochaperina_robusta,1,Community,Amphibians
58,papurana_daemeli,1,Community,Amphibians
58,mixophyes_coggeri,1,Community,Amphibians
58,litoria_nigrofrenata,1,Community,Amphibians
58,litoria_wilcoxii,1,Community,Amphibians
59,atel,0,Community,Amphibians
59,crocodylus_acutus,1,Community,Amphibians
59,micrurus_isozonus,1,Community,Amphibians
59,erythrolamprus_williamsi,1,Community,Amphibians
59,micrurus_dissoleucus,1,Community,Amphibians
59,anadia_marmorata,1,Community,Amphibians
59,crotalus_durissus,1,Community,Amphibians
59,boa_constrictor,1,Community,Amphibians
59,imantodes_cenchoa,1,Community,Amphibians
59,leptodeira_annulata,1,Community,Amphibians
59,oxybelis_fulgidus,1,Community,Amphibians
59,oxyrhopus_petolarius,1,Community,Amphibians
59,amphisbaena_fuliginosa,1,Community,Amphibians
59,polychrus_marmoratus,1,Community,Amphibians
59,epicrates_maurus,1,Community,Amphibians
59,dendrophidion_nuchale,1,Community,Amphibians
59,mastigodryas_boddaerti,1,Community,Amphibians
59,mastigodryas_pleei,1,Community,Amphibians
59,tantilla_melanocephala,1,Community,Amphibians
59,siphlophis_cervinus,1,Community,Amphibians
59,trilepida_macrolepis,1,Community,Amphibians
59,oxyrhopus_doliatus,1,Community,Amphibians
59,bachia_heteropa,1,Community,Amphibians
59,gonatodes_vittatus,1,Community,Amphibians
59,pseudogonatodes_lunulatus,1,Community,Amphibians
59,tupinambis_teguixin,1,Community,Amphibians
59,chironius_multiventris,1,Community,Amphibians
59,erythrolamprus_reginae,1,Community,Amphibians
59,orosaura_nebulosylvestris,1,Community,Amphibians
59,anolis_planiceps,1,Community,Amphibians
59,sphaerodactylus_molei,1,Community,Amphibians
59,gonatodes_taniae,1,Community,Amphibians
59,gonatodes_taniae,1,Community,Amphibians
59,atractus_lancinii,1,Community,Amphibians
59,caiman_crocodilus,1,Community,Amphibians
59,drymarchon_corais,1,Community,Amphibians
59,erythrolamprus_melanotus,1,Community,Amphibians
59,drymobius_rhombifer,1,Community,Amphibians
59,oxyrhopus_occipitalis,1,Community,Amphibians
59,siphlophis_compressus,1,Community,Amphibians
59,oreosaurus_luctuosus,1,Community,Amphibians
59,spilotes_pullatus,1,Community,Amphibians
59,clelia_clelia,1,Community,Amphibians
59,gymnophthalmus_speciosus,1,Community,Amphibians
59,leptophis_ahaetulla,1,Community,Amphibians
59,epictia_goudotii,1,Community,Amphibians
59,oxybelis_aeneus,1,Community,Amphibians
59,sibon_nebulatus,1,Community,Amphibians
59,xenodon_rabdocephalus,1,Community,Amphibians
59,alopoglossus_kugleri,1,Community,Amphibians
59,anolis_auratus,1,Community,Amphibians
59,anolis_fuscoauratus,1,Community,Amphibians
59,corallus_ruschenbergerii,1,Community,Amphibians
59,erythrolamprus_aesculapii,1,Community,Amphibians
59,pseudoboa_neuwiedii,1,Community,Amphibians
59,micrurus_mipartitus,1,Community,Amphibians
59,epicrates_cenchria,1,Community,Amphibians
59,xenodon_severus,1,Community,Amphibians
59,pseudogonatodes_manessi,1,Community,Amphibians
59,plica_plica,1,Community,Amphibians
59,eunectes_murinus,1,Community,Amphibians
59,chironius_carinatus,1,Community,Amphibians
59,atractus_univittatus,1,Community,Amphibians
59,atractus_univittatus,1,Community,Amphibians
59,bothrops_venezuelensis,1,Community,Amphibians
59,tropidurus_hispidus,1,Community,Amphibians
59,dipsas_variegata,1,Community,Amphibians
59,phrynonax_polylepis,1,Community,Amphibians
59,gonatodes_falconensis,1,Community,Amphibians
59,gonatodes_falconensis,1,Community,Amphibians
59,anolis_squamulatus,1,Community,Amphibians
59,anolis_tigrinus,1,Community,Amphibians
59,erythrolamprus_zweifeli,1,Community,Amphibians
59,erythrolamprus_zweifeli,1,Community,Amphibians
59,leptophis_coeruleodorsus,1,Community,Amphibians
59,artibeus_amplus,1,Community,Amphibians
59,dermanura_gnoma,1,Community,Amphibians
59,artibeus_lituratus,1,Community,Amphibians
59,bradypus_variegatus,1,Community,Amphibians
59,carollia_brevicauda,1,Community,Amphibians
59,cerdocyon_thous,1,Community,Amphibians
59,chiroderma_villosum,1,Community,Amphibians
59,chironectes_minimus,1,Community,Amphibians
59,choeroniscus_godmani,1,Community,Amphibians
59,chrotopterus_auritus,1,Community,Amphibians
59,dasypus_novemcinctus,1,Community,Amphibians
59,neoeptesicus_andinus,1,Community,Amphibians
59,neoeptesicus_brasiliensis,1,Community,Amphibians
59,neoeptesicus_furinalis,1,Community,Amphibians
59,eumops_auripendulus,1,Community,Amphibians
59,glossophaga_longirostris,1,Community,Amphibians
59,herpailurus_yagouaroundi,1,Community,Amphibians
59,holochilus_sciureus,1,Community,Amphibians
59,ichthyomys_pittieri,1,Community,Amphibians
59,lasiurus_cinereus,1,Community,Amphibians
59,lasiurus_ega,1,Community,Amphibians
59,leopardus_pardalis,1,Community,Amphibians
59,leptonycteris_curasoae,1,Community,Amphibians
59,lonchophylla_thomasi,1,Community,Amphibians
59,lontra_longicaudis,1,Community,Amphibians
59,macrophyllum_macrophyllum,1,Community,Amphibians
59,marmosops_fuscatus,1,Community,Amphibians
59,mesophylla_macconnelli,1,Community,Amphibians
59,lampronycteris_brachyotis,1,Community,Amphibians
59,micronycteris_hirsuta,1,Community,Amphibians
59,micronycteris_megalotis,1,Community,Amphibians
59,micronycteris_minuta,1,Community,Amphibians
59,trinycteris_nicefori,1,Community,Amphibians
59,micronycteris_schmidtorum,1,Community,Amphibians
59,mimon_bennettii,1,Community,Amphibians
59,cynomops_greenhalli,1,Community,Amphibians
59,molossus_pretiosus,1,Community,Amphibians
59,molossus_sinaloae,1,Community,Amphibians
59,myotis_nigricans,1,Community,Amphibians
59,myotis_oxyotus,1,Community,Amphibians
59,myotis_riparius,1,Community,Amphibians
59,myrmecophaga_tridactyla,1,Community,Amphibians
59,natalus_tumidirostris,1,Community,Amphibians
59,noctilio_leporinus,1,Community,Amphibians
59,nyctinomops_macrotis,1,Community,Amphibians
59,oligoryzomys_fulvescens,1,Community,Amphibians
59,phylloderma_stenops,1,Community,Amphibians
59,phyllostomus_discolor,1,Community,Amphibians
59,phyllostomus_hastatus,1,Community,Amphibians
59,proechimys_guairae,1,Community,Amphibians
59,pteronotus_davyi,1,Community,Amphibians
59,pteronotus_gymnonotus,1,Community,Amphibians
59,puma_concolor,1,Community,Amphibians
59,rhipidomys_couesi,1,Community,Amphibians
59,rhynchonycteris_naso,1,Community,Amphibians
59,saccopteryx_bilineata,1,Community,Amphibians
59,saccopteryx_canescens,1,Community,Amphibians
59,saccopteryx_leptura,1,Community,Amphibians
59,sciurus_granatensis,1,Community,Amphibians
59,speothos_venaticus,1,Community,Amphibians
59,sturnira_erythromos,1,Community,Amphibians
59,lophostoma_brasiliense,1,Community,Amphibians
59,vampyrum_spectrum,1,Community,Amphibians
59,zygodontomys_brevicauda,1,Community,Amphibians
59,histiotus_humboldti,1,Community,Amphibians
59,mazama_americana,1,Community,Amphibians
59,didelphis_marsupialis,1,Community,Amphibians
59,marmosa_murina,1,Community,Amphibians
59,marmosa_demerarae,1,Community,Amphibians
59,cormura_brevirostris,1,Community,Amphibians
59,eira_barbara,1,Community,Amphibians
59,neogale_frenata,1,Community,Amphibians
59,pecari_tajacu,1,Community,Amphibians
59,tayassu_pecari,1,Community,Amphibians
59,odocoileus_virginianus,1,Community,Amphibians
59,sigmodon_hirsutus,1,Community,Amphibians
59,alouatta_arctoidea,1,Community,Amphibians
59,oecomys_concolor,1,Community,Amphibians
59,heteromys_anomalus,1,Community,Amphibians
59,dermanura_phaeotis,1,Community,Amphibians
59,cynomops_paranus,1,Community,Amphibians
59,anoura_caudifer,1,Community,Amphibians
59,anoura_geoffroyi,1,Community,Amphibians
59,carollia_castanea,1,Community,Amphibians
59,lasiurus_blossevillii,1,Community,Amphibians
59,vampyrodes_caraccioli,1,Community,Amphibians
59,sturnira_ludovici,1,Community,Amphibians
59,platyrrhinus_dorsalis,1,Community,Amphibians
59,dasyprocta_leporina,1,Community,Amphibians
59,platyrrhinus_umbratus,1,Community,Amphibians
59,coendou_prehensilis,1,Community,Amphibians
59,cuniculus_paca,1,Community,Amphibians
59,necromys_urichi,1,Community,Amphibians
59,ametrida_centurio,1,Community,Amphibians
59,anoura_cultrata,1,Community,Amphibians
59,anoura_latidens,1,Community,Amphibians
59,enchisthenes_hartii,1,Community,Amphibians
59,carollia_perspicillata,1,Community,Amphibians
59,centurio_senex,1,Community,Amphibians
59,chiroderma_salvini,1,Community,Amphibians
59,chiroderma_trinitatum,1,Community,Amphibians
59,desmodus_rotundus,1,Community,Amphibians
59,diaemus_youngii,1,Community,Amphibians
59,diclidurus_albus,1,Community,Amphibians
59,diphylla_ecaudata,1,Community,Amphibians
59,eptesicus_fuscus,1,Community,Amphibians
59,eumops_dabbenei,1,Community,Amphibians
59,eumops_hansae,1,Community,Amphibians
59,furipterus_horrens,1,Community,Amphibians
59,glossophaga_soricina,1,Community,Amphibians
59,gracilinanus_marica,1,Community,Amphibians
59,hydrochoerus_hydrochaeris,1,Community,Amphibians
59,leopardus_wiedii,1,Community,Amphibians
59,lionycteris_spurrelli,1,Community,Amphibians
59,lonchorhina_aurita,1,Community,Amphibians
59,glyphonycteris_sylvestris,1,Community,Amphibians
59,microryzomys_minutus,1,Community,Amphibians
59,gardnerycteris_crenulatum,1,Community,Amphibians
59,cynomops_planirostris,1,Community,Amphibians
59,molossus_rufus,1,Community,Amphibians
59,molossus_molossus,1,Community,Amphibians
59,mormoops_megalophylla,1,Community,Amphibians
59,mus_musculus,1,Community,Amphibians
59,myotis_albescens,1,Community,Amphibians
59,myotis_keaysi,1,Community,Amphibians
59,noctilio_albiventris,1,Community,Amphibians
59,nyctinomops_aurispinosus,1,Community,Amphibians
59,nyctinomops_laticaudatus,1,Community,Amphibians
59,oecomys_bicolor,1,Community,Amphibians
59,oecomys_speciosus,1,Community,Amphibians
59,transandinomys_talamancae,1,Community,Amphibians
59,peropteryx_kappleri,1,Community,Amphibians
59,peropteryx_macrotis,1,Community,Amphibians
59,phyllostomus_elongatus,1,Community,Amphibians
59,platyrrhinus_vittatus,1,Community,Amphibians
59,priodontes_maximus,1,Community,Amphibians
59,pteronotus_personatus,1,Community,Amphibians
59,rhipidomys_venezuelae,1,Community,Amphibians
59,rhogeessa_minutilla,1,Community,Amphibians
59,sphaeronycteris_toxophyllum,1,Community,Amphibians
59,sturnira_tildae,1,Community,Amphibians
59,tadarida_brasiliensis,1,Community,Amphibians
59,tamandua_tetradactyla,1,Community,Amphibians
59,tapirus_terrestris,1,Community,Amphibians
59,thyroptera_discifera,1,Community,Amphibians
59,thyroptera_tricolor,1,Community,Amphibians
59,trachops_cirrhosus,1,Community,Amphibians
59,urocyon_cinereoargenteus,1,Community,Amphibians
59,uroderma_bilobatum,1,Community,Amphibians
59,uroderma_magnirostrum,1,Community,Amphibians
59,marmosa_robinsoni,1,Community,Amphibians
59,sylvilagus_floridanus,1,Community,Amphibians
59,tonatia_saurophila,1,Community,Amphibians
59,conepatus_semistriatus,1,Community,Amphibians
59,galictis_vittata,1,Community,Amphibians
59,potos_flavus,1,Community,Amphibians
59,procyon_cancrivorus,1,Community,Amphibians
59,neacomys_tenuipes,1,Community,Amphibians
59,marmosa_phaea,1,Community,Amphibians
59,centronycteris_centralis,1,Community,Amphibians
59,coendou_pruinosus,1,Community,Amphibians
59,monodelphis_palliolata,1,Community,Amphibians
59,vampyressa_thyone,1,Community,Amphibians
59,mazama_nemorivaga,1,Community,Amphibians
59,heteromys_catopterius,1,Community,Amphibians
59,leopardus_tigrinus,1,Community,Amphibians
59,cebus_brunneus,1,Community,Amphibians
59,dermanura_glauca,1,Community,Amphibians
59,cavia_aperea,1,Community,Amphibians
59,eumops_glaucinus,1,Community,Amphibians
59,molossus_bondae,1,Community,Amphibians
59,promops_centralis,1,Community,Amphibians
59,lichonycteris_degener,1,Community,Amphibians
59,rhogeessa_io,1,Community,Amphibians
59,platyrrhinus_helleri,1,Community,Amphibians
59,platyrrhinus_angustirostris,1,Community,Amphibians
59,pattonomys_carrikeri,1,Community,Amphibians
59,molossus_coibensis,1,Community,Amphibians
59,cabassous_unicinctus,1,Community,Amphibians
59,dendropsophus_minutus,1,Community,Amphibians
59,boana_platanera,1,Community,Amphibians
59,rhinella_marina,1,Community,Amphibians
59,scinax_ruber,1,Community,Amphibians
59,vitreorana_antisthenesi,1,Community,Amphibians
59,scinax_rostratus,1,Community,Amphibians
59,rhinella_sternosignata,1,Community,Amphibians
59,leptodactylus_fuscus,1,Community,Amphibians
59,elachistocleis_ovalis,1,Community,Amphibians
59,rhinella_beebei,1,Community,Amphibians
59,dendropsophus_microcephalus,1,Community,Amphibians
59,leptodactylus_poecilochilus,1,Community,Amphibians
59,eleutherodactylus_johnstonei,1,Community,Amphibians
59,atelopus_cruciger,1,Community,Amphibians
59,pleurodema_brachyops,1,Community,Amphibians
59,hyalinobatrachium_fragile,1,Community,Amphibians
59,lithobates_palmipes,1,Community,Amphibians
59,phyllomedusa_trinitatis,1,Community,Amphibians
59,atelopus_vogli,1,Community,Amphibians
59,leptodactylus_fragilis,1,Community,Amphibians
59,elachistocleis_surinamensis,1,Community,Amphibians
59,engystomops_pustulosus,1,Community,Amphibians
59,caecilia_tentaculata,1,Community,Amphibians
59,leptodactylus_insularum,1,Community,Amphibians
59,flectonotus_pygmaeus,1,Community,Amphibians
59,dendropsophus_luteoocellatus,1,Community,Amphibians
59,dendropsophus_minusculus,1,Community,Amphibians
59,trachycephalus_typhonius,1,Community,Amphibians
59,pipa_parva,1,Community,Amphibians
59,scarthyla_vigilans,1,Community,Amphibians
60,atelopus_chi,0,Community,Amphibians
60,crocodylus_acutus,1,Community,Amphibians
60,ctenosaura_similis,1,Community,Amphibians
60,abronia_monticola,1,Community,Amphibians
60,erythrolamprus_bizona,1,Community,Amphibians
60,urotheca_guentheri,1,Community,Amphibians
60,trimetopon_slevini,1,Community,Amphibians
60,centrosaura_apodema,1,Community,Amphibians
60,lepidophyma_reticulatum,1,Community,Amphibians
60,lepidophyma_reticulatum,1,Community,Amphibians
60,anolis_lionotus,1,Community,Amphibians
60,holcosus_quadrilineatus,1,Community,Amphibians
60,anolis_carpenteri,1,Community,Amphibians
60,senticolis_triaspis,1,Community,Amphibians
60,anolis_biporcatus,1,Community,Amphibians
60,metlapilcoatlus_mexicanus,1,Community,Amphibians
60,imantodes_cenchoa,1,Community,Amphibians
60,lepidophyma_flavimaculatum,1,Community,Amphibians
60,leptodeira_annulata,1,Community,Amphibians
60,micrurus_nigrocinctus,1,Community,Amphibians
60,oxyrhopus_petolarius,1,Community,Amphibians
60,rhadinella_godmani,1,Community,Amphibians
60,stenorrhina_degenhardtii,1,Community,Amphibians
60,tantilla_schistosa,1,Community,Amphibians
60,marisora_unimarginata,1,Community,Amphibians
60,siderolamprus_orobius,1,Community,Amphibians
60,mesoamericus_bilobatus,1,Community,Amphibians
60,diploglossus_monotropis,1,Community,Amphibians
60,diploglossus_monotropis,1,Community,Amphibians
60,anadia_ocellata,1,Community,Amphibians
60,anadia_ocellata,1,Community,Amphibians
60,loxopholis_southi,1,Community,Amphibians
60,alopoglossus_plicatus,1,Community,Amphibians
60,anolis_aquaticus,1,Community,Amphibians
60,anolis_charlesmyersi,1,Community,Amphibians
60,anolis_datzorum,1,Community,Amphibians
60,anolis_fungosus,1,Community,Amphibians
60,anolis_limifrons,1,Community,Amphibians
60,anolis_magnaphallus,1,Community,Amphibians
60,anolis_salvini,1,Community,Amphibians
60,anolis_woodi,1,Community,Amphibians
60,polychrus_gutturosus,1,Community,Amphibians
60,corallus_annulatus,1,Community,Amphibians
60,epicrates_maurus,1,Community,Amphibians
60,chironius_exoletus,1,Community,Amphibians
60,chironius_grandisquamis,1,Community,Amphibians
60,dendrophidion_paucicarinatum,1,Community,Amphibians
60,leptophis_depressirostris,1,Community,Amphibians
60,mastigodryas_alternatus,1,Community,Amphibians
60,oxybelis_brevirostris,1,Community,Amphibians
60,tantilla_alticola,1,Community,Amphibians
60,tantilla_reticulata,1,Community,Amphibians
60,tantilla_ruficeps,1,Community,Amphibians
60,geophis_hoffmanni,1,Community,Amphibians
60,geophis_hoffmanni,1,Community,Amphibians
60,geophis_tectus,1,Community,Amphibians
60,hydromorphus_concolor,1,Community,Amphibians
60,ninia_maculata,1,Community,Amphibians
60,ninia_psephota,1,Community,Amphibians
60,rhadinaea_pulveriventris,1,Community,Amphibians
60,sibon_annulatus,1,Community,Amphibians
60,urotheca_myersi,1,Community,Amphibians
60,micrurus_alleni,1,Community,Amphibians
60,micrurus_multifasciatus,1,Community,Amphibians
60,bothriechis_supraciliaris,1,Community,Amphibians
60,lachesis_melanocephala,1,Community,Amphibians
60,anolis_pachypus,1,Community,Amphibians
60,phrynonax_poecilonotus,1,Community,Amphibians
60,lampropeltis_abnorma,1,Community,Amphibians
60,caiman_crocodilus,1,Community,Amphibians
60,sibon_dimidiatus,1,Community,Amphibians
60,iguana_iguana,1,Community,Amphibians
60,drymobius_rhombifer,1,Community,Amphibians
60,geophis_brachycephalus,1,Community,Amphibians
60,imantodes_inornatus,1,Community,Amphibians
60,lepidoblepharis_xanthostigma,1,Community,Amphibians
60,anolis_altae,1,Community,Amphibians
60,lygophis_lineatus,1,Community,Amphibians
60,spilotes_pullatus,1,Community,Amphibians
60,holcosus_festivus,1,Community,Amphibians
60,holcosus_festivus,1,Community,Amphibians
60,holcosus_undulatus,1,Community,Amphibians
60,anolis_lemurinus,1,Community,Amphibians
60,anolis_laeviventris,1,Community,Amphibians
60,anolis_capito,1,Community,Amphibians
60,bothriechis_schlegelii,1,Community,Amphibians
60,clelia_clelia,1,Community,Amphibians
60,coniophanes_fissidens,1,Community,Amphibians
60,corytophanes_cristatus,1,Community,Amphibians
60,corytophanes_cristatus,1,Community,Amphibians
60,gymnophthalmus_speciosus,1,Community,Amphibians
60,imantodes_gemmistratus,1,Community,Amphibians
60,leptodeira_septentrionalis,1,Community,Amphibians
60,leptophis_ahaetulla,1,Community,Amphibians
60,oxybelis_aeneus,1,Community,Amphibians
60,rhadinaea_decorata,1,Community,Amphibians
60,scincella_cherriei,1,Community,Amphibians
60,xenodon_rabdocephalus,1,Community,Amphibians
60,basiliscus_basiliscus,1,Community,Amphibians
60,basiliscus_basiliscus,1,Community,Amphibians
60,sceloporus_malachiticus,1,Community,Amphibians
60,anolis_auratus,1,Community,Amphibians
60,anolis_insignis,1,Community,Amphibians
60,anolis_kemptoni,1,Community,Amphibians
60,anolis_polylepis,1,Community,Amphibians
60,anolis_tropidolepis,1,Community,Amphibians
60,dendrophidion_clarkii,1,Community,Amphibians
60,leptophis_nebulosus,1,Community,Amphibians
60,erythrolamprus_mimus,1,Community,Amphibians
60,geophis_godmani,1,Community,Amphibians
60,geophis_talamancae,1,Community,Amphibians
60,erythrolamprus_epinephelus,1,Community,Amphibians
60,rhadinaea_calligaster,1,Community,Amphibians
60,trimetopon_pliolepis,1,Community,Amphibians
60,urotheca_decipiens,1,Community,Amphibians
60,urotheca_pachyura,1,Community,Amphibians
60,scaphiodontophis_venustissimus,1,Community,Amphibians
60,bothriechis_lateralis,1,Community,Amphibians
60,bothriechis_nigroviridis,1,Community,Amphibians
60,anolis_benedikti,1,Community,Amphibians
60,boa_imperator,1,Community,Amphibians
60,lampropeltis_micropholis,1,Community,Amphibians
60,dermanura_azteca,1,Community,Amphibians
60,artibeus_lituratus,1,Community,Amphibians
60,bassariscus_sumichrasti,1,Community,Amphibians
60,bradypus_variegatus,1,Community,Amphibians
60,cabassous_centralis,1,Community,Amphibians
60,chiroderma_villosum,1,Community,Amphibians
60,chironectes_minimus,1,Community,Amphibians
60,choeroniscus_godmani,1,Community,Amphibians
60,chrotopterus_auritus,1,Community,Amphibians
60,cryptotis_endersi,1,Community,Amphibians
60,dasypus_novemcinctus,1,Community,Amphibians
60,neoeptesicus_brasiliensis,1,Community,Amphibians
60,neoeptesicus_furinalis,1,Community,Amphibians
60,eumops_auripendulus,1,Community,Amphibians
60,glossophaga_commissarisi,1,Community,Amphibians
60,herpailurus_yagouaroundi,1,Community,Amphibians
60,heteromys_oresterus,1,Community,Amphibians
60,hylonycteris_underwoodi,1,Community,Amphibians
60,lasiurus_cinereus,1,Community,Amphibians
60,lasiurus_ega,1,Community,Amphibians
60,leopardus_pardalis,1,Community,Amphibians
60,lontra_longicaudis,1,Community,Amphibians
60,macrophyllum_macrophyllum,1,Community,Amphibians
60,marmosops_invictus,1,Community,Amphibians
60,mesophylla_macconnelli,1,Community,Amphibians
60,marmosa_alstoni,1,Community,Amphibians
60,lampronycteris_brachyotis,1,Community,Amphibians
60,micronycteris_hirsuta,1,Community,Amphibians
60,micronycteris_minuta,1,Community,Amphibians
60,trinycteris_nicefori,1,Community,Amphibians
60,micronycteris_schmidtorum,1,Community,Amphibians
60,microsciurus_alfari,1,Community,Amphibians
60,microsciurus_mimulus,1,Community,Amphibians
60,molossus_pretiosus,1,Community,Amphibians
60,molossus_sinaloae,1,Community,Amphibians
60,myotis_nigricans,1,Community,Amphibians
60,myotis_oxyotus,1,Community,Amphibians
60,myotis_riparius,1,Community,Amphibians
60,myrmecophaga_tridactyla,1,Community,Amphibians
60,myrmecophaga_tridactyla,1,Community,Amphibians
60,noctilio_leporinus,1,Community,Amphibians
60,oligoryzomys_fulvescens,1,Community,Amphibians
60,oligoryzomys_vegetus,1,Community,Amphibians
60,orthogeomys_cavator,1,Community,Amphibians
60,transandinomys_bolivaris,1,Community,Amphibians
60,oryzomys_couesi,1,Community,Amphibians
60,panthera_onca,1,Community,Amphibians
60,panthera_onca,1,Community,Amphibians
60,phylloderma_stenops,1,Community,Amphibians
60,phyllostomus_discolor,1,Community,Amphibians
60,phyllostomus_hastatus,1,Community,Amphibians
60,proechimys_semispinosus,1,Community,Amphibians
60,pteronotus_gymnonotus,1,Community,Amphibians
60,puma_concolor,1,Community,Amphibians
60,puma_concolor,1,Community,Amphibians
60,saccopteryx_bilineata,1,Community,Amphibians
60,saccopteryx_leptura,1,Community,Amphibians
60,sciurus_granatensis,1,Community,Amphibians
60,scotinomys_teguina,1,Community,Amphibians
60,tanyuromys_aphrastus,1,Community,Amphibians
60,speothos_venaticus,1,Community,Amphibians
60,coendou_mexicanus,1,Community,Amphibians
60,sylvilagus_dicei,1,Community,Amphibians
60,syntheosciurus_brochus,1,Community,Amphibians
60,tapirus_bairdii,1,Community,Amphibians
60,tapirus_bairdii,1,Community,Amphibians
60,lophostoma_brasiliense,1,Community,Amphibians
60,vampyriscus_nymphaea,1,Community,Amphibians
60,vampyrum_spectrum,1,Community,Amphibians
60,zygodontomys_brevicauda,1,Community,Amphibians
60,didelphis_marsupialis,1,Community,Amphibians
60,metachirus_nudicaudatus,1,Community,Amphibians
60,philander_opossum,1,Community,Amphibians
60,cryptotis_nigrescens,1,Community,Amphibians
60,eira_barbara,1,Community,Amphibians
60,neogale_frenata,1,Community,Amphibians
60,nasua_narica,1,Community,Amphibians
60,procyon_lotor,1,Community,Amphibians
60,pecari_tajacu,1,Community,Amphibians
60,tayassu_pecari,1,Community,Amphibians
60,odocoileus_virginianus,1,Community,Amphibians
60,micronycteris_microtis,1,Community,Amphibians
60,sigmodon_hirsutus,1,Community,Amphibians
60,neoeptesicus_chiriquinus,1,Community,Amphibians
60,mimon_cozumelae,1,Community,Amphibians
60,cynomops_mexicanus,1,Community,Amphibians
60,coendou_quichua,1,Community,Amphibians
60,lonchophylla_concava,1,Community,Amphibians
60,bassaricyon_gabbii,1,Community,Amphibians
60,cebus_imitator,1,Community,Amphibians
60,dermanura_phaeotis,1,Community,Amphibians
60,eumops_ferox,1,Community,Amphibians
60,pteronotus_rubiginosus,1,Community,Amphibians
60,anoura_geoffroyi,1,Community,Amphibians
60,carollia_castanea,1,Community,Amphibians
60,lichonycteris_obscura,1,Community,Amphibians
60,lasiurus_blossevillii,1,Community,Amphibians
60,vampyrodes_major,1,Community,Amphibians
60,dasyprocta_punctata,1,Community,Amphibians
60,cuniculus_paca,1,Community,Amphibians
60,anoura_cultrata,1,Community,Amphibians
60,enchisthenes_hartii,1,Community,Amphibians
60,dermanura_tolteca,1,Community,Amphibians
60,ateles_geoffroyi,1,Community,Amphibians
60,caluromys_derbianus,1,Community,Amphibians
60,canis_latrans,1,Community,Amphibians
60,carollia_perspicillata,1,Community,Amphibians
60,centurio_senex,1,Community,Amphibians
60,chiroderma_salvini,1,Community,Amphibians
60,choloepus_hoffmanni,1,Community,Amphibians
60,cryptotis_gracilis,1,Community,Amphibians
60,desmodus_rotundus,1,Community,Amphibians
60,diaemus_youngii,1,Community,Amphibians
60,diclidurus_albus,1,Community,Amphibians
60,diphylla_ecaudata,1,Community,Amphibians
60,eptesicus_fuscus,1,Community,Amphibians
60,eumops_hansae,1,Community,Amphibians
60,furipterus_horrens,1,Community,Amphibians
60,glossophaga_soricina,1,Community,Amphibians
60,hoplomys_gymnurus,1,Community,Amphibians
60,leopardus_wiedii,1,Community,Amphibians
60,lonchophylla_robusta,1,Community,Amphibians
60,lonchorhina_aurita,1,Community,Amphibians
60,melanomys_caliginosus,1,Community,Amphibians
60,glyphonycteris_sylvestris,1,Community,Amphibians
60,gardnerycteris_crenulatum,1,Community,Amphibians
60,molossus_rufus,1,Community,Amphibians
60,molossus_molossus,1,Community,Amphibians
60,mus_musculus,1,Community,Amphibians
60,myotis_albescens,1,Community,Amphibians
60,myotis_keaysi,1,Community,Amphibians
60,noctilio_albiventris,1,Community,Amphibians
60,nyctomys_sumichrasti,1,Community,Amphibians
60,oecomys_trinitatis,1,Community,Amphibians
60,casiomys_alfaroi,1,Community,Amphibians
60,nephelomys_devius,1,Community,Amphibians
60,peromyscus_mexicanus,1,Community,Amphibians
60,peropteryx_kappleri,1,Community,Amphibians
60,peropteryx_macrotis,1,Community,Amphibians
60,platyrrhinus_vittatus,1,Community,Amphibians
60,pteronotus_personatus,1,Community,Amphibians
60,reithrodontomys_creper,1,Community,Amphibians
60,reithrodontomys_mexicanus,1,Community,Amphibians
60,reithrodontomys_sumichrasti,1,Community,Amphibians
60,rheomys_raptor,1,Community,Amphibians
60,rheomys_underwoodi,1,Community,Amphibians
60,sciurus_variegatoides,1,Community,Amphibians
60,scotinomys_xerampelinus,1,Community,Amphibians
60,sturnira_luisi,1,Community,Amphibians
60,sturnira_mordax,1,Community,Amphibians
60,tadarida_brasiliensis,1,Community,Amphibians
60,tamandua_mexicana,1,Community,Amphibians
60,thyroptera_discifera,1,Community,Amphibians
60,thyroptera_tricolor,1,Community,Amphibians
60,trachops_cirrhosus,1,Community,Amphibians
60,tylomys_watsoni,1,Community,Amphibians
60,urocyon_cinereoargenteus,1,Community,Amphibians
60,alouatta_palliata,1,Community,Amphibians
60,marmosa_mexicana,1,Community,Amphibians
60,marmosa_robinsoni,1,Community,Amphibians
60,conepatus_semistriatus,1,Community,Amphibians
60,galictis_vittata,1,Community,Amphibians
60,potos_flavus,1,Community,Amphibians
60,procyon_cancrivorus,1,Community,Amphibians
60,carollia_sowelli,1,Community,Amphibians
60,mazama_temama,1,Community,Amphibians
60,centronycteris_centralis,1,Community,Amphibians
60,vampyressa_thyone,1,Community,Amphibians
60,cryptotis_orophila,1,Community,Amphibians
60,reithrodontomys_musseri,1,Community,Amphibians
60,heteromys_desmarestianus,1,Community,Amphibians
60,leopardus_tigrinus,1,Community,Amphibians
60,sylvilagus_gabbi,1,Community,Amphibians
60,pteronotus_mesoamericanus,1,Community,Amphibians
60,molossus_bondae,1,Community,Amphibians
60,artibeus_jamaicensis,1,Community,Amphibians
60,rhogeessa_io,1,Community,Amphibians
60,platyrrhinus_helleri,1,Community,Amphibians
60,dermanura_watsoni,1,Community,Amphibians
60,molossus_coibensis,1,Community,Amphibians
60,natalus_mexicanus,1,Community,Amphibians
60,cyclopes_dorsalis,1,Community,Amphibians
60,isthmohyla_pictipes,1,Community,Amphibians
60,isthmohyla_pictipes,1,Community,Amphibians
60,hyalinobatrachium_fleischmanni,1,Community,Amphibians
60,lithobates_pipiens,1,Community,Amphibians
60,leptodactylus_melanonotus,1,Community,Amphibians
60,oedipina_grandis,1,Community,Amphibians
60,smilisca_baudinii,1,Community,Amphibians
60,isthmohyla_tica,1,Community,Amphibians
60,isthmohyla_tica,1,Community,Amphibians
60,isthmohyla_tica,1,Community,Amphibians
60,bolitoglossa_cerroensis,1,Community,Amphibians
60,agalychnis_callidryas,1,Community,Amphibians
60,isthmohyla_picadoi,1,Community,Amphibians
60,bolitoglossa_sombra,1,Community,Amphibians
60,pristimantis_ridens,1,Community,Amphibians
60,bolitoglossa_pesrubra,1,Community,Amphibians
60,ecnomiohyla_miliaria,1,Community,Amphibians
60,teratohyla_pulverata,1,Community,Amphibians
60,oedipina_savagei,1,Community,Amphibians
60,bolitoglossa_lignicolor,1,Community,Amphibians
60,lithobates_warszewitschii,1,Community,Amphibians
60,leptodactylus_poecilochilus,1,Community,Amphibians
60,lithobates_vibicarius,1,Community,Amphibians
60,lithobates_vibicarius,1,Community,Amphibians
60,lithobates_vibicarius,1,Community,Amphibians
60,rhaebo_haematiticus,1,Community,Amphibians
60,diasporus_diastema,1,Community,Amphibians
60,bolitoglossa_aureogularis,1,Community,Amphibians
60,craugastor_noblei,1,Community,Amphibians
60,dermophis_gracilior,1,Community,Amphibians
60,trachycephalus_vermiculatus,1,Community,Amphibians
60,dermophis_glandulosus,1,Community,Amphibians
60,bolitoglossa_sooyorum,1,Community,Amphibians
60,bolitoglossa_bramei,1,Community,Amphibians
60,bolitoglossa_gomezi,1,Community,Amphibians
60,bolitoglossa_gomezi,1,Community,Amphibians
60,craugastor_monnichorum,1,Community,Amphibians
60,craugastor_podiciferus,1,Community,Amphibians
60,craugastor_podiciferus,1,Community,Amphibians
60,craugastor_underwoodi,1,Community,Amphibians
60,incilius_coniferus,1,Community,Amphibians
60,craugastor_aenigmaticus,1,Community,Amphibians
60,rhinella_horribilis,1,Community,Amphibians
60,sachatamia_albomaculata,1,Community,Amphibians
60,diasporus_hylaeformis,1,Community,Amphibians
60,craugastor_ranoides,1,Community,Amphibians
60,craugastor_ranoides,1,Community,Amphibians
60,craugastor_obesus,1,Community,Amphibians
60,leptodactylus_fragilis,1,Community,Amphibians
60,ecnomiohyla_fimbrimembra,1,Community,Amphibians
60,duellmanohyla_rufioculis,1,Community,Amphibians
60,pristimantis_cruentus,1,Community,Amphibians
60,engystomops_pustulosus,1,Community,Amphibians
60,bolitoglossa_robusta,1,Community,Amphibians
60,hyalinobatrachium_colymbiphyllum,1,Community,Amphibians
60,craugastor_catalinae,1,Community,Amphibians
60,isthmohyla_zeteki,1,Community,Amphibians
60,craugastor_rhyacobatrachus,1,Community,Amphibians
60,isthmohyla_rivularis,1,Community,Amphibians
60,craugastor_emcelae,1,Community,Amphibians
60,smilisca_sila,1,Community,Amphibians
60,craugastor_phasma,1,Community,Amphibians
60,craugastor_gulosus,1,Community,Amphibians
60,leptodactylus_insularum,1,Community,Amphibians
60,oedipina_uniformis,1,Community,Amphibians
60,duellmanohyla_uranochroa,1,Community,Amphibians
60,bolitoglossa_kamuk,1,Community,Amphibians
60,dendropsophus_ebraccatus,1,Community,Amphibians
60,triprion_spinosus,1,Community,Amphibians
60,scinax_elaeochroa,1,Community,Amphibians
60,incilius_fastidiosus,1,Community,Amphibians
60,incilius_fastidiosus,1,Community,Amphibians
60,bolitoglossa_minutula,1,Community,Amphibians
60,bolitoglossa_magnifica,1,Community,Amphibians
60,diasporus_vocator,1,Community,Amphibians
60,bolitoglossa_splendida,1,Community,Amphibians
60,craugastor_crassidigitus,1,Community,Amphibians
60,gymnopis_multiplicata,1,Community,Amphibians
60,silverstoneia_nubicola,1,Community,Amphibians
60,pristimantis_museosus,1,Community,Amphibians
60,isthmohyla_pseudopuma,1,Community,Amphibians
60,craugastor_rayo,1,Community,Amphibians
60,diasporus_ventrimaculatus,1,Community,Amphibians
60,sachatamia_ilex,1,Community,Amphibians
60,isthmohyla_debilis,1,Community,Amphibians
60,atelopus_chiriquiensis,1,Community,Amphibians
60,pristimantis_caryophyllaceus,1,Community,Amphibians
60,espadarana_prosoblepon,1,Community,Amphibians
60,pristimantis_pardalis,1,Community,Amphibians
60,atelopus_varius,1,Community,Amphibians
60,atelopus_varius,1,Community,Amphibians
60,atelopus_varius,1,Community,Amphibians
60,duellmanohyla_legleri,1,Community,Amphibians
60,craugastor_blairi,1,Community,Amphibians
60,smilisca_phaeota,1,Community,Amphibians
60,isthmohyla_calypsa,1,Community,Amphibians
60,bolitoglossa_nigrescens,1,Community,Amphibians
60,craugastor_gabbi,1,Community,Amphibians
60,craugastor_rugosus,1,Community,Amphibians
60,bolitoglossa_marmorea,1,Community,Amphibians
60,bolitoglossa_marmorea,1,Community,Amphibians
60,leptodactylus_savagei,1,Community,Amphibians
60,incilius_epioticus,1,Community,Amphibians
60,hyalinobatrachium_tatayoi,1,Community,Amphibians
60,craugastor_melanostictus,1,Community,Amphibians
60,craugastor_zunigai,1,Community,Amphibians
60,pristimantis_cerasinus,1,Community,Amphibians
60,bolitoglossa_compacta,1,Community,Amphibians
60,craugastor_fitzingeri,1,Community,Amphibians
60,craugastor_stejnegerianus,1,Community,Amphibians
60,bolitoglossa_anthracina,1,Community,Amphibians
60,cochranella_granulosa,1,Community,Amphibians
61,sus_b,0,Community,Mammals
61,crocodylus_siamensis,1,Community,Mammals
61,cuora_amboinensis,1,Community,Mammals
61,heosemys_annandalii,1,Community,Mammals
61,indotestudo_elongata,1,Community,Mammals
61,manouria_impressa,1,Community,Mammals
61,platysternon_megacephalum,1,Community,Mammals
61,siebenrockiella_crassicollis,1,Community,Mammals
61,cuora_mouhotii,1,Community,Mammals
61,calotes_versicolor,1,Community,Mammals
61,bronchocela_smaragdina,1,Community,Mammals
61,draco_maculatus,1,Community,Mammals
61,lepidodactylus_lugubris,1,Community,Mammals
61,chrysopelea_ornata,1,Community,Mammals
61,eutropis_macularia,1,Community,Mammals
61,sphenomorphus_indicus,1,Community,Mammals
61,hemidactylus_brookii,1,Community,Mammals
61,naja_kaouthia,1,Community,Mammals
61,naja_siamensis,1,Community,Mammals
61,varanus_salvator,1,Community,Mammals
61,argyrophis_siamensis,1,Community,Mammals
61,protobothrops_mucrosquamatus,1,Community,Mammals
61,trimeresurus_albolabris,1,Community,Mammals
61,psammodynastes_pulverulentus,1,Community,Mammals
61,rhabdophis_chrysargos,1,Community,Mammals
61,oreocryptophis_porphyraceus,1,Community,Mammals
61,hebius_leucomystax,1,Community,Mammals
61,pseudoxenodon_macrops,1,Community,Mammals
61,sinomicrurus_macclellandi,1,Community,Mammals
61,oligodon_barroni,1,Community,Mammals
61,dendrelaphis_subocularis,1,Community,Mammals
61,lycodon_septentrionalis,1,Community,Mammals
61,boiga_cyanea,1,Community,Mammals
61,argyrophis_muelleri,1,Community,Mammals
61,pareas_margaritophorus,1,Community,Mammals
61,boiga_multomaculata,1,Community,Mammals
61,xenochrophis_trianguligerus,1,Community,Mammals
61,oligodon_fasciolatus,1,Community,Mammals
61,trimeresurus_vogeli,1,Community,Mammals
61,lycodon_capucinus,1,Community,Mammals
61,oligodon_ocellatus,1,Community,Mammals
61,bungarus_flaviceps,1,Community,Mammals
61,trimeresurus_gumprechti,1,Community,Mammals
61,fowlea_flavipunctata,1,Community,Mammals
61,trimerodytes_percarinatus,1,Community,Mammals
61,lycodon_fasciatus,1,Community,Mammals
61,calamaria_pavimentata,1,Community,Mammals
61,pareas_carinatus,1,Community,Mammals
61,python_bivittatus,1,Community,Mammals
61,hemidactylus_platyurus,1,Community,Mammals
61,lygosoma_angeli,1,Community,Mammals
61,hemidactylus_frenatus,1,Community,Mammals
61,calotes_emma,1,Community,Mammals
61,leiolepis_belliana,1,Community,Mammals
61,dopasia_gracilis,1,Community,Mammals
61,takydromus_madaensis,1,Community,Mammals
61,sphenomorphus_maculatus,1,Community,Mammals
61,scincella_melanosticta,1,Community,Mammals
61,acanthosaura_capra,1,Community,Mammals
61,calotes_bachae,1,Community,Mammals
61,calotes_mystaceus,1,Community,Mammals
61,cyrtodactylus_cattienensis,1,Community,Mammals
61,cyrtodactylus_interdigitalis,1,Community,Mammals
61,malayemys_subtrijuga,1,Community,Mammals
61,lycodon_subcinctus,1,Community,Mammals
61,heosemys_grandis,1,Community,Mammals
61,varanus_bengalensis,1,Community,Mammals
61,ptyas_mucosa,1,Community,Mammals
61,acanthosaura_lepidogaster,1,Community,Mammals
61,amphiesma_stolatum,1,Community,Mammals
61,gehyra_mutilata,1,Community,Mammals
61,dendrelaphis_pictus,1,Community,Mammals
61,indotyphlops_braminus,1,Community,Mammals
61,hemidactylus_garnotii,1,Community,Mammals
61,ahaetulla_prasina,1,Community,Mammals
61,homalopsis_buccata,1,Community,Mammals
61,oligodon_cinereus,1,Community,Mammals
61,ptyas_carinata,1,Community,Mammals
61,trimerodytes_aequifasciatus,1,Community,Mammals
61,ophiophagus_hannah,1,Community,Mammals
61,sibynophis_collaris,1,Community,Mammals
61,gekko_lionotum,1,Community,Mammals
61,takydromus_sexlineatus,1,Community,Mammals
61,xenopeltis_unicolor,1,Community,Mammals
61,argyrophis_diardii,1,Community,Mammals
61,protobothrops_sieversorum,1,Community,Mammals
61,malayopython_reticulatus,1,Community,Mammals
61,lycodon_davisonii,1,Community,Mammals
61,gonyosoma_oxycephalum,1,Community,Mammals
61,coelognathus_radiatus,1,Community,Mammals
61,oligodon_taeniatus,1,Community,Mammals
61,boiga_jaspidea,1,Community,Mammals
61,rhabdophis_nigrocinctus,1,Community,Mammals
61,dendrelaphis_ngansonensis,1,Community,Mammals
61,ptyas_major,1,Community,Mammals
61,cylindrophis_ruffus,1,Community,Mammals
61,gonyosoma_prasinum,1,Community,Mammals
61,hebius_khasiensis,1,Community,Mammals
61,rhabdophis_subminiatus,1,Community,Mammals
61,ptyas_korros,1,Community,Mammals
61,trimeresurus_stejnegeri,1,Community,Mammals
61,euprepiophis_mandarinus,1,Community,Mammals
61,oligodon_saintgironsi,1,Community,Mammals
61,calloselasma_rhodostoma,1,Community,Mammals
61,pareas_hamptoni,1,Community,Mammals
61,boiga_guangxiensis,1,Community,Mammals
61,lycodon_laoensis,1,Community,Mammals
61,elaphe_taeniura,1,Community,Mammals
61,ptyas_multicinctus,1,Community,Mammals
61,calliophis_maculiceps,1,Community,Mammals
61,bungarus_candidus,1,Community,Mammals
61,trimeresurus_rubeus,1,Community,Mammals
61,eutropis_multifasciata,1,Community,Mammals
61,subdoluseps_bowringii,1,Community,Mammals
61,gekko_gecko,1,Community,Mammals
61,lipinia_vittigera,1,Community,Mammals
61,cuora_galbinifrons,1,Community,Mammals
61,acanthosaura_coronata,1,Community,Mammals
61,eutropis_longicaudata,1,Community,Mammals
61,scincella_reevesii,1,Community,Mammals
61,physignathus_cocincinus,1,Community,Mammals
61,dixonius_minhlei,1,Community,Mammals
61,gekko_palmatus,1,Community,Mammals
61,gekko_reevesii,1,Community,Mammals
61,plestiodon_quadrilineatus,1,Community,Mammals
61,pelochelys_cantorii,1,Community,Mammals
61,lygosoma_siamense,1,Community,Mammals
61,bandicota_indica,1,Community,Mammals
61,bos_javanicus,1,Community,Mammals
61,callosciurus_erythraeus,1,Community,Mammals
61,catopuma_temminckii,1,Community,Mammals
61,catopuma_temminckii,1,Community,Mammals
61,catopuma_temminckii,1,Community,Mammals
61,coelops_frithii,1,Community,Mammals
61,cynopterus_sphinx,1,Community,Mammals
61,dremomys_rufigenis,1,Community,Mammals
61,eonycteris_spelaea,1,Community,Mammals
61,felis_chaus,1,Community,Mammals
61,hesperoptenus_blanfordi,1,Community,Mammals
61,hesperoptenus_tickelli,1,Community,Mammals
61,hipposideros_armiger,1,Community,Mammals
61,hipposideros_galeritus,1,Community,Mammals
61,ia_io,1,Community,Mammals
61,kerivoula_picta,1,Community,Mammals
61,leopoldamys_edwardsi,1,Community,Mammals
61,leopoldamys_sabanus,1,Community,Mammals
61,lutra_lutra,1,Community,Mammals
61,lutrogale_perspicillata,1,Community,Mammals
61,macaca_arctoides,1,Community,Mammals
61,macaca_fascicularis,1,Community,Mammals
61,macroglossus_sobrinus,1,Community,Mammals
61,manis_javanica,1,Community,Mammals
61,manis_pentadactyla,1,Community,Mammals
61,maxomys_surifer,1,Community,Mammals
61,lyroderma_lyra,1,Community,Mammals
61,menetes_berdmorei,1,Community,Mammals
61,muntiacus_rooseveltorum,1,Community,Mammals
61,murina_aurata,1,Community,Mammals
61,mus_caroli,1,Community,Mammals
61,mus_pahari,1,Community,Mammals
61,mustela_strigidorsa,1,Community,Mammals
61,myotis_chinensis,1,Community,Mammals
61,myotis_horsfieldii,1,Community,Mammals
61,myotis_pilosus,1,Community,Mammals
61,myotis_rosseti,1,Community,Mammals
61,myotis_siligorensis,1,Community,Mammals
61,niviventer_fulvescens,1,Community,Mammals
61,niviventer_langbianis,1,Community,Mammals
61,niviventer_tenaster,1,Community,Mammals
61,panthera_pardus,1,Community,Mammals
61,panthera_tigris,1,Community,Mammals
61,pardofelis_marmorata,1,Community,Mammals
61,petaurista_philippensis,1,Community,Mammals
61,hypsugo_cadornae,1,Community,Mammals
61,pipistrellus_coromandra,1,Community,Mammals
61,pteropus_vampyrus,1,Community,Mammals
61,rattus_argentiventer,1,Community,Mammals
61,rattus_rattus,1,Community,Mammals
61,rhinolophus_affinis,1,Community,Mammals
61,rhinolophus_luctus,1,Community,Mammals
61,rhinolophus_malayanus,1,Community,Mammals
61,rhinolophus_paradoxolophus,1,Community,Mammals
61,rhinolophus_pearsonii,1,Community,Mammals
61,rhinolophus_shameli,1,Community,Mammals
61,rhinolophus_thomasi,1,Community,Mammals
61,rousettus_leschenaultii,1,Community,Mammals
61,scotophilus_kuhlii,1,Community,Mammals
61,ursus_thibetanus,1,Community,Mammals
61,ursus_thibetanus,1,Community,Mammals
61,nycticebus_bengalensis,1,Community,Mammals
61,macaca_leonina,1,Community,Mammals
61,pygathrix_nemaeus,1,Community,Mammals
61,nomascus_siki,1,Community,Mammals
61,tadarida_latouchei,1,Community,Mammals
61,chimarrogale_himalayica,1,Community,Mammals
61,crocidura_fuliginosa,1,Community,Mammals
61,lepus_peguensis,1,Community,Mammals
61,dendrogale_murina,1,Community,Mammals
61,melogale_moschata,1,Community,Mammals
61,martes_flavigula,1,Community,Mammals
61,mustela_kathiah,1,Community,Mammals
61,paradoxurus_hermaphroditus,1,Community,Mammals
61,viverra_zibetha,1,Community,Mammals
61,viverricula_indica,1,Community,Mammals
61,rusa_unicolor,1,Community,Mammals
61,aonyx_cinereus,1,Community,Mammals
61,muntiacus_vuquangensis,1,Community,Mammals
61,kerivoula_kachinensis,1,Community,Mammals
61,tragulus_kanchil,1,Community,Mammals
61,crocidura_vorax,1,Community,Mammals
61,hipposideros_rotalis,1,Community,Mammals
61,muntiacus_vaginalis,1,Community,Mammals
61,crocidura_indochinensis,1,Community,Mammals
61,kerivoula_titania,1,Community,Mammals
61,trachypithecus_crepusculus,1,Community,Mammals
61,crocidura_attenuata,1,Community,Mammals
61,arctonyx_collaris,1,Community,Mammals
61,arctonyx_collaris,1,Community,Mammals
61,murina_annamitica,1,Community,Mammals
61,murina_fionae,1,Community,Mammals
61,murina_feae,1,Community,Mammals
61,hypsugo_dolichodon,1,Community,Mammals
61,myotis_indochinensis,1,Community,Mammals
61,myotis_muricola,1,Community,Mammals
61,rhinolophus_pusillus,1,Community,Mammals
61,suncus_etruscus,1,Community,Mammals
61,canis_aureus,1,Community,Mammals
61,kerivoula_hardwickii,1,Community,Mammals
61,capricornis_sumatraensis,1,Community,Mammals
61,hipposideros_gentilis,1,Community,Mammals
61,aselliscus_stoliczkanus,1,Community,Mammals
61,xanthonycticebus_pygmaeus,1,Community,Mammals
61,berylmys_bowersii,1,Community,Mammals
61,atherurus_macrourus,1,Community,Mammals
61,bandicota_savilei,1,Community,Mammals
61,berylmys_berdmorei,1,Community,Mammals
61,bos_gaurus,1,Community,Mammals
61,callosciurus_inornatus,1,Community,Mammals
61,chiromyscus_chiropus,1,Community,Mammals
61,cuon_alpinus,1,Community,Mammals
61,cynopterus_brachyotis,1,Community,Mammals
61,hapalomys_delacouri,1,Community,Mammals
61,helarctos_malayanus,1,Community,Mammals
61,helarctos_malayanus,1,Community,Mammals
61,helarctos_malayanus,1,Community,Mammals
61,hipposideros_cineraceus,1,Community,Mammals
61,hipposideros_diadema,1,Community,Mammals
61,hylopetes_alboniger,1,Community,Mammals
61,hylopetes_phayrei,1,Community,Mammals
61,hylopetes_spadiceus,1,Community,Mammals
61,hystrix_brachyura,1,Community,Mammals
61,phoniscus_jagorii,1,Community,Mammals
61,leopoldamys_neilli,1,Community,Mammals
61,macaca_assamensis,1,Community,Mammals
61,macaca_mulatta,1,Community,Mammals
61,megaderma_spasma,1,Community,Mammals
61,megaerops_niphanae,1,Community,Mammals
61,miniopterus_magnater,1,Community,Mammals
61,miniopterus_pusillus,1,Community,Mammals
61,mus_cookii,1,Community,Mammals
61,mus_musculus,1,Community,Mammals
61,mus_musculus,1,Community,Mammals
61,myotis_annectans,1,Community,Mammals
61,neofelis_nebulosa,1,Community,Mammals
61,neofelis_nebulosa,1,Community,Mammals
61,neofelis_nebulosa,1,Community,Mammals
61,petaurista_elegans,1,Community,Mammals
61,pipistrellus_javanicus,1,Community,Mammals
61,pipistrellus_paterculus,1,Community,Mammals
61,hypsugo_pulveratus,1,Community,Mammals
61,rattus_exulans,1,Community,Mammals
61,rattus_nitidus,1,Community,Mammals
61,rattus_andamanensis,1,Community,Mammals
61,rattus_tanezumi,1,Community,Mammals
61,ratufa_bicolor,1,Community,Mammals
61,rhinolophus_acuminatus,1,Community,Mammals
61,rhinolophus_macrotis,1,Community,Mammals
61,rhinolophus_marshalli,1,Community,Mammals
61,rhizomys_pruinosus,1,Community,Mammals
61,rhizomys_sumatrensis,1,Community,Mammals
61,rousettus_amplexicaudatus,1,Community,Mammals
61,scotomanes_ornatus,1,Community,Mammals
61,scotophilus_heathii,1,Community,Mammals
61,sus_bucculentus,1,Community,Mammals
61,tamiops_maritimus,1,Community,Mammals
61,tamiops_rodolphii,1,Community,Mammals
61,taphozous_melanopogon,1,Community,Mammals
61,taphozous_theobaldi,1,Community,Mammals
61,tylonycteris_pachypus,1,Community,Mammals
61,tylonycteris_robustula,1,Community,Mammals
61,vandeleuria_oleracea,1,Community,Mammals
61,pygathrix_nigripes,1,Community,Mammals
61,hylomys_suillus,1,Community,Mammals
61,suncus_murinus,1,Community,Mammals
61,euroscaptor_klossi,1,Community,Mammals
61,tupaia_belangeri,1,Community,Mammals
61,urva_urva,1,Community,Mammals
61,melogale_personata,1,Community,Mammals
61,arctictis_binturong,1,Community,Mammals
61,arctictis_binturong,1,Community,Mammals
61,arctogalidia_trivirgata,1,Community,Mammals
61,paguma_larvata,1,Community,Mammals
61,prionodon_pardicolor,1,Community,Mammals
61,viverra_megaspila,1,Community,Mammals
61,viverra_megaspila,1,Community,Mammals
61,sus_scrofa,1,Community,Mammals
61,muntiacus_truongsonensis,1,Community,Mammals
61,hipposideros_scutinares,1,Community,Mammals
61,rhinolophus_siamensis,1,Community,Mammals
61,crocidura_phanluongi,1,Community,Mammals
61,urva_javanica,1,Community,Mammals
61,hipposideros_griffini,1,Community,Mammals
61,glischropus_bucephalus,1,Community,Mammals
61,rhinolophus_microglobosus,1,Community,Mammals
61,hipposideros_larvatus,1,Community,Mammals
61,harpiocephalus_harpia,1,Community,Mammals
61,nomascus_gabriellae,1,Community,Mammals
61,kerivoula_depressa,1,Community,Mammals
61,kerivoula_dongduongana,1,Community,Mammals
61,murina_cyclotis,1,Community,Mammals
61,prionailurus_bengalensis,1,Community,Mammals
61,limnonectes_gyldenstolpei,1,Community,Mammals
61,chirixalus_nongkhorensis,1,Community,Mammals
61,theloderma_gordoni,1,Community,Mammals
61,microhyla_pulchra,1,Community,Mammals
61,odorrana_tiannanensis,1,Community,Mammals
61,rhacophorus_rhodopus,1,Community,Mammals
61,kaloula_mediolineata,1,Community,Mammals
61,limnonectes_kuhlii,1,Community,Mammals
61,megophrys_maosonensis,1,Community,Mammals
61,kaloula_pulchra,1,Community,Mammals
61,megophrys_major,1,Community,Mammals
61,limnonectes_bannaensis,1,Community,Mammals
61,odorrana_chloronota,1,Community,Mammals
61,ichthyophis_bannanicus,1,Community,Mammals
61,odorrana_banaorum,1,Community,Mammals
61,megophrys_koui,1,Community,Mammals
61,leptobrachella_eos,1,Community,Mammals
61,fejervarya_limnocharis,1,Community,Mammals
61,nidirana_chapaensis,1,Community,Mammals
61,hylarana_erythraea,1,Community,Mammals
61,gracixalus_ananjevae,1,Community,Mammals
61,papurana_milleti,1,Community,Mammals
61,theloderma_albopunctatum,1,Community,Mammals
61,odorrana_yunnanensis,1,Community,Mammals
61,microhyla_fissipes,1,Community,Mammals
61,polypedates_leucomystax,1,Community,Mammals
61,polypedates_leucomystax,1,Community,Mammals
61,limnonectes_limborgi,1,Community,Mammals
61,quasipaa_verrucospinosa,1,Community,Mammals
61,theloderma_vietnamense,1,Community,Mammals
61,limnonectes_poilani,1,Community,Mammals
61,occidozyga_lima,1,Community,Mammals
61,nidirana_lini,1,Community,Mammals
61,ingerophrynus_macrotis,1,Community,Mammals
61,microhyla_minuta,1,Community,Mammals
61,hylarana_taipehensis,1,Community,Mammals
61,papurana_attigua,1,Community,Mammals
61,rhacophorus_helenae,1,Community,Mammals
61,microhyla_berdmorei,1,Community,Mammals
61,microhyla_mukhlesuri,1,Community,Mammals
61,hylarana_montosa,1,Community,Mammals
61,theloderma_laeve,1,Community,Mammals
61,chirixalus_doriae,1,Community,Mammals
61,occidozyga_martensii,1,Community,Mammals
61,rhacophorus_annamensis,1,Community,Mammals
61,rhacophorus_annamensis,1,Community,Mammals
61,rhacophorus_orlovi,1,Community,Mammals
61,hylarana_maosonensis,1,Community,Mammals
61,polypedates_mutus,1,Community,Mammals
61,rhacophorus_kio,1,Community,Mammals
61,hoplobatrachus_rugulosus,1,Community,Mammals
61,microhyla_butleri,1,Community,Mammals
61,kalophrynus_interlineatus,1,Community,Mammals
61,ichthyophis_catlocensis,1,Community,Mammals
61,ingerophrynus_galeatus,1,Community,Mammals
61,hylarana_macrodactyla,1,Community,Mammals
61,glyphoglossus_molossus,1,Community,Mammals
61,duttaphrynus_melanostictus,1,Community,Mammals
61,amolops_cremnobatus,1,Community,Mammals
61,hylarana_mortenseni,1,Community,Mammals
61,humerana_lateralis,1,Community,Mammals
61,odorrana_morafkai,1,Community,Mammals
61,kaloula_indochinensis,1,Community,Mammals
61,leptobrachella_ventripunctata,1,Community,Mammals
61,glyphoglossus_guttulatus,1,Community,Mammals
61,odorrana_nasica,1,Community,Mammals
61,raorchestes_parvulus,1,Community,Mammals
61,micryletta_erythropoda,1,Community,Mammals
61,zhangixalus_feae,1,Community,Mammals
61,rohanixalus_vittatus,1,Community,Mammals
61,micryletta_inornata,1,Community,Mammals
61,rana_johnsi,1,Community,Mammals
61,microhyla_heymonsi,1,Community,Mammals
61,kurixalus_verrucosus,1,Community,Mammals
62,dus,0,Community,Mammals
62,caretta_caretta,1,Community,Mammals
62,chelonia_mydas,1,Community,Mammals
62,liolaemus_occipitalis,1,Community,Mammals
62,caiman_latirostris,1,Community,Mammals
62,tomodon_dorsatus,1,Community,Mammals
62,mussurana_bicolor,1,Community,Mammals
62,lygophis_elegantissimus,1,Community,Mammals
62,philodryas_psammophidea,1,Community,Mammals
62,crotalus_durissus,1,Community,Mammals
62,liolaemus_fitzingerii,1,Community,Mammals
62,liolaemus_mapuche,1,Community,Mammals
62,liolaemus_archeforus,1,Community,Mammals
62,phymaturus_calcogaster,1,Community,Mammals
62,cercosaura_schreibersii,1,Community,Mammals
62,rena_unguirostris,1,Community,Mammals
62,lygophis_anomalus,1,Community,Mammals
62,hemidactylus_mabouia,1,Community,Mammals
62,boa_constrictor,1,Community,Mammals
62,leptodeira_annulata,1,Community,Mammals
62,diplolaemus_bibronii,1,Community,Mammals
62,diplolaemus_bibronii,1,Community,Mammals
62,diplolaemus_sexcinctus,1,Community,Mammals
62,diplolaemus_sexcinctus,1,Community,Mammals
62,leiosaurus_paronae,1,Community,Mammals
62,pristidactylus_araucanus,1,Community,Mammals
62,pristidactylus_fasciatus,1,Community,Mammals
62,urostrophus_gallardoi,1,Community,Mammals
62,liotyphlops_ternetzii,1,Community,Mammals
62,tantilla_melanocephala,1,Community,Mammals
62,paraphimophis_rusticus,1,Community,Mammals
62,phimophis_guerini,1,Community,Mammals
62,helicops_infrataeniatus,1,Community,Mammals
62,erythrolamprus_semiaureus,1,Community,Mammals
62,phalotris_matogrossensis,1,Community,Mammals
62,dipsas_turgida,1,Community,Mammals
62,adelphostigma_occipitalis,1,Community,Mammals
62,dibernardia_poecilopogon,1,Community,Mammals
62,xenodon_merremii,1,Community,Mammals
62,epictia_munoai,1,Community,Mammals
62,amerotyphlops_brongersmianus,1,Community,Mammals
62,bothrops_diporus,1,Community,Mammals
62,bothrops_pubescens,1,Community,Mammals
62,bothrops_alternatus,1,Community,Mammals
62,dryophylax_chaquensis,1,Community,Mammals
62,contomastix_lacertoides,1,Community,Mammals
62,contomastix_serrana,1,Community,Mammals
62,contomastix_serrana,1,Community,Mammals
62,teius_suquiensis,1,Community,Mammals
62,stenocercus_azureus,1,Community,Mammals
62,stenocercus_pectinatus,1,Community,Mammals
62,erythrolamprus_almadensis,1,Community,Mammals
62,epictia_australis,1,Community,Mammals
62,epictia_australis,1,Community,Mammals
62,amphisbaena_bolivica,1,Community,Mammals
62,amphisbaena_bolivica,1,Community,Mammals
62,amphisbaena_heterozonata,1,Community,Mammals
62,amphisbaena_heterozonata,1,Community,Mammals
62,amphisbaena_kingii,1,Community,Mammals
62,leposternon_microcephalum,1,Community,Mammals
62,amphisbaena_trachura,1,Community,Mammals
62,ophiodes_intermedius,1,Community,Mammals
62,ophiodes_vertebralis,1,Community,Mammals
62,erythrolamprus_sagittifer,1,Community,Mammals
62,erythrolamprus_sagittifer,1,Community,Mammals
62,micrurus_altirostris,1,Community,Mammals
62,liolaemus_avilai,1,Community,Mammals
62,liolaemus_avilai,1,Community,Mammals
62,liolaemus_canqueli,1,Community,Mammals
62,liolaemus_canqueli,1,Community,Mammals
62,liolaemus_chacabucoense,1,Community,Mammals
62,liolaemus_chacabucoense,1,Community,Mammals
62,liolaemus_chehuachekenk,1,Community,Mammals
62,liolaemus_chiliensis,1,Community,Mammals
62,liolaemus_chiliensis,1,Community,Mammals
62,liolaemus_cuyumhue,1,Community,Mammals
62,liolaemus_cuyumhue,1,Community,Mammals
62,liolaemus_goetschi,1,Community,Mammals
62,liolaemus_goetschi,1,Community,Mammals
62,liolaemus_gracilis,1,Community,Mammals
62,liolaemus_gracilis,1,Community,Mammals
62,liolaemus_grosseorum,1,Community,Mammals
62,liolaemus_grosseorum,1,Community,Mammals
62,liolaemus_hatcheri,1,Community,Mammals
62,liolaemus_hatcheri,1,Community,Mammals
62,liolaemus_josei,1,Community,Mammals
62,liolaemus_josei,1,Community,Mammals
62,liolaemus_kingii,1,Community,Mammals
62,liolaemus_kingii,1,Community,Mammals
62,liolaemus_lentus,1,Community,Mammals
62,liolaemus_lineomaculatus,1,Community,Mammals
62,liolaemus_lineomaculatus,1,Community,Mammals
62,liolaemus_magellanicus,1,Community,Mammals
62,liolaemus_magellanicus,1,Community,Mammals
62,liolaemus_martorii,1,Community,Mammals
62,liolaemus_morenoi,1,Community,Mammals
62,liolaemus_morenoi,1,Community,Mammals
62,liolaemus_multimaculatus,1,Community,Mammals
62,liolaemus_multimaculatus,1,Community,Mammals
62,liolaemus_multimaculatus,1,Community,Mammals
62,liolaemus_multimaculatus,1,Community,Mammals
62,liolaemus_purul,1,Community,Mammals
62,liolaemus_purul,1,Community,Mammals
62,liolaemus_saxatilis,1,Community,Mammals
62,liolaemus_saxatilis,1,Community,Mammals
62,liolaemus_scolaroi,1,Community,Mammals
62,liolaemus_shitan,1,Community,Mammals
62,liolaemus_shitan,1,Community,Mammals
62,liolaemus_silvanae,1,Community,Mammals
62,liolaemus_silvanae,1,Community,Mammals
62,liolaemus_tandiliensis,1,Community,Mammals
62,liolaemus_tandiliensis,1,Community,Mammals
62,liolaemus_tehuelche,1,Community,Mammals
62,liolaemus_tehuelche,1,Community,Mammals
62,liolaemus_tenuis,1,Community,Mammals
62,liolaemus_tenuis,1,Community,Mammals
62,liolaemus_tristis,1,Community,Mammals
62,liolaemus_tristis,1,Community,Mammals
62,liolaemus_uptoni,1,Community,Mammals
62,liolaemus_uptoni,1,Community,Mammals
62,liolaemus_wiegmannii,1,Community,Mammals
62,liolaemus_wiegmannii,1,Community,Mammals
62,phymaturus_camilae,1,Community,Mammals
62,phymaturus_ceii,1,Community,Mammals
62,homonota_borellii,1,Community,Mammals
62,homonota_borellii,1,Community,Mammals
62,homonota_underwoodi,1,Community,Mammals
62,homonota_underwoodi,1,Community,Mammals
62,homonota_whitii,1,Community,Mammals
62,phymaturus_desuetus,1,Community,Mammals
62,phymaturus_excelsus,1,Community,Mammals
62,phymaturus_felixi,1,Community,Mammals
62,phymaturus_manuelae,1,Community,Mammals
62,phymaturus_sinervoi,1,Community,Mammals
62,phymaturus_somuncurensis,1,Community,Mammals
62,phymaturus_spurcus,1,Community,Mammals
62,phymaturus_zapalensis,1,Community,Mammals
62,amphisbaena_munoai,1,Community,Mammals
62,contomastix_charrua,1,Community,Mammals
62,contomastix_charrua,1,Community,Mammals
62,liolaemus_yatel,1,Community,Mammals
62,dermochelys_coriacea,1,Community,Mammals
62,dermochelys_coriacea,1,Community,Mammals
62,eretmochelys_imbricata,1,Community,Mammals
62,lepidochelys_olivacea,1,Community,Mammals
62,liolaemus_lemniscatus,1,Community,Mammals
62,liolaemus_lemniscatus,1,Community,Mammals
62,calamodontophis_paucidens,1,Community,Mammals
62,urostrophus_undulatus,1,Community,Mammals
62,tachymenis_ocellata,1,Community,Mammals
62,phrynops_williamsi,1,Community,Mammals
62,psomophis_obtusus,1,Community,Mammals
62,micrurus_pyrrhocryptus,1,Community,Mammals
62,phalotris_tricolor,1,Community,Mammals
62,lygophis_vanzolinii,1,Community,Mammals
62,erythrolamprus_jaegeri,1,Community,Mammals
62,xenodon_semicinctus,1,Community,Mammals
62,phalotris_lemniscatus,1,Community,Mammals
62,mesotes_strigatus,1,Community,Mammals
62,liolaemus_gallardoi,1,Community,Mammals
62,liolaemus_petrophilus,1,Community,Mammals
62,liolaemus_somuncurae,1,Community,Mammals
62,liolaemus_xanthoviridis,1,Community,Mammals
62,diplolaemus_darwinii,1,Community,Mammals
62,liolaemus_austromendocinus,1,Community,Mammals
62,salvator_merianae,1,Community,Mammals
62,homonota_fasciata,1,Community,Mammals
62,lygophis_flavifrenatus,1,Community,Mammals
62,leptophis_ahaetulla,1,Community,Mammals
62,diplolaemus_leopardinus,1,Community,Mammals
62,diplolaemus_leopardinus,1,Community,Mammals
62,leiosaurus_bellii,1,Community,Mammals
62,leiosaurus_bellii,1,Community,Mammals
62,pristidactylus_achalensis,1,Community,Mammals
62,pristidactylus_casuhatiensis,1,Community,Mammals
62,pristidactylus_nigroiugulus,1,Community,Mammals
62,atractus_paraguayensis,1,Community,Mammals
62,boiruna_maculata,1,Community,Mammals
62,helicops_leopardinus,1,Community,Mammals
62,hydrodynastes_gigas,1,Community,Mammals
62,oxyrhopus_rhombifer,1,Community,Mammals
62,phalotris_bilineatus,1,Community,Mammals
62,phalotris_cuyanus,1,Community,Mammals
62,philodryas_aestiva,1,Community,Mammals
62,philodryas_agassizii,1,Community,Mammals
62,philodryas_mattogrossensis,1,Community,Mammals
62,philodryas_olfersii,1,Community,Mammals
62,philodryas_patagoniensis,1,Community,Mammals
62,philodryas_trilineata,1,Community,Mammals
62,dryophylax_hypoconia,1,Community,Mammals
62,xenodon_dorbignyi,1,Community,Mammals
62,xenodon_pulcher,1,Community,Mammals
62,bothrops_ammodytoides,1,Community,Mammals
62,salvator_rufescens,1,Community,Mammals
62,eunectes_notaeus,1,Community,Mammals
62,chironius_bicarinatus,1,Community,Mammals
62,aspronema_dorsivittatum,1,Community,Mammals
62,tropidurus_catalanensis,1,Community,Mammals
62,aurivela_longicauda,1,Community,Mammals
62,aurivela_longicauda,1,Community,Mammals
62,teius_oculatus,1,Community,Mammals
62,teius_teyou,1,Community,Mammals
62,erythrolamprus_poecilogyrus,1,Community,Mammals
62,epictia_albipuncta,1,Community,Mammals
62,amphisbaena_angustifrons,1,Community,Mammals
62,amphisbaena_angustifrons,1,Community,Mammals
62,amphisbaena_plumbea,1,Community,Mammals
62,amphisbaena_plumbea,1,Community,Mammals
62,ophiodes_fragilis,1,Community,Mammals
62,ophiodes_striatus,1,Community,Mammals
62,tachymenis_trigonatus,1,Community,Mammals
62,micrurus_baliocoryphus,1,Community,Mammals
62,siagonodon_borrichianus,1,Community,Mammals
62,liolaemus_abdalai,1,Community,Mammals
62,liolaemus_abdalai,1,Community,Mammals
62,liolaemus_baguali,1,Community,Mammals
62,liolaemus_baguali,1,Community,Mammals
62,liolaemus_bibronii,1,Community,Mammals
62,liolaemus_bibronii,1,Community,Mammals
62,liolaemus_boulengeri,1,Community,Mammals
62,liolaemus_boulengeri,1,Community,Mammals
62,liolaemus_camarones,1,Community,Mammals
62,liolaemus_camarones,1,Community,Mammals
62,liolaemus_caparensis,1,Community,Mammals
62,liolaemus_caparensis,1,Community,Mammals
62,liolaemus_casamiquelai,1,Community,Mammals
62,liolaemus_casamiquelai,1,Community,Mammals
62,liolaemus_cuyanus,1,Community,Mammals
62,liolaemus_cuyanus,1,Community,Mammals
62,liolaemus_cyaneinotatus,1,Community,Mammals
62,liolaemus_darwinii,1,Community,Mammals
62,liolaemus_darwinii,1,Community,Mammals
62,liolaemus_dumerili,1,Community,Mammals
62,liolaemus_dumerili,1,Community,Mammals
62,liolaemus_elongatus,1,Community,Mammals
62,liolaemus_escarchadosi,1,Community,Mammals
62,liolaemus_escarchadosi,1,Community,Mammals
62,liolaemus_exploratorum,1,Community,Mammals
62,liolaemus_exploratorum,1,Community,Mammals
62,liolaemus_gununakuna,1,Community,Mammals
62,liolaemus_inacayali,1,Community,Mammals
62,liolaemus_inacayali,1,Community,Mammals
62,liolaemus_kolengh,1,Community,Mammals
62,liolaemus_kolengh,1,Community,Mammals
62,liolaemus_kriegi,1,Community,Mammals
62,liolaemus_kriegi,1,Community,Mammals
62,liolaemus_melanops,1,Community,Mammals
62,liolaemus_morandae,1,Community,Mammals
62,liolaemus_morandae,1,Community,Mammals
62,liolaemus_rothi,1,Community,Mammals
62,liolaemus_rothi,1,Community,Mammals
62,liolaemus_sagei,1,Community,Mammals
62,liolaemus_sagei,1,Community,Mammals
62,liolaemus_sarmientoi,1,Community,Mammals
62,liolaemus_sarmientoi,1,Community,Mammals
62,liolaemus_senguer,1,Community,Mammals
62,liolaemus_senguer,1,Community,Mammals
62,liolaemus_shehuen,1,Community,Mammals
62,liolaemus_shehuen,1,Community,Mammals
62,liolaemus_sitesi,1,Community,Mammals
62,liolaemus_sitesi,1,Community,Mammals
62,liolaemus_tari,1,Community,Mammals
62,liolaemus_tari,1,Community,Mammals
62,liolaemus_telsen,1,Community,Mammals
62,liolaemus_telsen,1,Community,Mammals
62,liolaemus_zullyae,1,Community,Mammals
62,liolaemus_zullyae,1,Community,Mammals
62,phymaturus_castillensis,1,Community,Mammals
62,homonota_andicola,1,Community,Mammals
62,homonota_andicola,1,Community,Mammals
62,homonota_darwinii,1,Community,Mammals
62,homonota_darwinii,1,Community,Mammals
62,homonota_uruguayensis,1,Community,Mammals
62,homonota_williamsii,1,Community,Mammals
62,phymaturus_etheridgei,1,Community,Mammals
62,phymaturus_indistinctus,1,Community,Mammals
62,phymaturus_patagonicus,1,Community,Mammals
62,phymaturus_roigorum,1,Community,Mammals
62,phymaturus_sitesi,1,Community,Mammals
62,phymaturus_spectabilis,1,Community,Mammals
62,phymaturus_tenebrosus,1,Community,Mammals
62,phymaturus_videlai,1,Community,Mammals
62,phymaturus_yachanana,1,Community,Mammals
62,amphisbaena_darwinii,1,Community,Mammals
62,chironius_maculoventris,1,Community,Mammals
62,xenodon_histricus,1,Community,Mammals
62,xenodon_histricus,1,Community,Mammals
62,tarentola_mauritanica,1,Community,Mammals
62,akodon_azarae,1,Community,Mammals
62,akodon_iniscatus,1,Community,Mammals
62,deltamys_kempi,1,Community,Mammals
62,abrothrix_lanosus,1,Community,Mammals
62,abrothrix_olivaceus,1,Community,Mammals
62,balaenoptera_acutorostrata,1,Community,Mammals
62,balaenoptera_borealis,1,Community,Mammals
62,balaenoptera_edeni,1,Community,Mammals
62,balaenoptera_physalus,1,Community,Mammals
62,balaenoptera_bonaerensis,1,Community,Mammals
62,blastocerus_dichotomus,1,Community,Mammals
62,blastocerus_dichotomus,1,Community,Mammals
62,cabassous_tatouay,1,Community,Mammals
62,calomys_callidus,1,Community,Mammals
62,calomys_laucha,1,Community,Mammals
62,calomys_musculinus,1,Community,Mammals
62,caperea_marginata,1,Community,Mammals
62,castor_canadensis,1,Community,Mammals
62,cerdocyon_thous,1,Community,Mammals
62,chironectes_minimus,1,Community,Mammals
62,chlamyphorus_truncatus,1,Community,Mammals
62,chrysocyon_brachyurus,1,Community,Mammals
62,ctenomys_azarae,1,Community,Mammals
62,ctenomys_brasiliensis,1,Community,Mammals
62,ctenomys_colburni,1,Community,Mammals
62,ctenomys_emilianus,1,Community,Mammals
62,ctenomys_haigi,1,Community,Mammals
62,ctenomys_sociabilis,1,Community,Mammals
62,ctenomys_talarum,1,Community,Mammals
62,dasypus_hybridus,1,Community,Mammals
62,dasypus_novemcinctus,1,Community,Mammals
62,lycalopex_griseus,1,Community,Mammals
62,lycalopex_griseus,1,Community,Mammals
62,eligmodontia_morgani,1,Community,Mammals
62,neoeptesicus_diminutus,1,Community,Mammals
62,neoeptesicus_furinalis,1,Community,Mammals
62,eumops_auripendulus,1,Community,Mammals
62,eumops_perotis,1,Community,Mammals
62,euneomys_chinchilloides,1,Community,Mammals
62,euneomys_petersoni,1,Community,Mammals
62,globicephala_macrorhynchus,1,Community,Mammals
62,globicephala_melas,1,Community,Mammals
62,graomys_griseoflavus,1,Community,Mammals
62,herpailurus_yagouaroundi,1,Community,Mammals
62,hippocamelus_bisulcus,1,Community,Mammals
62,histiotus_alienus,1,Community,Mammals
62,histiotus_montanus,1,Community,Mammals
62,holochilus_chacarius,1,Community,Mammals
62,kogia_breviceps,1,Community,Mammals
62,lagenodelphis_hosei,1,Community,Mammals
62,lagidium_viscacia,1,Community,Mammals
62,lagidium_wolffsohni,1,Community,Mammals
62,lama_guanicoe,1,Community,Mammals
62,lasiurus_cinereus,1,Community,Mammals
62,lasiurus_ega,1,Community,Mammals
62,lissodelphis_peronii,1,Community,Mammals
62,lontra_longicaudis,1,Community,Mammals
62,lontra_provocax,1,Community,Mammals
62,mesoplodon_layardii,1,Community,Mammals
62,microcavia_australis,1,Community,Mammals
62,molossops_temminckii,1,Community,Mammals
62,monodelphis_dimidiata,1,Community,Mammals
62,myocastor_coypus,1,Community,Mammals
62,myotis_chiloensis,1,Community,Mammals
62,myotis_nigricans,1,Community,Mammals
62,myotis_riparius,1,Community,Mammals
62,myrmecophaga_tridactyla,1,Community,Mammals
62,noctilio_leporinus,1,Community,Mammals
62,octodon_bridgesi,1,Community,Mammals
62,oligoryzomys_delticola,1,Community,Mammals
62,oligoryzomys_longicaudatus,1,Community,Mammals
62,leopardus_colocolo,1,Community,Mammals
62,leopardus_guigna,1,Community,Mammals
62,brucepattersonius_iheringi,1,Community,Mammals
62,oxymycterus_nasutus,1,Community,Mammals
62,oxymycterus_rufus,1,Community,Mammals
62,ozotoceros_bezoarticus,1,Community,Mammals
62,pseudorca_crassidens,1,Community,Mammals
62,pseudoryzomys_simplex,1,Community,Mammals
62,pudu_puda,1,Community,Mammals
62,puma_concolor,1,Community,Mammals
62,scapteromys_tumidus,1,Community,Mammals
62,sciurus_aestuans,1,Community,Mammals
62,steno_bredanensis,1,Community,Mammals
62,tasmacetus_shepherdi,1,Community,Mammals
62,tolypeutes_matacus,1,Community,Mammals
62,wilfredomys_oenax,1,Community,Mammals
62,zaedyus_pichiy,1,Community,Mammals
62,ziphius_cavirostris,1,Community,Mammals
62,didelphis_albiventris,1,Community,Mammals
62,alouatta_caraya,1,Community,Mammals
62,conepatus_chinga,1,Community,Mammals
62,galictis_cuja,1,Community,Mammals
62,eira_barbara,1,Community,Mammals
62,lyncodon_patagonicus,1,Community,Mammals
62,phocoena_dioptrica,1,Community,Mammals
62,physeter_macrocephalus,1,Community,Mammals
62,pecari_tajacu,1,Community,Mammals
62,pecari_tajacu,1,Community,Mammals
62,tayassu_pecari,1,Community,Mammals
62,myotis_dinellii,1,Community,Mammals
62,ctenomys_dorbignyi,1,Community,Mammals
62,ctenomys_coyhaiquensis,1,Community,Mammals
62,calomys_venustus,1,Community,Mammals
62,ctenomys_osvaldoreigi,1,Community,Mammals
62,oxymycterus_josei,1,Community,Mammals
62,ctenomys_fodax,1,Community,Mammals
62,ctenomys_rionegrensis,1,Community,Mammals
62,eumops_patagonicus,1,Community,Mammals
62,cryptonanus_chacoensis,1,Community,Mammals
62,thylamys_citellus,1,Community,Mammals
62,thylamys_pallidior,1,Community,Mammals
62,akodon_polopi,1,Community,Mammals
62,eligmodontia_typus,1,Community,Mammals
62,dusicyon_avus,1,Community,Mammals
62,galea_leucoblephara,1,Community,Mammals
62,molossus_currentium,1,Community,Mammals
62,lasiurus_blossevillii,1,Community,Mammals
62,akodon_dolores,1,Community,Mammals
62,graomys_chacoensis,1,Community,Mammals
62,abrothrix_longipilis,1,Community,Mammals
62,akodon_molinae,1,Community,Mammals
62,abrothrix_sanborni,1,Community,Mammals
62,arctocephalus_australis,1,Community,Mammals
62,loxodontomys_micropus,1,Community,Mammals
62,balaenoptera_musculus,1,Community,Mammals
62,balaenoptera_musculus,1,Community,Mammals
62,berardius_arnuxii,1,Community,Mammals
62,bibimys_torresi,1,Community,Mammals
62,necromys_obscurus,1,Community,Mammals
62,cavia_magna,1,Community,Mammals
62,cephalorhynchus_commersonii,1,Community,Mammals
62,cephalorhynchus_eutropia,1,Community,Mammals
62,chaetophractus_villosus,1,Community,Mammals
62,chaetophractus_villosus,1,Community,Mammals
62,chelemys_macronyx,1,Community,Mammals
62,ctenomys_australis,1,Community,Mammals
62,ctenomys_magellanicus,1,Community,Mammals
62,ctenomys_mendocinus,1,Community,Mammals
62,ctenomys_pearsoni,1,Community,Mammals
62,ctenomys_porteousi,1,Community,Mammals
62,ctenomys_sericeus,1,Community,Mammals
62,ctenomys_torquatus,1,Community,Mammals
62,dasyprocta_azarae,1,Community,Mammals
62,desmodus_rotundus,1,Community,Mammals
62,dolichotis_patagonum,1,Community,Mammals
62,lycalopex_gymnocercus,1,Community,Mammals
62,lycalopex_culpaeus,1,Community,Mammals
62,phyllomys_dasythrix,1,Community,Mammals
62,phyllomys_dasythrix,1,Community,Mammals
62,eubalaena_australis,1,Community,Mammals
62,euphractus_sexcinctus,1,Community,Mammals
62,geoxus_valdivianus,1,Community,Mammals
62,grampus_griseus,1,Community,Mammals
62,histiotus_macrotus,1,Community,Mammals
62,holochilus_brasiliensis,1,Community,Mammals
62,lundomys_molitor,1,Community,Mammals
62,hydrochoerus_hydrochaeris,1,Community,Mammals
62,hyperoodon_planifrons,1,Community,Mammals
62,irenomys_tarsalis,1,Community,Mammals
62,kogia_sima,1,Community,Mammals
62,lagenorhynchus_australis,1,Community,Mammals
62,lagenorhynchus_cruciger,1,Community,Mammals
62,lagenorhynchus_obscurus,1,Community,Mammals
62,lagostomus_maximus,1,Community,Mammals
62,leopardus_wiedii,1,Community,Mammals
62,lestodelphys_halli,1,Community,Mammals
62,megaptera_novaeangliae,1,Community,Mammals
62,mesoplodon_densirostris,1,Community,Mammals
62,mesoplodon_grayi,1,Community,Mammals
62,mirounga_leonina,1,Community,Mammals
62,molossus_rufus,1,Community,Mammals
62,molossus_molossus,1,Community,Mammals
62,mus_musculus,1,Community,Mammals
62,myotis_albescens,1,Community,Mammals
62,myotis_levis,1,Community,Mammals
62,myotis_ruber,1,Community,Mammals
62,notiomys_edwardsii,1,Community,Mammals
62,nyctinomops_laticaudatus,1,Community,Mammals
62,oligoryzomys_flavescens,1,Community,Mammals
62,oligoryzomys_magellanicus,1,Community,Mammals
62,oligoryzomys_nigripes,1,Community,Mammals
62,leopardus_geoffroyi,1,Community,Mammals
62,orcinus_orca,1,Community,Mammals
62,leopardus_jacobita,1,Community,Mammals
62,leopardus_jacobita,1,Community,Mammals
62,phocoena_spinipinnis,1,Community,Mammals
62,phyllotis_bonariensis,1,Community,Mammals
62,phyllotis_xanthopygus,1,Community,Mammals
62,platyrrhinus_lineatus,1,Community,Mammals
62,pontoporia_blainvillei,1,Community,Mammals
62,pontoporia_blainvillei,1,Community,Mammals
62,rattus_norvegicus,1,Community,Mammals
62,reithrodon_auritus,1,Community,Mammals
62,coendou_spinosus,1,Community,Mammals
62,stenella_attenuata,1,Community,Mammals
62,stenella_coeruleoalba,1,Community,Mammals
62,stenella_frontalis,1,Community,Mammals
62,tadarida_brasiliensis,1,Community,Mammals
62,tamandua_tetradactyla,1,Community,Mammals
62,tursiops_truncatus,1,Community,Mammals
62,tursiops_truncatus,1,Community,Mammals
62,tympanoctomys_barrerae,1,Community,Mammals
62,mazama_gouazoubira,1,Community,Mammals
62,lutreolina_crassicaudata,1,Community,Mammals
62,lepus_europaeus,1,Community,Mammals
62,conepatus_humboldtii,1,Community,Mammals
62,otaria_byronia,1,Community,Mammals
62,nasua_nasua,1,Community,Mammals
62,procyon_cancrivorus,1,Community,Mammals
62,histiotus_magellanicus,1,Community,Mammals
62,ctenomys_pundti,1,Community,Mammals
62,ctenomys_flamarioni,1,Community,Mammals
62,scapteromys_aquaticus,1,Community,Mammals
62,reithrodon_typicus,1,Community,Mammals
62,necromys_benefactus,1,Community,Mammals
62,ctenomys_yolandae,1,Community,Mammals
62,lasiurus_varius,1,Community,Mammals
62,akodon_reigi,1,Community,Mammals
62,thylamys_pulchellus,1,Community,Mammals
62,thylamys_fenestrae,1,Community,Mammals
62,tympanoctomys_kirchnerorum,1,Community,Mammals
62,cavia_aperea,1,Community,Mammals
62,eumops_bonariensis,1,Community,Mammals
62,lasiurus_salinae,1,Community,Mammals
62,sturnira_lilium,1,Community,Mammals
62,chaetophractus_vellerosus,1,Community,Mammals
62,delphinus_delphis,1,Community,Mammals
62,mesoplodon_eueu,1,Community,Mammals
62,ceratophrys_ornata,1,Community,Mammals
62,ceratophrys_ornata,1,Community,Mammals
62,ceratophrys_ornata,1,Community,Mammals
62,melanophryniscus_montevidensis,1,Community,Mammals
62,melanophryniscus_montevidensis,1,Community,Mammals
62,melanophryniscus_montevidensis,1,Community,Mammals
62,melanophryniscus_montevidensis,1,Community,Mammals
62,melanophryniscus_montevidensis,1,Community,Mammals
62,rhinella_arenarum,1,Community,Mammals
62,dendropsophus_minutus,1,Community,Mammals
62,leptodactylus_furnarius,1,Community,Mammals
62,pleurodema_tucumanum,1,Community,Mammals
62,physalaemus_fernandezae,1,Community,Mammals
62,physalaemus_fernandezae,1,Community,Mammals
62,atelognathus_praebasalticus,1,Community,Mammals
62,atelognathus_praebasalticus,1,Community,Mammals
62,ololygon_berthae,1,Community,Mammals
62,leptodactylus_gracilis,1,Community,Mammals
62,boana_raniceps,1,Community,Mammals
62,lepidobatrachus_laevis,1,Community,Mammals
62,boana_cordobae,1,Community,Mammals
62,odontophrynus_cordobae,1,Community,Mammals
62,julianus_uruguayus,1,Community,Mammals
62,pleurodema_nebulosum,1,Community,Mammals
62,leptodactylus_fuscus,1,Community,Mammals
62,melanophryniscus_pachyrhynus,1,Community,Mammals
62,pseudis_limellum,1,Community,Mammals
62,physalaemus_riograndensis,1,Community,Mammals
62,batrachyla_taeniata,1,Community,Mammals
62,pleurodema_bufoninum,1,Community,Mammals
62,hylorina_sylvatica,1,Community,Mammals
62,scinax_fuscovarius,1,Community,Mammals
62,rhinella_dorbignyi,1,Community,Mammals
62,odontophrynus_occidentalis,1,Community,Mammals
62,odontophrynus_americanus,1,Community,Mammals
62,chthonerpeton_indistinctum,1,Community,Mammals
62,chthonerpeton_indistinctum,1,Community,Mammals
62,rhinella_diptycha,1,Community,Mammals
62,atelognathus_solitarius,1,Community,Mammals
62,pseudopaludicola_falcipes,1,Community,Mammals
62,dendropsophus_nanus,1,Community,Mammals
62,pseudis_platensis,1,Community,Mammals
62,pleurodema_cordobae,1,Community,Mammals
62,scinax_granulatus,1,Community,Mammals
62,limnomedusa_macroglossa,1,Community,Mammals
62,atelognathus_patagonicus,1,Community,Mammals
62,atelognathus_patagonicus,1,Community,Mammals
62,melanophryniscus_devincenzii,1,Community,Mammals
62,physalaemus_henselii,1,Community,Mammals
62,scinax_squalirostris,1,Community,Mammals
62,rhinella_achavali,1,Community,Mammals
62,pleurodema_bibroni,1,Community,Mammals
62,physalaemus_gracilis,1,Community,Mammals
62,physalaemus_gracilis,1,Community,Mammals
62,physalaemus_gracilis,1,Community,Mammals
62,pithecopus_azureus,1,Community,Mammals
62,dendropsophus_sanborni,1,Community,Mammals
62,rhinella_major,1,Community,Mammals
62,scinax_nasicus,1,Community,Mammals
62,leptodactylus_luctator,1,Community,Mammals
62,rhinella_bergi,1,Community,Mammals
62,batrachyla_leptopus,1,Community,Mammals
62,leptodactylus_latinasus,1,Community,Mammals
62,alsodes_australis,1,Community,Mammals
62,pleurodema_somuncurense,1,Community,Mammals
62,atelognathus_ceii,1,Community,Mammals
62,adenomera_diptyx,1,Community,Mammals
62,scinax_acuminatus,1,Community,Mammals
62,batrachyla_antartandica,1,Community,Mammals
62,lepidobatrachus_asper,1,Community,Mammals
62,melanophryniscus_atroluteus,1,Community,Mammals
62,aquarana_catesbeianus,1,Community,Mammals
62,rhinella_spinulosa,1,Community,Mammals
62,nyctimantis_siemersi,1,Community,Mammals
62,nyctimantis_siemersi,1,Community,Mammals
62,odontophrynus_achalensis,1,Community,Mammals
62,odontophrynus_achalensis,1,Community,Mammals
62,atelognathus_reverberii,1,Community,Mammals
62,leptodactylus_macrosternum,1,Community,Mammals
62,pseudis_minuta,1,Community,Mammals
62,ololygon_aromothyella,1,Community,Mammals
62,leptodactylus_podicipinus,1,Community,Mammals
62,melanophryniscus_sanmartini,1,Community,Mammals
62,ceratophrys_cranwelli,1,Community,Mammals
62,physalaemus_santafecinus,1,Community,Mammals
62,alsodes_neuquensis,1,Community,Mammals
62,scinax_x-signatus,1,Community,Mammals
62,leptodactylus_mystacinus,1,Community,Mammals
62,odontophrynus_maisuma,1,Community,Mammals
62,pseudopaludicola_boliviana,1,Community,Mammals
62,physalaemus_biligonigerus,1,Community,Mammals
62,leptodactylus_bufonius,1,Community,Mammals
62,boana_punctata,1,Community,Mammals
62,melanophryniscus_stelzneri,1,Community,Mammals
62,boana_albopunctata,1,Community,Mammals
62,batrachyla_nibaldoi,1,Community,Mammals
62,trachycephalus_typhonius,1,Community,Mammals
62,chaltenobatrachus_grandisonae,1,Community,Mammals
62,physalaemus_albonotatus,1,Community,Mammals
62,atelognathus_salai,1,Community,Mammals
62,boana_pulchella,1,Community,Mammals
62,phyllomedusa_iheringii,1,Community,Mammals
62,nannophryne_variegata,1,Community,Mammals
62,elachistocleis_bicolor,1,Community,Mammals
62,leptodactylus_elenae,1,Community,Mammals
62,melanophryniscus_estebani,1,Community,Mammals
63,juscelinomy,0,Community,Mammals
63,amphisbaena_anaemariae,1,Community,Mammals
63,paleosuchus_palpebrosus,1,Community,Mammals
63,amphisbaena_alba,1,Community,Mammals
63,atractus_albuquerquei,1,Community,Mammals
63,philodryas_psammophidea,1,Community,Mammals
63,dibernardia_affinis,1,Community,Mammals
63,xenopholis_scalaris,1,Community,Mammals
63,bothrops_itapetiningae,1,Community,Mammals
63,crotalus_durissus,1,Community,Mammals
63,bothrops_lutzi,1,Community,Mammals
63,cercosaura_schreibersii,1,Community,Mammals
63,mussurana_quimi,1,Community,Mammals
63,lygophis_meridionalis,1,Community,Mammals
63,hemidactylus_mabouia,1,Community,Mammals
63,boa_constrictor,1,Community,Mammals
63,imantodes_cenchoa,1,Community,Mammals
63,leptodeira_annulata,1,Community,Mammals
63,oxyrhopus_petolarius,1,Community,Mammals
63,amphisbaena_fuliginosa,1,Community,Mammals
63,enyalius_catenatus,1,Community,Mammals
63,polychrus_acutirostris,1,Community,Mammals
63,coleodactylus_brachystoma,1,Community,Mammals
63,liotyphlops_ternetzii,1,Community,Mammals
63,corallus_hortulana,1,Community,Mammals
63,chironius_exoletus,1,Community,Mammals
63,mastigodryas_boddaerti,1,Community,Mammals
63,tantilla_melanocephala,1,Community,Mammals
63,phimophis_guerini,1,Community,Mammals
63,pseudoboa_nigra,1,Community,Mammals
63,trilepida_brasiliensis,1,Community,Mammals
63,apostolepis_albicollaris,1,Community,Mammals
63,apostolepis_ammodites,1,Community,Mammals
63,apostolepis_flavotorquata,1,Community,Mammals
63,apostolepis_tertulianobeui,1,Community,Mammals
63,coronelaps_lepidus,1,Community,Mammals
63,helicops_gomesi,1,Community,Mammals
63,helicops_infrataeniatus,1,Community,Mammals
63,helicops_modestus,1,Community,Mammals
63,hydrodynastes_bicinctus,1,Community,Mammals
63,erythrolamprus_maryellenae,1,Community,Mammals
63,oxyrhopus_trigeminus,1,Community,Mammals
63,oxyrhopus_guibei,1,Community,Mammals
63,philodryas_nattereri,1,Community,Mammals
63,psomophis_joberti,1,Community,Mammals
63,dipsas_turgida,1,Community,Mammals
63,adelphostigma_occipitalis,1,Community,Mammals
63,mesotes_rutilus,1,Community,Mammals
63,xenodon_merremii,1,Community,Mammals
63,xenopholis_undulatus,1,Community,Mammals
63,micrurus_lemniscatus,1,Community,Mammals
63,amerotyphlops_brongersmianus,1,Community,Mammals
63,bothrops_neuwiedi,1,Community,Mammals
63,kentropyx_paulensis,1,Community,Mammals
63,tupinambis_teguixin,1,Community,Mammals
63,chironius_laevicollis,1,Community,Mammals
63,chironius_quadricarinatus,1,Community,Mammals
63,erythrolamprus_reginae,1,Community,Mammals
63,erythrolamprus_typhlus,1,Community,Mammals
63,copeoglossum_nigropunctatum,1,Community,Mammals
63,manciola_guaporicola,1,Community,Mammals
63,notomabuya_frenata,1,Community,Mammals
63,phyllopezus_pollicaris,1,Community,Mammals
63,tropidurus_itambere,1,Community,Mammals
63,erythrolamprus_almadensis,1,Community,Mammals
63,bothrops_moojeni,1,Community,Mammals
63,gymnodactylus_amarali,1,Community,Mammals
63,leposternon_microcephalum,1,Community,Mammals
63,micrurus_brasiliensis,1,Community,Mammals
63,micrablepharus_atticolus,1,Community,Mammals
63,anolis_brasiliensis,1,Community,Mammals
63,leposternon_infraorbitale,1,Community,Mammals
63,amphisbaena_talisiae,1,Community,Mammals
63,gomesophis_brasiliensis,1,Community,Mammals
63,tupinambis_quadrilineatus,1,Community,Mammals
63,drymarchon_corais,1,Community,Mammals
63,iguana_iguana,1,Community,Mammals
63,amphisbaena_pretrei,1,Community,Mammals
63,apostolepis_goiasensis,1,Community,Mammals
63,rhachidelus_brazili,1,Community,Mammals
63,bachia_bresslaui,1,Community,Mammals
63,amerotyphlops_reticulatus,1,Community,Mammals
63,lygophis_paucidens,1,Community,Mammals
63,spilotes_pullatus,1,Community,Mammals
63,clelia_clelia,1,Community,Mammals
63,leptophis_ahaetulla,1,Community,Mammals
63,oxybelis_aeneus,1,Community,Mammals
63,hoplocercus_spinosus,1,Community,Mammals
63,enyalius_bilineatus,1,Community,Mammals
63,enyalius_brasiliensis,1,Community,Mammals
63,coleodactylus_meridionalis,1,Community,Mammals
63,ameiva_ameiva,1,Community,Mammals
63,palusophis_bifossatus,1,Community,Mammals
63,erythrolamprus_aesculapii,1,Community,Mammals
63,trilepida_fuliginosa,1,Community,Mammals
63,epicrates_crassus,1,Community,Mammals
63,chironius_flavolineatus,1,Community,Mammals
63,helicops_angulatus,1,Community,Mammals
63,helicops_leopardinus,1,Community,Mammals
63,hydrodynastes_gigas,1,Community,Mammals
63,oxyrhopus_rhombifer,1,Community,Mammals
63,phalotris_mertensi,1,Community,Mammals
63,phalotris_nasutus,1,Community,Mammals
63,philodryas_aestiva,1,Community,Mammals
63,philodryas_agassizii,1,Community,Mammals
63,philodryas_olfersii,1,Community,Mammals
63,philodryas_patagoniensis,1,Community,Mammals
63,dipsas_mikanii,1,Community,Mammals
63,dryophylax_hypoconia,1,Community,Mammals
63,xenodon_nattereri,1,Community,Mammals
63,spilotes_sulphureus,1,Community,Mammals
63,bothrops_mattogrossensis,1,Community,Mammals
63,bothrops_pauloensis,1,Community,Mammals
63,salvator_duseni,1,Community,Mammals
63,eunectes_murinus,1,Community,Mammals
63,chironius_bicarinatus,1,Community,Mammals
63,drymoluber_brazili,1,Community,Mammals
63,erythrolamprus_miliaris,1,Community,Mammals
63,aspronema_dorsivittatum,1,Community,Mammals
63,tropidurus_oreadicus,1,Community,Mammals
63,ameivula_ocellifera,1,Community,Mammals
63,erythrolamprus_poecilogyrus,1,Community,Mammals
63,amphisbaena_vermicularis,1,Community,Mammals
63,bothrops_marmoratus,1,Community,Mammals
63,micrurus_corallinus,1,Community,Mammals
63,micrurus_frontalis,1,Community,Mammals
63,anolis_meridionalis,1,Community,Mammals
63,colobosaura_modesta,1,Community,Mammals
63,micrablepharus_maximiliani,1,Community,Mammals
63,simophis_rhinostoma,1,Community,Mammals
63,amphisbaena_roberti,1,Community,Mammals
63,atractus_pantostictus,1,Community,Mammals
63,tropidurus_torquatus,1,Community,Mammals
63,apostolepis_assimilis,1,Community,Mammals
63,akodon_lindberghi,1,Community,Mammals
63,dermanura_cinerea,1,Community,Mammals
63,dermanura_gnoma,1,Community,Mammals
63,artibeus_lituratus,1,Community,Mammals
63,blastocerus_dichotomus,1,Community,Mammals
63,necromys_lasiurus,1,Community,Mammals
63,bradypus_variegatus,1,Community,Mammals
63,cabassous_tatouay,1,Community,Mammals
63,calomys_callosus,1,Community,Mammals
63,calomys_tener,1,Community,Mammals
63,carterodon_sulcidens,1,Community,Mammals
63,cerdocyon_thous,1,Community,Mammals
63,chiroderma_villosum,1,Community,Mammals
63,chironectes_minimus,1,Community,Mammals
63,chrotopterus_auritus,1,Community,Mammals
63,chrysocyon_brachyurus,1,Community,Mammals
63,clyomys_laticeps,1,Community,Mammals
63,dasypus_novemcinctus,1,Community,Mammals
63,lycalopex_vetulus,1,Community,Mammals
63,neoeptesicus_brasiliensis,1,Community,Mammals
63,neoeptesicus_furinalis,1,Community,Mammals
63,eumops_auripendulus,1,Community,Mammals
63,eumops_perotis,1,Community,Mammals
63,gracilinanus_agilis,1,Community,Mammals
63,herpailurus_yagouaroundi,1,Community,Mammals
63,holochilus_sciureus,1,Community,Mammals
63,lasiurus_cinereus,1,Community,Mammals
63,lasiurus_ega,1,Community,Mammals
63,leopardus_pardalis,1,Community,Mammals
63,lontra_longicaudis,1,Community,Mammals
63,macrophyllum_macrophyllum,1,Community,Mammals
63,micronycteris_megalotis,1,Community,Mammals
63,micronycteris_minuta,1,Community,Mammals
63,mimon_bennettii,1,Community,Mammals
63,molossops_temminckii,1,Community,Mammals
63,monodelphis_kunsi,1,Community,Mammals
63,myotis_nigricans,1,Community,Mammals
63,myotis_riparius,1,Community,Mammals
63,myrmecophaga_tridactyla,1,Community,Mammals
63,noctilio_leporinus,1,Community,Mammals
63,nyctinomops_macrotis,1,Community,Mammals
63,oligoryzomys_eliurus,1,Community,Mammals
63,oxymycterus_roberti,1,Community,Mammals
63,phylloderma_stenops,1,Community,Mammals
63,phyllostomus_discolor,1,Community,Mammals
63,phyllostomus_hastatus,1,Community,Mammals
63,proechimys_longicaudatus,1,Community,Mammals
63,proechimys_roberti,1,Community,Mammals
63,pseudoryzomys_simplex,1,Community,Mammals
63,puma_concolor,1,Community,Mammals
63,rhynchonycteris_naso,1,Community,Mammals
63,saccopteryx_bilineata,1,Community,Mammals
63,saccopteryx_leptura,1,Community,Mammals
63,sciurus_aestuans,1,Community,Mammals
63,speothos_venaticus,1,Community,Mammals
63,thalpomys_lasiotis,1,Community,Mammals
63,hylaeamys_megacephalus,1,Community,Mammals
63,mazama_americana,1,Community,Mammals
63,didelphis_albiventris,1,Community,Mammals
63,marmosa_murina,1,Community,Mammals
63,monodelphis_domestica,1,Community,Mammals
63,thylamys_velutinus,1,Community,Mammals
63,callithrix_penicillata,1,Community,Mammals
63,alouatta_caraya,1,Community,Mammals
63,galictis_cuja,1,Community,Mammals
63,eira_barbara,1,Community,Mammals
63,pecari_tajacu,1,Community,Mammals
63,tayassu_pecari,1,Community,Mammals
63,tayassu_pecari,1,Community,Mammals
63,sapajus_libidinosus,1,Community,Mammals
63,rhipidomys_macrurus,1,Community,Mammals
63,oligoryzomys_rupestris,1,Community,Mammals
63,calomys_expulsus,1,Community,Mammals
63,oligoryzomys_fornesi,1,Community,Mammals
63,anoura_caudifer,1,Community,Mammals
63,anoura_geoffroyi,1,Community,Mammals
63,lasiurus_blossevillii,1,Community,Mammals
63,dasyprocta_leporina,1,Community,Mammals
63,monodelphis_americana,1,Community,Mammals
63,coendou_prehensilis,1,Community,Mammals
63,cabassous_squamicaudis,1,Community,Mammals
63,cuniculus_paca,1,Community,Mammals
63,artibeus_obscurus,1,Community,Mammals
63,carollia_perspicillata,1,Community,Mammals
63,chiroderma_doriae,1,Community,Mammals
63,chiroderma_trinitatum,1,Community,Mammals
63,dasypus_septemcinctus,1,Community,Mammals
63,desmodus_rotundus,1,Community,Mammals
63,diaemus_youngii,1,Community,Mammals
63,diclidurus_albus,1,Community,Mammals
63,diphylla_ecaudata,1,Community,Mammals
63,euphractus_sexcinctus,1,Community,Mammals
63,furipterus_horrens,1,Community,Mammals
63,glossophaga_soricina,1,Community,Mammals
63,histiotus_velatus,1,Community,Mammals
63,hydrochoerus_hydrochaeris,1,Community,Mammals
63,juscelinomys_candango,1,Community,Mammals
63,leopardus_wiedii,1,Community,Mammals
63,lonchorhina_aurita,1,Community,Mammals
63,gardnerycteris_crenulatum,1,Community,Mammals
63,cynomops_planirostris,1,Community,Mammals
63,molossus_rufus,1,Community,Mammals
63,molossus_molossus,1,Community,Mammals
63,myotis_albescens,1,Community,Mammals
63,noctilio_albiventris,1,Community,Mammals
63,nyctinomops_aurispinosus,1,Community,Mammals
63,nyctinomops_laticaudatus,1,Community,Mammals
63,oecomys_bicolor,1,Community,Mammals
63,oecomys_cleberi,1,Community,Mammals
63,oligoryzomys_nigripes,1,Community,Mammals
63,euryoryzomys_lamia,1,Community,Mammals
63,peropteryx_macrotis,1,Community,Mammals
63,phyllostomus_elongatus,1,Community,Mammals
63,platyrrhinus_lineatus,1,Community,Mammals
63,priodontes_maximus,1,Community,Mammals
63,promops_nasutus,1,Community,Mammals
63,sturnira_tildae,1,Community,Mammals
63,tadarida_brasiliensis,1,Community,Mammals
63,tamandua_tetradactyla,1,Community,Mammals
63,tapirus_terrestris,1,Community,Mammals
63,tapirus_terrestris,1,Community,Mammals
63,thalpomys_cerradensis,1,Community,Mammals
63,trachops_cirrhosus,1,Community,Mammals
63,uroderma_bilobatum,1,Community,Mammals
63,mazama_gouazoubira,1,Community,Mammals
63,potos_flavus,1,Community,Mammals
63,nasua_nasua,1,Community,Mammals
63,procyon_cancrivorus,1,Community,Mammals
63,oecomys_catherinae,1,Community,Mammals
63,microakodontomys_transitorius,1,Community,Mammals
63,cryptonanus_agricolai,1,Community,Mammals
63,thylamys_karimii,1,Community,Mammals
63,leopardus_tigrinus,1,Community,Mammals
63,cavia_aperea,1,Community,Mammals
63,eumops_glaucinus,1,Community,Mammals
63,sturnira_lilium,1,Community,Mammals
63,platyrrhinus_helleri,1,Community,Mammals
63,cerradomys_scotti,1,Community,Mammals
63,ameerega_flavopicta,1,Community,Mammals
63,dendropsophus_minutus,1,Community,Mammals
63,leptodactylus_furnarius,1,Community,Mammals
63,dermatonotus_muelleri,1,Community,Mammals
63,rhinella_cerradensis,1,Community,Mammals
63,scinax_similis,1,Community,Mammals
63,boana_raniceps,1,Community,Mammals
63,leptodactylus_syphax,1,Community,Mammals
63,dendropsophus_cruzi,1,Community,Mammals
63,leptodactylus_labyrinthicus,1,Community,Mammals
63,proceratophrys_salvatori,1,Community,Mammals
63,bokermannohyla_pseudopseudis,1,Community,Mammals
63,boana_buriti,1,Community,Mammals
63,boana_buriti,1,Community,Mammals
63,leptodactylus_fuscus,1,Community,Mammals
63,physalaemus_centralis,1,Community,Mammals
63,odontophrynus_cultripes,1,Community,Mammals
63,scinax_rogerioi,1,Community,Mammals
63,pithecopus_hypochondrialis,1,Community,Mammals
63,scinax_fuscovarius,1,Community,Mammals
63,adenomera_hylaedactyla,1,Community,Mammals
63,dendropsophus_jimi,1,Community,Mammals
63,elachistocleis_cesarii,1,Community,Mammals
63,rhinella_diptycha,1,Community,Mammals
63,rhinella_ocellata,1,Community,Mammals
63,rhinella_rubescens,1,Community,Mammals
63,boana_lundii,1,Community,Mammals
63,dendropsophus_nanus,1,Community,Mammals
63,scinax_tigrinus,1,Community,Mammals
63,pseudis_bolbodactyla,1,Community,Mammals
63,pseudis_bolbodactyla,1,Community,Mammals
63,physalaemus_cuvieri,1,Community,Mammals
63,scinax_constrictus,1,Community,Mammals
63,lithobates_palmipes,1,Community,Mammals
63,dendropsophus_melanargyreus,1,Community,Mammals
63,siphonops_paulensis,1,Community,Mammals
63,scinax_squalirostris,1,Community,Mammals
63,ololygon_centralis,1,Community,Mammals
63,ololygon_centralis,1,Community,Mammals
63,boana_goiana,1,Community,Mammals
63,rhinella_mirandaribeiroi,1,Community,Mammals
63,scinax_nasicus,1,Community,Mammals
63,leptodactylus_luctator,1,Community,Mammals
63,dendropsophus_elianeae,1,Community,Mammals
63,dendropsophus_rubicundulus,1,Community,Mammals
63,proceratophrys_vielliardi,1,Community,Mammals
63,physalaemus_marmoratus,1,Community,Mammals
63,dendropsophus_anataliasiasi,1,Community,Mammals
63,adenomera_saci,1,Community,Mammals
63,dendropsophus_soaresi,1,Community,Mammals
63,pseudopaludicola_ternetzi,1,Community,Mammals
63,leptodactylus_mystaceus,1,Community,Mammals
63,leptodactylus_sertanejo,1,Community,Mammals
63,aquarana_catesbeianus,1,Community,Mammals
63,leptodactylus_macrosternum,1,Community,Mammals
63,physalaemus_nattereri,1,Community,Mammals
63,boana_paranaiba,1,Community,Mammals
63,leptodactylus_podicipinus,1,Community,Mammals
63,allobates_goianus,1,Community,Mammals
63,pseudopaludicola_saltica,1,Community,Mammals
63,bokermannohyla_sapiranga,1,Community,Mammals
63,ololygon_skaios,1,Community,Mammals
63,ololygon_skaios,1,Community,Mammals
63,aplastodiscus_lutzorum,1,Community,Mammals
63,proceratophrys_goyana,1,Community,Mammals
63,scinax_x-signatus,1,Community,Mammals
63,chiasmocleis_albopunctata,1,Community,Mammals
63,leptodactylus_mystacinus,1,Community,Mammals
63,scinax_fuscomarginatus,1,Community,Mammals
63,pseudopaludicola_mystacalis,1,Community,Mammals
63,barycholos_ternetzi,1,Community,Mammals
63,boana_albopunctata,1,Community,Mammals
63,trachycephalus_typhonius,1,Community,Mammals
63,pithecopus_oreades,1,Community,Mammals
63,leptodactylus_spixi,1,Community,Mammals
64,leporillu,0,Community,Mammals
64,aspidites_ramsayi,1,Community,Mammals
64,egernia_stokesii,1,Community,Mammals
64,ctenophorus_nuchalis,1,Community,Mammals
64,ctenophorus_tjantjalka,1,Community,Mammals
64,delma_fraseri,1,Community,Mammals
64,ctenotus_helenae,1,Community,Mammals
64,egernia_kingii,1,Community,Mammals
64,nephrurus_levis,1,Community,Mammals
64,diplodactylus_granariensis,1,Community,Mammals
64,liopholis_striata,1,Community,Mammals
64,antaresia_perthensis,1,Community,Mammals
64,antaresia_stimsoni,1,Community,Mammals
64,aspidites_melanocephalus,1,Community,Mammals
64,diporiphora_reginae,1,Community,Mammals
64,diporiphora_valens,1,Community,Mammals
64,gowidon_longirostris,1,Community,Mammals
64,varanus_panoptes,1,Community,Mammals
64,acanthophis_pyrrhus,1,Community,Mammals
64,furina_ornata,1,Community,Mammals
64,pseudechis_australis,1,Community,Mammals
64,pseudonaja_modesta,1,Community,Mammals
64,heteronotia_binoei,1,Community,Mammals
64,ctenophorus_rufescens,1,Community,Mammals
64,ctenophorus_cristatus,1,Community,Mammals
64,ctenophorus_fordi,1,Community,Mammals
64,ctenophorus_isolepis,1,Community,Mammals
64,ctenophorus_reticulatus,1,Community,Mammals
64,ctenophorus_scutulatus,1,Community,Mammals
64,diporiphora_amphiboluroides,1,Community,Mammals
64,pogona_minor,1,Community,Mammals
64,pogona_vitticeps,1,Community,Mammals
64,tympanocryptis_tetraporophora,1,Community,Mammals
64,varanus_brevicauda,1,Community,Mammals
64,varanus_eremius,1,Community,Mammals
64,varanus_gilleni,1,Community,Mammals
64,varanus_gouldii,1,Community,Mammals
64,varanus_tristis,1,Community,Mammals
64,crenadactylus_ocellatus,1,Community,Mammals
64,diplodactylus_kenneallyi,1,Community,Mammals
64,lucasium_bungabinna,1,Community,Mammals
64,rhynchoedura_eyrensis,1,Community,Mammals
64,strophurus_elderi,1,Community,Mammals
64,demansia_reticulata,1,Community,Mammals
64,suta_monachus,1,Community,Mammals
64,simoselaps_anomalus,1,Community,Mammals
64,suta_suta,1,Community,Mammals
64,gehyra_punctata,1,Community,Mammals
64,gehyra_variegata,1,Community,Mammals
64,delma_borea,1,Community,Mammals
64,delma_nasuta,1,Community,Mammals
64,delma_petersoni,1,Community,Mammals
64,pygopus_nigriceps,1,Community,Mammals
64,anilios_margaretae,1,Community,Mammals
64,ctenophorus_graafi,1,Community,Mammals
64,ctenophorus_slateri,1,Community,Mammals
64,crenadactylus_pilbarensis,1,Community,Mammals
64,cryptoblepharus_australis,1,Community,Mammals
64,cryptoblepharus_buchananii,1,Community,Mammals
64,cryptoblepharus_ochrus,1,Community,Mammals
64,cryptoblepharus_plagiocephalus,1,Community,Mammals
64,ctenotus_ariadnae,1,Community,Mammals
64,ctenotus_atlas,1,Community,Mammals
64,ctenotus_calurus,1,Community,Mammals
64,ctenotus_grandis,1,Community,Mammals
64,ctenotus_mimetes,1,Community,Mammals
64,ctenotus_nasutus,1,Community,Mammals
64,ctenotus_saxatilis,1,Community,Mammals
64,ctenotus_schomburgkii,1,Community,Mammals
64,ctenotus_uber,1,Community,Mammals
64,cyclodomorphus_melanops,1,Community,Mammals
64,egernia_depressa,1,Community,Mammals
64,egernia_eos,1,Community,Mammals
64,egernia_formosa,1,Community,Mammals
64,eremiascincus_richardsonii,1,Community,Mammals
64,lerista_bipes,1,Community,Mammals
64,lerista_desertorum,1,Community,Mammals
64,lerista_eupoda,1,Community,Mammals
64,lerista_kingi,1,Community,Mammals
64,lerista_muelleri,1,Community,Mammals
64,lerista_timida,1,Community,Mammals
64,lerista_speciosa,1,Community,Mammals
64,menetia_greyii,1,Community,Mammals
64,morethia_butleri,1,Community,Mammals
64,tiliqua_multifasciata,1,Community,Mammals
64,tiliqua_occipitalis,1,Community,Mammals
64,tiliqua_scincoides,1,Community,Mammals
64,carlia_triacantha,1,Community,Mammals
64,ctenotus_piankai,1,Community,Mammals
64,ctenotus_septenarius,1,Community,Mammals
64,liopholis_kintorei,1,Community,Mammals
64,ctenophorus_ornatus,1,Community,Mammals
64,vermicella_snelli,1,Community,Mammals
64,lerista_taeniata,1,Community,Mammals
64,proablepharus_reginae,1,Community,Mammals
64,nephrurus_wheeleri,1,Community,Mammals
64,anilios_endoterus,1,Community,Mammals
64,gehyra_pilbara,1,Community,Mammals
64,morethia_boulengeri,1,Community,Mammals
64,ctenotus_leonhardii,1,Community,Mammals
64,strophurus_ciliaris,1,Community,Mammals
64,anilios_hamatus,1,Community,Mammals
64,anilios_bicolor,1,Community,Mammals
64,liopholis_inornata,1,Community,Mammals
64,strophurus_jeanae,1,Community,Mammals
64,anilios_waitii,1,Community,Mammals
64,underwoodisaurus_milii,1,Community,Mammals
64,diporiphora_winneckei,1,Community,Mammals
64,lialis_burtonis,1,Community,Mammals
64,acanthophis_wellsi,1,Community,Mammals
64,demansia_calodera,1,Community,Mammals
64,demansia_shinei,1,Community,Mammals
64,oxyuranus_temporalis,1,Community,Mammals
64,pseudechis_butleri,1,Community,Mammals
64,pseudonaja_mengdeni,1,Community,Mammals
64,ctenophorus_caudicinctus,1,Community,Mammals
64,ctenophorus_clayi,1,Community,Mammals
64,ctenophorus_maculatus,1,Community,Mammals
64,ctenophorus_pictus,1,Community,Mammals
64,ctenophorus_salinarum,1,Community,Mammals
64,diporiphora_paraconvergens,1,Community,Mammals
64,moloch_horridus,1,Community,Mammals
64,tympanocryptis_centralis,1,Community,Mammals
64,varanus_acanthurus,1,Community,Mammals
64,varanus_bushi,1,Community,Mammals
64,varanus_caudolineatus,1,Community,Mammals
64,varanus_giganteus,1,Community,Mammals
64,tympanocryptis_pseudopsephos,1,Community,Mammals
64,nephrurus_amyae,1,Community,Mammals
64,nephrurus_laevissimus,1,Community,Mammals
64,nephrurus_vertebralis,1,Community,Mammals
64,diplodactylus_bilybara,1,Community,Mammals
64,diplodactylus_laevis,1,Community,Mammals
64,diplodactylus_conspicillatus,1,Community,Mammals
64,diplodactylus_galeatus,1,Community,Mammals
64,diplodactylus_pulcher,1,Community,Mammals
64,diplodactylus_tessellatus,1,Community,Mammals
64,diplodactylus_wiru,1,Community,Mammals
64,lucasium_damaeum,1,Community,Mammals
64,lucasium_squarrosum,1,Community,Mammals
64,lucasium_stenodactylus,1,Community,Mammals
64,oedura_fimbria,1,Community,Mammals
64,rhynchoedura_ornata,1,Community,Mammals
64,strophurus_assimilis,1,Community,Mammals
64,strophurus_intermedius,1,Community,Mammals
64,strophurus_strophurus,1,Community,Mammals
64,strophurus_wellingtonae,1,Community,Mammals
64,strophurus_wilsoni,1,Community,Mammals
64,brachyurophis_approximans,1,Community,Mammals
64,brachyurophis_fasciolatus,1,Community,Mammals
64,brachyurophis_semifasciatus,1,Community,Mammals
64,narophis_bimaculatus,1,Community,Mammals
64,simoselaps_bertholdi,1,Community,Mammals
64,suta_fasciata,1,Community,Mammals
64,suta_punctata,1,Community,Mammals
64,gehyra_montium,1,Community,Mammals
64,gehyra_pulingka,1,Community,Mammals
64,gehyra_purpurascens,1,Community,Mammals
64,gehyra_versicolor,1,Community,Mammals
64,aprasia_inaurita,1,Community,Mammals
64,aprasia_picturata,1,Community,Mammals
64,delma_australis,1,Community,Mammals
64,delma_butleri,1,Community,Mammals
64,delma_desmosa,1,Community,Mammals
64,delma_pax,1,Community,Mammals
64,delma_tincta,1,Community,Mammals
64,anilios_bituberculatus,1,Community,Mammals
64,anilios_centralis,1,Community,Mammals
64,anilios_grypus,1,Community,Mammals
64,ctenophorus_infans,1,Community,Mammals
64,crenadactylus_horni,1,Community,Mammals
64,ctenotus_alacer,1,Community,Mammals
64,ctenotus_brooksi,1,Community,Mammals
64,ctenotus_dux,1,Community,Mammals
64,ctenotus_greeri,1,Community,Mammals
64,ctenotus_hanloni,1,Community,Mammals
64,ctenotus_labillardieri,1,Community,Mammals
64,ctenotus_leae,1,Community,Mammals
64,ctenotus_pantherinus,1,Community,Mammals
64,ctenotus_quattuordecimlineatus,1,Community,Mammals
64,ctenotus_regius,1,Community,Mammals
64,ctenotus_severus,1,Community,Mammals
64,ctenotus_strauchii,1,Community,Mammals
64,eremiascincus_pallidus,1,Community,Mammals
64,eremiascincus_phantasmus,1,Community,Mammals
64,lerista_amicorum,1,Community,Mammals
64,lerista_gerrardii,1,Community,Mammals
64,lerista_ips,1,Community,Mammals
64,lerista_labialis,1,Community,Mammals
64,lerista_macropisthopus,1,Community,Mammals
64,lerista_neander,1,Community,Mammals
64,lerista_nichollsi,1,Community,Mammals
64,lerista_xanthura,1,Community,Mammals
64,morethia_adelaidensis,1,Community,Mammals
64,morethia_ruficauda,1,Community,Mammals
64,notoscincus_ornatus,1,Community,Mammals
64,liopholis_margaretae,1,Community,Mammals
64,chalinolobus_gouldii,1,Community,Mammals
64,dasycercus_blythi,1,Community,Mammals
64,vespadelus_baverstocki,1,Community,Mammals
64,isoodon_auratus,1,Community,Mammals
64,lagorchestes_hirsutus,1,Community,Mammals
64,leggadina_forresti,1,Community,Mammals
64,macrotis_lagotis,1,Community,Mammals
64,notoryctes_caurinus,1,Community,Mammals
64,notoryctes_typhlops,1,Community,Mammals
64,scotorepens_greyii,1,Community,Mammals
64,petrogale_lateralis,1,Community,Mammals
64,pseudomys_desertor,1,Community,Mammals
64,pseudomys_desertor,1,Community,Mammals
64,saccolaimus_flaviventris,1,Community,Mammals
64,taphozous_georgianus,1,Community,Mammals
64,taphozous_hilli,1,Community,Mammals
64,zyzomys_argurus,1,Community,Mammals
64,dasykaluta_rosamondae,1,Community,Mammals
64,ningaui_ridei,1,Community,Mammals
64,ningaui_timealeyi,1,Community,Mammals
64,pseudantechinus_macdonnellensis,1,Community,Mammals
64,pseudantechinus_woolleyae,1,Community,Mammals
64,sminthopsis_crassicaudata,1,Community,Mammals
64,sminthopsis_hirtipes,1,Community,Mammals
64,sminthopsis_macroura,1,Community,Mammals
64,sminthopsis_ooldea,1,Community,Mammals
64,sminthopsis_youngsoni,1,Community,Mammals
64,osphranter_rufus,1,Community,Mammals
64,tachyglossus_aculeatus,1,Community,Mammals
64,pseudomys_chapmani,1,Community,Mammals
64,pseudantechinus_roryi,1,Community,Mammals
64,setirostris_eleryi,1,Community,Mammals
64,ozimops_petersi,1,Community,Mammals
64,ozimops_planiceps,1,Community,Mammals
64,nyctophilus_major,1,Community,Mammals
64,pseudomys_gouldii,1,Community,Mammals
64,antechinomys_laniger,1,Community,Mammals
64,chalinolobus_morio,1,Community,Mammals
64,vespadelus_finlaysoni,1,Community,Mammals
64,leporillus_apicalis,1,Community,Mammals
64,macroderma_gigas,1,Community,Mammals
64,mus_musculus,1,Community,Mammals
64,notomys_alexis,1,Community,Mammals
64,notomys_mitchellii,1,Community,Mammals
64,scotorepens_balstoni,1,Community,Mammals
64,nyctophilus_geoffroyi,1,Community,Mammals
64,pseudomys_hermannsburgensis,1,Community,Mammals
64,rattus_villosissimus,1,Community,Mammals
64,austronomus_australis,1,Community,Mammals
64,vulpes_vulpes,1,Community,Mammals
64,antechinomys_longicaudatus,1,Community,Mammals
64,macropus_fuliginosus,1,Community,Mammals
64,osphranter_robustus,1,Community,Mammals
64,trichosurus_vulpecula,1,Community,Mammals
64,pseudomys_bolami,1,Community,Mammals
64,ozimops_lumsdenae,1,Community,Mammals
64,planigale_kendricki,1,Community,Mammals
64,cyclorana_occidentalis,1,Community,Mammals
64,cyclorana_platycephala,1,Community,Mammals
64,litoria_rubella,1,Community,Mammals
64,neobatrachus_sutor,1,Community,Mammals
64,platyplectrum_spenceri,1,Community,Mammals
64,pseudophryne_robinsoni,1,Community,Mammals
64,neobatrachus_wilsmorei,1,Community,Mammals
64,notaden_nichollsi,1,Community,Mammals
64,pseudophryne_occidentalis,1,Community,Mammals
64,cyclorana_maini,1,Community,Mammals
64,neobatrachus_sudelli,1,Community,Mammals
65,elaphurus_,0,Community,Mammals
65,sphenomorphus_indicus,1,Community,Mammals
65,calamaria_septentrionalis,1,Community,Mammals
65,hydrophis_platurus,1,Community,Mammals
65,oocatochus_rufodorsatus,1,Community,Mammals
65,pareas_boulengeri,1,Community,Mammals
65,gekko_swinhonis,1,Community,Mammals
65,hebius_craspedogaster,1,Community,Mammals
65,elaphe_davidi,1,Community,Mammals
65,rhabdophis_tigrinus,1,Community,Mammals
65,lycodon_rufozonatus,1,Community,Mammals
65,sibynophis_chinensis,1,Community,Mammals
65,plestiodon_elegans,1,Community,Mammals
65,takydromus_septentrionalis,1,Community,Mammals
65,scincella_modesta,1,Community,Mammals
65,eretmochelys_imbricata,1,Community,Mammals
65,lepidochelys_olivacea,1,Community,Mammals
65,elaphe_dione,1,Community,Mammals
65,oligodon_chinensis,1,Community,Mammals
65,orientocoluber_spinalis,1,Community,Mammals
65,elaphe_carinata,1,Community,Mammals
65,ptyas_dhumnades,1,Community,Mammals
65,euprepiophis_mandarinus,1,Community,Mammals
65,elaphe_taeniura,1,Community,Mammals
65,plestiodon_capito,1,Community,Mammals
65,elaphe_anomala,1,Community,Mammals
65,eremias_argus,1,Community,Mammals
65,eremias_brenchleyi,1,Community,Mammals
65,takydromus_wolteri,1,Community,Mammals
65,dopasia_harti,1,Community,Mammals
65,phrynocephalus_frontalis,1,Community,Mammals
65,apodemus_peninsulae,1,Community,Mammals
65,balaenoptera_acutorostrata,1,Community,Mammals
65,balaenoptera_borealis,1,Community,Mammals
65,balaenoptera_physalus,1,Community,Mammals
65,catopuma_temminckii,1,Community,Mammals
65,cricetulus_barabensis,1,Community,Mammals
65,globicephala_macrorhynchus,1,Community,Mammals
65,kogia_breviceps,1,Community,Mammals
65,lagenorhynchus_obliquidens,1,Community,Mammals
65,lasiopodomys_mandarinus,1,Community,Mammals
65,lutra_lutra,1,Community,Mammals
65,murina_leucogaster,1,Community,Mammals
65,myospalax_psilurus,1,Community,Mammals
65,myotis_pequinius,1,Community,Mammals
65,myotis_pilosus,1,Community,Mammals
65,panthera_pardus,1,Community,Mammals
65,panthera_tigris,1,Community,Mammals
65,pipistrellus_abramus,1,Community,Mammals
65,pseudorca_crassidens,1,Community,Mammals
65,rattus_rattus,1,Community,Mammals
65,rhinolophus_ferrumequinum,1,Community,Mammals
65,steno_bredanensis,1,Community,Mammals
65,ursus_thibetanus,1,Community,Mammals
65,ziphius_cavirostris,1,Community,Mammals
65,erinaceus_amurensis,1,Community,Mammals
65,mesechinus_dauuricus,1,Community,Mammals
65,chimarrogale_himalayica,1,Community,Mammals
65,lepus_tolai,1,Community,Mammals
65,scaptochirus_moschatus,1,Community,Mammals
65,melogale_moschata,1,Community,Mammals
65,mustela_sibirica,1,Community,Mammals
65,viverricula_indica,1,Community,Mammals
65,physeter_macrocephalus,1,Community,Mammals
65,meles_leucurus,1,Community,Mammals
65,arctonyx_albogularis,1,Community,Mammals
65,arctonyx_albogularis,1,Community,Mammals
65,cnephaeus_pachyomus,1,Community,Mammals
65,myotis_fimbriatus,1,Community,Mammals
65,apodemus_agrarius,1,Community,Mammals
65,balaenoptera_musculus,1,Community,Mammals
65,canis_lupus,1,Community,Mammals
65,crocidura_shantungensis,1,Community,Mammals
65,elaphurus_davidianus,1,Community,Mammals
65,eschrichtius_robustus,1,Community,Mammals
65,hydropotes_inermis,1,Community,Mammals
65,kogia_sima,1,Community,Mammals
65,megaptera_novaeangliae,1,Community,Mammals
65,micromys_minutus,1,Community,Mammals
65,mus_musculus,1,Community,Mammals
65,niviventer_confucianus,1,Community,Mammals
65,nyctereutes_procyonoides,1,Community,Mammals
65,orcinus_orca,1,Community,Mammals
65,rattus_tanezumi,1,Community,Mammals
65,spermophilus_dauricus,1,Community,Mammals
65,stenella_attenuata,1,Community,Mammals
65,stenella_coeruleoalba,1,Community,Mammals
65,stenella_longirostris,1,Community,Mammals
65,eutamias_sibiricus,1,Community,Mammals
65,tscherskia_triton,1,Community,Mammals
65,tursiops_truncatus,1,Community,Mammals
65,vespertilio_sinensis,1,Community,Mammals
65,vulpes_vulpes,1,Community,Mammals
65,mustela_eversmanii,1,Community,Mammals
65,crocidura_lasiura,1,Community,Mammals
65,urva_urva,1,Community,Mammals
65,paguma_larvata,1,Community,Mammals
65,neophocaena_asiaeorientalis,1,Community,Mammals
65,sus_scrofa,1,Community,Mammals
65,myotis_davidii,1,Community,Mammals
65,myotis_laniger,1,Community,Mammals
65,hypsugo_alaschanicus,1,Community,Mammals
65,delphinus_delphis,1,Community,Mammals
65,sciurus_vulgaris,1,Community,Mammals
65,prionailurus_bengalensis,1,Community,Mammals
65,fejervarya_multistriata,1,Community,Mammals
65,rana_chensinensis,1,Community,Mammals
65,strauchbufo_raddei,1,Community,Mammals
65,polypedates_braueri,1,Community,Mammals
65,pelophylax_nigromaculatus,1,Community,Mammals
65,dryophytes_immaculatus,1,Community,Mammals
65,hoplobatrachus_rugulosus,1,Community,Mammals
65,kaloula_borealis,1,Community,Mammals
65,bufo_gargarizans,1,Community,Mammals
65,fejervarya_kawamurai,1,Community,Mammals
65,pelophylax_plancyi,1,Community,Mammals
65,sphenomorphus_indicus,1,Community,Mammals
65,oocatochus_rufodorsatus,1,Community,Mammals
65,plagiopholis_styani,1,Community,Mammals
65,gekko_swinhonis,1,Community,Mammals
65,protobothrops_mucrosquamatus,1,Community,Mammals
65,deinagkistrodon_acutus,1,Community,Mammals
65,hebius_craspedogaster,1,Community,Mammals
65,pseudoxenodon_macrops,1,Community,Mammals
65,sinomicrurus_macclellandi,1,Community,Mammals
65,rhabdophis_tigrinus,1,Community,Mammals
65,trimerodytes_annularis,1,Community,Mammals
65,lycodon_rufozonatus,1,Community,Mammals
65,trimerodytes_percarinatus,1,Community,Mammals
65,lycodon_fasciatus,1,Community,Mammals
65,achalinus_spinalis,1,Community,Mammals
65,sibynophis_chinensis,1,Community,Mammals
65,gekko_japonicus,1,Community,Mammals
65,plestiodon_elegans,1,Community,Mammals
65,takydromus_septentrionalis,1,Community,Mammals
65,scincella_modesta,1,Community,Mammals
65,plestiodon_chinensis,1,Community,Mammals
65,elaphe_dione,1,Community,Mammals
65,indotyphlops_braminus,1,Community,Mammals
65,hemidactylus_garnotii,1,Community,Mammals
65,protobothrops_jerdonii,1,Community,Mammals
65,oligodon_chinensis,1,Community,Mammals
65,orientocoluber_spinalis,1,Community,Mammals
65,elaphe_carinata,1,Community,Mammals
65,elaphe_bimaculata,1,Community,Mammals
65,ptyas_major,1,Community,Mammals
65,boiga_kraepelini,1,Community,Mammals
65,ptyas_dhumnades,1,Community,Mammals
65,lycodon_ruhstrati,1,Community,Mammals
65,trimeresurus_stejnegeri,1,Community,Mammals
65,euprepiophis_mandarinus,1,Community,Mammals
65,pseudoxenodon_stejnegeri,1,Community,Mammals
65,elaphe_taeniura,1,Community,Mammals
65,opisthotropis_latouchii,1,Community,Mammals
65,plestiodon_capito,1,Community,Mammals
65,eremias_argus,1,Community,Mammals
65,lycodon_liuchengchaoi,1,Community,Mammals
65,diploderma_micangshanensis,1,Community,Mammals
65,diploderma_splendidum,1,Community,Mammals
65,sphenomorphus_incognitus,1,Community,Mammals
65,apodemus_peninsulae,1,Community,Mammals
65,callosciurus_erythraeus,1,Community,Mammals
65,catopuma_temminckii,1,Community,Mammals
65,ia_io,1,Community,Mammals
65,lipotes_vexillifer,1,Community,Mammals
65,lutra_lutra,1,Community,Mammals
65,murina_leucogaster,1,Community,Mammals
65,myospalax_psilurus,1,Community,Mammals
65,myotis_pequinius,1,Community,Mammals
65,niviventer_fulvescens,1,Community,Mammals
65,panthera_pardus,1,Community,Mammals
65,panthera_tigris,1,Community,Mammals
65,pipistrellus_abramus,1,Community,Mammals
65,rattus_rattus,1,Community,Mammals
65,rhinolophus_ferrumequinum,1,Community,Mammals
65,ursus_thibetanus,1,Community,Mammals
65,erinaceus_amurensis,1,Community,Mammals
65,mesechinus_dauuricus,1,Community,Mammals
65,chimarrogale_himalayica,1,Community,Mammals
65,lepus_tolai,1,Community,Mammals
65,scaptochirus_moschatus,1,Community,Mammals
65,melogale_moschata,1,Community,Mammals
65,mustela_sibirica,1,Community,Mammals
65,viverra_zibetha,1,Community,Mammals
65,viverricula_indica,1,Community,Mammals
65,muntiacus_reevesi,1,Community,Mammals
65,meles_leucurus,1,Community,Mammals
65,nyctalus_plancyi,1,Community,Mammals
65,crocidura_attenuata,1,Community,Mammals
65,arctonyx_albogularis,1,Community,Mammals
65,arctonyx_albogularis,1,Community,Mammals
65,cnephaeus_pachyomus,1,Community,Mammals
65,apodemus_agrarius,1,Community,Mammals
65,canis_lupus,1,Community,Mammals
65,crocidura_shantungensis,1,Community,Mammals
65,elaphodus_cephalophus,1,Community,Mammals
65,elaphurus_davidianus,1,Community,Mammals
65,eothenomys_melanogaster,1,Community,Mammals
65,hipposideros_pratti,1,Community,Mammals
65,hystrix_brachyura,1,Community,Mammals
65,macaca_mulatta,1,Community,Mammals
65,micromys_minutus,1,Community,Mammals
65,mus_musculus,1,Community,Mammals
65,neofelis_nebulosa,1,Community,Mammals
65,niviventer_confucianus,1,Community,Mammals
65,nyctereutes_procyonoides,1,Community,Mammals
65,ondatra_zibethicus,1,Community,Mammals
65,rattus_nitidus,1,Community,Mammals
65,rattus_tanezumi,1,Community,Mammals
65,scotomanes_ornatus,1,Community,Mammals
65,spermophilus_dauricus,1,Community,Mammals
65,eutamias_sibiricus,1,Community,Mammals
65,tscherskia_triton,1,Community,Mammals
65,vespertilio_sinensis,1,Community,Mammals
65,vulpes_vulpes,1,Community,Mammals
65,mustela_eversmanii,1,Community,Mammals
65,rhinolophus_sinicus,1,Community,Mammals
65,paguma_larvata,1,Community,Mammals
65,neophocaena_asiaeorientalis,1,Community,Mammals
65,sus_scrofa,1,Community,Mammals
65,myotis_davidii,1,Community,Mammals
65,hypsugo_alaschanicus,1,Community,Mammals
65,prionailurus_bengalensis,1,Community,Mammals
65,fejervarya_multistriata,1,Community,Mammals
65,pelophylax_hubeiensis,1,Community,Mammals
65,rana_chensinensis,1,Community,Mammals
65,microhyla_fissipes,1,Community,Mammals
65,rana_zhenhaiensis,1,Community,Mammals
65,strauchbufo_raddei,1,Community,Mammals
65,polypedates_braueri,1,Community,Mammals
65,pelophylax_nigromaculatus,1,Community,Mammals
65,hoplobatrachus_rugulosus,1,Community,Mammals
65,kaloula_borealis,1,Community,Mammals
65,bufo_gargarizans,1,Community,Mammals
65,fejervarya_kawamurai,1,Community,Mammals
65,pelophylax_plancyi,1,Community,Mammals
65,odorrana_schmackeri,1,Community,Mammals
65,quasipaa_boulengeri,1,Community,Mammals
65,hylarana_guentheri,1,Community,Mammals
66,scelotes,0,Community,Reptiles
66,caretta_caretta,1,Community,Reptiles
66,chelonia_mydas,1,Community,Reptiles
66,lycodonomorphus_inornatus,1,Community,Reptiles
66,amblyodipsas_concolor,1,Community,Reptiles
66,aparallactus_capensis,1,Community,Reptiles
66,chamaeleo_dilepis,1,Community,Reptiles
66,hydrophis_platurus,1,Community,Reptiles
66,hemidactylus_mabouia,1,Community,Reptiles
66,varanus_niloticus,1,Community,Reptiles
66,crotaphopeltis_hotamboeia,1,Community,Reptiles
66,dasypeltis_inornata,1,Community,Reptiles
66,dendroaspis_angusticeps,1,Community,Reptiles
66,psammophylax_rhombeatus,1,Community,Reptiles
66,atractaspis_bibronii,1,Community,Reptiles
66,agama_aculeata,1,Community,Reptiles
66,trachylepis_varia,1,Community,Reptiles
66,trachylepis_varia,1,Community,Reptiles
66,trachylepis_varia,1,Community,Reptiles
66,trachylepis_varia,1,Community,Reptiles
66,trachylepis_varia,1,Community,Reptiles
66,varanus_albigularis,1,Community,Reptiles
66,afrotyphlops_bibronii,1,Community,Reptiles
66,scelotes_guentheri,1,Community,Reptiles
66,pseudaspis_cana,1,Community,Reptiles
66,macrelaps_microlepidotus,1,Community,Reptiles
66,lycodonomorphus_laevissimus,1,Community,Reptiles
66,lycodonomorphus_rufulus,1,Community,Reptiles
66,philothamnus_occidentalis,1,Community,Reptiles
66,chamaesaura_anguina,1,Community,Reptiles
66,chamaesaura_macrolepis,1,Community,Reptiles
66,elapsoidea_sundevallii,1,Community,Reptiles
66,trachylepis_capensis,1,Community,Reptiles
66,tetradactylus_africanus,1,Community,Reptiles
66,pelomedusa_galeata,1,Community,Reptiles
66,afroedura_pondolia,1,Community,Reptiles
66,dermochelys_coriacea,1,Community,Reptiles
66,eretmochelys_imbricata,1,Community,Reptiles
66,indotyphlops_braminus,1,Community,Reptiles
66,lamprophis_aurora,1,Community,Reptiles
66,duberria_lutrix,1,Community,Reptiles
66,gracililima_nyassae,1,Community,Reptiles
66,dendroaspis_polylepis,1,Community,Reptiles
66,scelotes_mossambicus,1,Community,Reptiles
66,scelotes_inornatus,1,Community,Reptiles
66,lycophidion_capense,1,Community,Reptiles
66,dispholidus_typus,1,Community,Reptiles
66,lygodactylus_capensis,1,Community,Reptiles
66,bitis_arietans,1,Community,Reptiles
66,philothamnus_semivariegatus,1,Community,Reptiles
66,panaspis_wahlbergii,1,Community,Reptiles
66,gerrhosaurus_flavigularis,1,Community,Reptiles
66,amblyodipsas_polylepis,1,Community,Reptiles
66,python_natalensis,1,Community,Reptiles
66,causus_rhombeatus,1,Community,Reptiles
66,causus_defilippii,1,Community,Reptiles
66,naja_mossambica,1,Community,Reptiles
66,bradypodion_melanocephalum,1,Community,Reptiles
66,philothamnus_hoplogaster,1,Community,Reptiles
66,leptotyphlops_conjunctus,1,Community,Reptiles
66,leptotyphlops_scutifrons,1,Community,Reptiles
66,psammophis_brevirostris,1,Community,Reptiles
66,psammophis_mossambicus,1,Community,Reptiles
66,limaformosa_capensis,1,Community,Reptiles
66,philothamnus_natalensis,1,Community,Reptiles
66,dasypeltis_scabra,1,Community,Reptiles
66,acontias_plumbeus,1,Community,Reptiles
66,thelotornis_capensis,1,Community,Reptiles
66,boaedon_capensis,1,Community,Reptiles
66,micaelamys_namaquensis,1,Community,Reptiles
66,arctocephalus_pusillus,1,Community,Reptiles
66,balaenoptera_acutorostrata,1,Community,Reptiles
66,balaenoptera_borealis,1,Community,Reptiles
66,balaenoptera_edeni,1,Community,Reptiles
66,balaenoptera_physalus,1,Community,Reptiles
66,balaenoptera_bonaerensis,1,Community,Reptiles
66,lupulella_mesomelas,1,Community,Reptiles
66,caperea_marginata,1,Community,Reptiles
66,dasymys_incomtus,1,Community,Reptiles
66,poemys_melanotis,1,Community,Reptiles
66,diceros_bicornis,1,Community,Reptiles
66,feresa_attenuata,1,Community,Reptiles
66,globicephala_macrorhynchus,1,Community,Reptiles
66,globicephala_melas,1,Community,Reptiles
66,grammomys_dolichurus,1,Community,Reptiles
66,kogia_breviceps,1,Community,Reptiles
66,lagenodelphis_hosei,1,Community,Reptiles
66,lemniscomys_rosalia,1,Community,Reptiles
66,lissodelphis_peronii,1,Community,Reptiles
66,mastomys_natalensis,1,Community,Reptiles
66,mesoplodon_layardii,1,Community,Reptiles
66,mus_minutoides,1,Community,Reptiles
66,myosorex_sclateri,1,Community,Reptiles
66,myotis_tricolor,1,Community,Reptiles
66,nycteris_thebaica,1,Community,Reptiles
66,otomops_martiensseni,1,Community,Reptiles
66,otomys_angoniensis,1,Community,Reptiles
66,otomys_laminatus,1,Community,Reptiles
66,panthera_pardus,1,Community,Reptiles
66,papio_ursinus,1,Community,Reptiles
66,peponocephala_electra,1,Community,Reptiles
66,pseudorca_crassidens,1,Community,Reptiles
66,rattus_rattus,1,Community,Reptiles
66,redunca_arundinum,1,Community,Reptiles
66,rhinolophus_clivosus,1,Community,Reptiles
66,rhinolophus_landeri,1,Community,Reptiles
66,rhinolophus_swinnyi,1,Community,Reptiles
66,scotoecus_albofuscus,1,Community,Reptiles
66,scotophilus_dinganii,1,Community,Reptiles
66,steno_bredanensis,1,Community,Reptiles
66,sylvicapra_grimmia,1,Community,Reptiles
66,taphozous_mauritianus,1,Community,Reptiles
66,thryonomys_swinderianus,1,Community,Reptiles
66,tragelaphus_scriptus,1,Community,Reptiles
66,ziphius_cavirostris,1,Community,Reptiles
66,rousettus_aegyptiacus,1,Community,Reptiles
66,crocidura_cyanea,1,Community,Reptiles
66,crocidura_mariquensis,1,Community,Reptiles
66,suncus_lixa,1,Community,Reptiles
66,orycteropus_afer,1,Community,Reptiles
66,atilax_paludinosus,1,Community,Reptiles
66,herpestes_ichneumon,1,Community,Reptiles
66,mungos_mungo,1,Community,Reptiles
66,physeter_macrocephalus,1,Community,Reptiles
66,procavia_capensis,1,Community,Reptiles
66,lepus_victoriae,1,Community,Reptiles
66,epomophorus_crypturus,1,Community,Reptiles
66,glauconycteris_variegata,1,Community,Reptiles
66,miniopterus_natalensis,1,Community,Reptiles
66,laephotis_capensis,1,Community,Reptiles
66,neoromicia_zuluensis,1,Community,Reptiles
66,sousa_plumbea,1,Community,Reptiles
66,otomys_auratus,1,Community,Reptiles
66,cryptomys_natalensis,1,Community,Reptiles
66,rhabdomys_dilectus,1,Community,Reptiles
66,felis_lybica,1,Community,Reptiles
66,acinonyx_jubatus,1,Community,Reptiles
66,aonyx_capensis,1,Community,Reptiles
66,balaenoptera_musculus,1,Community,Reptiles
66,balaenoptera_musculus,1,Community,Reptiles
66,philantomba_monticola,1,Community,Reptiles
66,cephalophus_natalensis,1,Community,Reptiles
66,ceratotherium_simum,1,Community,Reptiles
66,crocidura_maquassiensis,1,Community,Reptiles
66,crocidura_flavescens,1,Community,Reptiles
66,dendrohyrax_arboreus,1,Community,Reptiles
66,dendromus_mesomelas,1,Community,Reptiles
66,dendromus_mystacalis,1,Community,Reptiles
66,eidolon_helvum,1,Community,Reptiles
66,epomophorus_wahlbergi,1,Community,Reptiles
66,eubalaena_australis,1,Community,Reptiles
66,grampus_griseus,1,Community,Reptiles
66,graphiurus_murinus,1,Community,Reptiles
66,hyperoodon_planifrons,1,Community,Reptiles
66,hystrix_africaeaustralis,1,Community,Reptiles
66,kogia_sima,1,Community,Reptiles
66,leptailurus_serval,1,Community,Reptiles
66,lycaon_pictus,1,Community,Reptiles
66,megaptera_novaeangliae,1,Community,Reptiles
66,mesoplodon_densirostris,1,Community,Reptiles
66,miniopterus_fraterculus,1,Community,Reptiles
66,mus_musculus,1,Community,Reptiles
66,myotis_welwitschii,1,Community,Reptiles
66,orcinus_orca,1,Community,Reptiles
66,otolemur_crassicaudatus,1,Community,Reptiles
66,panthera_leo,1,Community,Reptiles
66,proteles_cristatus,1,Community,Reptiles
66,rattus_norvegicus,1,Community,Reptiles
66,rhinolophus_simulator,1,Community,Reptiles
66,stenella_attenuata,1,Community,Reptiles
66,stenella_coeruleoalba,1,Community,Reptiles
66,stenella_longirostris,1,Community,Reptiles
66,nyctinomus_aegyptiacus,1,Community,Reptiles
66,tragelaphus_oryx,1,Community,Reptiles
66,tursiops_truncatus,1,Community,Reptiles
66,indopacetus_pacificus,1,Community,Reptiles
66,equus_quagga,1,Community,Reptiles
66,pronolagus_crassicaudatus,1,Community,Reptiles
66,amblysomus_hottentotus,1,Community,Reptiles
66,crocidura_hirta,1,Community,Reptiles
66,myosorex_varius,1,Community,Reptiles
66,suncus_infinitesimus,1,Community,Reptiles
66,herpestes_sanguineus,1,Community,Reptiles
66,ichneumia_albicauda,1,Community,Reptiles
66,mellivora_capensis,1,Community,Reptiles
66,ictonyx_striatus,1,Community,Reptiles
66,poecilogale_albinucha,1,Community,Reptiles
66,tursiops_aduncus,1,Community,Reptiles
66,neoromicia_anchietae,1,Community,Reptiles
66,afronycteris_nanus,1,Community,Reptiles
66,aethomys_ineptus,1,Community,Reptiles
66,pipistrellus_hesperidus,1,Community,Reptiles
66,mops_pumilus,1,Community,Reptiles
66,hipposideros_caffer,1,Community,Reptiles
66,myosorex_cafer,1,Community,Reptiles
66,delphinus_delphis,1,Community,Reptiles
66,mesoplodon_eueu,1,Community,Reptiles
66,chlorocebus_pygerythrus,1,Community,Reptiles
66,cacosternum_boettgeri,1,Community,Reptiles
66,hyperolius_pickersgilli,1,Community,Reptiles
66,tomopterna_natalensis,1,Community,Reptiles
66,phrynobatrachus_mababiensis,1,Community,Reptiles
66,chiromantis_xerampelina,1,Community,Reptiles
66,breviceps_mossambicus,1,Community,Reptiles
66,kassina_senegalensis,1,Community,Reptiles
66,afrixalus_fornasini,1,Community,Reptiles
66,breviceps_verrucosus,1,Community,Reptiles
66,cacosternum_striatum,1,Community,Reptiles
66,afrixalus_spinifrons,1,Community,Reptiles
66,cacosternum_nanum,1,Community,Reptiles
66,leptopelis_natalensis,1,Community,Reptiles
66,hyperolius_semidiscus,1,Community,Reptiles
66,amietia_poyntoni,1,Community,Reptiles
66,breviceps_adspersus,1,Community,Reptiles
66,sclerophrys_gutturalis,1,Community,Reptiles
66,hyperolius_marmoratus,1,Community,Reptiles
66,hyperolius_argus,1,Community,Reptiles
66,strongylopus_grayii,1,Community,Reptiles
66,arthroleptis_wahlbergii,1,Community,Reptiles
66,leptopelis_mossambicus,1,Community,Reptiles
66,strongylopus_fasciatus,1,Community,Reptiles
66,hyperolius_poweri,1,Community,Reptiles
66,anhydrophryne_hewitti,1,Community,Reptiles
66,schismaderma_carens,1,Community,Reptiles
66,xenopus_laevis,1,Community,Reptiles
66,phrynobatrachus_natalensis,1,Community,Reptiles
66,hyperolius_tuberilinguis,1,Community,Reptiles
66,semnodactylus_wealii,1,Community,Reptiles
66,hemisus_guttatus,1,Community,Reptiles
66,hyperolius_pusillus,1,Community,Reptiles
66,amietia_delalandii,1,Community,Reptiles
66,sclerophrys_capensis,1,Community,Reptiles
66,ptychadena_porosissima,1,Community,Reptiles
66,ptychadena_oxyrhynchus,1,Community,Reptiles
67,tetradactylus_,0,Community,Reptiles
67,inyoka_swazicus,1,Community,Reptiles
67,stigmochelys_pardalis,1,Community,Reptiles
67,lycodonomorphus_inornatus,1,Community,Reptiles
67,pachydactylus_vansoni,1,Community,Reptiles
67,amblyodipsas_concolor,1,Community,Reptiles
67,aparallactus_capensis,1,Community,Reptiles
67,bradypodion_transvaalense,1,Community,Reptiles
67,chamaeleo_dilepis,1,Community,Reptiles
67,psammophis_subtaeniatus,1,Community,Reptiles
67,platysaurus_intermedius,1,Community,Reptiles
67,bitis_atropos,1,Community,Reptiles
67,hemidactylus_mabouia,1,Community,Reptiles
67,nucras_ornata,1,Community,Reptiles
67,varanus_niloticus,1,Community,Reptiles
67,matobosaurus_validus,1,Community,Reptiles
67,crotaphopeltis_hotamboeia,1,Community,Reptiles
67,dasypeltis_inornata,1,Community,Reptiles
67,psammophylax_rhombeatus,1,Community,Reptiles
67,atractaspis_bibronii,1,Community,Reptiles
67,agama_aculeata,1,Community,Reptiles
67,lamprophis_guttatus,1,Community,Reptiles
67,myriopholis_longicauda,1,Community,Reptiles
67,psammophis_angolensis,1,Community,Reptiles
67,trachylepis_varia,1,Community,Reptiles
67,trachylepis_varia,1,Community,Reptiles
67,trachylepis_varia,1,Community,Reptiles
67,trachylepis_varia,1,Community,Reptiles
67,trachylepis_varia,1,Community,Reptiles
67,afrotyphlops_dinga,1,Community,Reptiles
67,varanus_albigularis,1,Community,Reptiles
67,afrotyphlops_bibronii,1,Community,Reptiles
67,acontias_cregoi,1,Community,Reptiles
67,scelotes_mirus,1,Community,Reptiles
67,pseudaspis_cana,1,Community,Reptiles
67,psammophis_jallae,1,Community,Reptiles
67,acanthocercus_atricollis,1,Community,Reptiles
67,lycodonomorphus_laevissimus,1,Community,Reptiles
67,lycodonomorphus_rufulus,1,Community,Reptiles
67,philothamnus_occidentalis,1,Community,Reptiles
67,prosymna_sundevalli,1,Community,Reptiles
67,chamaesaura_anguina,1,Community,Reptiles
67,smaug_vandami,1,Community,Reptiles
67,elapsoidea_sundevallii,1,Community,Reptiles
67,naja_annulifera,1,Community,Reptiles
67,trachylepis_capensis,1,Community,Reptiles
67,trachylepis_homalocephala,1,Community,Reptiles
67,psammophis_leightoni,1,Community,Reptiles
67,lygodactylus_methueni,1,Community,Reptiles
67,tetradactylus_eastwoodae,1,Community,Reptiles
67,acontias_rieppeli,1,Community,Reptiles
67,kinixys_lobatsiana,1,Community,Reptiles
67,indotyphlops_braminus,1,Community,Reptiles
67,lamprophis_aurora,1,Community,Reptiles
67,trachylepis_punctatissima,1,Community,Reptiles
67,duberria_lutrix,1,Community,Reptiles
67,gracililima_nyassae,1,Community,Reptiles
67,natriciteres_olivacea,1,Community,Reptiles
67,psammophylax_tritaeniatus,1,Community,Reptiles
67,dendroaspis_polylepis,1,Community,Reptiles
67,trachylepis_margaritifer,1,Community,Reptiles
67,mochlus_sundevallii,1,Community,Reptiles
67,lycophidion_capense,1,Community,Reptiles
67,dispholidus_typus,1,Community,Reptiles
67,chondrodactylus_turneri,1,Community,Reptiles
67,lygodactylus_capensis,1,Community,Reptiles
67,lygodactylus_nigropunctatus,1,Community,Reptiles
67,pachydactylus_affinis,1,Community,Reptiles
67,pachydactylus_capensis,1,Community,Reptiles
67,pachydactylus_punctatus,1,Community,Reptiles
67,monopeltis_infuscata,1,Community,Reptiles
67,zygaspis_quadrifrons,1,Community,Reptiles
67,heliobolus_lugubris,1,Community,Reptiles
67,ichnotropis_capensis,1,Community,Reptiles
67,meroles_squamulosus,1,Community,Reptiles
67,nucras_holubi,1,Community,Reptiles
67,nucras_intertexta,1,Community,Reptiles
67,nucras_lalandii,1,Community,Reptiles
67,pedioplanis_lineoocellata,1,Community,Reptiles
67,bitis_arietans,1,Community,Reptiles
67,philothamnus_semivariegatus,1,Community,Reptiles
67,panaspis_wahlbergii,1,Community,Reptiles
67,gerrhosaurus_flavigularis,1,Community,Reptiles
67,amblyodipsas_polylepis,1,Community,Reptiles
67,telescopus_semiannulatus,1,Community,Reptiles
67,lycophidion_variegatum,1,Community,Reptiles
67,python_natalensis,1,Community,Reptiles
67,causus_rhombeatus,1,Community,Reptiles
67,causus_defilippii,1,Community,Reptiles
67,naja_mossambica,1,Community,Reptiles
67,afrotyphlops_schlegelii,1,Community,Reptiles
67,rhinotyphlops_lalandei,1,Community,Reptiles
67,philothamnus_hoplogaster,1,Community,Reptiles
67,acontias_occidentalis,1,Community,Reptiles
67,leptotyphlops_incognitus,1,Community,Reptiles
67,leptotyphlops_scutifrons,1,Community,Reptiles
67,psammophis_brevirostris,1,Community,Reptiles
67,psammophis_crucifer,1,Community,Reptiles
67,psammophis_mossambicus,1,Community,Reptiles
67,limaformosa_capensis,1,Community,Reptiles
67,philothamnus_natalensis,1,Community,Reptiles
67,prosymna_bivittata,1,Community,Reptiles
67,cordylus_jonesii,1,Community,Reptiles
67,cordylus_vittifer,1,Community,Reptiles
67,pseudocordylus_transvaalensis,1,Community,Reptiles
67,smaug_depressus,1,Community,Reptiles
67,aspidelaps_scutatus,1,Community,Reptiles
67,trachylepis_punctulata,1,Community,Reptiles
67,afroedura_multiporis,1,Community,Reptiles
67,homopholis_wahlbergii,1,Community,Reptiles
67,trachylepis_damarana,1,Community,Reptiles
67,dasypeltis_scabra,1,Community,Reptiles
67,thelotornis_capensis,1,Community,Reptiles
67,boaedon_capensis,1,Community,Reptiles
67,agama_atra,1,Community,Reptiles
67,micaelamys_namaquensis,1,Community,Reptiles
67,lupulella_mesomelas,1,Community,Reptiles
67,cercopithecus_mitis,1,Community,Reptiles
67,cloeotis_percivali,1,Community,Reptiles
67,connochaetes_taurinus,1,Community,Reptiles
67,crocuta_crocuta,1,Community,Reptiles
67,dasymys_incomtus,1,Community,Reptiles
67,poemys_melanotis,1,Community,Reptiles
67,poemys_nyikae,1,Community,Reptiles
67,diceros_bicornis,1,Community,Reptiles
67,felis_nigripes,1,Community,Reptiles
67,galago_moholi,1,Community,Reptiles
67,grammomys_dolichurus,1,Community,Reptiles
67,heterohyrax_brucei,1,Community,Reptiles
67,kerivoula_lanosa,1,Community,Reptiles
67,laephotis_botswanae,1,Community,Reptiles
67,lemniscomys_rosalia,1,Community,Reptiles
67,mastomys_coucha,1,Community,Reptiles
67,mastomys_natalensis,1,Community,Reptiles
67,myotis_bocagii,1,Community,Reptiles
67,myotis_tricolor,1,Community,Reptiles
67,nycteris_thebaica,1,Community,Reptiles
67,otomops_martiensseni,1,Community,Reptiles
67,panthera_pardus,1,Community,Reptiles
67,papio_ursinus,1,Community,Reptiles
67,paraxerus_cepapi,1,Community,Reptiles
67,pedetes_capensis,1,Community,Reptiles
67,pelea_capreolus,1,Community,Reptiles
67,pipistrellus_rusticus,1,Community,Reptiles
67,raphicerus_campestris,1,Community,Reptiles
67,rattus_rattus,1,Community,Reptiles
67,redunca_arundinum,1,Community,Reptiles
67,redunca_fulvorufula,1,Community,Reptiles
67,rhinolophus_clivosus,1,Community,Reptiles
67,saccostomus_campestris,1,Community,Reptiles
67,scotophilus_dinganii,1,Community,Reptiles
67,sylvicapra_grimmia,1,Community,Reptiles
67,syncerus_caffer,1,Community,Reptiles
67,taphozous_mauritianus,1,Community,Reptiles
67,gerbilliscus_brantsii,1,Community,Reptiles
67,thryonomys_swinderianus,1,Community,Reptiles
67,tragelaphus_scriptus,1,Community,Reptiles
67,tragelaphus_strepsiceros,1,Community,Reptiles
67,crocidura_cyanea,1,Community,Reptiles
67,crocidura_fuscomurina,1,Community,Reptiles
67,lepus_capensis,1,Community,Reptiles
67,crocidura_mariquensis,1,Community,Reptiles
67,suncus_lixa,1,Community,Reptiles
67,suncus_varilla,1,Community,Reptiles
67,orycteropus_afer,1,Community,Reptiles
67,atilax_paludinosus,1,Community,Reptiles
67,cynictis_penicillata,1,Community,Reptiles
67,mungos_mungo,1,Community,Reptiles
67,paracynictis_selousi,1,Community,Reptiles
67,genetta_fieldiana,1,Community,Reptiles
67,procavia_capensis,1,Community,Reptiles
67,phacochoerus_africanus,1,Community,Reptiles
67,potamochoerus_larvatus,1,Community,Reptiles
67,lepus_victoriae,1,Community,Reptiles
67,elephantulus_brachyrhynchus,1,Community,Reptiles
67,elephantulus_myurus,1,Community,Reptiles
67,miniopterus_natalensis,1,Community,Reptiles
67,laephotis_capensis,1,Community,Reptiles
67,neoromicia_zuluensis,1,Community,Reptiles
67,rhinolophus_smithersi,1,Community,Reptiles
67,rhinolophus_darlingi,1,Community,Reptiles
67,otomys_auratus,1,Community,Reptiles
67,rhabdomys_dilectus,1,Community,Reptiles
67,felis_lybica,1,Community,Reptiles
67,acinonyx_jubatus,1,Community,Reptiles
67,aepyceros_melampus,1,Community,Reptiles
67,neamblysomus_gunningi,1,Community,Reptiles
67,aonyx_capensis,1,Community,Reptiles
67,atelerix_frontalis,1,Community,Reptiles
67,caracal_caracal,1,Community,Reptiles
67,ceratotherium_simum,1,Community,Reptiles
67,crocidura_maquassiensis,1,Community,Reptiles
67,damaliscus_lunatus,1,Community,Reptiles
67,dendromus_mesomelas,1,Community,Reptiles
67,dendromus_mystacalis,1,Community,Reptiles
67,eidolon_helvum,1,Community,Reptiles
67,epomophorus_wahlbergi,1,Community,Reptiles
67,cnephaeus_hottentotus,1,Community,Reptiles
67,giraffa_camelopardalis,1,Community,Reptiles
67,grammomys_cometes,1,Community,Reptiles
67,graphiurus_microtis,1,Community,Reptiles
67,graphiurus_murinus,1,Community,Reptiles
67,graphiurus_platyops,1,Community,Reptiles
67,hippopotamus_amphibius,1,Community,Reptiles
67,hippotragus_equinus,1,Community,Reptiles
67,hippotragus_niger,1,Community,Reptiles
67,parahyaena_brunnea,1,Community,Reptiles
67,hystrix_africaeaustralis,1,Community,Reptiles
67,kobus_ellipsiprymnus,1,Community,Reptiles
67,leptailurus_serval,1,Community,Reptiles
67,hydrictis_maculicollis,1,Community,Reptiles
67,lycaon_pictus,1,Community,Reptiles
67,mus_musculus,1,Community,Reptiles
67,myotis_welwitschii,1,Community,Reptiles
67,oreotragus_oreotragus,1,Community,Reptiles
67,otolemur_crassicaudatus,1,Community,Reptiles
67,panthera_leo,1,Community,Reptiles
67,proteles_cristatus,1,Community,Reptiles
67,rhinolophus_simulator,1,Community,Reptiles
67,steatomys_pratensis,1,Community,Reptiles
67,nyctinomus_aegyptiacus,1,Community,Reptiles
67,tadarida_ventralis,1,Community,Reptiles
67,gerbilliscus_leucogaster,1,Community,Reptiles
67,thallomys_paedulcus,1,Community,Reptiles
67,tragelaphus_oryx,1,Community,Reptiles
67,equus_quagga,1,Community,Reptiles
67,pronolagus_randensis,1,Community,Reptiles
67,crocidura_hirta,1,Community,Reptiles
67,crocidura_silacea,1,Community,Reptiles
67,myosorex_varius,1,Community,Reptiles
67,herpestes_sanguineus,1,Community,Reptiles
67,helogale_parvula,1,Community,Reptiles
67,ichneumia_albicauda,1,Community,Reptiles
67,mellivora_capensis,1,Community,Reptiles
67,ictonyx_striatus,1,Community,Reptiles
67,poecilogale_albinucha,1,Community,Reptiles
67,civettictis_civetta,1,Community,Reptiles
67,genetta_genetta,1,Community,Reptiles
67,sauromys_petrophilus,1,Community,Reptiles
67,neoromicia_anchietae,1,Community,Reptiles
67,afronycteris_nanus,1,Community,Reptiles
67,aethomys_ineptus,1,Community,Reptiles
67,acomys_selousi,1,Community,Reptiles
67,hipposideros_caffer,1,Community,Reptiles
67,myosorex_tenuis,1,Community,Reptiles
67,cricetomys_ansorgei,1,Community,Reptiles
67,chlorocebus_pygerythrus,1,Community,Reptiles
67,cacosternum_boettgeri,1,Community,Reptiles
67,sclerophrys_pusilla,1,Community,Reptiles
67,tomopterna_natalensis,1,Community,Reptiles
67,tomopterna_marmorata,1,Community,Reptiles
67,phrynomantis_bifasciatus,1,Community,Reptiles
67,chiromantis_xerampelina,1,Community,Reptiles
67,kassina_senegalensis,1,Community,Reptiles
67,poyntonophrynus_fenoulheti,1,Community,Reptiles
67,breviceps_sylvestris,1,Community,Reptiles
67,pyxicephalus_edulis,1,Community,Reptiles
67,ptychadena_mossambica,1,Community,Reptiles
67,sclerophrys_garmani,1,Community,Reptiles
67,ptychadena_anchietae,1,Community,Reptiles
67,breviceps_adspersus,1,Community,Reptiles
67,sclerophrys_gutturalis,1,Community,Reptiles
67,hyperolius_marmoratus,1,Community,Reptiles
67,hadromophryne_natalensis,1,Community,Reptiles
67,tomopterna_krugerensis,1,Community,Reptiles
67,strongylopus_grayii,1,Community,Reptiles
67,tomopterna_tandyi,1,Community,Reptiles
67,leptopelis_mossambicus,1,Community,Reptiles
67,strongylopus_fasciatus,1,Community,Reptiles
67,tomopterna_cryptotis,1,Community,Reptiles
67,pyxicephalus_adspersus,1,Community,Reptiles
67,schismaderma_carens,1,Community,Reptiles
67,hemisus_marmoratus,1,Community,Reptiles
67,xenopus_laevis,1,Community,Reptiles
67,phrynobatrachus_natalensis,1,Community,Reptiles
67,amietia_delalandii,1,Community,Reptiles
67,sclerophrys_capensis,1,Community,Reptiles
67,ptychadena_porosissima,1,Community,Reptiles
67,ptychadena_oxyrhynchus,1,Community,Reptiles
68,contomast,0,Community,Reptiles
68,caretta_caretta,1,Community,Reptiles
68,chelonia_mydas,1,Community,Reptiles
68,caiman_latirostris,1,Community,Reptiles
68,cercosaura_schreibersii,1,Community,Reptiles
68,lygophis_anomalus,1,Community,Reptiles
68,hemidactylus_mabouia,1,Community,Reptiles
68,paraphimophis_rusticus,1,Community,Reptiles
68,erythrolamprus_semiaureus,1,Community,Reptiles
68,dibernardia_poecilopogon,1,Community,Reptiles
68,epictia_munoai,1,Community,Reptiles
68,bothrops_pubescens,1,Community,Reptiles
68,bothrops_alternatus,1,Community,Reptiles
68,contomastix_lacertoides,1,Community,Reptiles
68,amphisbaena_kingii,1,Community,Reptiles
68,ophiodes_vertebralis,1,Community,Reptiles
68,micrurus_altirostris,1,Community,Reptiles
68,liolaemus_wiegmannii,1,Community,Reptiles
68,liolaemus_wiegmannii,1,Community,Reptiles
68,amphisbaena_munoai,1,Community,Reptiles
68,contomastix_charrua,1,Community,Reptiles
68,contomastix_charrua,1,Community,Reptiles
68,dermochelys_coriacea,1,Community,Reptiles
68,dermochelys_coriacea,1,Community,Reptiles
68,eretmochelys_imbricata,1,Community,Reptiles
68,lepidochelys_olivacea,1,Community,Reptiles
68,calamodontophis_paucidens,1,Community,Reptiles
68,urostrophus_undulatus,1,Community,Reptiles
68,tachymenis_ocellata,1,Community,Reptiles
68,psomophis_obtusus,1,Community,Reptiles
68,erythrolamprus_jaegeri,1,Community,Reptiles
68,boiruna_maculata,1,Community,Reptiles
68,oxyrhopus_rhombifer,1,Community,Reptiles
68,philodryas_aestiva,1,Community,Reptiles
68,philodryas_agassizii,1,Community,Reptiles
68,xenodon_dorbignyi,1,Community,Reptiles
68,teius_oculatus,1,Community,Reptiles
68,erythrolamprus_poecilogyrus,1,Community,Reptiles
68,ophiodes_striatus,1,Community,Reptiles
68,amphisbaena_darwinii,1,Community,Reptiles
68,akodon_azarae,1,Community,Reptiles
68,deltamys_kempi,1,Community,Reptiles
68,balaenoptera_acutorostrata,1,Community,Reptiles
68,balaenoptera_borealis,1,Community,Reptiles
68,balaenoptera_physalus,1,Community,Reptiles
68,balaenoptera_bonaerensis,1,Community,Reptiles
68,calomys_laucha,1,Community,Reptiles
68,cerdocyon_thous,1,Community,Reptiles
68,dasypus_hybridus,1,Community,Reptiles
68,dasypus_novemcinctus,1,Community,Reptiles
68,neoeptesicus_furinalis,1,Community,Reptiles
68,globicephala_macrorhynchus,1,Community,Reptiles
68,globicephala_melas,1,Community,Reptiles
68,histiotus_alienus,1,Community,Reptiles
68,kogia_breviceps,1,Community,Reptiles
68,lagenodelphis_hosei,1,Community,Reptiles
68,lasiurus_cinereus,1,Community,Reptiles
68,lissodelphis_peronii,1,Community,Reptiles
68,lontra_longicaudis,1,Community,Reptiles
68,mesoplodon_layardii,1,Community,Reptiles
68,monodelphis_dimidiata,1,Community,Reptiles
68,myocastor_coypus,1,Community,Reptiles
68,myotis_riparius,1,Community,Reptiles
68,oligoryzomys_delticola,1,Community,Reptiles
68,leopardus_colocolo,1,Community,Reptiles
68,oxymycterus_nasutus,1,Community,Reptiles
68,pseudorca_crassidens,1,Community,Reptiles
68,scapteromys_tumidus,1,Community,Reptiles
68,tasmacetus_shepherdi,1,Community,Reptiles
68,wilfredomys_oenax,1,Community,Reptiles
68,ziphius_cavirostris,1,Community,Reptiles
68,didelphis_albiventris,1,Community,Reptiles
68,conepatus_chinga,1,Community,Reptiles
68,galictis_cuja,1,Community,Reptiles
68,phocoena_dioptrica,1,Community,Reptiles
68,physeter_macrocephalus,1,Community,Reptiles
68,dusicyon_avus,1,Community,Reptiles
68,lasiurus_blossevillii,1,Community,Reptiles
68,arctocephalus_australis,1,Community,Reptiles
68,berardius_arnuxii,1,Community,Reptiles
68,cavia_magna,1,Community,Reptiles
68,ctenomys_pearsoni,1,Community,Reptiles
68,desmodus_rotundus,1,Community,Reptiles
68,lycalopex_gymnocercus,1,Community,Reptiles
68,eubalaena_australis,1,Community,Reptiles
68,euphractus_sexcinctus,1,Community,Reptiles
68,grampus_griseus,1,Community,Reptiles
68,holochilus_brasiliensis,1,Community,Reptiles
68,hydrochoerus_hydrochaeris,1,Community,Reptiles
68,hyperoodon_planifrons,1,Community,Reptiles
68,kogia_sima,1,Community,Reptiles
68,megaptera_novaeangliae,1,Community,Reptiles
68,mesoplodon_densirostris,1,Community,Reptiles
68,mesoplodon_grayi,1,Community,Reptiles
68,molossus_molossus,1,Community,Reptiles
68,mus_musculus,1,Community,Reptiles
68,myotis_albescens,1,Community,Reptiles
68,myotis_levis,1,Community,Reptiles
68,oligoryzomys_flavescens,1,Community,Reptiles
68,oligoryzomys_nigripes,1,Community,Reptiles
68,leopardus_geoffroyi,1,Community,Reptiles
68,orcinus_orca,1,Community,Reptiles
68,phocoena_spinipinnis,1,Community,Reptiles
68,pontoporia_blainvillei,1,Community,Reptiles
68,stenella_attenuata,1,Community,Reptiles
68,stenella_coeruleoalba,1,Community,Reptiles
68,tadarida_brasiliensis,1,Community,Reptiles
68,tursiops_truncatus,1,Community,Reptiles
68,lutreolina_crassicaudata,1,Community,Reptiles
68,lepus_europaeus,1,Community,Reptiles
68,otaria_byronia,1,Community,Reptiles
68,procyon_cancrivorus,1,Community,Reptiles
68,reithrodon_typicus,1,Community,Reptiles
68,cavia_aperea,1,Community,Reptiles
68,eumops_bonariensis,1,Community,Reptiles
68,delphinus_delphis,1,Community,Reptiles
68,mesoplodon_eueu,1,Community,Reptiles
68,ceratophrys_ornata,1,Community,Reptiles
68,melanophryniscus_montevidensis,1,Community,Reptiles
68,rhinella_arenarum,1,Community,Reptiles
68,ololygon_berthae,1,Community,Reptiles
68,leptodactylus_gracilis,1,Community,Reptiles
68,physalaemus_riograndensis,1,Community,Reptiles
68,rhinella_dorbignyi,1,Community,Reptiles
68,odontophrynus_americanus,1,Community,Reptiles
68,chthonerpeton_indistinctum,1,Community,Reptiles
68,scinax_granulatus,1,Community,Reptiles
68,limnomedusa_macroglossa,1,Community,Reptiles
68,physalaemus_henselii,1,Community,Reptiles
68,scinax_squalirostris,1,Community,Reptiles
68,pleurodema_bibroni,1,Community,Reptiles
68,physalaemus_gracilis,1,Community,Reptiles
68,dendropsophus_sanborni,1,Community,Reptiles
68,leptodactylus_luctator,1,Community,Reptiles
68,leptodactylus_latinasus,1,Community,Reptiles
68,nyctimantis_siemersi,1,Community,Reptiles
68,pseudis_minuta,1,Community,Reptiles
68,leptodactylus_mystacinus,1,Community,Reptiles
68,odontophrynus_maisuma,1,Community,Reptiles
68,physalaemus_biligonigerus,1,Community,Reptiles
