species,extant,class,genus,IUCN,IUCN_year,AB_Leaves,AB_Flowers,AB_Seeds,AB_Fruits,AB_Arthro,AB_Vert,amphi_diet_breadth,amphi_diet_comments,AB_Body_mass_g,mammalBodyMass.Value,reptt_Diet,reptt_DietComments,reptile_diet_breadth,reptt_MaximumBodyMass_g,mammal_diet_breadth,,
Engystomops_pustulosus,1,Mammals,Abrothrix,LC,2016,NA,NA,NA,NA,NA,NA,NA,NA,NA,27.83,NA,NA,NA,NA,specialist,,
Abrothrix longipilis,1,Mammals,Abrothrix,LC,2016,NA,NA,NA,NA,NA,NA,NA,NA,NA,38.86,NA,NA,NA,NA,specialist,,
Abrothrix olivaceus,1,Mammals,Abrothrix,LC,2017,NA,NA,NA,NA,NA,NA,NA,NA,NA,24.52,NA,NA,NA,NA,specialist,,
Abrothrix sanborni,1,Mammals,Abrothrix,NT,2018,NA,NA,NA,NA,NA,NA,NA,NA,NA,24.7,NA,NA,NA,NA,specialist,,
Acanthocercus atricollis,1,Reptiles,Acanthocercus,LC,2020,NA,NA,NA,NA,NA,NA,NA,NA,NA,NA,Carnivorous,"Arthropods (beatles, flying insects ""and even small vertebrates"", Branch 2005, seeAlso Haagner etAl. 2000), mostlyAntsAnd termites ( Pienaar 1966)",generalist,177.8,NA,,
Acontias cregoi,1,Reptiles,Acontias,LC,2022,NA,NA,NA,NA,NA,NA,NA,NA,NA,NA,Carnivorous,"insects (mostly termites, PiankaAnd Vitt 2003)",specialist,7.2,NA,,
Acontias occidentalis,1,Reptiles,Acontias,LC,2021,NA,NA,NA,NA,NA,NA,NA,NA,NA,NA,NA,NA,NA,20.9,NA,,
Acontias plumbeus,1,Reptiles,Acontias,LC,2021,NA,NA,NA,NA,NA,NA,NA,NA,NA,NA,Carnivorous,invertebratesAnd small vertebrates,generalist,100,NA,,
Acontias rieppeli,1,Reptiles,Acontias,EN,2022,NA,NA,NA,NA,NA,NA,NA,NA,NA,NA,NA,NA,NA,10.2,NA,,
Acris crepitans,1,Amphibians,Acris,LC,2022,NA,NA,NA,NA,1,NA,,,1.69,NA,NA,NA,NA,NA,NA,,
Acris gryllus,1,Amphibians,Acris,LC,2022,NA,NA,NA,NA,1,NA,,,NA,NA,NA,NA,NA,NA,NA,,
Adelotus brevis,1,Amphibians,Adelotus,LC,2023,NA,NA,NA,NA,NA,NA,,,5.42,NA,NA,NA,NA,NA,NA,,
Adenomera ajurauna,1,Amphibians,Adenomera,LC,2023,NA,NA,NA,NA,NA,NA,,,NA,NA,NA,NA,NA,NA,NA,,
Adenomera bokermanni,1,Amphibians,Adenomera,LC,2023,NA,NA,NA,NA,NA,NA,,,NA,NA,NA,NA,NA,NA,NA,,
Adenomera marmorata,1,Amphibians,Adenomera,LC,2023,NA,NA,NA,NA,NA,NA,,,NA,NA,NA,NA,NA,NA,NA,,
Adenomera nana,1,Amphibians,Adenomera,LC,2023,NA,NA,NA,NA,NA,NA,,,NA,NA,NA,NA,NA,NA,NA,,
Adenomera thomei,1,Amphibians,Adenomera,LC,2023,NA,NA,NA,NA,NA,NA,,,NA,NA,NA,NA,NA,NA,NA,,
Afrixalus quadrivittatus,1,Amphibians,Afrixalus,LC,2013,NA,NA,NA,NA,NA,NA,,,NA,NA,NA,NA,NA,NA,NA,,
Afrixalus stuhlmanni,1,Amphibians,Afrixalus,LC,2016,NA,NA,NA,NA,NA,NA,,,NA,NA,NA,NA,NA,NA,NA,,
Afroedura multiporis,1,Reptiles,Afroedura,NT,2022,NA,NA,NA,NA,NA,NA,NA,NA,NA,NA,NA,NA,NA,6.3,NA,,
Afroedura pondolia,1,Reptiles,Afroedura,LC,2022,NA,NA,NA,NA,NA,NA,NA,NA,NA,NA,Carnivorous,Insects,generalist,4.3,NA,,
Afrotyphlops bibronii,1,Reptiles,Afrotyphlops,LC,2022,NA,NA,NA,NA,NA,NA,NA,NA,NA,NA,Carnivorous,Invertebrates,generalist,80,NA,,
Afrotyphlops dinga,1,Reptiles,Afrotyphlops,LC,2021,NA,NA,NA,NA,NA,NA,NA,NA,NA,NA,NA,NA,NA,NA,NA,,
Afrotyphlops schlegelii,1,Reptiles,Afrotyphlops,LC,2021,NA,NA,NA,NA,NA,NA,NA,NA,NA,NA,Carnivorous,Invertebrates,generalist,790.7,NA,,
Agalychnis annae,1,Amphibians,Agalychnis,VU,2020,NA,NA,NA,NA,NA,NA,,,74,NA,NA,NA,NA,NA,NA,,
Agalychnis callidryas,1,Amphibians,Agalychnis,LC,2020,NA,NA,NA,NA,NA,NA,,,12,NA,NA,NA,NA,NA,NA,,
Agalychnis lemur,1,Amphibians,Agalychnis,CR,2020,NA,NA,NA,NA,NA,NA,,,NA,NA,NA,NA,NA,NA,NA,,
Agalychnis lemur,1,Amphibians,Agalychnis,CR,2020,NA,NA,NA,NA,NA,NA,,,NA,NA,NA,NA,NA,NA,NA,,
Agalychnis moreletii,1,Amphibians,Agalychnis,LC,2017,NA,NA,NA,NA,NA,NA,,,31,NA,NA,NA,NA,NA,NA,,
Agalychnis spurrelli,1,Amphibians,Agalychnis,LC,2020,NA,NA,NA,NA,NA,NA,,,70,NA,NA,NA,NA,NA,NA,,
Agama aculeata,1,Reptiles,Agama,LC,2021,NA,NA,NA,NA,NA,NA,NA,NA,NA,NA,Omnivorous,"Omnivorous: largely insects, some plants /Arthropods (Heideman 2002)/ants (Branch 2016)",generalist,56.2,NA,,
Agama atra,1,Reptiles,Agama,LC,2022,NA,NA,NA,NA,NA,NA,NA,NA,NA,NA,Omnivorous,"Omnivorous (e.g.,ArthropodsAnd plants,Auerbach 1987)",generalist,95.5,NA,,
Akodon azarae,1,Mammals,Akodon,LC,2016,NA,NA,NA,NA,NA,NA,NA,NA,NA,25,NA,NA,NA,NA,specialist,,
Akodon dolores,1,Mammals,Akodon,LC,2017,NA,NA,NA,NA,NA,NA,NA,NA,NA,50.5,NA,NA,NA,NA,specialist,,
Akodon iniscatus,1,Mammals,Akodon,LC,2016,NA,NA,NA,NA,NA,NA,NA,NA,NA,28.7,NA,NA,NA,NA,specialist,,
Akodon lindberghi,1,Mammals,Akodon,DD,2019,NA,NA,NA,NA,NA,NA,NA,NA,NA,26.4,NA,NA,NA,NA,specialist,,
Akodon molinae,1,Mammals,Akodon,LC,2016,NA,NA,NA,NA,NA,NA,NA,NA,NA,33,NA,NA,NA,NA,specialist,,
Akodon polopi,1,Mammals,Akodon,LC,2018,NA,NA,NA,NA,NA,NA,NA,NA,NA,NA,NA,NA,NA,NA,NA,,
Akodon reigi,1,Mammals,Akodon,LC,2017,NA,NA,NA,NA,NA,NA,NA,NA,NA,31.32,NA,NA,NA,NA,specialist,,
Allobates talamancae,1,Amphibians,Allobates,LC,2020,NA,NA,NA,NA,1,NA,,,NA,NA,NA,NA,NA,NA,NA,,
Alouatta caraya,1,Mammals,Alouatta,NT,2021,NA,NA,NA,NA,NA,NA,NA,NA,NA,5862.46,NA,NA,NA,NA,specialist,,
Alouatta caraya,1,Mammals,Alouatta,NT,2021,NA,NA,NA,NA,NA,NA,NA,NA,NA,5862.46,NA,NA,NA,NA,specialist,,
Amblyodipsas concolor,1,Reptiles,Amblyodipsas,LC,2022,NA,NA,NA,NA,NA,NA,NA,NA,NA,NA,Carnivorous,Reptiles,specialist,95,NA,,
Amblyodipsas polylepis,1,Reptiles,Amblyodipsas,LC,2021,NA,NA,NA,NA,NA,NA,NA,NA,NA,NA,Carnivorous,"Amphibians, invertebrates, reptiles",generalist,206.9,NA,,
Ambystoma maculatum,1,Amphibians,Ambystoma,LC,2022,NA,NA,NA,NA,NA,NA,generalist,,24,NA,NA,NA,NA,NA,NA,,
Ambystoma mavortium,1,Amphibians,Ambystoma,LC,2022,NA,NA,NA,NA,NA,NA,,,5,NA,NA,NA,NA,NA,NA,,
Ambystoma opacum,1,Amphibians,Ambystoma,LC,2021,NA,NA,NA,NA,NA,NA,,,NA,NA,NA,NA,NA,NA,NA,,
Ambystoma talpoideum,1,Amphibians,Ambystoma,LC,2022,NA,NA,NA,NA,NA,NA,,,5.93,NA,NA,NA,NA,NA,NA,,
Ambystoma texanum,1,Amphibians,Ambystoma,LC,2022,NA,NA,NA,NA,1,NA,,,10.98,NA,NA,NA,NA,NA,NA,,
Ambystoma tigrinum,1,Amphibians,Ambystoma,LC,2022,NA,NA,NA,NA,1,1,,,79,NA,NA,NA,NA,NA,NA,,
Amietia nutti,1,Amphibians,Amietia,LC,2020,NA,NA,NA,NA,NA,NA,,,NA,NA,NA,NA,NA,NA,NA,,
Amphisbaena darwinii,1,Reptiles,Amphisbaena,LC,2019,NA,NA,NA,NA,NA,NA,NA,NA,NA,NA,Carnivorous,"Arthropods (Kearney 2003, Carreira etAl. 2005)",generalist,39.8,NA,,
Amphisbaena kingii,1,Reptiles,Amphisbaena,LC,2019,NA,NA,NA,NA,NA,NA,NA,NA,NA,NA,Carnivorous,"insects (Vega 2001)/Arthropods (AchavalAnd Olmos 2007, Carreira etAl. 2005), mainly termites (Lisboa etAl. 2016)",generalist,7.9,NA,,
Amphisbaena munoai,1,Reptiles,Amphisbaena,LC,2019,NA,NA,NA,NA,NA,NA,NA,NA,NA,NA,Carnivorous,"Arthropods (AchavalAnd Olmos 2007, BalestrinAnd Cappellari 2011), mostly termites (Carreira etAl. 2005, Bernardo-Silva etAl. 2006, Lisboa etAl. 2016)",generalist,2,NA,,
Amphiuma tridactylum,1,Amphibians,Amphiuma,LC,2021,NA,NA,NA,NA,NA,NA,,,NA,NA,NA,NA,NA,NA,NA,,
Anaxyrus baxteri,0,Amphibians,Anaxyrus,EW,2022,1,NA,NA,NA,1,NA,,,56,NA,NA,NA,NA,NA,NA,,
Anaxyrus boreas,1,Amphibians,Anaxyrus,LC,2022,1,NA,NA,NA,1,NA,,,NA,NA,NA,NA,NA,NA,NA,,
Anaxyrus cognatus,1,Amphibians,Anaxyrus,LC,2022,1,NA,NA,NA,1,NA,,,25,NA,NA,NA,NA,NA,NA,,
Anaxyrus cognatus,1,Amphibians,Anaxyrus,LC,2022,1,NA,NA,NA,1,NA,,,25,NA,NA,NA,NA,NA,NA,,
Anaxyrus fowleri,1,Amphibians,Anaxyrus,LC,2022,NA,NA,NA,NA,1,NA,,,34.9,NA,NA,NA,NA,NA,NA,,
Anaxyrus microscaphus,1,Amphibians,Anaxyrus,LC,2022,NA,NA,NA,NA,NA,NA,,,74,NA,NA,NA,NA,NA,NA,,
Anaxyrus punctatus,1,Amphibians,Anaxyrus,LC,2021,NA,NA,NA,NA,NA,NA,,,60,NA,NA,NA,NA,NA,NA,,
Anaxyrus terrestris,1,Amphibians,Anaxyrus,LC,2021,NA,NA,NA,NA,NA,NA,,,33.25,NA,NA,NA,NA,NA,NA,,
Anaxyrus woodhousii,1,Amphibians,Anaxyrus,LC,2021,NA,NA,NA,NA,NA,NA,,,16.4,NA,NA,NA,NA,NA,NA,,
Anaxyrus woodhousii,1,Amphibians,Anaxyrus,LC,2021,NA,NA,NA,NA,NA,NA,,,16.4,NA,NA,NA,NA,NA,NA,,
Anoura caudifer,1,Mammals,Anoura,LC,2016,NA,NA,NA,NA,NA,NA,NA,NA,NA,10.81,NA,NA,NA,NA,generalist,,
Anoura geoffroyi,1,Mammals,Anoura,LC,2016,NA,NA,NA,NA,NA,NA,NA,NA,NA,14.62,NA,NA,NA,NA,generalist,,
Antechinomys laniger,1,Mammals,Antechinomys,LC,2016,NA,NA,NA,NA,NA,NA,NA,NA,NA,25.57,NA,NA,NA,NA,specialist,,
Antechinomys longicaudatus,1,Mammals,Antechinomys,LC,2025,NA,NA,NA,NA,NA,NA,NA,NA,NA,NA,NA,NA,NA,NA,NA,,
Aonyx cinereus,1,Mammals,Aonyx,VU,2021,NA,NA,NA,NA,NA,NA,NA,NA,NA,NA,NA,NA,NA,NA,NA,,
Aparallactus capensis,1,Reptiles,Aparallactus,LC,2021,NA,NA,NA,NA,NA,NA,NA,NA,NA,NA,Carnivorous,"Invertebrates, reptiles",generalist,11.3,NA,,
Aplastodiscus albosignatus,1,Amphibians,Aplastodiscus,LC,2023,NA,NA,NA,NA,NA,NA,,,NA,NA,NA,NA,NA,NA,NA,,
Aplastodiscus arildae,1,Amphibians,Aplastodiscus,LC,2023,NA,NA,NA,NA,NA,NA,,,2.58,NA,NA,NA,NA,NA,NA,,
Aplastodiscus arildae,1,Amphibians,Aplastodiscus,LC,2023,NA,NA,NA,NA,NA,NA,,,2.58,NA,NA,NA,NA,NA,NA,,
Aplastodiscus ehrhardti,1,Amphibians,Aplastodiscus,LC,2023,NA,NA,NA,NA,NA,NA,,,NA,NA,NA,NA,NA,NA,NA,,
Aplastodiscus leucopygius,1,Amphibians,Aplastodiscus,LC,2023,NA,NA,NA,NA,NA,NA,,,4.4,NA,NA,NA,NA,NA,NA,,
Aplastodiscus leucopygius,1,Amphibians,Aplastodiscus,LC,2023,NA,NA,NA,NA,NA,NA,,,4.4,NA,NA,NA,NA,NA,NA,,
Aplastodiscus perviridis,1,Amphibians,Aplastodiscus,LC,2023,NA,NA,NA,NA,1,NA,,,NA,NA,NA,NA,NA,NA,NA,,
Aplastodiscus perviridis,1,Amphibians,Aplastodiscus,LC,2023,NA,NA,NA,NA,1,NA,,,NA,NA,NA,NA,NA,NA,NA,,
Apodemus agrarius,1,Mammals,Apodemus,LC,2016,NA,NA,NA,NA,NA,NA,NA,NA,NA,23.3,NA,NA,NA,NA,generalist,,
Apodemus peninsulae,1,Mammals,Apodemus,LC,2016,NA,NA,NA,NA,NA,NA,NA,NA,NA,32.9,NA,NA,NA,NA,generalist,,
Aquarana catesbeianus,1,Amphibians,Aquarana,LC,2022,NA,NA,NA,NA,NA,NA,,,NA,NA,NA,NA,NA,NA,NA,,
Aquarana clamitans,1,Amphibians,Aquarana,LC,2022,NA,NA,NA,NA,NA,NA,,,NA,NA,NA,NA,NA,NA,NA,,
Arcovomer passarellii,1,Amphibians,Arcovomer,LC,2023,NA,NA,NA,NA,1,NA,,,NA,NA,NA,NA,NA,NA,NA,,
Arctictis binturong,1,Mammals,Arctictis,VU,2016,NA,NA,NA,NA,NA,NA,NA,NA,NA,9875,NA,NA,NA,NA,generalist,,
Arctocephalus australis,1,Mammals,Arctocephalus,LC,2016,NA,NA,NA,NA,NA,NA,NA,NA,NA,45000,NA,NA,NA,NA,specialist,,
Arctogalidia trivirgata,1,Mammals,Arctogalidia,LC,2024,NA,NA,NA,NA,NA,NA,NA,NA,NA,2250,NA,NA,NA,NA,generalist,,
Arctonyx albogularis,1,Mammals,Arctonyx,LC,2016,NA,NA,NA,NA,NA,NA,NA,NA,NA,NA,NA,NA,NA,NA,NA,,
Arctonyx collaris,1,Mammals,Arctonyx,VU,2024,NA,NA,NA,NA,NA,NA,NA,NA,NA,6356,NA,NA,NA,NA,specialist,,
Arthroleptis affinis,1,Amphibians,Arthroleptis,LC,2014,NA,NA,NA,NA,NA,NA,,,NA,NA,NA,NA,NA,NA,NA,,
Arthroleptis stenodactylus,1,Amphibians,Arthroleptis,LC,2016,NA,NA,NA,NA,1,NA,,,NA,NA,NA,NA,NA,NA,NA,,
Arthroleptis xenodactyloides,1,Amphibians,Arthroleptis,LC,2015,NA,NA,NA,NA,1,NA,,,NA,NA,NA,NA,NA,NA,NA,,
Artibeus lituratus,1,Mammals,Artibeus,LC,2015,NA,NA,NA,NA,NA,NA,NA,NA,NA,60.54,NA,NA,NA,NA,specialist,,
Artibeus obscurus,1,Mammals,Artibeus,LC,2016,NA,NA,NA,NA,NA,NA,NA,NA,NA,35.2,NA,NA,NA,NA,specialist,,
Aselliscus stoliczkanus,1,Mammals,Aselliscus,LC,2022,NA,NA,NA,NA,NA,NA,NA,NA,NA,4.9,NA,NA,NA,NA,specialist,,
Aspidelaps scutatus,1,Reptiles,Aspidelaps,LC,2021,NA,NA,NA,NA,NA,NA,NA,NA,NA,NA,Carnivorous,"Reptiles. addition from KB: ""catholic diet"" (Shine et al. 1996)",generalist,126.3,NA,,
Assa darlingtoni,1,Amphibians,Assa,VU,2023,NA,NA,NA,NA,1,NA,,,0.39,NA,NA,NA,NA,NA,NA,,
Atelopus chiriquiensis,0,Amphibians,Atelopus,EX,2020,NA,NA,NA,NA,NA,NA,,,NA,NA,NA,NA,NA,NA,NA,,
Atelopus cruciger,1,Amphibians,Atelopus,CR,2022,NA,NA,NA,NA,1,NA,,,NA,NA,NA,NA,NA,NA,NA,,
Atelopus senex,0,Amphibians,Atelopus,EX,2020,NA,NA,NA,NA,NA,NA,,,NA,NA,NA,NA,NA,NA,NA,,
Atelopus varius,1,Amphibians,Atelopus,CR,2020,NA,NA,NA,NA,1,NA,,,NA,NA,NA,NA,NA,NA,NA,,
Atelopus varius,1,Amphibians,Atelopus,CR,2020,NA,NA,NA,NA,1,NA,,,NA,NA,NA,NA,NA,NA,NA,,
Atelopus vogli,0,Amphibians,Atelopus,EX,2022,NA,NA,NA,NA,NA,NA,,,NA,NA,NA,NA,NA,NA,NA,,
Atherurus macrourus,1,Mammals,Atherurus,LC,2020,NA,NA,NA,NA,NA,NA,NA,NA,NA,2000,NA,NA,NA,NA,specialist,,
Atractaspis bibronii,1,Reptiles,Atractaspis,LC,2021,NA,NA,NA,NA,NA,NA,NA,NA,NA,NA,NA,NA,NA,55,NA,,
Austrochaperina fryi,1,Amphibians,Austrochaperina,LC,2022,NA,NA,NA,NA,1,NA,,,NA,NA,NA,NA,NA,NA,NA,,
Austrochaperina pluvialis,1,Amphibians,Austrochaperina,LC,2022,NA,NA,NA,NA,1,NA,,,NA,NA,NA,NA,NA,NA,NA,,
Austrochaperina robusta,1,Amphibians,Austrochaperina,LC,2022,NA,NA,NA,NA,1,NA,,,NA,NA,NA,NA,NA,NA,NA,,
Austronomus australis,1,Mammals,Austronomus,LC,2020,NA,NA,NA,NA,NA,NA,NA,NA,NA,NA,NA,NA,NA,NA,NA,,
Balaenoptera acutorostrata,1,Mammals,Balaenoptera,LC,2018,NA,NA,NA,NA,NA,NA,NA,NA,NA,10000000,NA,NA,NA,NA,specialist,,
Balaenoptera bonaerensis,1,Mammals,Balaenoptera,NT,2018,NA,NA,NA,NA,NA,NA,NA,NA,NA,35089915.83,NA,NA,NA,NA,specialist,,
Balaenoptera borealis,1,Mammals,Balaenoptera,EN,2018,NA,NA,NA,NA,NA,NA,NA,NA,NA,20000000,NA,NA,NA,NA,specialist,,
Balaenoptera edeni,1,Mammals,Balaenoptera,LC,2018,NA,NA,NA,NA,NA,NA,NA,NA,NA,20000000,NA,NA,NA,NA,specialist,,
Balaenoptera musculus,1,Mammals,Balaenoptera,EN,2018,NA,NA,NA,NA,NA,NA,NA,NA,NA,190000000,NA,NA,NA,NA,specialist,,
Balaenoptera musculus,1,Mammals,Balaenoptera,EN,2018,NA,NA,NA,NA,NA,NA,NA,NA,NA,190000000,NA,NA,NA,NA,specialist,,
Balaenoptera physalus,1,Mammals,Balaenoptera,VU,2018,NA,NA,NA,NA,NA,NA,NA,NA,NA,70000000,NA,NA,NA,NA,specialist,,
Balaenoptera physalus,1,Mammals,Balaenoptera,VU,2018,NA,NA,NA,NA,NA,NA,NA,NA,NA,70000000,NA,NA,NA,NA,specialist,,
Bandicota indica,1,Mammals,Bandicota,LC,2016,NA,NA,NA,NA,NA,NA,NA,NA,NA,719.96,NA,NA,NA,NA,specialist,,
Bandicota savilei,1,Mammals,Bandicota,LC,2016,NA,NA,NA,NA,NA,NA,NA,NA,NA,199,NA,NA,NA,NA,specialist,,
Berardius arnuxii,1,Mammals,Berardius,LC,2021,NA,NA,NA,NA,NA,NA,NA,NA,NA,7000000,NA,NA,NA,NA,specialist,,
Berylmys berdmorei,1,Mammals,Berylmys,LC,2016,NA,NA,NA,NA,NA,NA,NA,NA,NA,235,NA,NA,NA,NA,generalist,,
Berylmys bowersii,1,Mammals,Berylmys,LC,2024,NA,NA,NA,NA,NA,NA,NA,NA,NA,NA,NA,NA,NA,NA,NA,,
Bibimys torresi,1,Mammals,Bibimys,VU,2018,NA,NA,NA,NA,NA,NA,NA,NA,NA,28,NA,NA,NA,NA,specialist,,
Bitis arietans,1,Reptiles,Bitis,LC,2021,NA,NA,NA,NA,NA,NA,NA,NA,NA,NA,NA,NA,NA,3122.3,NA,,
Bitis atropos,1,Reptiles,Bitis,LC,2022,NA,NA,NA,NA,NA,NA,NA,NA,NA,NA,NA,NA,NA,91.5,NA,,
Blastocerus dichotomus,1,Mammals,Blastocerus,VU,2016,NA,NA,NA,NA,NA,NA,NA,NA,NA,86666.25,NA,NA,NA,NA,specialist,,
Boaedon capensis,1,Reptiles,Boaedon,LC,2021,NA,NA,NA,NA,NA,NA,NA,NA,NA,NA,NA,NA,NA,471.8,NA,,
Boana albomarginata,1,Amphibians,Boana,LC,2023,NA,NA,NA,NA,NA,NA,,,NA,NA,NA,NA,NA,NA,NA,,
Boana albopunctata,1,Amphibians,Boana,LC,2023,NA,NA,NA,NA,NA,NA,,,NA,NA,NA,NA,NA,NA,NA,,
Boana bischoffi,1,Amphibians,Boana,LC,2023,NA,NA,NA,NA,NA,NA,,,NA,NA,NA,NA,NA,NA,NA,,
Boana bischoffi,1,Amphibians,Boana,LC,2023,NA,NA,NA,NA,NA,NA,,,NA,NA,NA,NA,NA,NA,NA,,
Boana cymbalum,0,Amphibians,Boana,EX,2023,NA,NA,NA,NA,NA,NA,,,NA,NA,NA,NA,NA,NA,NA,,
Boana faber,1,Amphibians,Boana,LC,2023,NA,NA,NA,NA,NA,NA,,,NA,NA,NA,NA,NA,NA,NA,,
Boana faber,1,Amphibians,Boana,LC,2023,NA,NA,NA,NA,NA,NA,,,NA,NA,NA,NA,NA,NA,NA,,
Boana pardalis,1,Amphibians,Boana,LC,2023,NA,NA,NA,NA,NA,NA,,,NA,NA,NA,NA,NA,NA,NA,,
Boana platanera,1,Amphibians,Boana,LC,2023,NA,NA,NA,NA,NA,NA,,,NA,NA,NA,NA,NA,NA,NA,,
Boana polytaenia,1,Amphibians,Boana,LC,2023,NA,NA,NA,NA,NA,NA,,,NA,NA,NA,NA,NA,NA,NA,,
Boana polytaenia,1,Amphibians,Boana,LC,2023,NA,NA,NA,NA,NA,NA,,,NA,NA,NA,NA,NA,NA,NA,,
Boana prasina,1,Amphibians,Boana,LC,2023,NA,NA,NA,NA,NA,NA,,,NA,NA,NA,NA,NA,NA,NA,,
Boana prasina,1,Amphibians,Boana,LC,2023,NA,NA,NA,NA,NA,NA,,,NA,NA,NA,NA,NA,NA,NA,,
Boana raniceps,1,Amphibians,Boana,LC,2023,NA,NA,NA,NA,NA,NA,,,NA,NA,NA,NA,NA,NA,NA,,
Boana rufitela,1,Amphibians,Boana,LC,2020,NA,NA,NA,NA,NA,NA,,,NA,NA,NA,NA,NA,NA,NA,,
Boana semilineata,1,Amphibians,Boana,LC,2023,NA,NA,NA,NA,NA,NA,,,NA,NA,NA,NA,NA,NA,NA,,
Boiruna maculata,1,Reptiles,Boiruna,LC,2019,NA,NA,NA,NA,NA,NA,NA,NA,NA,NA,NA,NA,NA,748.8,NA,,
Bokermannohyla astartea,1,Amphibians,Bokermannohyla,LC,2023,NA,NA,NA,NA,NA,NA,,,NA,NA,NA,NA,NA,NA,NA,,
Bokermannohyla circumdata,1,Amphibians,Bokermannohyla,LC,2022,NA,NA,NA,NA,NA,NA,,,NA,NA,NA,NA,NA,NA,NA,,
Bokermannohyla circumdata,1,Amphibians,Bokermannohyla,LC,2022,NA,NA,NA,NA,NA,NA,,,NA,NA,NA,NA,NA,NA,NA,,
Bokermannohyla hylax,1,Amphibians,Bokermannohyla,LC,2023,NA,NA,NA,NA,NA,NA,,,NA,NA,NA,NA,NA,NA,NA,,
Bokermannohyla hylax,1,Amphibians,Bokermannohyla,LC,2023,NA,NA,NA,NA,NA,NA,,,NA,NA,NA,NA,NA,NA,NA,,
Bokermannohyla luctuosa,1,Amphibians,Bokermannohyla,LC,2023,NA,NA,NA,NA,NA,NA,,,NA,NA,NA,NA,NA,NA,NA,,
Bolitoglossa anthracina,1,Amphibians,Bolitoglossa,EN,2020,NA,NA,NA,NA,NA,NA,,,NA,NA,NA,NA,NA,NA,NA,,
Bolitoglossa aureogularis,1,Amphibians,Bolitoglossa,LC,2020,NA,NA,NA,NA,NA,NA,,,NA,NA,NA,NA,NA,NA,NA,,
Bolitoglossa biseriata,1,Amphibians,Bolitoglossa,LC,2020,NA,NA,NA,NA,NA,NA,,,NA,NA,NA,NA,NA,NA,NA,,
Bolitoglossa bramei,1,Amphibians,Bolitoglossa,LC,2020,NA,NA,NA,NA,NA,NA,,,NA,NA,NA,NA,NA,NA,NA,,
Bolitoglossa cerroensis,1,Amphibians,Bolitoglossa,LC,2020,NA,NA,NA,NA,NA,NA,,,NA,NA,NA,NA,NA,NA,NA,,
Bolitoglossa colonnea,1,Amphibians,Bolitoglossa,LC,2020,NA,NA,NA,NA,NA,NA,,,NA,NA,NA,NA,NA,NA,NA,,
Bolitoglossa colonnea,1,Amphibians,Bolitoglossa,LC,2020,NA,NA,NA,NA,NA,NA,,,NA,NA,NA,NA,NA,NA,NA,,
Bolitoglossa compacta,1,Amphibians,Bolitoglossa,EN,2020,NA,NA,NA,NA,NA,NA,,,NA,NA,NA,NA,NA,NA,NA,,
Bolitoglossa conanti,1,Amphibians,Bolitoglossa,VU,2020,NA,NA,NA,NA,NA,NA,,,NA,NA,NA,NA,NA,NA,NA,,
Bolitoglossa conanti,1,Amphibians,Bolitoglossa,VU,2020,NA,NA,NA,NA,NA,NA,,,NA,NA,NA,NA,NA,NA,NA,,
Bolitoglossa diaphora,1,Amphibians,Bolitoglossa,EN,2019,NA,NA,NA,NA,NA,NA,,,NA,NA,NA,NA,NA,NA,NA,,
Bolitoglossa diminuta,1,Amphibians,Bolitoglossa,NT,2024,NA,NA,NA,NA,NA,NA,,,NA,NA,NA,NA,NA,NA,NA,,
Bolitoglossa dofleini,1,Amphibians,Bolitoglossa,NT,2020,NA,NA,NA,NA,NA,NA,,,NA,NA,NA,NA,NA,NA,NA,,
Bolitoglossa dunni,1,Amphibians,Bolitoglossa,EN,2020,NA,NA,NA,NA,NA,NA,,,NA,NA,NA,NA,NA,NA,NA,,
Bolitoglossa epimela,1,Amphibians,Bolitoglossa,DD,2020,NA,NA,NA,NA,NA,NA,,,NA,NA,NA,NA,NA,NA,NA,,
Bolitoglossa gomezi,1,Amphibians,Bolitoglossa,EN,2020,NA,NA,NA,NA,NA,NA,,,NA,NA,NA,NA,NA,NA,NA,,
Bolitoglossa gracilis,1,Amphibians,Bolitoglossa,LC,2020,NA,NA,NA,NA,NA,NA,,,NA,NA,NA,NA,NA,NA,NA,,
Bolitoglossa helmrichi,1,Amphibians,Bolitoglossa,VU,2020,NA,NA,NA,NA,NA,NA,,,NA,NA,NA,NA,NA,NA,NA,,
Bolitoglossa jugivagans,1,Amphibians,Bolitoglossa,DD,2017,NA,NA,NA,NA,NA,NA,,,NA,NA,NA,NA,NA,NA,NA,,
Bolitoglossa kamuk,1,Amphibians,Bolitoglossa,VU,2020,NA,NA,NA,NA,NA,NA,,,NA,NA,NA,NA,NA,NA,NA,,
Bolitoglossa lignicolor,1,Amphibians,Bolitoglossa,LC,2020,NA,NA,NA,NA,NA,NA,,,NA,NA,NA,NA,NA,NA,NA,,
Bolitoglossa magnifica,1,Amphibians,Bolitoglossa,EN,2020,NA,NA,NA,NA,NA,NA,,,NA,NA,NA,NA,NA,NA,NA,,
Bolitoglossa marmorea,1,Amphibians,Bolitoglossa,EN,2020,NA,NA,NA,NA,NA,NA,,,NA,NA,NA,NA,NA,NA,NA,,
Bolitoglossa mexicana,1,Amphibians,Bolitoglossa,LC,2020,NA,NA,NA,NA,1,NA,,,NA,NA,NA,NA,NA,NA,NA,,
Bolitoglossa minutula,1,Amphibians,Bolitoglossa,EN,2020,NA,NA,NA,NA,NA,NA,,,NA,NA,NA,NA,NA,NA,NA,,
Bolitoglossa nigrescens,1,Amphibians,Bolitoglossa,DD,2020,NA,NA,NA,NA,NA,NA,,,NA,NA,NA,NA,NA,NA,NA,,
Bolitoglossa nympha,1,Amphibians,Bolitoglossa,LC,2020,NA,NA,NA,NA,NA,NA,,,NA,NA,NA,NA,NA,NA,NA,,
Bolitoglossa obscura,1,Amphibians,Bolitoglossa,DD,2020,NA,NA,NA,NA,NA,NA,,,NA,NA,NA,NA,NA,NA,NA,,
Bolitoglossa odonnelli,1,Amphibians,Bolitoglossa,NT,2020,NA,NA,NA,NA,NA,NA,,,NA,NA,NA,NA,NA,NA,NA,,
Bolitoglossa pesrubra,1,Amphibians,Bolitoglossa,LC,2020,NA,NA,NA,NA,NA,NA,,,NA,NA,NA,NA,NA,NA,NA,,
Bolitoglossa robusta,1,Amphibians,Bolitoglossa,VU,2020,NA,NA,NA,NA,NA,NA,,,NA,NA,NA,NA,NA,NA,NA,,
Bolitoglossa schizodactyla,1,Amphibians,Bolitoglossa,LC,2020,NA,NA,NA,NA,NA,NA,,,NA,NA,NA,NA,NA,NA,NA,,
Bolitoglossa sombra,1,Amphibians,Bolitoglossa,NT,2020,NA,NA,NA,NA,NA,NA,,,NA,NA,NA,NA,NA,NA,NA,,
Bolitoglossa sooyorum,1,Amphibians,Bolitoglossa,EN,2020,NA,NA,NA,NA,NA,NA,,,NA,NA,NA,NA,NA,NA,NA,,
Bolitoglossa splendida,1,Amphibians,Bolitoglossa,DD,2020,NA,NA,NA,NA,NA,NA,,,NA,NA,NA,NA,NA,NA,NA,,
Bolitoglossa striatula,1,Amphibians,Bolitoglossa,LC,2020,NA,NA,NA,NA,NA,NA,,,NA,NA,NA,NA,NA,NA,NA,,
Bolitoglossa subpalmata,1,Amphibians,Bolitoglossa,LC,2020,NA,NA,NA,NA,NA,NA,,,NA,NA,NA,NA,NA,NA,NA,,
Bolitoglossa subpalmata,1,Amphibians,Bolitoglossa,LC,2020,NA,NA,NA,NA,NA,NA,,,NA,NA,NA,NA,NA,NA,NA,,
Bolitoglossa tica,1,Amphibians,Bolitoglossa,DD,2020,NA,NA,NA,NA,NA,NA,,,NA,NA,NA,NA,NA,NA,NA,,
Bombina maxima,1,Amphibians,Bombina,LC,2023,NA,NA,NA,NA,1,NA,,,NA,NA,NA,NA,NA,NA,NA,,
Bos gaurus,1,Mammals,Bos,VU,2016,NA,NA,NA,NA,NA,NA,NA,NA,NA,NA,NA,NA,NA,NA,NA,,
Bos javanicus,1,Mammals,Bos,CR,2025,NA,NA,NA,NA,NA,NA,NA,NA,NA,625000,NA,NA,NA,NA,specialist,,
Bothrops alternatus,1,Reptiles,Bothrops,LC,2021,NA,NA,NA,NA,NA,NA,NA,NA,NA,NA,NA,NA,NA,2399.7,NA,,
Bothrops pubescens,1,Reptiles,Bothrops,LC,2019,NA,NA,NA,NA,NA,NA,NA,NA,NA,NA,NA,NA,NA,886,NA,,
Brachycephalus ephippium,1,Amphibians,Brachycephalus,LC,2023,NA,NA,NA,NA,1,NA,,,15,NA,NA,NA,NA,NA,NA,,
Brachycephalus hermogenesi,1,Amphibians,Brachycephalus,LC,2023,NA,NA,NA,NA,1,NA,,,15,NA,NA,NA,NA,NA,NA,,
Brachycephalus hermogenesi,1,Amphibians,Brachycephalus,LC,2023,NA,NA,NA,NA,1,NA,,,15,NA,NA,NA,NA,NA,NA,,
Brachycephalus nodoterga,1,Amphibians,Brachycephalus,LC,2023,NA,NA,NA,NA,1,NA,,,12,NA,NA,NA,NA,NA,NA,,
Brachycephalus nodoterga,1,Amphibians,Brachycephalus,LC,2023,NA,NA,NA,NA,1,NA,,,12,NA,NA,NA,NA,NA,NA,,
Brachycephalus sulfuratus,1,Amphibians,Brachycephalus,NT,2023,NA,NA,NA,NA,NA,NA,,,NA,NA,NA,NA,NA,NA,NA,,
Bradypodion melanocephalum,1,Reptiles,Bradypodion,NT,2022,NA,NA,NA,NA,NA,NA,NA,NA,NA,NA,Carnivorous,"invertebrates, negligibleAmounts of vegetation (Da Silva etAl. 2016;Appendix)",generalist,11,NA,,
Bradypodion transvaalense,1,Reptiles,Bradypodion,LC,2022,NA,NA,NA,NA,NA,NA,NA,NA,NA,NA,NA,NA,NA,15.5,NA,,
Bradypus variegatus,1,Mammals,Bradypus,LC,2022,NA,NA,NA,NA,NA,NA,NA,NA,NA,4335.01,NA,NA,NA,NA,specialist,,
Bromeliohyla bromeliacia,1,Amphibians,Bromeliohyla,LC,2020,NA,NA,NA,NA,NA,NA,,,NA,NA,NA,NA,NA,NA,NA,,
Bromeliohyla melacaena,1,Amphibians,Bromeliohyla,EN,2019,NA,NA,NA,NA,NA,NA,,,NA,NA,NA,NA,NA,NA,NA,,
Brucepattersonius iheringi,1,Mammals,Brucepattersonius,LC,2016,NA,NA,NA,NA,NA,NA,NA,NA,NA,43,NA,NA,NA,NA,specialist,,
Bufo gargarizans,1,Amphibians,Bufo,LC,2021,1,NA,NA,NA,1,NA,,,116.2,NA,NA,NA,NA,NA,NA,,
Cabassous squamicaudis,1,Mammals,Cabassous,LC,2025,NA,NA,NA,NA,NA,NA,NA,NA,NA,NA,NA,NA,NA,NA,NA,,
Cabassous tatouay,1,Mammals,Cabassous,LC,2025,NA,NA,NA,NA,NA,NA,NA,NA,NA,5349.95,NA,NA,NA,NA,specialist,,
Caecilia tentaculata,1,Amphibians,Caecilia,LC,2023,NA,NA,NA,NA,NA,NA,,,NA,NA,NA,NA,NA,NA,NA,,
Caecilia volcani,1,Amphibians,Caecilia,LC,2020,NA,NA,NA,NA,NA,NA,,,NA,NA,NA,NA,NA,NA,NA,,
Caiman latirostris,1,Reptiles,Caiman,LC,2020,NA,NA,NA,NA,NA,NA,NA,NA,NA,NA,Carnivorous,"Amphibians, birds, invertebrates, fish, reptiles, mammals",generalist,175003,NA,,
Calamodontophis paucidens,1,Reptiles,Calamodontophis,EN,2021,NA,NA,NA,NA,NA,NA,NA,NA,NA,NA,NA,NA,NA,18.2,NA,,
Callithrix penicillata,1,Mammals,Callithrix,LC,2021,NA,NA,NA,NA,NA,NA,NA,NA,NA,342,NA,NA,NA,NA,generalist,,
Callosciurus erythraeus,1,Mammals,Callosciurus,LC,2017,NA,NA,NA,NA,NA,NA,NA,NA,NA,280,NA,NA,NA,NA,generalist,,
Callosciurus inornatus,1,Mammals,Callosciurus,LC,2016,NA,NA,NA,NA,NA,NA,NA,NA,NA,325,NA,NA,NA,NA,generalist,,
Calomys callidus,1,Mammals,Calomys,LC,2016,NA,NA,NA,NA,NA,NA,NA,NA,NA,27,NA,NA,NA,NA,specialist,,
Calomys callosus,1,Mammals,Calomys,LC,2016,NA,NA,NA,NA,NA,NA,NA,NA,NA,44.95,NA,NA,NA,NA,specialist,,
Calomys expulsus,1,Mammals,Calomys,LC,2016,NA,NA,NA,NA,NA,NA,NA,NA,NA,39.86,NA,NA,NA,NA,specialist,,
Calomys laucha,1,Mammals,Calomys,LC,2016,NA,NA,NA,NA,NA,NA,NA,NA,NA,14,NA,NA,NA,NA,specialist,,
Calomys musculinus,1,Mammals,Calomys,LC,2016,NA,NA,NA,NA,NA,NA,NA,NA,NA,20.1,NA,NA,NA,NA,specialist,,
Calomys tener,1,Mammals,Calomys,LC,2016,NA,NA,NA,NA,NA,NA,NA,NA,NA,13.8,NA,NA,NA,NA,specialist,,
Calomys venustus,1,Mammals,Calomys,LC,2016,NA,NA,NA,NA,NA,NA,NA,NA,NA,49.33,NA,NA,NA,NA,specialist,,
Canis aureus,1,Mammals,Canis,LC,2018,NA,NA,NA,NA,NA,NA,NA,NA,NA,10345.23,NA,NA,NA,NA,specialist,,
Canis lupus,1,Mammals,Canis,LC,2023,NA,NA,NA,NA,NA,NA,NA,NA,NA,32183.33,NA,NA,NA,NA,specialist,,
Caperea marginata,1,Mammals,Caperea,LC,2018,NA,NA,NA,NA,NA,NA,NA,NA,NA,32000000,NA,NA,NA,NA,specialist,,
Capricornis sumatraensis,1,Mammals,Capricornis,VU,2020,NA,NA,NA,NA,NA,NA,NA,NA,NA,110942.22,NA,NA,NA,NA,specialist,,
Caretta caretta,1,Reptiles,Caretta,VU,2017,NA,NA,NA,NA,NA,NA,NA,NA,NA,NA,Carnivorous,Invertebrates,generalist,250000,NA,,
Carollia perspicillata,1,Mammals,Carollia,LC,2015,NA,NA,NA,NA,NA,NA,NA,NA,NA,18,NA,NA,NA,NA,specialist,,
Carterodon sulcidens,1,Mammals,Carterodon,DD,2016,NA,NA,NA,NA,NA,NA,NA,NA,NA,113.8,NA,NA,NA,NA,specialist,,
Castor canadensis,1,Mammals,Castor,LC,2016,NA,NA,NA,NA,NA,NA,NA,NA,NA,21820,NA,NA,NA,NA,specialist,,
Catopuma temminckii,1,Mammals,Catopuma,VU,2025,NA,NA,NA,NA,NA,NA,NA,NA,NA,11500,NA,NA,NA,NA,specialist,,
Catopuma temminckii,1,Mammals,Catopuma,VU,2025,NA,NA,NA,NA,NA,NA,NA,NA,NA,11500,NA,NA,NA,NA,specialist,,
Causus defilippii,1,Reptiles,Causus,LC,2021,NA,NA,NA,NA,NA,NA,NA,NA,NA,NA,NA,NA,NA,41.7,NA,,
Causus rhombeatus,1,Reptiles,Causus,LC,2021,NA,NA,NA,NA,NA,NA,NA,NA,NA,NA,NA,NA,NA,448.9,NA,,
Cavia aperea,1,Mammals,Cavia,LC,2016,NA,NA,NA,NA,NA,NA,NA,NA,NA,549,NA,NA,NA,NA,specialist,,
Cavia aperea,1,Mammals,Cavia,LC,2016,NA,NA,NA,NA,NA,NA,NA,NA,NA,549,NA,NA,NA,NA,specialist,,
Cavia magna,1,Mammals,Cavia,LC,2016,NA,NA,NA,NA,NA,NA,NA,NA,NA,460,NA,NA,NA,NA,specialist,,
Cephalorhynchus commersonii,1,Mammals,Cephalorhynchus,LC,2017,NA,NA,NA,NA,NA,NA,NA,NA,NA,72400,NA,NA,NA,NA,specialist,,
Cephalorhynchus eutropia,1,Mammals,Cephalorhynchus,NT,2017,NA,NA,NA,NA,NA,NA,NA,NA,NA,NA,NA,NA,NA,NA,NA,,
Ceratophrys aurita,1,Amphibians,Ceratophrys,LC,2022,NA,NA,NA,NA,NA,NA,,,NA,NA,NA,NA,NA,NA,NA,,
Cercosaura schreibersii,1,Reptiles,Cercosaura,LC,2019,NA,NA,NA,NA,NA,NA,NA,NA,NA,NA,Carnivorous,"Arthropods (e.g., Dos Santos etAl. 2012)",generalist,3.7,NA,,
Cerdocyon thous,1,Mammals,Cerdocyon,LC,2015,NA,NA,NA,NA,NA,NA,NA,NA,NA,5239.98,NA,NA,NA,NA,specialist,,
Cerdocyon thous,1,Mammals,Cerdocyon,LC,2015,NA,NA,NA,NA,NA,NA,NA,NA,NA,5239.98,NA,NA,NA,NA,specialist,,
Cerradomys scotti,1,Mammals,Cerradomys,LC,2017,NA,NA,NA,NA,NA,NA,NA,NA,NA,NA,NA,NA,NA,NA,NA,,
Chaetophractus vellerosus,1,Mammals,Chaetophractus,LC,2025,NA,NA,NA,NA,NA,NA,NA,NA,NA,1030.01,NA,NA,NA,NA,specialist,,
Chaetophractus villosus,1,Mammals,Chaetophractus,LC,2025,NA,NA,NA,NA,NA,NA,NA,NA,NA,4540.04,NA,NA,NA,NA,specialist,,
Chalinolobus gouldii,1,Mammals,Chalinolobus,LC,2021,NA,NA,NA,NA,NA,NA,NA,NA,NA,14.47,NA,NA,NA,NA,specialist,,
Chalinolobus morio,1,Mammals,Chalinolobus,LC,2021,NA,NA,NA,NA,NA,NA,NA,NA,NA,8.77,NA,NA,NA,NA,specialist,,
Chamaeleo dilepis,1,Reptiles,Chamaeleo,LC,2014,NA,NA,NA,NA,NA,NA,NA,NA,NA,NA,Carnivorous,"Arthropods, very few mollusksAnd lizards (e.g., Reaney etAl. 2012)",generalist,138,NA,,
Chamaesaura anguina,1,Reptiles,Chamaesaura,LC,2021,NA,NA,NA,NA,NA,NA,NA,NA,NA,NA,Carnivorous,"Arthropods (insects, Branch 2016)",generalist,15.5,NA,,
Chamaesaura macrolepis,1,Reptiles,Chamaesaura,LC,2022,NA,NA,NA,NA,NA,NA,NA,NA,NA,NA,Carnivorous,Arthropods,generalist,19.1,NA,,
Chelemys macronyx,1,Mammals,Chelemys,LC,2016,NA,NA,NA,NA,NA,NA,NA,NA,NA,73.3,NA,NA,NA,NA,specialist,,
Chelonia mydas,1,Reptiles,Chelonia,LC,2025,NA,NA,NA,NA,NA,NA,NA,NA,NA,NA,Omnivorous,"Invertebrates, fish, plants",generalist,230000,NA,,
Chelonia mydas,1,Reptiles,Chelonia,LC,2025,NA,NA,NA,NA,NA,NA,NA,NA,NA,NA,Omnivorous,"Invertebrates, fish, plants",generalist,230000,NA,,
Chiasmocleis lacrimae,1,Amphibians,Chiasmocleis,LC,2023,NA,NA,NA,NA,NA,NA,,,NA,NA,NA,NA,NA,NA,NA,,
Chiasmocleis leucosticta,1,Amphibians,Chiasmocleis,LC,2023,NA,NA,NA,NA,1,NA,,,NA,NA,NA,NA,NA,NA,NA,,
Chimarrogale himalayica,1,Mammals,Chimarrogale,LC,2016,NA,NA,NA,NA,NA,NA,NA,NA,NA,34.75,NA,NA,NA,NA,specialist,,
Chimarrogale himalayica,1,Mammals,Chimarrogale,LC,2016,NA,NA,NA,NA,NA,NA,NA,NA,NA,34.75,NA,NA,NA,NA,specialist,,
Chiroderma doriae,1,Mammals,Chiroderma,LC,2015,NA,NA,NA,NA,NA,NA,NA,NA,NA,19.9,NA,NA,NA,NA,specialist,,
Chiroderma trinitatum,1,Mammals,Chiroderma,LC,2016,NA,NA,NA,NA,NA,NA,NA,NA,NA,13.68,NA,NA,NA,NA,specialist,,
Chiroderma villosum,1,Mammals,Chiroderma,LC,2015,NA,NA,NA,NA,NA,NA,NA,NA,NA,23.12,NA,NA,NA,NA,specialist,,
Chiromantis xerampelina,1,Amphibians,Chiromantis,LC,2013,NA,NA,NA,NA,NA,NA,,,13.4,NA,NA,NA,NA,NA,NA,,
Chiromyscus chiropus,1,Mammals,Chiromyscus,LC,2016,NA,NA,NA,NA,NA,NA,NA,NA,NA,77.8,NA,NA,NA,NA,specialist,,
Chironectes minimus,1,Mammals,Chironectes,LC,2016,NA,NA,NA,NA,NA,NA,NA,NA,NA,946,NA,NA,NA,NA,specialist,,
Chironectes minimus,1,Mammals,Chironectes,LC,2016,NA,NA,NA,NA,NA,NA,NA,NA,NA,946,NA,NA,NA,NA,specialist,,
Chlamyphorus truncatus,1,Mammals,Chlamyphorus,DD,2025,NA,NA,NA,NA,NA,NA,NA,NA,NA,44.3,NA,NA,NA,NA,specialist,,
Chondrodactylus turneri,1,Reptiles,Chondrodactylus,LC,2021,NA,NA,NA,NA,NA,NA,NA,NA,NA,NA,Carnivorous,Arthropods (Spawls etAl. 2018),generalist,16.6,NA,,
Chrotopterus auritus,1,Mammals,Chrotopterus,LC,2015,NA,NA,NA,NA,NA,NA,NA,NA,NA,77.86,NA,NA,NA,NA,generalist,,
Chrysocyon brachyurus,1,Mammals,Chrysocyon,NT,2015,NA,NA,NA,NA,NA,NA,NA,NA,NA,23249.84,NA,NA,NA,NA,specialist,,
Chthonerpeton viviparum,1,Amphibians,Chthonerpeton,LC,2023,NA,NA,NA,NA,NA,NA,,,NA,NA,NA,NA,NA,NA,NA,,
Clyomys laticeps,1,Mammals,Clyomys,LC,2016,NA,NA,NA,NA,NA,NA,NA,NA,NA,201,NA,NA,NA,NA,specialist,,
Cnephaeus pachyomus,1,Mammals,Cnephaeus,LC,2019,NA,NA,NA,NA,NA,NA,NA,NA,NA,NA,NA,NA,NA,NA,NA,,
Cochranella euknemos,1,Amphibians,Cochranella,LC,2020,NA,NA,NA,NA,NA,NA,,,NA,NA,NA,NA,NA,NA,NA,,
Cochranella granulosa,1,Amphibians,Cochranella,LC,2020,NA,NA,NA,NA,NA,NA,,,NA,NA,NA,NA,NA,NA,NA,,
Coelops frithii,1,Mammals,Coelops,NT,2019,NA,NA,NA,NA,NA,NA,NA,NA,NA,7.52,NA,NA,NA,NA,specialist,,
Coendou prehensilis,1,Mammals,Coendou,LC,2016,NA,NA,NA,NA,NA,NA,NA,NA,NA,4399.97,NA,NA,NA,NA,specialist,,
Coendou spinosus,1,Mammals,Coendou,LC,2016,NA,NA,NA,NA,NA,NA,NA,NA,NA,NA,NA,NA,NA,NA,NA,,
Colostethus pratti,1,Amphibians,Colostethus,LC,2018,NA,NA,NA,NA,NA,NA,,,NA,NA,NA,NA,NA,NA,NA,,
Conepatus chinga,1,Mammals,Conepatus,LC,2016,NA,NA,NA,NA,NA,NA,NA,NA,NA,1917.52,NA,NA,NA,NA,specialist,,
Conepatus humboldtii,1,Mammals,Conepatus,LC,2016,NA,NA,NA,NA,NA,NA,NA,NA,NA,328,NA,NA,NA,NA,specialist,,
Contomastix charrua,0,Reptiles,Contomastix,EX,2016,NA,NA,NA,NA,NA,NA,NA,NA,NA,NA,NA,NA,NA,NA,NA,,
Contomastix lacertoides,1,Reptiles,Contomastix,LC,2020,NA,NA,NA,NA,NA,NA,NA,NA,NA,NA,Carnivorous,arthropods (Ariani etAl. 2012),generalist,13.2,NA,,
Cophixalus aenigma,1,Amphibians,Cophixalus,EN,2023,NA,NA,NA,NA,1,NA,Generalist,https://pmc.ncbi.nlm.nih.gov/articles/PMC1834005/,NA,NA,NA,NA,NA,NA,NA,,Ian
Cophixalus australis,1,Amphibians,Cophixalus,LC,2022,NA,NA,NA,NA,NA,NA,,,NA,NA,NA,NA,NA,NA,NA,,
Cophixalus bombiens,1,Amphibians,Cophixalus,LC,2022,NA,NA,NA,NA,1,NA,Generalist,https://pmc.ncbi.nlm.nih.gov/articles/PMC1834005/,NA,NA,NA,NA,NA,NA,NA,,Ian
Cophixalus concinnus,1,Amphibians,Cophixalus,CR,2022,NA,NA,NA,NA,1,NA,Generalist,https://pmc.ncbi.nlm.nih.gov/articles/PMC1834005/,NA,NA,NA,NA,NA,NA,NA,,Ian
Cophixalus exiguus,1,Amphibians,Cophixalus,LC,2022,NA,NA,NA,NA,1,NA,Generalist,https://pmc.ncbi.nlm.nih.gov/articles/PMC1834005/,NA,NA,NA,NA,NA,NA,NA,,Ian
Cophixalus hosmeri,1,Amphibians,Cophixalus,EN,2022,NA,NA,NA,NA,1,NA,Generalist,https://pmc.ncbi.nlm.nih.gov/articles/PMC1834005/,NA,NA,NA,NA,NA,NA,NA,,Ian
Cophixalus infacetus,1,Amphibians,Cophixalus,LC,2022,NA,NA,NA,NA,1,NA,Specialist,https://pmc.ncbi.nlm.nih.gov/articles/PMC1834005/,NA,NA,NA,NA,NA,NA,NA,,Ian
Cophixalus monticola,1,Amphibians,Cophixalus,CR,2022,NA,NA,NA,NA,1,NA,,,NA,NA,NA,NA,NA,NA,NA,,
Cophixalus neglectus,1,Amphibians,Cophixalus,CR,2022,NA,NA,NA,NA,1,NA,Generalist,https://pmc.ncbi.nlm.nih.gov/articles/PMC1834005/,NA,NA,NA,NA,NA,NA,NA,,Ian
Cophixalus ornatus,1,Amphibians,Cophixalus,LC,2022,NA,NA,NA,NA,1,NA,Specialist,https://pmc.ncbi.nlm.nih.gov/articles/PMC1834005/,NA,NA,NA,NA,NA,NA,NA,,Ian
Cophixalus saxatilis,1,Amphibians,Cophixalus,LC,2022,NA,NA,NA,NA,1,NA,,,NA,NA,NA,NA,NA,NA,NA,,
Cordylus jonesii,1,Reptiles,Cordylus,LC,2021,NA,NA,NA,NA,NA,NA,NA,NA,NA,NA,Carnivorous,"Arthropods (mostly termites in season, e.g., Pienaar 1966, Branch 2016)",specialist,20,NA,,
Cordylus vittifer,1,Reptiles,Cordylus,LC,2022,NA,NA,NA,NA,NA,NA,NA,NA,NA,NA,Carnivorous,"Insects (e.g., Branch 2016)",generalist,22.4,NA,,
Craugastor aenigmaticus,1,Amphibians,Craugastor,NT,2020,NA,NA,NA,NA,NA,NA,,,NA,NA,NA,NA,NA,NA,NA,,
Craugastor anciano,0,Amphibians,Craugastor,EX,2019,NA,NA,NA,NA,NA,NA,,,NA,NA,NA,NA,NA,NA,NA,,
Craugastor andi,1,Amphibians,Craugastor,CR,2020,NA,NA,NA,NA,NA,NA,,,NA,NA,NA,NA,NA,NA,NA,,
Craugastor angelicus,1,Amphibians,Craugastor,CR,2020,NA,NA,NA,NA,NA,NA,,,NA,NA,NA,NA,NA,NA,NA,,
Craugastor blairi,1,Amphibians,Craugastor,EN,2020,NA,NA,NA,NA,NA,NA,,,NA,NA,NA,NA,NA,NA,NA,,
Craugastor bocourti,1,Amphibians,Craugastor,EN,2020,NA,NA,NA,NA,NA,NA,,,NA,NA,NA,NA,NA,NA,NA,,
Craugastor bransfordii,1,Amphibians,Craugastor,LC,2015,NA,NA,NA,NA,NA,NA,,,NA,NA,NA,NA,NA,NA,NA,,
Craugastor catalinae,1,Amphibians,Craugastor,CR,2020,NA,NA,NA,NA,NA,NA,,,NA,NA,NA,NA,NA,NA,NA,,
Craugastor chac,1,Amphibians,Craugastor,LC,2020,NA,NA,NA,NA,NA,NA,,,NA,NA,NA,NA,NA,NA,NA,,
Craugastor chac,1,Amphibians,Craugastor,LC,2020,NA,NA,NA,NA,NA,NA,,,NA,NA,NA,NA,NA,NA,NA,,
Craugastor charadra,1,Amphibians,Craugastor,VU,2020,NA,NA,NA,NA,NA,NA,,,NA,NA,NA,NA,NA,NA,NA,,
Craugastor crassidigitus,1,Amphibians,Craugastor,LC,2020,NA,NA,NA,NA,NA,NA,,,NA,NA,NA,NA,NA,NA,NA,,
Craugastor cuaquero,1,Amphibians,Craugastor,DD,2020,NA,NA,NA,NA,NA,NA,,,NA,NA,NA,NA,NA,NA,NA,,
Craugastor emcelae,1,Amphibians,Craugastor,CR,2020,NA,NA,NA,NA,NA,NA,,,NA,NA,NA,NA,NA,NA,NA,,
Craugastor escoces,1,Amphibians,Craugastor,CR,2020,NA,NA,NA,NA,NA,NA,,,NA,NA,NA,NA,NA,NA,NA,,
Craugastor fitzingeri,1,Amphibians,Craugastor,LC,2020,NA,NA,NA,NA,1,NA,,,11,NA,NA,NA,NA,NA,NA,,
Craugastor fitzingeri,1,Amphibians,Craugastor,LC,2020,NA,NA,NA,NA,1,NA,,,11,NA,NA,NA,NA,NA,NA,,
Craugastor fleischmanni,1,Amphibians,Craugastor,CR,2020,NA,NA,NA,NA,NA,NA,,,NA,NA,NA,NA,NA,NA,NA,,
Craugastor gabbi,1,Amphibians,Craugastor,LC,2020,NA,NA,NA,NA,NA,NA,,,NA,NA,NA,NA,NA,NA,NA,,
Craugastor gollmeri,1,Amphibians,Craugastor,LC,2015,NA,NA,NA,NA,NA,NA,,,NA,NA,NA,NA,NA,NA,NA,,
Craugastor gulosus,1,Amphibians,Craugastor,CR,2020,NA,NA,NA,NA,NA,NA,,,NA,NA,NA,NA,NA,NA,NA,,
Craugastor gulosus,1,Amphibians,Craugastor,CR,2020,NA,NA,NA,NA,NA,NA,,,NA,NA,NA,NA,NA,NA,NA,,
Craugastor laevissimus,1,Amphibians,Craugastor,EN,2020,NA,NA,NA,NA,NA,NA,,,NA,NA,NA,NA,NA,NA,NA,,
Craugastor laticeps,1,Amphibians,Craugastor,LC,2020,NA,NA,NA,NA,NA,NA,,,80,NA,NA,NA,NA,NA,NA,,
Craugastor megacephalus,1,Amphibians,Craugastor,LC,2020,NA,NA,NA,NA,1,NA,,,NA,NA,NA,NA,NA,NA,NA,,
Craugastor melanostictus,1,Amphibians,Craugastor,LC,2015,NA,NA,NA,NA,NA,NA,,,NA,NA,NA,NA,NA,NA,NA,,
Craugastor melanostictus,1,Amphibians,Craugastor,LC,2015,NA,NA,NA,NA,NA,NA,,,NA,NA,NA,NA,NA,NA,NA,,
Craugastor monnichorum,1,Amphibians,Craugastor,EN,2020,NA,NA,NA,NA,NA,NA,,,NA,NA,NA,NA,NA,NA,NA,,
Craugastor myllomyllon,0,Amphibians,Craugastor,EX,2020,NA,NA,NA,NA,NA,NA,,,NA,NA,NA,NA,NA,NA,NA,,
Craugastor noblei,1,Amphibians,Craugastor,LC,2015,NA,NA,NA,NA,NA,NA,,,NA,NA,NA,NA,NA,NA,NA,,
Craugastor noblei,1,Amphibians,Craugastor,LC,2015,NA,NA,NA,NA,NA,NA,,,NA,NA,NA,NA,NA,NA,NA,,
Craugastor obesus,1,Amphibians,Craugastor,CR,2020,NA,NA,NA,NA,NA,NA,,,NA,NA,NA,NA,NA,NA,NA,,
Craugastor omoaensis,0,Amphibians,Craugastor,EX,2019,NA,NA,NA,NA,NA,NA,,,NA,NA,NA,NA,NA,NA,NA,,
Craugastor persimilis,1,Amphibians,Craugastor,LC,2020,NA,NA,NA,NA,NA,NA,,,NA,NA,NA,NA,NA,NA,NA,,
Craugastor phasma,1,Amphibians,Craugastor,CR,2020,NA,NA,NA,NA,NA,NA,,,NA,NA,NA,NA,NA,NA,NA,,
Craugastor podiciferus,1,Amphibians,Craugastor,LC,2020,NA,NA,NA,NA,NA,NA,,,NA,NA,NA,NA,NA,NA,NA,,
Craugastor podiciferus,1,Amphibians,Craugastor,LC,2020,NA,NA,NA,NA,NA,NA,,,NA,NA,NA,NA,NA,NA,NA,,
Craugastor punctariolus,1,Amphibians,Craugastor,CR,2020,NA,NA,NA,NA,NA,NA,,,NA,NA,NA,NA,NA,NA,NA,,
Craugastor ranoides,1,Amphibians,Craugastor,CR,2020,NA,NA,NA,NA,NA,NA,,,NA,NA,NA,NA,NA,NA,NA,,
Craugastor rayo,1,Amphibians,Craugastor,EN,2020,NA,NA,NA,NA,NA,NA,,,NA,NA,NA,NA,NA,NA,NA,,
Craugastor rhyacobatrachus,1,Amphibians,Craugastor,CR,2020,NA,NA,NA,NA,NA,NA,,,NA,NA,NA,NA,NA,NA,NA,,
Craugastor rivulus,1,Amphibians,Craugastor,VU,2020,NA,NA,NA,NA,NA,NA,,,NA,NA,NA,NA,NA,NA,NA,,
Craugastor rostralis,1,Amphibians,Craugastor,VU,2020,NA,NA,NA,NA,NA,NA,,,NA,NA,NA,NA,NA,NA,NA,,
Craugastor rugosus,1,Amphibians,Craugastor,LC,2020,NA,NA,NA,NA,1,1,,,NA,NA,NA,NA,NA,NA,NA,,
Craugastor sandersoni,1,Amphibians,Craugastor,EN,2020,NA,NA,NA,NA,NA,NA,,,NA,NA,NA,NA,NA,NA,NA,,
Craugastor stejnegerianus,1,Amphibians,Craugastor,LC,2020,NA,NA,NA,NA,NA,NA,,,NA,NA,NA,NA,NA,NA,NA,,
Craugastor stejnegerianus,1,Amphibians,Craugastor,LC,2020,NA,NA,NA,NA,NA,NA,,,NA,NA,NA,NA,NA,NA,NA,,
Craugastor talamancae,1,Amphibians,Craugastor,LC,2015,NA,NA,NA,NA,NA,NA,,,NA,NA,NA,NA,NA,NA,NA,,
Craugastor underwoodi,1,Amphibians,Craugastor,LC,2015,NA,NA,NA,NA,1,NA,,,NA,NA,NA,NA,NA,NA,NA,,
Craugastor underwoodi,1,Amphibians,Craugastor,LC,2015,NA,NA,NA,NA,1,NA,,,NA,NA,NA,NA,NA,NA,NA,,
Craugastor xucanebi,1,Amphibians,Craugastor,VU,2020,NA,NA,NA,NA,NA,NA,,,NA,NA,NA,NA,NA,NA,NA,,
Craugastor zunigai,1,Amphibians,Craugastor,LC,2020,NA,NA,NA,NA,NA,NA,,,NA,NA,NA,NA,NA,NA,NA,,
Cricetulus barabensis,1,Mammals,Cricetulus,LC,2016,NA,NA,NA,NA,NA,NA,NA,NA,NA,22.85,NA,NA,NA,NA,specialist,,
Crinia deserticola,1,Amphibians,Crinia,LC,2022,NA,NA,NA,NA,NA,NA,,,0.37,NA,NA,NA,NA,NA,NA,,
Crinia deserticola,1,Amphibians,Crinia,LC,2022,NA,NA,NA,NA,NA,NA,,,0.37,NA,NA,NA,NA,NA,NA,,
Crinia parinsignifera,1,Amphibians,Crinia,LC,2022,NA,NA,NA,NA,NA,NA,,,0.66,NA,NA,NA,NA,NA,NA,,
Crinia remota,1,Amphibians,Crinia,LC,2022,NA,NA,NA,NA,NA,NA,,,0.5,NA,NA,NA,NA,NA,NA,,
Crinia signifera,1,Amphibians,Crinia,LC,2022,NA,NA,NA,NA,1,NA,,,1.9,NA,NA,NA,NA,NA,NA,,
Crinia signifera,1,Amphibians,Crinia,LC,2022,NA,NA,NA,NA,1,NA,,,1.9,NA,NA,NA,NA,NA,NA,,
Crinia tinnula,1,Amphibians,Crinia,LC,2023,NA,NA,NA,NA,NA,NA,,,0.31,NA,NA,NA,NA,NA,NA,,
Crocidura attenuata,1,Mammals,Crocidura,LC,2017,NA,NA,NA,NA,NA,NA,NA,NA,NA,14.27,NA,NA,NA,NA,specialist,,
Crocidura attenuata,1,Mammals,Crocidura,LC,2017,NA,NA,NA,NA,NA,NA,NA,NA,NA,14.27,NA,NA,NA,NA,specialist,,
Crocidura fuliginosa,1,Mammals,Crocidura,LC,2016,NA,NA,NA,NA,NA,NA,NA,NA,NA,12,NA,NA,NA,NA,specialist,,
Crocidura indochinensis,1,Mammals,Crocidura,LC,2016,NA,NA,NA,NA,NA,NA,NA,NA,NA,10.42,NA,NA,NA,NA,specialist,,
Crocidura lasiura,1,Mammals,Crocidura,LC,2016,NA,NA,NA,NA,NA,NA,NA,NA,NA,14.8,NA,NA,NA,NA,specialist,,
Crocidura phanluongi,1,Mammals,Crocidura,LC,2024,NA,NA,NA,NA,NA,NA,NA,NA,NA,NA,NA,NA,NA,NA,NA,,
Crocidura shantungensis,1,Mammals,Crocidura,LC,2016,NA,NA,NA,NA,NA,NA,NA,NA,NA,10.42,NA,NA,NA,NA,specialist,,
Crocidura vorax,1,Mammals,Crocidura,LC,2016,NA,NA,NA,NA,NA,NA,NA,NA,NA,10.42,NA,NA,NA,NA,specialist,,
Crossodactylus boulengeri,1,Amphibians,Crossodactylus,CR,2023,NA,NA,NA,NA,NA,NA,,,NA,NA,NA,NA,NA,NA,NA,,
Crossodactylus caramaschii,1,Amphibians,Crossodactylus,LC,2023,NA,NA,NA,NA,NA,NA,,,NA,NA,NA,NA,NA,NA,NA,,
Crossodactylus gaudichaudii,1,Amphibians,Crossodactylus,LC,2023,NA,NA,NA,NA,1,NA,,,NA,NA,NA,NA,NA,NA,NA,,
Crotaphopeltis hotamboeia,1,Reptiles,Crotaphopeltis,LC,2021,NA,NA,NA,NA,NA,NA,NA,NA,NA,NA,NA,NA,NA,66.5,NA,,
Crotaphopeltis hotamboeia,1,Reptiles,Crotaphopeltis,LC,2021,NA,NA,NA,NA,NA,NA,NA,NA,NA,NA,NA,NA,NA,66.5,NA,,
Cruziohyla calcarifer,1,Amphibians,Cruziohyla,LC,2020,NA,NA,NA,NA,NA,NA,,,NA,NA,NA,NA,NA,NA,NA,,
Cruziohyla sylviae,1,Amphibians,Cruziohyla,LC,2020,NA,NA,NA,NA,NA,NA,,,NA,NA,NA,NA,NA,NA,NA,,
Cryptonanus agricolai,1,Mammals,Cryptonanus,DD,2021,NA,NA,NA,NA,NA,NA,NA,NA,NA,NA,NA,NA,NA,NA,NA,,
Cryptonanus chacoensis,1,Mammals,Cryptonanus,LC,2016,NA,NA,NA,NA,NA,NA,NA,NA,NA,NA,NA,NA,NA,NA,NA,,
Cryptotriton nasalis,1,Amphibians,Cryptotriton,EN,2020,NA,NA,NA,NA,NA,NA,,,NA,NA,NA,NA,NA,NA,NA,,
Ctenomys australis,1,Mammals,Ctenomys,EN,2018,NA,NA,NA,NA,NA,NA,NA,NA,NA,361.5,NA,NA,NA,NA,specialist,,
Ctenomys azarae,1,Mammals,Ctenomys,EN,2019,NA,NA,NA,NA,NA,NA,NA,NA,NA,400,NA,NA,NA,NA,specialist,,
Ctenomys brasiliensis,1,Mammals,Ctenomys,DD,2019,NA,NA,NA,NA,NA,NA,NA,NA,NA,400,NA,NA,NA,NA,specialist,,
Ctenomys colburni,1,Mammals,Ctenomys,DD,2019,NA,NA,NA,NA,NA,NA,NA,NA,NA,400,NA,NA,NA,NA,specialist,,
Ctenomys coyhaiquensis,1,Mammals,Ctenomys,DD,2019,NA,NA,NA,NA,NA,NA,NA,NA,NA,259.74,NA,NA,NA,NA,specialist,,
Ctenomys dorbignyi,1,Mammals,Ctenomys,NT,2019,NA,NA,NA,NA,NA,NA,NA,NA,NA,259.74,NA,NA,NA,NA,specialist,,
Ctenomys emilianus,1,Mammals,Ctenomys,LC,2019,NA,NA,NA,NA,NA,NA,NA,NA,NA,285.3,NA,NA,NA,NA,specialist,,
Ctenomys flamarioni,1,Mammals,Ctenomys,EN,2019,NA,NA,NA,NA,NA,NA,NA,NA,NA,259.74,NA,NA,NA,NA,specialist,,
Ctenomys fodax,1,Mammals,Ctenomys,DD,2019,NA,NA,NA,NA,NA,NA,NA,NA,NA,259.74,NA,NA,NA,NA,specialist,,
Ctenomys haigi,1,Mammals,Ctenomys,LC,2016,NA,NA,NA,NA,NA,NA,NA,NA,NA,164,NA,NA,NA,NA,specialist,,
Ctenomys magellanicus,1,Mammals,Ctenomys,LC,2019,NA,NA,NA,NA,NA,NA,NA,NA,NA,272,NA,NA,NA,NA,specialist,,
Ctenomys mendocinus,1,Mammals,Ctenomys,LC,2016,NA,NA,NA,NA,NA,NA,NA,NA,NA,163.05,NA,NA,NA,NA,specialist,,
Ctenomys osvaldoreigi,1,Mammals,Ctenomys,CR,2018,NA,NA,NA,NA,NA,NA,NA,NA,NA,259.74,NA,NA,NA,NA,specialist,,
Ctenomys pearsoni,1,Mammals,Ctenomys,NT,2019,NA,NA,NA,NA,NA,NA,NA,NA,NA,212,NA,NA,NA,NA,specialist,,
Ctenomys porteousi,1,Mammals,Ctenomys,NT,2020,NA,NA,NA,NA,NA,NA,NA,NA,NA,192.4,NA,NA,NA,NA,specialist,,
Ctenomys pundti,1,Mammals,Ctenomys,EN,2019,NA,NA,NA,NA,NA,NA,NA,NA,NA,259.74,NA,NA,NA,NA,specialist,,
Ctenomys rionegrensis,1,Mammals,Ctenomys,EN,2018,NA,NA,NA,NA,NA,NA,NA,NA,NA,259.74,NA,NA,NA,NA,specialist,,
Ctenomys sericeus,1,Mammals,Ctenomys,DD,2019,NA,NA,NA,NA,NA,NA,NA,NA,NA,400,NA,NA,NA,NA,specialist,,
Ctenomys sociabilis,1,Mammals,Ctenomys,CR,2018,NA,NA,NA,NA,NA,NA,NA,NA,NA,400,NA,NA,NA,NA,specialist,,
Ctenomys talarum,1,Mammals,Ctenomys,LC,2016,NA,NA,NA,NA,NA,NA,NA,NA,NA,132.33,NA,NA,NA,NA,specialist,,
Ctenomys torquatus,1,Mammals,Ctenomys,LC,2016,NA,NA,NA,NA,NA,NA,NA,NA,NA,209.5,NA,NA,NA,NA,specialist,,
Ctenomys yolandae,1,Mammals,Ctenomys,DD,2019,NA,NA,NA,NA,NA,NA,NA,NA,NA,259.74,NA,NA,NA,NA,specialist,,
Ctenophryne aterrima,1,Amphibians,Ctenophryne,LC,2020,NA,NA,NA,NA,NA,NA,,,NA,NA,NA,NA,NA,NA,NA,,
Cuniculus paca,1,Mammals,Cuniculus,LC,2016,NA,NA,NA,NA,NA,NA,NA,NA,NA,8172.55,NA,NA,NA,NA,specialist,,
Cuon alpinus,1,Mammals,Cuon,EN,2015,NA,NA,NA,NA,NA,NA,NA,NA,NA,14173.33,NA,NA,NA,NA,specialist,,
Cycloramphus acangatan,1,Amphibians,Cycloramphus,LC,2023,NA,NA,NA,NA,NA,NA,,,NA,NA,NA,NA,NA,NA,NA,,
Cycloramphus bolitoglossus,1,Amphibians,Cycloramphus,LC,2023,NA,NA,NA,NA,NA,NA,,,NA,NA,NA,NA,NA,NA,NA,,
Cycloramphus dubius,1,Amphibians,Cycloramphus,LC,2023,NA,NA,NA,NA,NA,NA,,,NA,NA,NA,NA,NA,NA,NA,,
Cycloramphus eleutherodactylus,1,Amphibians,Cycloramphus,LC,2023,NA,NA,NA,NA,NA,NA,,,NA,NA,NA,NA,NA,NA,NA,,
Cycloramphus eleutherodactylus,1,Amphibians,Cycloramphus,LC,2023,NA,NA,NA,NA,NA,NA,,,NA,NA,NA,NA,NA,NA,NA,,
Cycloramphus lutzorum,1,Amphibians,Cycloramphus,LC,2023,NA,NA,NA,NA,NA,NA,,,NA,NA,NA,NA,NA,NA,NA,,
Cycloramphus mirandaribeiroi,1,Amphibians,Cycloramphus,LC,2023,NA,NA,NA,NA,NA,NA,,,NA,NA,NA,NA,NA,NA,NA,,
Cycloramphus semipalmatus,1,Amphibians,Cycloramphus,CR,2023,NA,NA,NA,NA,NA,NA,,,NA,NA,NA,NA,NA,NA,NA,,
Cycloramphus semipalmatus,1,Amphibians,Cycloramphus,CR,2023,NA,NA,NA,NA,NA,NA,,,NA,NA,NA,NA,NA,NA,NA,,
Cyclorana alboguttata,1,Amphibians,Cyclorana,LC,2022,NA,NA,NA,NA,NA,NA,,,NA,NA,NA,NA,NA,NA,NA,,
Cyclorana alboguttata,1,Amphibians,Cyclorana,LC,2022,NA,NA,NA,NA,NA,NA,,,NA,NA,NA,NA,NA,NA,NA,,
Cyclorana alboguttata,1,Amphibians,Cyclorana,LC,2022,NA,NA,NA,NA,NA,NA,,,NA,NA,NA,NA,NA,NA,NA,,
Cyclorana alboguttata,1,Amphibians,Cyclorana,LC,2022,NA,NA,NA,NA,NA,NA,,,NA,NA,NA,NA,NA,NA,NA,,
Cyclorana brevipes,1,Amphibians,Cyclorana,LC,2022,NA,NA,NA,NA,NA,NA,,,NA,NA,NA,NA,NA,NA,NA,,
Cyclorana brevipes,1,Amphibians,Cyclorana,LC,2022,NA,NA,NA,NA,NA,NA,,,NA,NA,NA,NA,NA,NA,NA,,
Cyclorana brevipes,1,Amphibians,Cyclorana,LC,2022,NA,NA,NA,NA,NA,NA,,,NA,NA,NA,NA,NA,NA,NA,,
Cyclorana cryptotis,1,Amphibians,Cyclorana,LC,2022,NA,NA,NA,NA,NA,NA,,,NA,NA,NA,NA,NA,NA,NA,,
Cyclorana novaehollandiae,1,Amphibians,Cyclorana,LC,2022,NA,NA,NA,NA,NA,NA,,,NA,NA,NA,NA,NA,NA,NA,,
Cynomops planirostris,1,Mammals,Cynomops,LC,2015,NA,NA,NA,NA,NA,NA,NA,NA,NA,12.84,NA,NA,NA,NA,specialist,,
Cynopterus brachyotis,1,Mammals,Cynopterus,LC,2019,NA,NA,NA,NA,NA,NA,NA,NA,NA,31.15,NA,NA,NA,NA,specialist,,
Cynopterus sphinx,1,Mammals,Cynopterus,LC,2019,NA,NA,NA,NA,NA,NA,NA,NA,NA,43.66,NA,NA,NA,NA,specialist,,
Dasycercus blythi,1,Mammals,Dasycercus,LC,2016,NA,NA,NA,NA,NA,NA,NA,NA,NA,NA,NA,NA,NA,NA,NA,,
Dasykaluta rosamondae,1,Mammals,Dasykaluta,LC,2016,NA,NA,NA,NA,NA,NA,NA,NA,NA,28.75,NA,NA,NA,NA,specialist,,
Dasypeltis inornata,1,Reptiles,Dasypeltis,LC,2022,NA,NA,NA,NA,NA,NA,NA,NA,NA,NA,Carnivorous,Bird eggs,specialist,117.2,NA,,
Dasypeltis inornata,1,Reptiles,Dasypeltis,LC,2022,NA,NA,NA,NA,NA,NA,NA,NA,NA,NA,Carnivorous,Bird eggs,specialist,117.2,NA,,
Dasypeltis scabra,1,Reptiles,Dasypeltis,LC,2021,NA,NA,NA,NA,NA,NA,NA,NA,NA,NA,Carnivorous,Bird eggs,specialist,170.9,NA,,
Dasypeltis scabra,1,Reptiles,Dasypeltis,LC,2021,NA,NA,NA,NA,NA,NA,NA,NA,NA,NA,Carnivorous,Bird eggs,specialist,170.9,NA,,
Dasyprocta azarae,1,Mammals,Dasyprocta,DD,2016,NA,NA,NA,NA,NA,NA,NA,NA,NA,2309.99,NA,NA,NA,NA,specialist,,
Dasyprocta leporina,1,Mammals,Dasyprocta,LC,2016,NA,NA,NA,NA,NA,NA,NA,NA,NA,3020.02,NA,NA,NA,NA,specialist,,
Dasypus hybridus,1,Mammals,Dasypus,NT,2014,NA,NA,NA,NA,NA,NA,NA,NA,NA,1500,NA,NA,NA,NA,specialist,,
Dasypus novemcinctus,1,Mammals,Dasypus,LC,2014,NA,NA,NA,NA,NA,NA,NA,NA,NA,4203.78,NA,NA,NA,NA,specialist,,
Dasypus septemcinctus,1,Mammals,Dasypus,LC,2014,NA,NA,NA,NA,NA,NA,NA,NA,NA,1526.65,NA,NA,NA,NA,specialist,,
Delphinus delphis,1,Mammals,Delphinus,LC,2025,NA,NA,NA,NA,NA,NA,NA,NA,NA,80000,NA,NA,NA,NA,specialist,,
Deltamys kempi,1,Mammals,Deltamys,LC,2016,NA,NA,NA,NA,NA,NA,NA,NA,NA,26.4,NA,NA,NA,NA,generalist,,
Dendroaspis angusticeps,1,Reptiles,Dendroaspis,LC,2021,NA,NA,NA,NA,NA,NA,NA,NA,NA,NA,Carnivorous,"Birds, bird eggs, mammals, reptiles",generalist,2290,NA,,
Dendroaspis polylepis,1,Reptiles,Dendroaspis,LC,2021,NA,NA,NA,NA,NA,NA,NA,NA,NA,NA,Carnivorous,"Birds, mammals",generalist,8213.6,NA,,
Dendroaspis polylepis,1,Reptiles,Dendroaspis,LC,2021,NA,NA,NA,NA,NA,NA,NA,NA,NA,NA,Carnivorous,"Birds, mammals",generalist,8213.6,NA,,
Dendrobates auratus,1,Amphibians,Dendrobates,LC,2020,NA,NA,NA,NA,1,NA,specialist,primarily ants (doi.org/10.1111/j.1469-7998.1996.tb05487.x),NA,NA,NA,NA,NA,NA,NA,,
Dendrogale murina,1,Mammals,Dendrogale,LC,2016,NA,NA,NA,NA,NA,NA,NA,NA,NA,50,NA,NA,NA,NA,specialist,,
Dendrophryniscus berthalutzae,1,Amphibians,Dendrophryniscus,LC,2023,NA,NA,NA,NA,NA,NA,NA,,NA,NA,NA,NA,NA,NA,NA,,
Dendrophryniscus berthalutzae,1,Amphibians,Dendrophryniscus,LC,2023,NA,NA,NA,NA,NA,NA,Duplicated,,NA,NA,NA,NA,NA,NA,NA,,
Dendrophryniscus imitator,1,Amphibians,Dendrophryniscus,LC,2023,NA,NA,NA,NA,NA,NA,NA,,NA,NA,NA,NA,NA,NA,NA,,
Dendrophryniscus leucomystax,1,Amphibians,Dendrophryniscus,LC,2023,NA,NA,NA,NA,NA,NA,NA,,NA,NA,NA,NA,NA,NA,NA,,
Dendropsophus berthalutzae,1,Amphibians,Dendropsophus,LC,2023,NA,NA,NA,NA,NA,NA,NA,,NA,NA,NA,NA,NA,NA,NA,,
Dendropsophus berthalutzae,1,Amphibians,Dendropsophus,LC,2023,NA,NA,NA,NA,NA,NA,Duplicated,,NA,NA,NA,NA,NA,NA,NA,,
Dendropsophus decipiens,1,Amphibians,Dendropsophus,LC,2023,NA,NA,NA,NA,NA,NA,NA,,NA,NA,NA,NA,NA,NA,NA,,
Dendropsophus ebraccatus,1,Amphibians,Dendropsophus,LC,2020,NA,NA,NA,NA,1,NA,generalist,"Macale, D., Vignoli, L., & Maria Carpaneto, G. (2008). Food selection strategy during the reproductive period in three syntopic hylid species from a subtropical wetland of north-east Argentina. The Herpetological Journal, 18(1), 49-58.",NA,NA,NA,NA,NA,NA,NA,,
Dendropsophus elegans,1,Amphibians,Dendropsophus,LC,2023,NA,NA,NA,NA,NA,NA,,,NA,NA,NA,NA,NA,NA,NA,,
Dendropsophus giesleri,1,Amphibians,Dendropsophus,LC,2023,NA,NA,NA,NA,NA,NA,,,NA,NA,NA,NA,NA,NA,NA,,
Dendropsophus jimi,1,Amphibians,Dendropsophus,LC,2023,NA,NA,NA,NA,NA,NA,,,NA,NA,NA,NA,NA,NA,NA,,
Dendropsophus luteoocellatus,1,Amphibians,Dendropsophus,LC,2022,NA,NA,NA,NA,NA,NA,,,NA,NA,NA,NA,NA,NA,NA,,
Dendropsophus microcephalus,1,Amphibians,Dendropsophus,LC,2023,NA,NA,NA,NA,NA,NA,,,28,NA,NA,NA,NA,NA,NA,,
Dendropsophus microcephalus,1,Amphibians,Dendropsophus,LC,2023,NA,NA,NA,NA,NA,NA,Duplicated,,28,NA,NA,NA,NA,NA,NA,,
Dendropsophus microps,1,Amphibians,Dendropsophus,LC,2023,NA,NA,NA,NA,NA,NA,,,NA,NA,NA,NA,NA,NA,NA,,
Dendropsophus minusculus,1,Amphibians,Dendropsophus,LC,2023,NA,NA,NA,NA,NA,NA,,,NA,NA,NA,NA,NA,NA,NA,,
Dendropsophus minutus,1,Amphibians,Dendropsophus,LC,2023,1,1,1,NA,1,NA,,,NA,NA,NA,NA,NA,NA,NA,,
Dendropsophus minutus,1,Amphibians,Dendropsophus,LC,2023,1,1,1,NA,1,NA,Duplicated,,NA,NA,NA,NA,NA,NA,NA,,
Dendropsophus nahdereri,1,Amphibians,Dendropsophus,LC,2023,NA,NA,NA,NA,NA,NA,NA,,NA,NA,NA,NA,NA,NA,NA,,
Dendropsophus nanus,1,Amphibians,Dendropsophus,LC,2023,NA,NA,NA,NA,1,NA,spcialist,"Antoniazzi, C. E., López, J. A., Duré, M., & Falico, D. A. (2013). Alimentación de dos especies de anfibios (Anura: Hylidae) en la estaci6n de bajas temperaturas y su relación con la acumulación de energía en Santa Fe, Argentina [Feeding of two amphibian species (Anura: Hylidae) during the low temperatures season and its relationship with energy storage in Santa Fe, Argentina]. Revista de biologia tropical, 61(2), 875–886.",0.7,NA,NA,NA,NA,NA,NA,,
Dendropsophus phlebodes,1,Amphibians,Dendropsophus,LC,2020,NA,NA,NA,NA,1,NA,generalist,"Macale, D., Vignoli, L., & Maria Carpaneto, G. (2008). Food selection strategy during the reproductive period in three syntopic hylid species from a subtropical wetland of north-east Argentina. The Herpetological Journal, 18(1), 49-58.",29,NA,NA,NA,NA,NA,NA,,
Dendropsophus seniculus,1,Amphibians,Dendropsophus,LC,2023,NA,NA,NA,NA,NA,NA,,,NA,NA,NA,NA,NA,NA,NA,,
Dendropsophus werneri,1,Amphibians,Dendropsophus,LC,2023,NA,NA,NA,NA,NA,NA,,,0.4,NA,NA,NA,NA,NA,NA,,
Dermanura cinerea,1,Mammals,Dermanura,LC,2016,NA,NA,NA,NA,NA,NA,NA,NA,NA,NA,NA,NA,NA,NA,NA,,
Dermanura gnoma,1,Mammals,Dermanura,LC,2015,NA,NA,NA,NA,NA,NA,NA,NA,NA,NA,NA,NA,NA,NA,NA,,
Dermochelys coriacea,1,Reptiles,Dermochelys,VU,2013,NA,NA,NA,NA,NA,NA,NA,NA,NA,NA,Carnivorous,Invertebrates,generalist,950000,NA,,
Dermophis costaricense,1,Amphibians,Dermophis,DD,2020,NA,NA,NA,NA,NA,NA,,,NA,NA,NA,NA,NA,NA,NA,,
Dermophis glandulosus,1,Amphibians,Dermophis,LC,2020,NA,NA,NA,NA,NA,NA,generalist,"Puschendorf, R, & Chaves, G. (2016). DERMOPHIS GLANDULOSUS (Glandular Caecilian) DIET. The Herpetological Bulletin, 126, 31.",NA,NA,NA,NA,NA,NA,NA,,
Dermophis gracilior,1,Amphibians,Dermophis,DD,2020,NA,NA,NA,NA,1,NA,generalist,"Savage, J. M. (2002). The Amphibians and Reptiles of Costa Rica:a herpetofauna between two continents, between two seas. University of Chicago Press, Chicago, Illinois, USA and London.",NA,NA,NA,NA,NA,NA,NA,,
Dermophis mexicanus,1,Amphibians,Dermophis,LC,2020,NA,NA,NA,NA,NA,NA,generalist,"Wake, M. H. (2003). ''Mexican caecilian, Dermophis mexicanus.'' Grzimek's Animal Life Encyclopedia, Volume 6, Amphibians. 2nd edition. M. Hutchins, W. E. Duellman, and N. Schlager, eds., Gale Group, Farmington Hills, Michigan.",NA,NA,NA,NA,NA,NA,NA,,
Dermophis occidentalis,1,Amphibians,Dermophis,LC,2020,NA,NA,NA,NA,NA,NA,NA,,NA,NA,NA,NA,NA,NA,NA,,
Dermophis parviceps,1,Amphibians,Dermophis,LC,2015,NA,NA,NA,NA,NA,NA,NA,,NA,NA,NA,NA,NA,NA,NA,,
Desmodus rotundus,1,Mammals,Desmodus,LC,2015,NA,NA,NA,NA,NA,NA,NA,NA,NA,31.21,NA,NA,NA,NA,specialist,,
Desmognathus conanti,1,Amphibians,Desmognathus,LC,2023,NA,NA,NA,NA,NA,NA,generalist,"Sites Jr, J. W. (1978). The foraging strategy of the dusky salamander, Desmognathus fuscus (Amphibia, Urodela, Plethodontidae): an empirical approach to predation theory. Journal of Herpetology, 373-383.",NA,NA,NA,NA,NA,NA,NA,,
Desmognathus valentinei,1,Amphibians,Desmognathus,LC,2022,NA,NA,NA,NA,NA,NA,NA,,NA,NA,NA,NA,NA,NA,NA,,
Diaemus youngii,1,Mammals,Diaemus,LC,2015,NA,NA,NA,NA,NA,NA,NA,NA,NA,NA,NA,NA,NA,NA,NA,,
Diasporus citrinobapheus,1,Amphibians,Diasporus,LC,2019,NA,NA,NA,NA,NA,NA,,,NA,NA,NA,NA,NA,NA,NA,,
Diasporus diastema,1,Amphibians,Diasporus,LC,2015,NA,NA,NA,NA,1,NA,NA,,NA,NA,NA,NA,NA,NA,NA,,
Diasporus diastema,1,Amphibians,Diasporus,LC,2015,NA,NA,NA,NA,1,NA,Duplicated,,NA,NA,NA,NA,NA,NA,NA,,
Diasporus diastema,1,Amphibians,Diasporus,LC,2015,NA,NA,NA,NA,1,NA,Duplicated,,NA,NA,NA,NA,NA,NA,NA,,
Diasporus hylaeformis,1,Amphibians,Diasporus,LC,2015,NA,NA,NA,NA,NA,NA,NA,,NA,NA,NA,NA,NA,NA,NA,,
Diasporus hylaeformis,1,Amphibians,Diasporus,LC,2015,NA,NA,NA,NA,NA,NA,Duplicated,,NA,NA,NA,NA,NA,NA,NA,,
Diasporus ventrimaculatus,1,Amphibians,Diasporus,LC,2020,NA,NA,NA,NA,NA,NA,NA,,NA,NA,NA,NA,NA,NA,NA,,
Diasporus vocator,1,Amphibians,Diasporus,LC,2015,NA,NA,NA,NA,1,NA,NA,,NA,NA,NA,NA,NA,NA,NA,,
Diasporus vocator,1,Amphibians,Diasporus,LC,2015,NA,NA,NA,NA,1,NA,Duplicated,,NA,NA,NA,NA,NA,NA,NA,,
Dibernardia poecilopogon,1,Reptiles,Dibernardia,LC,2019,NA,NA,NA,NA,NA,NA,NA,NA,NA,NA,NA,NA,NA,21.4,NA,,
Diclidurus albus,1,Mammals,Diclidurus,LC,2016,NA,NA,NA,NA,NA,NA,NA,NA,NA,15.6,NA,NA,NA,NA,specialist,,
Didelphis albiventris,1,Mammals,Didelphis,LC,2021,NA,NA,NA,NA,NA,NA,NA,NA,NA,904,NA,NA,NA,NA,generalist,,
Diphylla ecaudata,1,Mammals,Diphylla,LC,2016,NA,NA,NA,NA,NA,NA,NA,NA,NA,29.3,NA,NA,NA,NA,specialist,,
Dispholidus typus,1,Reptiles,Dispholidus,LC,2021,NA,NA,NA,NA,NA,NA,NA,NA,NA,NA,NA,NA,NA,558.9,NA,,
Dolichotis patagonum,1,Mammals,Dolichotis,NT,2016,NA,NA,NA,NA,NA,NA,NA,NA,NA,8000,NA,NA,NA,NA,specialist,,
Dremomys rufigenis,1,Mammals,Dremomys,LC,2017,NA,NA,NA,NA,NA,NA,NA,NA,NA,200,NA,NA,NA,NA,generalist,,
Dryophytes avivoca,1,Amphibians,Dryophytes,LC,2022,NA,NA,NA,NA,NA,NA,NA,,NA,NA,NA,NA,NA,NA,NA,,
Dryophytes chrysoscelis,1,Amphibians,Dryophytes,LC,2022,NA,NA,NA,NA,NA,NA,NA,,NA,NA,NA,NA,NA,NA,NA,,
Dryophytes cinereus,1,Amphibians,Dryophytes,LC,2021,NA,NA,NA,NA,NA,NA,NA,,NA,NA,NA,NA,NA,NA,NA,,
Dryophytes femoralis,1,Amphibians,Dryophytes,LC,2022,NA,NA,NA,NA,NA,NA,NA,,NA,NA,NA,NA,NA,NA,NA,,
Dryophytes squirellus,1,Amphibians,Dryophytes,LC,2021,NA,NA,NA,NA,NA,NA,NA,,NA,NA,NA,NA,NA,NA,NA,,
Duberria lutrix,1,Reptiles,Duberria,LC,2021,NA,NA,NA,NA,NA,NA,NA,NA,NA,NA,NA,NA,NA,15.8,NA,,
Duberria lutrix,1,Reptiles,Duberria,LC,2021,NA,NA,NA,NA,NA,NA,NA,NA,NA,NA,NA,NA,NA,15.8,NA,,
Duellmanohyla legleri,1,Amphibians,Duellmanohyla,EN,2020,NA,NA,NA,NA,NA,NA,NA,,NA,NA,NA,NA,NA,NA,NA,,
Duellmanohyla rufioculis,1,Amphibians,Duellmanohyla,LC,2020,NA,NA,NA,NA,NA,NA,NA,,NA,NA,NA,NA,NA,NA,NA,,
Duellmanohyla rufioculis,1,Amphibians,Duellmanohyla,LC,2020,NA,NA,NA,NA,NA,NA,Duplicated,,NA,NA,NA,NA,NA,NA,NA,,
Duellmanohyla salvadorensis,1,Amphibians,Duellmanohyla,NT,2020,NA,NA,NA,NA,NA,NA,NA,,NA,NA,NA,NA,NA,NA,NA,,
Duellmanohyla soralia,1,Amphibians,Duellmanohyla,EN,2020,NA,NA,NA,NA,NA,NA,NA,,NA,NA,NA,NA,NA,NA,NA,,
Duellmanohyla uranochroa,1,Amphibians,Duellmanohyla,VU,2020,NA,NA,NA,NA,NA,NA,NA,,NA,NA,NA,NA,NA,NA,NA,,
Duellmanohyla uranochroa,1,Amphibians,Duellmanohyla,VU,2020,NA,NA,NA,NA,NA,NA,Duplicated,,NA,NA,NA,NA,NA,NA,NA,,
Dusicyon avus,0,Mammals,Dusicyon,EX,2015,NA,NA,NA,NA,NA,NA,NA,NA,NA,NA,NA,NA,NA,NA,NA,,
Duttaphrynus melanostictus,1,Amphibians,Duttaphrynus,LC,2023,NA,NA,NA,NA,NA,NA,generalist,http://dx.doi.org/10.1080/00222933.2017.1293182,122.3,NA,NA,NA,NA,NA,NA,,
Ecnomiohyla fimbrimembra,1,Amphibians,Ecnomiohyla,VU,2020,NA,NA,NA,NA,NA,NA,,,NA,NA,NA,NA,NA,NA,NA,,
Ecnomiohyla fimbrimembra,1,Amphibians,Ecnomiohyla,VU,2020,NA,NA,NA,NA,NA,NA,Duplicated,,NA,NA,NA,NA,NA,NA,NA,,
Ecnomiohyla miliaria,1,Amphibians,Ecnomiohyla,LC,2020,NA,NA,NA,NA,NA,NA,,,NA,NA,NA,NA,NA,NA,NA,,
Ecnomiohyla sukia,1,Amphibians,Ecnomiohyla,LC,2020,NA,NA,NA,NA,1,NA,,,NA,NA,NA,NA,NA,NA,NA,,
Ecnomiohyla sukia,1,Amphibians,Ecnomiohyla,LC,2020,NA,NA,NA,NA,1,NA,Duplicated,,NA,NA,NA,NA,NA,NA,NA,,
Eira barbara,1,Mammals,Eira,LC,2016,NA,NA,NA,NA,NA,NA,NA,NA,NA,3910.03,NA,NA,NA,NA,specialist,,
Eira barbara,1,Mammals,Eira,LC,2016,NA,NA,NA,NA,NA,NA,NA,NA,NA,3910.03,NA,NA,NA,NA,specialist,,
Elachistocleis bicolor,1,Amphibians,Elachistocleis,LC,2023,NA,NA,NA,NA,1,NA,,,3.6,NA,NA,NA,NA,NA,NA,,
Elachistocleis cesarii,1,Amphibians,Elachistocleis,LC,2023,NA,NA,NA,NA,1,NA,,,8.5,NA,NA,NA,NA,NA,NA,,
Elachistocleis ovalis,1,Amphibians,Elachistocleis,LC,2023,NA,NA,NA,NA,1,NA,,,40,NA,NA,NA,NA,NA,NA,,
Elachistocleis surinamensis,1,Amphibians,Elachistocleis,LC,2020,NA,NA,NA,NA,1,NA,,,48,NA,NA,NA,NA,NA,NA,,
Elaphodus cephalophus,1,Mammals,Elaphodus,NT,2015,NA,NA,NA,NA,NA,NA,NA,NA,NA,33500,NA,NA,NA,NA,specialist,,
Elaphurus davidianus,0,Mammals,Elaphurus,EW,2016,NA,NA,NA,NA,NA,NA,NA,NA,NA,149000,NA,NA,NA,NA,specialist,,
Elapsoidea sundevallii,1,Reptiles,Elapsoidea,LC,2021,NA,NA,NA,NA,NA,NA,NA,NA,NA,NA,NA,NA,NA,252.3,NA,,
Eleutherodactylus johnstonei,1,Amphibians,Eleutherodactylus,LC,2021,NA,NA,NA,NA,1,NA,,,24,NA,NA,NA,NA,NA,NA,,
Eleutherodactylus johnstonei,1,Amphibians,Eleutherodactylus,LC,2021,NA,NA,NA,NA,1,NA,,,24,NA,NA,NA,NA,NA,NA,,
Eligmodontia morgani,1,Mammals,Eligmodontia,LC,2016,NA,NA,NA,NA,NA,NA,NA,NA,NA,16.5,NA,NA,NA,NA,specialist,,
Eligmodontia typus,1,Mammals,Eligmodontia,LC,2016,NA,NA,NA,NA,NA,NA,NA,NA,NA,17.3,NA,NA,NA,NA,specialist,,
Engystomops pustulosus,1,Amphibians,Engystomops,LC,2020,NA,NA,NA,NA,NA,NA,,,NA,NA,NA,NA,NA,NA,NA,,
Eonycteris spelaea,1,Mammals,Eonycteris,LC,2020,NA,NA,NA,NA,NA,NA,NA,NA,NA,58.1,NA,NA,NA,NA,specialist,,
Eothenomys melanogaster,1,Mammals,Eothenomys,LC,2016,NA,NA,NA,NA,NA,NA,NA,NA,NA,27,NA,NA,NA,NA,specialist,,
Epictia munoai,1,Reptiles,Epictia,LC,2019,NA,NA,NA,NA,NA,NA,NA,NA,NA,NA,NA,NA,NA,2.3,NA,,
Eretmochelys imbricata,1,Reptiles,Eretmochelys,CR,2008,NA,NA,NA,NA,NA,NA,NA,NA,NA,NA,Carnivorous,Invertebrates,generalist,140000,NA,,
Erinaceus amurensis,1,Mammals,Erinaceus,LC,2016,NA,NA,NA,NA,NA,NA,NA,NA,NA,571.88,NA,NA,NA,NA,specialist,,
Erythrolamprus jaegeri,1,Reptiles,Erythrolamprus,LC,2019,NA,NA,NA,NA,NA,NA,NA,NA,NA,NA,NA,NA,NA,62.5,NA,,
Erythrolamprus poecilogyrus,1,Reptiles,Erythrolamprus,LC,2020,NA,NA,NA,NA,NA,NA,NA,NA,NA,NA,NA,NA,NA,68.3,NA,,
Erythrolamprus semiaureus,1,Reptiles,Erythrolamprus,LC,2019,NA,NA,NA,NA,NA,NA,NA,NA,NA,NA,NA,NA,NA,168.7,NA,,
Eschrichtius robustus,1,Mammals,Eschrichtius,LC,2018,NA,NA,NA,NA,NA,NA,NA,NA,NA,28500000,NA,NA,NA,NA,specialist,,
Espadarana prosoblepon,1,Amphibians,Espadarana,LC,2020,NA,NA,NA,NA,1,NA,,,NA,NA,NA,NA,NA,NA,NA,,
Eubalaena australis,1,Mammals,Eubalaena,LC,2018,NA,NA,NA,NA,NA,NA,NA,NA,NA,23000000,NA,NA,NA,NA,specialist,,
Eumops auripendulus,1,Mammals,Eumops,LC,2015,NA,NA,NA,NA,NA,NA,NA,NA,NA,28.45,NA,NA,NA,NA,specialist,,
Eumops auripendulus,1,Mammals,Eumops,LC,2015,NA,NA,NA,NA,NA,NA,NA,NA,NA,28.45,NA,NA,NA,NA,specialist,,
Eumops bonariensis,1,Mammals,Eumops,LC,2016,NA,NA,NA,NA,NA,NA,NA,NA,NA,11.9,NA,NA,NA,NA,specialist,,
Eumops glaucinus,1,Mammals,Eumops,LC,2016,NA,NA,NA,NA,NA,NA,NA,NA,NA,35.38,NA,NA,NA,NA,specialist,,
Eumops patagonicus,1,Mammals,Eumops,LC,2015,NA,NA,NA,NA,NA,NA,NA,NA,NA,34.01,NA,NA,NA,NA,specialist,,
Eumops perotis,1,Mammals,Eumops,LC,2015,NA,NA,NA,NA,NA,NA,NA,NA,NA,51.13,NA,NA,NA,NA,specialist,,
Euneomys chinchilloides,1,Mammals,Euneomys,DD,2019,NA,NA,NA,NA,NA,NA,NA,NA,NA,87.63,NA,NA,NA,NA,specialist,,
Euneomys petersoni,1,Mammals,Euneomys,LC,2016,NA,NA,NA,NA,NA,NA,NA,NA,NA,83,NA,NA,NA,NA,specialist,,
Euphractus sexcinctus,1,Mammals,Euphractus,LC,2025,NA,NA,NA,NA,NA,NA,NA,NA,NA,4782.89,NA,NA,NA,NA,specialist,,
Euroscaptor klossi,1,Mammals,Euroscaptor,LC,2016,NA,NA,NA,NA,NA,NA,NA,NA,NA,59.57,NA,NA,NA,NA,specialist,,
Eurycea cirrigera,1,Amphibians,Eurycea,LC,2023,NA,NA,NA,NA,NA,NA,,,NA,NA,NA,NA,NA,NA,NA,,
Eurycea guttolineata,1,Amphibians,Eurycea,LC,2022,NA,NA,NA,NA,NA,NA,,,NA,NA,NA,NA,NA,NA,NA,,
Eurycea paludicola,1,Amphibians,Eurycea,LC,2023,NA,NA,NA,NA,NA,NA,,,NA,NA,NA,NA,NA,NA,NA,,
Euryoryzomys lamia,1,Mammals,Euryoryzomys,VU,2018,NA,NA,NA,NA,NA,NA,NA,NA,NA,NA,NA,NA,NA,NA,NA,,
Eutamias sibiricus,1,Mammals,Eutamias,LC,2016,NA,NA,NA,NA,NA,NA,NA,NA,NA,NA,NA,NA,NA,NA,NA,,
Fejervarya multistriata,1,Amphibians,Fejervarya,LC,2023,NA,NA,NA,NA,NA,NA,,,NA,NA,NA,NA,NA,NA,NA,,
Felis chaus,1,Mammals,Felis,LC,2021,NA,NA,NA,NA,NA,NA,NA,NA,NA,7392.98,NA,NA,NA,NA,specialist,,
Flectonotus pygmaeus,1,Amphibians,Flectonotus,LC,2020,NA,NA,NA,NA,1,NA,,,1.7,NA,NA,NA,NA,NA,NA,,
Fritziana mitus,1,Amphibians,Fritziana,LC,2023,NA,NA,NA,NA,NA,NA,,,NA,NA,NA,NA,NA,NA,NA,,
Fritziana ohausi,1,Amphibians,Fritziana,LC,2023,NA,NA,NA,NA,NA,NA,,,NA,NA,NA,NA,NA,NA,NA,,
Furipterus horrens,1,Mammals,Furipterus,LC,2016,NA,NA,NA,NA,NA,NA,NA,NA,NA,3.18,NA,NA,NA,NA,specialist,,
Galea leucoblephara,1,Mammals,Galea,LC,2016,NA,NA,NA,NA,NA,NA,NA,NA,NA,NA,NA,NA,NA,NA,NA,,
Galictis cuja,1,Mammals,Galictis,LC,2016,NA,NA,NA,NA,NA,NA,NA,NA,NA,1000,NA,NA,NA,NA,generalist,,
Gardnerycteris crenulatum,1,Mammals,Gardnerycteris,LC,2019,NA,NA,NA,NA,NA,NA,NA,NA,NA,NA,NA,NA,NA,NA,NA,,
Gastrophryne carolinensis,1,Amphibians,Gastrophryne,LC,2021,NA,NA,NA,NA,1,NA,,,2.59,NA,NA,NA,NA,NA,NA,,
Gastrotheca cornuta,1,Amphibians,Gastrotheca,CR,2023,NA,NA,NA,NA,1,NA,,,NA,NA,NA,NA,NA,NA,NA,,
Gastrotheca fulvorufa,1,Amphibians,Gastrotheca,LC,2023,NA,NA,NA,NA,NA,NA,,,NA,NA,NA,NA,NA,NA,NA,,
Gastrotheca microdiscus,1,Amphibians,Gastrotheca,LC,2023,NA,NA,NA,NA,NA,NA,,,NA,NA,NA,NA,NA,NA,NA,,
Geoxus valdivianus,1,Mammals,Geoxus,LC,2016,NA,NA,NA,NA,NA,NA,NA,NA,NA,31.5,NA,NA,NA,NA,specialist,,
Gerrhosaurus flavigularis,1,Reptiles,Gerrhosaurus,LC,2021,NA,NA,NA,NA,NA,NA,NA,NA,NA,NA,Carnivorous,"ArthropodsAnd some plant material (Auerbach 1987, Pienaar 1966) / invertebrates (LargenAnd Spawls 2010)/arthropods (Loveridge 1942)/insects (Branch 2014, Broadley 2008)",generalist,79.4,NA,,
Gerrhosaurus flavigularis,1,Reptiles,Gerrhosaurus,LC,2021,NA,NA,NA,NA,NA,NA,NA,NA,NA,NA,Carnivorous,"ArthropodsAnd some plant material (Auerbach 1987, Pienaar 1966) / invertebrates (LargenAnd Spawls 2010)/arthropods (Loveridge 1942)/insects (Branch 2014, Broadley 2008)",generalist,79.4,NA,,
Glischropus bucephalus,1,Mammals,Glischropus,LC,2019,NA,NA,NA,NA,NA,NA,NA,NA,NA,NA,NA,NA,NA,NA,NA,,
Globicephala macrorhynchus,1,Mammals,Globicephala,LC,2018,NA,NA,NA,NA,NA,NA,NA,NA,NA,726000,NA,NA,NA,NA,specialist,,
Globicephala melas,1,Mammals,Globicephala,LC,2018,NA,NA,NA,NA,NA,NA,NA,NA,NA,800000,NA,NA,NA,NA,specialist,,
Glossophaga soricina,1,Mammals,Glossophaga,LC,2015,NA,NA,NA,NA,NA,NA,NA,NA,NA,9.43,NA,NA,NA,NA,generalist,,
Glyphoglossus yunnanensis,1,Amphibians,Glyphoglossus,LC,2022,NA,NA,NA,NA,NA,NA,,,NA,NA,NA,NA,NA,NA,NA,,
Gracililima nyassae,1,Reptiles,Gracililima,LC,2021,NA,NA,NA,NA,NA,NA,NA,NA,NA,NA,NA,NA,NA,44.6,NA,,
Gracililima nyassae,1,Reptiles,Gracililima,LC,2021,NA,NA,NA,NA,NA,NA,NA,NA,NA,NA,NA,NA,NA,44.6,NA,,
Gracilinanus agilis,1,Mammals,Gracilinanus,LC,2015,NA,NA,NA,NA,NA,NA,NA,NA,NA,22,NA,NA,NA,NA,specialist,,
Grampus griseus,1,Mammals,Grampus,LC,2025,NA,NA,NA,NA,NA,NA,NA,NA,NA,387500,NA,NA,NA,NA,specialist,,
Graomys chacoensis,1,Mammals,Graomys,DD,2019,NA,NA,NA,NA,NA,NA,NA,NA,NA,NA,NA,NA,NA,NA,NA,,
Graomys griseoflavus,1,Mammals,Graomys,LC,2016,NA,NA,NA,NA,NA,NA,NA,NA,NA,67.5,NA,NA,NA,NA,generalist,,
Gymnopis multiplicata,1,Amphibians,Gymnopis,LC,2015,NA,NA,NA,NA,1,NA,,,NA,NA,NA,NA,NA,NA,NA,,
Haddadus binotatus,1,Amphibians,Haddadus,LC,2023,NA,NA,NA,NA,1,NA,,,3.9,NA,NA,NA,NA,NA,NA,,
Haddadus binotatus,1,Amphibians,Haddadus,LC,2023,NA,NA,NA,NA,1,NA,,,3.9,NA,NA,NA,NA,NA,NA,,
Hapalomys delacouri,1,Mammals,Hapalomys,NT,2021,NA,NA,NA,NA,NA,NA,NA,NA,NA,64.3,NA,NA,NA,NA,specialist,,
Harpiocephalus harpia,1,Mammals,Harpiocephalus,LC,2019,NA,NA,NA,NA,NA,NA,NA,NA,NA,16.31,NA,NA,NA,NA,specialist,,
Helarctos malayanus,1,Mammals,Helarctos,VU,2017,NA,NA,NA,NA,NA,NA,NA,NA,NA,46500,NA,NA,NA,NA,specialist,,
Heliobolus lugubris,1,Reptiles,Heliobolus,LC,2021,NA,NA,NA,NA,NA,NA,NA,NA,NA,NA,Carnivorous,"insects (mostly termites, Pianka 1986)",specialist,6.5,NA,,
Hemidactylus mabouia,1,Reptiles,Hemidactylus,LC,2021,NA,NA,NA,NA,NA,NA,NA,NA,NA,NA,Carnivorous,"invertebratesAnd small lizards (e.g., geckosAndAnoles, Bauer 1990), insects (IturriagaAnd Marrero 2013),Arthropods (Travassos etAl. 2015, Segniagbeto etAl. 2015, Broadley 2008,And details in DrukeAnd Rodder 2017, Sousa etAl. 2017)",generalist,14.1,NA,,
Hemisus marmoratus,1,Amphibians,Hemisus,LC,2016,NA,NA,NA,NA,1,NA,,,6.3,NA,NA,NA,NA,NA,NA,,
Herpailurus yagouaroundi,1,Mammals,Herpailurus,LC,2015,NA,NA,NA,NA,NA,NA,NA,NA,NA,NA,NA,NA,NA,NA,NA,,
Herpailurus yagouaroundi,1,Mammals,Herpailurus,LC,2015,NA,NA,NA,NA,NA,NA,NA,NA,NA,NA,NA,NA,NA,NA,NA,,
Hesperoptenus blanfordi,1,Mammals,Hesperoptenus,LC,2019,NA,NA,NA,NA,NA,NA,NA,NA,NA,6.53,NA,NA,NA,NA,specialist,,
Hesperoptenus tickelli,1,Mammals,Hesperoptenus,LC,2019,NA,NA,NA,NA,NA,NA,NA,NA,NA,16.3,NA,NA,NA,NA,specialist,,
Hildebrandtia ornata,1,Amphibians,Hildebrandtia,LC,2013,NA,NA,NA,NA,NA,NA,,,NA,NA,NA,NA,NA,NA,NA,,
Hippocamelus bisulcus,1,Mammals,Hippocamelus,EN,2016,NA,NA,NA,NA,NA,NA,NA,NA,NA,70000.32,NA,NA,NA,NA,specialist,,
Hipposideros armiger,1,Mammals,Hipposideros,LC,2020,NA,NA,NA,NA,NA,NA,NA,NA,NA,53,NA,NA,NA,NA,specialist,,
Hipposideros cineraceus,1,Mammals,Hipposideros,LC,2019,NA,NA,NA,NA,NA,NA,NA,NA,NA,4.72,NA,NA,NA,NA,specialist,,
Hipposideros diadema,1,Mammals,Hipposideros,LC,2021,NA,NA,NA,NA,NA,NA,NA,NA,NA,43.76,NA,NA,NA,NA,specialist,,
Hipposideros galeritus,1,Mammals,Hipposideros,LC,2019,NA,NA,NA,NA,NA,NA,NA,NA,NA,8.18,NA,NA,NA,NA,specialist,,
Hipposideros gentilis,1,Mammals,Hipposideros,LC,2020,NA,NA,NA,NA,NA,NA,NA,NA,NA,NA,NA,NA,NA,NA,NA,,
Hipposideros griffini,1,Mammals,Hipposideros,NT,2019,NA,NA,NA,NA,NA,NA,NA,NA,NA,NA,NA,NA,NA,NA,NA,,
Hipposideros larvatus,1,Mammals,Hipposideros,LC,2020,NA,NA,NA,NA,NA,NA,NA,NA,NA,19.85,NA,NA,NA,NA,specialist,,
Hipposideros pratti,1,Mammals,Hipposideros,LC,2019,NA,NA,NA,NA,NA,NA,NA,NA,NA,31.8,NA,NA,NA,NA,specialist,,
Hipposideros rotalis,1,Mammals,Hipposideros,LC,2019,NA,NA,NA,NA,NA,NA,NA,NA,NA,13.94,NA,NA,NA,NA,specialist,,
Hipposideros scutinares,1,Mammals,Hipposideros,VU,2019,NA,NA,NA,NA,NA,NA,NA,NA,NA,13.94,NA,NA,NA,NA,specialist,,
Histiotus alienus,1,Mammals,Histiotus,DD,2016,NA,NA,NA,NA,NA,NA,NA,NA,NA,10.42,NA,NA,NA,NA,specialist,,
Histiotus macrotus,1,Mammals,Histiotus,LC,2016,NA,NA,NA,NA,NA,NA,NA,NA,NA,11,NA,NA,NA,NA,specialist,,
Histiotus magellanicus,1,Mammals,Histiotus,LC,2016,NA,NA,NA,NA,NA,NA,NA,NA,NA,11.1,NA,NA,NA,NA,specialist,,
Histiotus montanus,1,Mammals,Histiotus,LC,2016,NA,NA,NA,NA,NA,NA,NA,NA,NA,10.42,NA,NA,NA,NA,specialist,,
Histiotus velatus,1,Mammals,Histiotus,DD,2016,NA,NA,NA,NA,NA,NA,NA,NA,NA,11.2,NA,NA,NA,NA,specialist,,
Holoaden suarezi,1,Amphibians,Holoaden,LC,2023,NA,NA,NA,NA,NA,NA,,,NA,NA,NA,NA,NA,NA,NA,,
Holochilus brasiliensis,1,Mammals,Holochilus,LC,2016,NA,NA,NA,NA,NA,NA,NA,NA,NA,155,NA,NA,NA,NA,specialist,,
Holochilus chacarius,1,Mammals,Holochilus,LC,2016,NA,NA,NA,NA,NA,NA,NA,NA,NA,204,NA,NA,NA,NA,specialist,,
Holochilus sciureus,1,Mammals,Holochilus,LC,2016,NA,NA,NA,NA,NA,NA,NA,NA,NA,170.96,NA,NA,NA,NA,specialist,,
Homopholis wahlbergii,1,Reptiles,Homopholis,LC,2022,NA,NA,NA,NA,NA,NA,NA,NA,NA,NA,NA,NA,NA,NA,NA,,
Hoplobatrachus rugulosus,1,Amphibians,Hoplobatrachus,LC,2022,NA,NA,NA,NA,1,NA,,,NA,NA,NA,NA,NA,NA,NA,,
Hyalinobatrachium colymbiphyllum,1,Amphibians,Hyalinobatrachium,LC,2020,NA,NA,NA,NA,NA,NA,,,NA,NA,NA,NA,NA,NA,NA,,
Hyalinobatrachium fleischmanni,1,Amphibians,Hyalinobatrachium,LC,2022,NA,NA,NA,NA,1,NA,,,NA,NA,NA,NA,NA,NA,NA,,
Hyalinobatrachium fleischmanni,1,Amphibians,Hyalinobatrachium,LC,2022,NA,NA,NA,NA,1,NA,,,NA,NA,NA,NA,NA,NA,NA,,
Hyalinobatrachium fragile,1,Amphibians,Hyalinobatrachium,NT,2022,NA,NA,NA,NA,NA,NA,,,NA,NA,NA,NA,NA,NA,NA,,
Hyalinobatrachium tatayoi,1,Amphibians,Hyalinobatrachium,LC,2022,NA,NA,NA,NA,NA,NA,,,NA,NA,NA,NA,NA,NA,NA,,
Hyalinobatrachium valerioi,1,Amphibians,Hyalinobatrachium,LC,2020,NA,NA,NA,NA,NA,NA,,,NA,NA,NA,NA,NA,NA,NA,,
Hyalinobatrachium vireovittatum,1,Amphibians,Hyalinobatrachium,LC,2020,NA,NA,NA,NA,NA,NA,,,NA,NA,NA,NA,NA,NA,NA,,
Hyalinobatrachium viridissimum,1,Amphibians,Hyalinobatrachium,LC,2022,NA,NA,NA,NA,NA,NA,,,NA,NA,NA,NA,NA,NA,NA,,
Hydrochoerus hydrochaeris,1,Mammals,Hydrochoerus,LC,2016,NA,NA,NA,NA,NA,NA,NA,NA,NA,48144.91,NA,NA,NA,NA,specialist,,
Hydrophis platurus,1,Reptiles,Hydrophis,LC,2017,NA,NA,NA,NA,NA,NA,NA,NA,NA,NA,Carnivorous,Fishes,WATER,185.5,NA,,
Hydropotes inermis,1,Mammals,Hydropotes,VU,2015,NA,NA,NA,NA,NA,NA,NA,NA,NA,14000,NA,NA,NA,NA,specialist,,
Hyla annectans,1,Amphibians,Hyla,LC,2022,NA,NA,NA,NA,NA,NA,,,6.5,NA,NA,NA,NA,NA,NA,,
Hylaeamys megacephalus,1,Mammals,Hylaeamys,LC,2016,NA,NA,NA,NA,NA,NA,NA,NA,NA,NA,NA,NA,NA,NA,NA,,
Hylarana galamensis,1,Amphibians,Hylarana,LC,2014,NA,NA,NA,NA,NA,NA,,,NA,NA,NA,NA,NA,NA,NA,,
Hylarana guentheri,1,Amphibians,Hylarana,LC,2022,NA,NA,NA,NA,NA,NA,,,48.8,NA,NA,NA,NA,NA,NA,,
Hylodes asper,1,Amphibians,Hylodes,LC,2023,NA,NA,NA,NA,NA,NA,,,NA,NA,NA,NA,NA,NA,NA,,
Hylodes caete,1,Amphibians,Hylodes,LC,2023,NA,NA,NA,NA,NA,NA,,,NA,NA,NA,NA,NA,NA,NA,,
Hylodes caete,1,Amphibians,Hylodes,LC,2023,NA,NA,NA,NA,NA,NA,,,NA,NA,NA,NA,NA,NA,NA,,
Hylodes heyeri,1,Amphibians,Hylodes,LC,2023,NA,NA,NA,NA,NA,NA,,,NA,NA,NA,NA,NA,NA,NA,,
Hylodes nasus,1,Amphibians,Hylodes,EN,2023,NA,NA,NA,NA,NA,NA,,,NA,NA,NA,NA,NA,NA,NA,,
Hylodes phyllodes,1,Amphibians,Hylodes,LC,2023,NA,NA,NA,NA,1,NA,,,NA,NA,NA,NA,NA,NA,NA,,
Hylodes phyllodes,1,Amphibians,Hylodes,LC,2023,NA,NA,NA,NA,1,NA,,,NA,NA,NA,NA,NA,NA,NA,,
Hylomys suillus,1,Mammals,Hylomys,LC,2016,NA,NA,NA,NA,NA,NA,NA,NA,NA,65.83,NA,NA,NA,NA,specialist,,
Hylopetes alboniger,1,Mammals,Hylopetes,LC,2016,NA,NA,NA,NA,NA,NA,NA,NA,NA,255.38,NA,NA,NA,NA,generalist,,
Hylopetes phayrei,1,Mammals,Hylopetes,LC,2016,NA,NA,NA,NA,NA,NA,NA,NA,NA,227,NA,NA,NA,NA,generalist,,
Hylopetes spadiceus,1,Mammals,Hylopetes,LC,2016,NA,NA,NA,NA,NA,NA,NA,NA,NA,84.25,NA,NA,NA,NA,generalist,,
Hyloscirtus colymba,1,Amphibians,Hyloscirtus,EN,2020,NA,NA,NA,NA,NA,NA,,,NA,NA,NA,NA,NA,NA,NA,,
Hyperolius glandicolor,1,Amphibians,Hyperolius,LC,2016,NA,NA,NA,NA,NA,NA,,,NA,NA,NA,NA,NA,NA,NA,,
Hyperolius kivuensis,1,Amphibians,Hyperolius,LC,2013,NA,NA,NA,NA,NA,NA,,,NA,NA,NA,NA,NA,NA,NA,,
Hyperolius marginatus,1,Amphibians,Hyperolius,LC,2016,NA,NA,NA,NA,NA,NA,,,NA,NA,NA,NA,NA,NA,NA,,
Hyperolius mitchelli,1,Amphibians,Hyperolius,LC,2013,NA,NA,NA,NA,NA,NA,,,NA,NA,NA,NA,NA,NA,NA,,
Hyperolius substriatus,1,Amphibians,Hyperolius,LC,2013,NA,NA,NA,NA,NA,NA,,,NA,NA,NA,NA,NA,NA,NA,,
Hyperolius tuberilinguis,1,Amphibians,Hyperolius,LC,2013,NA,NA,NA,NA,NA,NA,,,NA,NA,NA,NA,NA,NA,NA,,
Hyperoodon planifrons,1,Mammals,Hyperoodon,LC,2020,NA,NA,NA,NA,NA,NA,NA,NA,NA,3000000,NA,NA,NA,NA,specialist,,
Hypopachus barberi,1,Amphibians,Hypopachus,NT,2023,NA,NA,NA,NA,1,NA,,,NA,NA,NA,NA,NA,NA,NA,,
Hypopachus variolosus,1,Amphibians,Hypopachus,LC,2020,NA,NA,NA,NA,1,NA,,,NA,NA,NA,NA,NA,NA,NA,,
Hypselotriton chenggongensis,1,Amphibians,Hypselotriton,CR,2020,NA,NA,NA,NA,NA,NA,,,NA,NA,NA,NA,NA,NA,NA,,
Hypselotriton wolterstorffi,0,Amphibians,Hypselotriton,EX,2020,NA,NA,NA,NA,NA,NA,,,NA,NA,NA,NA,NA,NA,NA,,
Hypselotriton yunnanensis,1,Amphibians,Hypselotriton,VU,2020,NA,NA,NA,NA,NA,NA,,,NA,NA,NA,NA,NA,NA,NA,,
Hypsugo alaschanicus,1,Mammals,Hypsugo,LC,2019,NA,NA,NA,NA,NA,NA,NA,NA,NA,5.12,NA,NA,NA,NA,specialist,,
Hypsugo cadornae,1,Mammals,Hypsugo,LC,2019,NA,NA,NA,NA,NA,NA,NA,NA,NA,6.69,NA,NA,NA,NA,specialist,,
Hypsugo dolichodon,1,Mammals,Hypsugo,DD,2019,NA,NA,NA,NA,NA,NA,NA,NA,NA,NA,NA,NA,NA,NA,NA,,
Hypsugo pulveratus,1,Mammals,Hypsugo,LC,2020,NA,NA,NA,NA,NA,NA,NA,NA,NA,5.53,NA,NA,NA,NA,specialist,,
Hystrix brachyura,1,Mammals,Hystrix,LC,2016,NA,NA,NA,NA,NA,NA,NA,NA,NA,8450,NA,NA,NA,NA,specialist,,
Ia io,1,Mammals,Ia,NT,2020,NA,NA,NA,NA,NA,NA,NA,NA,NA,49.2,NA,NA,NA,NA,specialist,,
Ia io,1,Mammals,Ia,NT,2020,NA,NA,NA,NA,NA,NA,NA,NA,NA,49.2,NA,NA,NA,NA,specialist,,
Ichnotropis capensis,1,Reptiles,Ichnotropis,LC,2021,NA,NA,NA,NA,NA,NA,NA,NA,NA,NA,Carnivorous,Arthropods,generalist,7.2,NA,,
Incilius campbelli,1,Amphibians,Incilius,LC,2020,NA,NA,NA,NA,NA,NA,,,NA,NA,NA,NA,NA,NA,NA,,
Incilius chompipe,1,Amphibians,Incilius,EN,2020,NA,NA,NA,NA,NA,NA,,,NA,NA,NA,NA,NA,NA,NA,,
Incilius coccifer,1,Amphibians,Incilius,LC,2020,NA,NA,NA,NA,1,NA,,,NA,NA,NA,NA,NA,NA,NA,,
Incilius coccifer,1,Amphibians,Incilius,LC,2020,NA,NA,NA,NA,1,NA,,,NA,NA,NA,NA,NA,NA,NA,,
Incilius coniferus,1,Amphibians,Incilius,LC,2020,NA,NA,NA,NA,NA,NA,,,NA,NA,NA,NA,NA,NA,NA,,
Incilius coniferus,1,Amphibians,Incilius,LC,2020,NA,NA,NA,NA,NA,NA,,,NA,NA,NA,NA,NA,NA,NA,,
Incilius epioticus,1,Amphibians,Incilius,VU,2020,NA,NA,NA,NA,NA,NA,,,NA,NA,NA,NA,NA,NA,NA,,
Incilius fastidiosus,1,Amphibians,Incilius,CR,2020,NA,NA,NA,NA,NA,NA,,,NA,NA,NA,NA,NA,NA,NA,,
Incilius holdridgei,1,Amphibians,Incilius,CR,2020,NA,NA,NA,NA,NA,NA,,,NA,NA,NA,NA,NA,NA,NA,,
Incilius ibarrai,1,Amphibians,Incilius,LC,2020,NA,NA,NA,NA,NA,NA,,,NA,NA,NA,NA,NA,NA,NA,,
Incilius luetkenii,1,Amphibians,Incilius,LC,2020,NA,NA,NA,NA,NA,NA,,,NA,NA,NA,NA,NA,NA,NA,,
Incilius melanochlorus,1,Amphibians,Incilius,LC,2020,NA,NA,NA,NA,NA,NA,,,NA,NA,NA,NA,NA,NA,NA,,
Incilius melanochlorus,1,Amphibians,Incilius,LC,2020,NA,NA,NA,NA,NA,NA,,,NA,NA,NA,NA,NA,NA,NA,,
Incilius periglenes,0,Amphibians,Incilius,EX,2020,NA,NA,NA,NA,NA,NA,,,NA,NA,NA,NA,NA,NA,NA,,
Incilius porteri,1,Amphibians,Incilius,LC,2020,NA,NA,NA,NA,NA,NA,,,NA,NA,NA,NA,NA,NA,NA,,
Incilius valliceps,1,Amphibians,Incilius,LC,2020,NA,NA,NA,NA,NA,NA,,,60,NA,NA,NA,NA,NA,NA,,
Incilius valliceps,1,Amphibians,Incilius,LC,2020,NA,NA,NA,NA,NA,NA,,,60,NA,NA,NA,NA,NA,NA,,
Incilius valliceps,1,Amphibians,Incilius,LC,2020,NA,NA,NA,NA,NA,NA,,,60,NA,NA,NA,NA,NA,NA,,
Indotyphlops braminus,1,Reptiles,Indotyphlops,LC,2021,NA,NA,NA,NA,NA,NA,NA,NA,NA,NA,Carnivorous,Invertebrates,generalist,2.1,NA,,
Indotyphlops braminus,1,Reptiles,Indotyphlops,LC,2021,NA,NA,NA,NA,NA,NA,NA,NA,NA,NA,Carnivorous,Invertebrates,generalist,2.1,NA,,
Inyoka swazicus,1,Reptiles,Inyoka,LC,2022,NA,NA,NA,NA,NA,NA,NA,NA,NA,NA,NA,NA,NA,111.7,NA,,
Irenomys tarsalis,1,Mammals,Irenomys,LC,2016,NA,NA,NA,NA,NA,NA,NA,NA,NA,43.15,NA,NA,NA,NA,generalist,,
Ischnocnema gehrti,1,Amphibians,Ischnocnema,LC,2023,NA,NA,NA,NA,NA,NA,,,NA,NA,NA,NA,NA,NA,NA,,
Ischnocnema guentheri,1,Amphibians,Ischnocnema,NT,2023,NA,NA,NA,NA,NA,NA,,,1.1,NA,NA,NA,NA,NA,NA,,
Ischnocnema henselii,1,Amphibians,Ischnocnema,LC,2023,NA,NA,NA,NA,NA,NA,,,NA,NA,NA,NA,NA,NA,NA,,
Ischnocnema hoehnei,1,Amphibians,Ischnocnema,LC,2023,NA,NA,NA,NA,NA,NA,,,NA,NA,NA,NA,NA,NA,NA,,
Ischnocnema hoehnei,1,Amphibians,Ischnocnema,LC,2023,NA,NA,NA,NA,NA,NA,,,NA,NA,NA,NA,NA,NA,NA,,
Ischnocnema lactea,1,Amphibians,Ischnocnema,LC,2023,NA,NA,NA,NA,NA,NA,,,NA,NA,NA,NA,NA,NA,NA,,
Ischnocnema lactea,1,Amphibians,Ischnocnema,LC,2023,NA,NA,NA,NA,NA,NA,,,NA,NA,NA,NA,NA,NA,NA,,
Ischnocnema nigriventris,1,Amphibians,Ischnocnema,LC,2023,NA,NA,NA,NA,NA,NA,,,NA,NA,NA,NA,NA,NA,NA,,
Ischnocnema parva,1,Amphibians,Ischnocnema,LC,2023,1,NA,NA,NA,1,NA,,,19,NA,NA,NA,NA,NA,NA,,
Ischnocnema sambaqui,1,Amphibians,Ischnocnema,LC,2023,NA,NA,NA,NA,NA,NA,,,NA,NA,NA,NA,NA,NA,NA,,
Ischnocnema spanios,1,Amphibians,Ischnocnema,LC,2023,NA,NA,NA,NA,NA,NA,,,NA,NA,NA,NA,NA,NA,NA,,
Isoodon auratus,1,Mammals,Isoodon,LC,2025,NA,NA,NA,NA,NA,NA,NA,NA,NA,425,NA,NA,NA,NA,specialist,,
Isthmohyla angustilineata,1,Amphibians,Isthmohyla,CR,2020,NA,NA,NA,NA,NA,NA,,,NA,NA,NA,NA,NA,NA,NA,,
Isthmohyla calypsa,1,Amphibians,Isthmohyla,CR,2020,NA,NA,NA,NA,NA,NA,,,3.6,NA,NA,NA,NA,NA,NA,,
Isthmohyla debilis,1,Amphibians,Isthmohyla,CR,2020,NA,NA,NA,NA,NA,NA,,,NA,NA,NA,NA,NA,NA,NA,,
Isthmohyla graceae,1,Amphibians,Isthmohyla,CR,2020,NA,NA,NA,NA,NA,NA,,,NA,NA,NA,NA,NA,NA,NA,,
Isthmohyla lancasteri,1,Amphibians,Isthmohyla,LC,2020,NA,NA,NA,NA,NA,NA,,,NA,NA,NA,NA,NA,NA,NA,,
Isthmohyla picadoi,1,Amphibians,Isthmohyla,LC,2020,NA,NA,NA,NA,NA,NA,,,NA,NA,NA,NA,NA,NA,NA,,
Isthmohyla pictipes,1,Amphibians,Isthmohyla,CR,2020,NA,NA,NA,NA,NA,NA,,,NA,NA,NA,NA,NA,NA,NA,,
Isthmohyla pictipes,1,Amphibians,Isthmohyla,CR,2020,NA,NA,NA,NA,NA,NA,,,NA,NA,NA,NA,NA,NA,NA,,
Isthmohyla pseudopuma,1,Amphibians,Isthmohyla,LC,2020,NA,NA,NA,NA,NA,NA,,,48,NA,NA,NA,NA,NA,NA,,
Isthmohyla pseudopuma,1,Amphibians,Isthmohyla,LC,2020,NA,NA,NA,NA,NA,NA,,,48,NA,NA,NA,NA,NA,NA,,
Isthmohyla rivularis,1,Amphibians,Isthmohyla,EN,2020,NA,NA,NA,NA,NA,NA,,,NA,NA,NA,NA,NA,NA,NA,,
Isthmohyla tica,1,Amphibians,Isthmohyla,CR,2020,NA,NA,NA,NA,NA,NA,,,NA,NA,NA,NA,NA,NA,NA,,
Isthmohyla tica,1,Amphibians,Isthmohyla,CR,2020,NA,NA,NA,NA,NA,NA,,,NA,NA,NA,NA,NA,NA,NA,,
Isthmohyla xanthosticta,1,Amphibians,Isthmohyla,DD,2020,NA,NA,NA,NA,NA,NA,,,NA,NA,NA,NA,NA,NA,NA,,
Isthmohyla zeteki,1,Amphibians,Isthmohyla,VU,2020,NA,NA,NA,NA,NA,NA,,,NA,NA,NA,NA,NA,NA,NA,,
Isthmohyla zeteki,1,Amphibians,Isthmohyla,VU,2020,NA,NA,NA,NA,NA,NA,,,NA,NA,NA,NA,NA,NA,NA,,
Isthmohyla zeteki,1,Amphibians,Isthmohyla,VU,2020,NA,NA,NA,NA,NA,NA,,,NA,NA,NA,NA,NA,NA,NA,,
Itapotihyla langsdorffii,1,Amphibians,Itapotihyla,LC,2023,NA,NA,NA,NA,1,1,,,NA,NA,NA,NA,NA,NA,NA,,
Itapotihyla langsdorffii,1,Amphibians,Itapotihyla,LC,2023,NA,NA,NA,NA,1,1,,,NA,NA,NA,NA,NA,NA,NA,,
Juscelinomys candango,0,Mammals,Juscelinomys,EX,2019,NA,NA,NA,NA,NA,NA,NA,NA,NA,97.3,NA,NA,NA,NA,specialist,,
Kaloula verrucosa,1,Amphibians,Kaloula,LC,2020,NA,NA,NA,NA,1,NA,,,NA,NA,NA,NA,NA,NA,NA,,
Kassina senegalensis,1,Amphibians,Kassina,LC,2013,NA,NA,NA,NA,NA,NA,,,NA,NA,NA,NA,NA,NA,NA,,
Kerivoula depressa,1,Mammals,Kerivoula,LC,2021,NA,NA,NA,NA,NA,NA,NA,NA,NA,NA,NA,NA,NA,NA,NA,,
Kerivoula dongduongana,1,Mammals,Kerivoula,LC,2021,NA,NA,NA,NA,NA,NA,NA,NA,NA,NA,NA,NA,NA,NA,NA,,
Kerivoula hardwickii,1,Mammals,Kerivoula,LC,2020,NA,NA,NA,NA,NA,NA,NA,NA,NA,4.55,NA,NA,NA,NA,specialist,,
Kerivoula kachinensis,1,Mammals,Kerivoula,LC,2019,NA,NA,NA,NA,NA,NA,NA,NA,NA,NA,NA,NA,NA,NA,NA,,
Kerivoula picta,1,Mammals,Kerivoula,NT,2020,NA,NA,NA,NA,NA,NA,NA,NA,NA,4.5,NA,NA,NA,NA,specialist,,
Kerivoula titania,1,Mammals,Kerivoula,LC,2019,NA,NA,NA,NA,NA,NA,NA,NA,NA,NA,NA,NA,NA,NA,NA,,
Kinixys lobatsiana,1,Reptiles,Kinixys,VU,2018,NA,NA,NA,NA,NA,NA,NA,NA,NA,NA,NA,NA,NA,1640,NA,,
Kogia breviceps,1,Mammals,Kogia,LC,2020,NA,NA,NA,NA,NA,NA,NA,NA,NA,431500,NA,NA,NA,NA,specialist,,
Kogia sima,1,Mammals,Kogia,LC,2020,NA,NA,NA,NA,NA,NA,NA,NA,NA,183066.66,NA,NA,NA,NA,specialist,,
Kogia sima,1,Mammals,Kogia,LC,2020,NA,NA,NA,NA,NA,NA,NA,NA,NA,183066.66,NA,NA,NA,NA,specialist,,
Kurixalus verrucosus,1,Amphibians,Kurixalus,LC,2023,NA,NA,NA,NA,NA,NA,,,NA,NA,NA,NA,NA,NA,NA,,
Lagenodelphis hosei,1,Mammals,Lagenodelphis,LC,2018,NA,NA,NA,NA,NA,NA,NA,NA,NA,164000,NA,NA,NA,NA,specialist,,
Lagenorhynchus australis,1,Mammals,Lagenorhynchus,LC,2019,NA,NA,NA,NA,NA,NA,NA,NA,NA,120000,NA,NA,NA,NA,specialist,,
Lagenorhynchus cruciger,1,Mammals,Lagenorhynchus,LC,2018,NA,NA,NA,NA,NA,NA,NA,NA,NA,110000,NA,NA,NA,NA,specialist,,
Lagenorhynchus obliquidens,1,Mammals,Lagenorhynchus,LC,2018,NA,NA,NA,NA,NA,NA,NA,NA,NA,120000,NA,NA,NA,NA,specialist,,
Lagenorhynchus obscurus,1,Mammals,Lagenorhynchus,LC,2019,NA,NA,NA,NA,NA,NA,NA,NA,NA,127500,NA,NA,NA,NA,specialist,,
Lagidium viscacia,1,Mammals,Lagidium,LC,2016,NA,NA,NA,NA,NA,NA,NA,NA,NA,1540,NA,NA,NA,NA,specialist,,
Lagidium wolffsohni,1,Mammals,Lagidium,DD,2016,NA,NA,NA,NA,NA,NA,NA,NA,NA,2682.01,NA,NA,NA,NA,specialist,,
Lagorchestes hirsutus,1,Mammals,Lagorchestes,NT,2025,NA,NA,NA,NA,NA,NA,NA,NA,NA,1265,NA,NA,NA,NA,specialist,,
Lagostomus maximus,1,Mammals,Lagostomus,LC,2016,NA,NA,NA,NA,NA,NA,NA,NA,NA,4647.51,NA,NA,NA,NA,specialist,,
Lama guanicoe,1,Mammals,Lama,LC,2016,NA,NA,NA,NA,NA,NA,NA,NA,NA,NA,NA,NA,NA,NA,NA,,
Lamprophis aurora,1,Reptiles,Lamprophis,LC,2022,NA,NA,NA,NA,NA,NA,NA,NA,NA,NA,NA,NA,NA,39,NA,,
Lamprophis guttatus,1,Reptiles,Lamprophis,LC,2022,NA,NA,NA,NA,NA,NA,NA,NA,NA,NA,NA,NA,NA,NA,NA,,
Lasiopodomys mandarinus,1,Mammals,Lasiopodomys,LC,2016,NA,NA,NA,NA,NA,NA,NA,NA,NA,47.48,NA,NA,NA,NA,specialist,,
Lasiurus blossevillii,1,Mammals,Lasiurus,LC,2016,NA,NA,NA,NA,NA,NA,NA,NA,NA,9.5,NA,NA,NA,NA,specialist,,
Lasiurus blossevillii,1,Mammals,Lasiurus,LC,2016,NA,NA,NA,NA,NA,NA,NA,NA,NA,9.5,NA,NA,NA,NA,specialist,,
Lasiurus cinereus,1,Mammals,Lasiurus,LC,2016,NA,NA,NA,NA,NA,NA,NA,NA,NA,25.28,NA,NA,NA,NA,specialist,,
Lasiurus ega,1,Mammals,Lasiurus,LC,2016,NA,NA,NA,NA,NA,NA,NA,NA,NA,13.2,NA,NA,NA,NA,specialist,,
Lasiurus ega,1,Mammals,Lasiurus,LC,2016,NA,NA,NA,NA,NA,NA,NA,NA,NA,13.2,NA,NA,NA,NA,specialist,,
Lasiurus salinae,1,Mammals,Lasiurus,DD,2017,NA,NA,NA,NA,NA,NA,NA,NA,NA,14.57,NA,NA,NA,NA,specialist,,
Lasiurus varius,1,Mammals,Lasiurus,LC,2018,NA,NA,NA,NA,NA,NA,NA,NA,NA,14.57,NA,NA,NA,NA,specialist,,
Leggadina forresti,1,Mammals,Leggadina,LC,2016,NA,NA,NA,NA,NA,NA,NA,NA,NA,20,NA,NA,NA,NA,specialist,,
Leopardus colocolo,1,Mammals,Leopardus,NT,2016,NA,NA,NA,NA,NA,NA,NA,NA,NA,5157.94,NA,NA,NA,NA,specialist,,
Leopardus geoffroyi,1,Mammals,Leopardus,LC,2025,NA,NA,NA,NA,NA,NA,NA,NA,NA,5157.94,NA,NA,NA,NA,specialist,,
Leopardus guigna,1,Mammals,Leopardus,LC,2025,NA,NA,NA,NA,NA,NA,NA,NA,NA,5157.94,NA,NA,NA,NA,specialist,,
Leopardus jacobita,1,Mammals,Leopardus,EN,2025,NA,NA,NA,NA,NA,NA,NA,NA,NA,NA,NA,NA,NA,NA,NA,,
Leopardus pardalis,1,Mammals,Leopardus,LC,2015,NA,NA,NA,NA,NA,NA,NA,NA,NA,11900.08,NA,NA,NA,NA,specialist,,
Leopardus tigrinus,1,Mammals,Leopardus,VU,2016,NA,NA,NA,NA,NA,NA,NA,NA,NA,2250,NA,NA,NA,NA,specialist,,
Leopardus wiedii,1,Mammals,Leopardus,NT,2015,NA,NA,NA,NA,NA,NA,NA,NA,NA,3249.97,NA,NA,NA,NA,specialist,,
Leopardus wiedii,1,Mammals,Leopardus,NT,2015,NA,NA,NA,NA,NA,NA,NA,NA,NA,3249.97,NA,NA,NA,NA,specialist,,
Leopoldamys edwardsi,1,Mammals,Leopoldamys,LC,2016,NA,NA,NA,NA,NA,NA,NA,NA,NA,300,NA,NA,NA,NA,specialist,,
Leopoldamys neilli,1,Mammals,Leopoldamys,LC,2016,NA,NA,NA,NA,NA,NA,NA,NA,NA,219,NA,NA,NA,NA,specialist,,
Leopoldamys sabanus,1,Mammals,Leopoldamys,LC,2016,NA,NA,NA,NA,NA,NA,NA,NA,NA,338.33,NA,NA,NA,NA,specialist,,
Lepidochelys olivacea,1,Reptiles,Lepidochelys,VU,2008,NA,NA,NA,NA,NA,NA,NA,NA,NA,NA,Carnivorous,"Invertebrates, fish",generalist,33000,NA,,
Leporillus apicalis,0,Mammals,Leporillus,EX,2024,NA,NA,NA,NA,NA,NA,NA,NA,NA,150,NA,NA,NA,NA,specialist,,
Leptodactylus flavopictus,1,Amphibians,Leptodactylus,LC,2023,NA,NA,NA,NA,NA,NA,,,NA,NA,NA,NA,NA,NA,NA,,
Leptodactylus fragilis,1,Amphibians,Leptodactylus,LC,2021,NA,NA,NA,NA,NA,NA,,,NA,NA,NA,NA,NA,NA,NA,,
Leptodactylus furnarius,1,Amphibians,Leptodactylus,LC,2023,NA,NA,NA,NA,NA,NA,,,NA,NA,NA,NA,NA,NA,NA,,
Leptodactylus fuscus,1,Amphibians,Leptodactylus,LC,2023,NA,NA,NA,NA,NA,NA,,,50,NA,NA,NA,NA,NA,NA,,
Leptodactylus gracilis,1,Amphibians,Leptodactylus,LC,2023,NA,NA,NA,NA,1,NA,,,NA,NA,NA,NA,NA,NA,NA,,
Leptodactylus insularum,1,Amphibians,Leptodactylus,LC,2020,NA,NA,NA,NA,NA,NA,,,NA,NA,NA,NA,NA,NA,NA,,
Leptodactylus insularum,1,Amphibians,Leptodactylus,LC,2020,NA,NA,NA,NA,NA,NA,,,NA,NA,NA,NA,NA,NA,NA,,
Leptodactylus jolyi,1,Amphibians,Leptodactylus,LC,2022,NA,NA,NA,NA,NA,NA,,,NA,NA,NA,NA,NA,NA,NA,,
Leptodactylus luctator,1,Amphibians,Leptodactylus,LC,2023,NA,NA,NA,NA,NA,NA,,,NA,NA,NA,NA,NA,NA,NA,,
Leptodactylus melanonotus,1,Amphibians,Leptodactylus,LC,2020,NA,NA,NA,NA,NA,NA,,,NA,NA,NA,NA,NA,NA,NA,,
Leptodactylus melanonotus,1,Amphibians,Leptodactylus,LC,2020,NA,NA,NA,NA,NA,NA,,,NA,NA,NA,NA,NA,NA,NA,,
Leptodactylus melanonotus,1,Amphibians,Leptodactylus,LC,2020,NA,NA,NA,NA,NA,NA,,,NA,NA,NA,NA,NA,NA,NA,,
Leptodactylus mystacinus,1,Amphibians,Leptodactylus,LC,2023,NA,NA,NA,NA,1,NA,,,15.3,NA,NA,NA,NA,NA,NA,,
Leptodactylus notoaktites,1,Amphibians,Leptodactylus,LC,2023,NA,NA,NA,NA,NA,NA,,,10.7,NA,NA,NA,NA,NA,NA,,
Leptodactylus paranaru,1,Amphibians,Leptodactylus,LC,2023,NA,NA,NA,NA,NA,NA,,,NA,NA,NA,NA,NA,NA,NA,,
Leptodactylus paranaru,1,Amphibians,Leptodactylus,LC,2023,NA,NA,NA,NA,NA,NA,,,NA,NA,NA,NA,NA,NA,NA,,
Leptodactylus podicipinus,1,Amphibians,Leptodactylus,LC,2023,NA,NA,NA,NA,1,NA,,,8.1,NA,NA,NA,NA,NA,NA,,
Leptodactylus podicipinus,1,Amphibians,Leptodactylus,LC,2023,NA,NA,NA,NA,1,NA,,,8.1,NA,NA,NA,NA,NA,NA,,
Leptodactylus poecilochilus,1,Amphibians,Leptodactylus,LC,2020,NA,NA,NA,NA,NA,NA,,,NA,NA,NA,NA,NA,NA,NA,,
Leptodactylus poecilochilus,1,Amphibians,Leptodactylus,LC,2020,NA,NA,NA,NA,NA,NA,,,NA,NA,NA,NA,NA,NA,NA,,
Leptodactylus savagei,1,Amphibians,Leptodactylus,LC,2020,NA,NA,NA,NA,1,1,,,NA,NA,NA,NA,NA,NA,NA,,
Leptodactylus savagei,1,Amphibians,Leptodactylus,LC,2020,NA,NA,NA,NA,1,1,,,NA,NA,NA,NA,NA,NA,NA,,
Leptodactylus savagei,1,Amphibians,Leptodactylus,LC,2020,NA,NA,NA,NA,1,1,,,NA,NA,NA,NA,NA,NA,NA,,
Leptodactylus silvanimbus,1,Amphibians,Leptodactylus,CR,2020,NA,NA,NA,NA,NA,NA,,,NA,NA,NA,NA,NA,NA,NA,,
Leptopelis bocagii,1,Amphibians,Leptopelis,LC,2013,NA,NA,NA,NA,NA,NA,,,NA,NA,NA,NA,NA,NA,NA,,
Leptopelis flavomaculatus,1,Amphibians,Leptopelis,LC,2016,NA,NA,NA,NA,1,NA,,,NA,NA,NA,NA,NA,NA,NA,,
Leptotyphlops conjunctus,1,Reptiles,Leptotyphlops,LC,2022,NA,NA,NA,NA,NA,NA,NA,NA,NA,NA,NA,NA,NA,2.1,NA,,
Leptotyphlops incognitus,1,Reptiles,Leptotyphlops,LC,2021,NA,NA,NA,NA,NA,NA,NA,NA,NA,NA,NA,NA,NA,2.1,NA,,
Leptotyphlops scutifrons,1,Reptiles,Leptotyphlops,LC,2021,NA,NA,NA,NA,NA,NA,NA,NA,NA,NA,NA,NA,NA,4.7,NA,,
Lepus europaeus,1,Mammals,Lepus,LC,2019,NA,NA,NA,NA,NA,NA,NA,NA,NA,3740,NA,NA,NA,NA,specialist,,
Lepus peguensis,1,Mammals,Lepus,LC,2019,NA,NA,NA,NA,NA,NA,NA,NA,NA,2267.5,NA,NA,NA,NA,specialist,,
Lepus tolai,1,Mammals,Lepus,LC,2019,NA,NA,NA,NA,NA,NA,NA,NA,NA,1589,NA,NA,NA,NA,specialist,,
Lestodelphys halli,1,Mammals,Lestodelphys,LC,2025,NA,NA,NA,NA,NA,NA,NA,NA,NA,76,NA,NA,NA,NA,specialist,,
Limaformosa capensis,1,Reptiles,Limaformosa,LC,2021,NA,NA,NA,NA,NA,NA,NA,NA,NA,NA,NA,NA,NA,728.8,NA,,
Limaformosa capensis,1,Reptiles,Limaformosa,LC,2021,NA,NA,NA,NA,NA,NA,NA,NA,NA,NA,NA,NA,NA,728.8,NA,,
Limnodynastes convexiusculus,1,Amphibians,Limnodynastes,LC,2022,NA,NA,NA,NA,1,1,,,9.96,NA,NA,NA,NA,NA,NA,,
Limnodynastes dumerilii,1,Amphibians,Limnodynastes,LC,2022,NA,NA,NA,NA,NA,NA,,,15.31,NA,NA,NA,NA,NA,NA,,
Limnodynastes fletcheri,1,Amphibians,Limnodynastes,LC,2022,NA,NA,NA,NA,NA,NA,,,11.34,NA,NA,NA,NA,NA,NA,,
Limnodynastes peronii,1,Amphibians,Limnodynastes,LC,2022,NA,NA,NA,NA,NA,NA,,,12.17,NA,NA,NA,NA,NA,NA,,
Limnodynastes salmini,1,Amphibians,Limnodynastes,LC,2022,NA,NA,NA,NA,NA,NA,,,20.84,NA,NA,NA,NA,NA,NA,,
Limnodynastes tasmaniensis,1,Amphibians,Limnodynastes,LC,2022,NA,NA,NA,NA,NA,NA,,,3.37,NA,NA,NA,NA,NA,NA,,
Limnodynastes terraereginae,1,Amphibians,Limnodynastes,LC,2022,NA,NA,NA,NA,NA,NA,,,22.07,NA,NA,NA,NA,NA,NA,,
Limnodynastes terraereginae,1,Amphibians,Limnodynastes,LC,2022,NA,NA,NA,NA,NA,NA,,,22.07,NA,NA,NA,NA,NA,NA,,
Liolaemus wiegmannii,1,Reptiles,Liolaemus,LC,2016,NA,NA,NA,NA,NA,NA,NA,NA,NA,NA,Carnivorous,"arthropods (Halloy etAl. 2006,Aun etAl. 1999, seeAlso Loveridge 1959), insects (Stellatelli etAl. 2016)",generalist,9.1,NA,,
Lipotes vexillifer,1,Mammals,Lipotes,CR,2017,NA,NA,NA,NA,NA,NA,NA,NA,NA,83500,NA,NA,NA,NA,specialist,,
Lissodelphis peronii,1,Mammals,Lissodelphis,LC,2018,NA,NA,NA,NA,NA,NA,NA,NA,NA,116000,NA,NA,NA,NA,specialist,,
Lithobates brownorum,1,Amphibians,Lithobates,LC,2022,NA,NA,NA,NA,NA,NA,,,NA,NA,NA,NA,NA,NA,NA,,
Lithobates fisheri,0,Amphibians,Lithobates,EX,2022,NA,NA,NA,NA,NA,NA,,,NA,NA,NA,NA,NA,NA,NA,,
Lithobates forreri,1,Amphibians,Lithobates,LC,2020,NA,NA,NA,NA,NA,NA,,,NA,NA,NA,NA,NA,NA,NA,,
Lithobates macroglossa,1,Amphibians,Lithobates,VU,2020,NA,NA,NA,NA,NA,NA,,,NA,NA,NA,NA,NA,NA,NA,,
Lithobates maculatus,1,Amphibians,Lithobates,LC,2020,NA,NA,NA,NA,NA,NA,,,113,NA,NA,NA,NA,NA,NA,,
Lithobates maculatus,1,Amphibians,Lithobates,LC,2020,NA,NA,NA,NA,NA,NA,,,113,NA,NA,NA,NA,NA,NA,,
Lithobates maculatus,1,Amphibians,Lithobates,LC,2020,NA,NA,NA,NA,NA,NA,,,113,NA,NA,NA,NA,NA,NA,,
Lithobates palmipes,1,Amphibians,Lithobates,LC,2023,NA,NA,NA,NA,1,NA,,,101,NA,NA,NA,NA,NA,NA,,
Lithobates palustris,1,Amphibians,Lithobates,LC,2022,NA,NA,NA,NA,NA,NA,,,NA,NA,NA,NA,NA,NA,NA,,
Lithobates pipiens,1,Amphibians,Lithobates,LC,2022,NA,NA,NA,NA,NA,NA,,,39.2,NA,NA,NA,NA,NA,NA,,
Lithobates pipiens,1,Amphibians,Lithobates,LC,2022,NA,NA,NA,NA,NA,NA,,,39.2,NA,NA,NA,NA,NA,NA,,
Lithobates sphenocephalus,1,Amphibians,Lithobates,LC,2021,NA,NA,NA,NA,NA,NA,,,65.7,NA,NA,NA,NA,NA,NA,,
Lithobates sylvaticus,1,Amphibians,Lithobates,LC,2022,NA,NA,NA,NA,1,NA,,,17.6,NA,NA,NA,NA,NA,NA,,
Lithobates taylori,1,Amphibians,Lithobates,LC,2020,NA,NA,NA,NA,NA,NA,,,NA,NA,NA,NA,NA,NA,NA,,
Lithobates vaillanti,1,Amphibians,Lithobates,LC,2020,NA,NA,NA,NA,1,1,,,125,NA,NA,NA,NA,NA,NA,,
Lithobates vaillanti,1,Amphibians,Lithobates,LC,2020,NA,NA,NA,NA,1,1,,,125,NA,NA,NA,NA,NA,NA,,
Lithobates vibicarius,1,Amphibians,Lithobates,EN,2020,NA,NA,NA,NA,NA,NA,,,NA,NA,NA,NA,NA,NA,NA,,
Lithobates warszewitschii,1,Amphibians,Lithobates,LC,2020,NA,NA,NA,NA,NA,NA,,,NA,NA,NA,NA,NA,NA,NA,,
Lithobates warszewitschii,1,Amphibians,Lithobates,LC,2020,NA,NA,NA,NA,NA,NA,,,NA,NA,NA,NA,NA,NA,NA,,
Litoria balatus,1,Amphibians,Litoria,LC,2023,NA,NA,NA,NA,NA,NA,,,NA,NA,NA,NA,NA,NA,NA,,
Litoria balatus,1,Amphibians,Litoria,LC,2023,NA,NA,NA,NA,NA,NA,,,NA,NA,NA,NA,NA,NA,NA,,
Litoria bicolor,1,Amphibians,Litoria,LC,2022,NA,NA,NA,NA,NA,NA,,,0.8,NA,NA,NA,NA,NA,NA,,
Litoria brevipalmata,1,Amphibians,Litoria,LC,2023,NA,NA,NA,NA,NA,NA,,,3.4,NA,NA,NA,NA,NA,NA,,
Litoria caerulea,1,Amphibians,Litoria,LC,2022,NA,NA,NA,NA,NA,NA,,,50,NA,NA,NA,NA,NA,NA,,
Litoria caerulea,1,Amphibians,Litoria,LC,2022,NA,NA,NA,NA,NA,NA,,,50,NA,NA,NA,NA,NA,NA,,
Litoria chloris,1,Amphibians,Litoria,LC,2022,NA,NA,NA,NA,NA,NA,,,28.9,NA,NA,NA,NA,NA,NA,,
Litoria dayi,1,Amphibians,Litoria,VU,2023,NA,NA,NA,NA,NA,NA,,,2.33,NA,NA,NA,NA,NA,NA,,
Litoria fallax,1,Amphibians,Litoria,LC,2022,NA,NA,NA,NA,NA,NA,,,1,NA,NA,NA,NA,NA,NA,,
Litoria freycineti,1,Amphibians,Litoria,LC,2023,NA,NA,NA,NA,NA,NA,,,3.22,NA,NA,NA,NA,NA,NA,,
Litoria freycineti,1,Amphibians,Litoria,LC,2023,NA,NA,NA,NA,NA,NA,,,3.22,NA,NA,NA,NA,NA,NA,,
Litoria gracilenta,1,Amphibians,Litoria,LC,2022,NA,NA,NA,NA,NA,NA,,,3.7,NA,NA,NA,NA,NA,NA,,
Litoria gracilenta,1,Amphibians,Litoria,LC,2022,NA,NA,NA,NA,NA,NA,,,3.7,NA,NA,NA,NA,NA,NA,,
Litoria inermis,1,Amphibians,Litoria,LC,2022,NA,NA,NA,NA,NA,NA,,,4.8,NA,NA,NA,NA,NA,NA,,
Litoria inermis,1,Amphibians,Litoria,LC,2022,NA,NA,NA,NA,NA,NA,,,4.8,NA,NA,NA,NA,NA,NA,,
Litoria inermis,1,Amphibians,Litoria,LC,2022,NA,NA,NA,NA,NA,NA,,,4.8,NA,NA,NA,NA,NA,NA,,
Litoria infrafrenata,1,Amphibians,Litoria,LC,2022,NA,NA,NA,NA,NA,NA,,,24.46,NA,NA,NA,NA,NA,NA,,
Litoria jungguy,1,Amphibians,Litoria,LC,2022,NA,NA,NA,NA,NA,NA,,,NA,NA,NA,NA,NA,NA,NA,,
Litoria latopalmata,1,Amphibians,Litoria,LC,2022,NA,NA,NA,NA,NA,NA,,,1.96,NA,NA,NA,NA,NA,NA,,
Litoria latopalmata,1,Amphibians,Litoria,LC,2022,NA,NA,NA,NA,NA,NA,,,1.96,NA,NA,NA,NA,NA,NA,,
Litoria latopalmata,1,Amphibians,Litoria,LC,2022,NA,NA,NA,NA,NA,NA,,,1.96,NA,NA,NA,NA,NA,NA,,
Litoria lorica,1,Amphibians,Litoria,CR,2023,NA,NA,NA,NA,NA,NA,,,NA,NA,NA,NA,NA,NA,NA,,
Litoria microbelos,1,Amphibians,Litoria,LC,2022,NA,NA,NA,NA,NA,NA,,,NA,NA,NA,NA,NA,NA,NA,,
Litoria myola,1,Amphibians,Litoria,CR,2023,NA,NA,NA,NA,NA,NA,,,NA,NA,NA,NA,NA,NA,NA,,
Litoria nannotis,1,Amphibians,Litoria,LC,2022,NA,NA,NA,NA,NA,NA,,,9.29,NA,NA,NA,NA,NA,NA,,
Litoria nasuta,1,Amphibians,Litoria,LC,2022,NA,NA,NA,NA,NA,NA,,,10,NA,NA,NA,NA,NA,NA,,
Litoria nasuta,1,Amphibians,Litoria,LC,2022,NA,NA,NA,NA,NA,NA,,,10,NA,NA,NA,NA,NA,NA,,
Litoria nigrofrenata,1,Amphibians,Litoria,LC,2022,NA,NA,NA,NA,NA,NA,,,2.33,NA,NA,NA,NA,NA,NA,,
Litoria nyakalensis,0,Amphibians,Litoria,EX,2022,NA,NA,NA,NA,NA,NA,,,2.51,NA,NA,NA,NA,NA,NA,,
Litoria pallida,1,Amphibians,Litoria,LC,2022,NA,NA,NA,NA,NA,NA,,,1.72,NA,NA,NA,NA,NA,NA,,
Litoria pearsoniana,1,Amphibians,Litoria,LC,2022,NA,NA,NA,NA,NA,NA,,,4.1,NA,NA,NA,NA,NA,NA,,
Litoria pearsoniana,1,Amphibians,Litoria,LC,2022,NA,NA,NA,NA,NA,NA,,,4.1,NA,NA,NA,NA,NA,NA,,
Litoria peronii,1,Amphibians,Litoria,LC,2022,NA,NA,NA,NA,NA,NA,,,5.88,NA,NA,NA,NA,NA,NA,,
Litoria revelata,1,Amphibians,Litoria,LC,2022,NA,NA,NA,NA,NA,NA,,,0.93,NA,NA,NA,NA,NA,NA,,
Litoria rheocola,1,Amphibians,Litoria,NT,2023,NA,NA,NA,NA,NA,NA,,,1.65,NA,NA,NA,NA,NA,NA,,
Litoria rothii,1,Amphibians,Litoria,LC,2022,NA,NA,NA,NA,NA,NA,,,6.5,NA,NA,NA,NA,NA,NA,,
Litoria rothii,1,Amphibians,Litoria,LC,2022,NA,NA,NA,NA,NA,NA,,,6.5,NA,NA,NA,NA,NA,NA,,
Litoria rubella,1,Amphibians,Litoria,LC,2022,NA,NA,NA,NA,NA,NA,,,3.08,NA,NA,NA,NA,NA,NA,,
Litoria rubella,1,Amphibians,Litoria,LC,2022,NA,NA,NA,NA,NA,NA,,,3.08,NA,NA,NA,NA,NA,NA,,
Litoria serrata,1,Amphibians,Litoria,LC,2022,NA,NA,NA,NA,NA,NA,,,NA,NA,NA,NA,NA,NA,NA,,
Litoria tyleri,1,Amphibians,Litoria,LC,2022,NA,NA,NA,NA,NA,NA,,,5.67,NA,NA,NA,NA,NA,NA,,
Litoria tyleri,1,Amphibians,Litoria,LC,2022,NA,NA,NA,NA,NA,NA,,,5.67,NA,NA,NA,NA,NA,NA,,
Litoria verreauxii,1,Amphibians,Litoria,LC,2023,NA,NA,NA,NA,NA,NA,,,1.74,NA,NA,NA,NA,NA,NA,,
Litoria wilcoxii,1,Amphibians,Litoria,LC,2022,NA,NA,NA,NA,NA,NA,,,NA,NA,NA,NA,NA,NA,NA,,
Litoria xanthomera,1,Amphibians,Litoria,LC,2022,NA,NA,NA,NA,NA,NA,,Could not find information.,5.86,NA,NA,NA,NA,NA,NA,,
Lonchorhina aurita,1,Mammals,Lonchorhina,LC,2015,NA,NA,NA,NA,NA,NA,NA,NA,NA,15.7,NA,NA,NA,NA,specialist,,
Lontra longicaudis,1,Mammals,Lontra,NT,2022,NA,NA,NA,NA,NA,NA,NA,NA,NA,6554.96,NA,NA,NA,NA,specialist,,
Lontra provocax,1,Mammals,Lontra,EN,2021,NA,NA,NA,NA,NA,NA,NA,NA,NA,7499.98,NA,NA,NA,NA,specialist,,
Loxodontomys micropus,1,Mammals,Loxodontomys,LC,2016,NA,NA,NA,NA,NA,NA,NA,NA,NA,70.76,NA,NA,NA,NA,specialist,,
Luetkenotyphlus brasiliensis,1,Amphibians,Luetkenotyphlus,LC,2023,NA,NA,NA,NA,NA,NA,,Could not find information.,NA,NA,NA,NA,NA,NA,NA,,
Luetkenotyphlus brasiliensis,1,Amphibians,Luetkenotyphlus,LC,2023,NA,NA,NA,NA,NA,NA,Duplicated,,NA,NA,NA,NA,NA,NA,NA,,
Lundomys molitor,1,Mammals,Lundomys,LC,2016,NA,NA,NA,NA,NA,NA,NA,NA,NA,238.49,NA,NA,NA,NA,generalist,,
Lutra lutra,1,Mammals,Lutra,NT,2022,NA,NA,NA,NA,NA,NA,NA,NA,NA,8785.14,NA,NA,NA,NA,generalist,,
Lutra lutra,1,Mammals,Lutra,NT,2022,NA,NA,NA,NA,NA,NA,NA,NA,NA,8785.14,NA,NA,NA,NA,generalist,,
Lutreolina crassicaudata,1,Mammals,Lutreolina,LC,2016,NA,NA,NA,NA,NA,NA,NA,NA,NA,537.3,NA,NA,NA,NA,generalist,,
Lutrogale perspicillata,1,Mammals,Lutrogale,VU,2021,NA,NA,NA,NA,NA,NA,NA,NA,NA,9483.33,NA,NA,NA,NA,generalist,,
Lycalopex culpaeus,1,Mammals,Lycalopex,LC,2016,NA,NA,NA,NA,NA,NA,NA,NA,NA,8616.24,NA,NA,NA,NA,specialist,,
Lycalopex griseus,1,Mammals,Lycalopex,LC,2016,NA,NA,NA,NA,NA,NA,NA,NA,NA,5146.58,NA,NA,NA,NA,generalist,,
Lycalopex gymnocercus,1,Mammals,Lycalopex,LC,2016,NA,NA,NA,NA,NA,NA,NA,NA,NA,4542.67,NA,NA,NA,NA,generalist,,
Lycalopex vetulus,1,Mammals,Lycalopex,NT,2020,NA,NA,NA,NA,NA,NA,NA,NA,NA,4233.47,NA,NA,NA,NA,generalist,,
Lycodonomorphus inornatus,1,Reptiles,Lycodonomorphus,LC,2022,NA,NA,NA,NA,NA,NA,NA,NA,NA,NA,NA,NA,NA,315.1,NA,,
Lycodonomorphus laevissimus,1,Reptiles,Lycodonomorphus,LC,2022,NA,NA,NA,NA,NA,NA,NA,NA,NA,NA,NA,NA,NA,251.4,NA,,
Lycodonomorphus rufulus,1,Reptiles,Lycodonomorphus,LC,2021,NA,NA,NA,NA,NA,NA,NA,NA,NA,NA,NA,NA,NA,95,NA,,
Lycophidion capense,1,Reptiles,Lycophidion,LC,2021,NA,NA,NA,NA,NA,NA,NA,NA,NA,NA,NA,NA,NA,32.3,NA,,
Lycophidion variegatum,1,Reptiles,Lycophidion,LC,2021,NA,NA,NA,NA,NA,NA,NA,NA,NA,NA,NA,NA,NA,14.2,NA,,
Lygodactylus capensis,1,Reptiles,Lygodactylus,LC,2021,NA,NA,NA,NA,NA,NA,NA,NA,NA,NA,Carnivorous,"Arthropods (almost exclusivelyAntsAnd termites, Branch 2005, Branch 2014/not so, Pienaar 1966), insects (Loveridge 1920), mostly termites (Broadley 2008),Arthropods (Spawls etAl. 2018)",specialist,1.9,NA,,
Lygodactylus methueni,1,Reptiles,Lygodactylus,EN,2022,NA,NA,NA,NA,NA,NA,NA,NA,NA,NA,NA,NA,NA,1.7,NA,,
Lygodactylus nigropunctatus,1,Reptiles,Lygodactylus,LC,2022,NA,NA,NA,NA,NA,NA,NA,NA,NA,NA,NA,NA,NA,1.3,NA,,
Lygophis anomalus,1,Reptiles,Lygophis,LC,2019,NA,NA,NA,NA,NA,NA,NA,NA,NA,NA,NA,NA,NA,84.1,NA,,
Lyncodon patagonicus,1,Mammals,Lyncodon,LC,2016,NA,NA,NA,NA,NA,NA,NA,NA,NA,225,NA,NA,NA,NA,specialist,,
Lyroderma lyra,1,Mammals,Lyroderma,LC,2020,NA,NA,NA,NA,NA,NA,NA,NA,NA,NA,NA,NA,NA,NA,NA,,
Macaca arctoides,1,Mammals,Macaca,VU,2020,NA,NA,NA,NA,NA,NA,NA,NA,NA,5000,NA,NA,NA,NA,generalist,,
Macaca assamensis,1,Mammals,Macaca,NT,2020,NA,NA,NA,NA,NA,NA,NA,NA,NA,12000,NA,NA,NA,NA,generalist,,
Macaca fascicularis,1,Mammals,Macaca,EN,2025,NA,NA,NA,NA,NA,NA,NA,NA,NA,3991.5,NA,NA,NA,NA,specialist,,
Macaca leonina,1,Mammals,Macaca,VU,2022,NA,NA,NA,NA,NA,NA,NA,NA,NA,5786.96,NA,NA,NA,NA,specialist,,
Macaca mulatta,1,Mammals,Macaca,LC,2024,NA,NA,NA,NA,NA,NA,NA,NA,NA,3713,NA,NA,NA,NA,generalist,,
Macrelaps microlepidotus,1,Reptiles,Macrelaps,LC,2022,NA,NA,NA,NA,NA,NA,NA,NA,NA,NA,NA,NA,NA,251.4,NA,,
Macroderma gigas,1,Mammals,Macroderma,VU,2021,NA,NA,NA,NA,NA,NA,NA,NA,NA,126.43,NA,NA,NA,NA,specialist,,
Macrogenioglottus alipioi,1,Amphibians,Macrogenioglottus,LC,2023,NA,NA,NA,NA,NA,NA,generalist,"de Mira-Mendes, C. V., de Almeida, C. S. S., Junqueira, R. A., Cavalcante, K. P., Ribeiro, S. M. M. S., Mariano, R., … Le Pendu, Y. (2022). The diet of Macrogenioglottus alipioi Carvalho, 1946 (Anura: Odontophrynidae) tadpoles in Atlantic Forest of southern Bahia, Brazil. Studies on Neotropical Fauna and Environment, 57(3), 262–266. https://doi.org/10.1080/01650521.2020.1861888",NA,NA,NA,NA,NA,NA,NA,,
Macroglossus sobrinus,1,Mammals,Macroglossus,LC,2021,NA,NA,NA,NA,NA,NA,NA,NA,NA,22.13,NA,NA,NA,NA,specialist,,
Macrophyllum macrophyllum,1,Mammals,Macrophyllum,LC,2015,NA,NA,NA,NA,NA,NA,NA,NA,NA,8.1,NA,NA,NA,NA,specialist,,
Macropus fuliginosus,1,Mammals,Macropus,LC,2016,NA,NA,NA,NA,NA,NA,NA,NA,NA,22000,NA,NA,NA,NA,specialist,,
Macrotis lagotis,1,Mammals,Macrotis,VU,2016,NA,NA,NA,NA,NA,NA,NA,NA,NA,1350,NA,NA,NA,NA,specialist,,
Manis javanica,1,Mammals,Manis,CR,2019,NA,NA,NA,NA,NA,NA,NA,NA,NA,5150,NA,NA,NA,NA,specialist,,
Manis pentadactyla,1,Mammals,Manis,CR,2019,NA,NA,NA,NA,NA,NA,NA,NA,NA,4675,NA,NA,NA,NA,specialist,,
Marmosa murina,1,Mammals,Marmosa,LC,2021,NA,NA,NA,NA,NA,NA,NA,NA,NA,26,NA,NA,NA,NA,generalist,,
Martes flavigula,1,Mammals,Martes,LC,2024,NA,NA,NA,NA,NA,NA,NA,NA,NA,1842.5,NA,NA,NA,NA,generalist,,
Matobosaurus validus,1,Reptiles,Matobosaurus,LC,2021,NA,NA,NA,NA,NA,NA,NA,NA,NA,NA,Omnivorous,"Omnivorous (fruit, Loveridge 1953), insects (Loveridge 1942), large insects, fruitAnd leaves (Branch 2016),Arthropods, fig seedsAnd flowers (Broadley 1962)",generalist,616.6,NA,,
Maxomys surifer,1,Mammals,Maxomys,LC,2016,NA,NA,NA,NA,NA,NA,NA,NA,NA,150.37,NA,NA,NA,NA,generalist,,
Mazama americana,1,Mammals,Mazama,DD,2016,NA,NA,NA,NA,NA,NA,NA,NA,NA,22799.75,NA,NA,NA,NA,specialist,,
Mazama gouazoubira,1,Mammals,Mazama,LC,2016,NA,NA,NA,NA,NA,NA,NA,NA,NA,16633.17,NA,NA,NA,NA,specialist,,
Megaderma spasma,1,Mammals,Megaderma,LC,2019,NA,NA,NA,NA,NA,NA,NA,NA,NA,25.38,NA,NA,NA,NA,generalist,,
Megaerops niphanae,1,Mammals,Megaerops,LC,2021,NA,NA,NA,NA,NA,NA,NA,NA,NA,32.6,NA,NA,NA,NA,specialist,,
Megaptera novaeangliae,1,Mammals,Megaptera,LC,2018,NA,NA,NA,NA,NA,NA,NA,NA,NA,30000000,NA,NA,NA,NA,specialist,,
Megophrys minor,1,Amphibians,Megophrys,LC,2022,NA,NA,NA,NA,NA,NA,,Could not find information at the species level,NA,NA,NA,NA,NA,NA,NA,,
Megophrys platyparietus,1,Amphibians,Megophrys,LC,2022,NA,NA,NA,NA,NA,NA,,Could not find information at the species level,NA,NA,NA,NA,NA,NA,NA,,
Meles leucurus,1,Mammals,Meles,LC,2016,NA,NA,NA,NA,NA,NA,NA,NA,NA,13000,NA,NA,NA,NA,specialist,,
Melogale moschata,1,Mammals,Melogale,LC,2024,NA,NA,NA,NA,NA,NA,NA,NA,NA,805.25,NA,NA,NA,NA,generalist,,
Melogale personata,1,Mammals,Melogale,LC,2016,NA,NA,NA,NA,NA,NA,NA,NA,NA,1702.5,NA,NA,NA,NA,generalist,,
Menetes berdmorei,1,Mammals,Menetes,LC,2016,NA,NA,NA,NA,NA,NA,NA,NA,NA,190,NA,NA,NA,NA,specialist,,
Meroles squamulosus,1,Reptiles,Meroles,LC,2021,NA,NA,NA,NA,NA,NA,NA,NA,NA,NA,Carnivorous,"Arthropods (mostly termites, Pianka 1986)",specialist,11.5,NA,,
Mertensophryne micranotis,1,Amphibians,Mertensophryne,LC,2013,NA,NA,NA,NA,NA,NA,"""thrived on a diet of small white ants, termites and aphids""","""thrived on a diet of small white ants, termites and aphids"" Grandison AG, Ashe S. The distribution, behavioural ecology and breeding strategy of the pygmy toad, Mertensophryne micranotis(Lov.). Bulletin of the British Museum(Natural History). Zoology. London. 1983;45(2):85-93.",NA,NA,NA,NA,NA,NA,NA,,
Mertensophryne taitana,1,Amphibians,Mertensophryne,LC,2013,NA,NA,NA,NA,NA,NA,,Could not find any diet information. https://www.amphibians.org/wp-content/uploads/sites/3/2018/12/bioseries12-amphibians-taita-english.pdf,NA,NA,NA,NA,NA,NA,NA,,
Mesechinus dauuricus,1,Mammals,Mesechinus,LC,2016,NA,NA,NA,NA,NA,NA,NA,NA,NA,342,NA,NA,NA,NA,generalist,,
Mesoplodon densirostris,1,Mammals,Mesoplodon,LC,2020,NA,NA,NA,NA,NA,NA,NA,NA,NA,2300000,NA,NA,NA,NA,specialist,,
Mesoplodon eueu,1,Mammals,Mesoplodon,DD,2022,NA,NA,NA,NA,NA,NA,NA,NA,NA,NA,NA,NA,NA,NA,NA,,
Mesoplodon grayi,1,Mammals,Mesoplodon,LC,2020,NA,NA,NA,NA,NA,NA,NA,NA,NA,2900000,NA,NA,NA,NA,specialist,,
Mesoplodon layardii,1,Mammals,Mesoplodon,LC,2020,NA,NA,NA,NA,NA,NA,NA,NA,NA,1500000,NA,NA,NA,NA,specialist,,
Microakodontomys transitorius,1,Mammals,Microakodontomys,EN,2018,NA,NA,NA,NA,NA,NA,NA,NA,NA,47.71,NA,NA,NA,NA,generalist,,
Microcavia australis,1,Mammals,Microcavia,LC,2016,NA,NA,NA,NA,NA,NA,NA,NA,NA,286.1,NA,NA,NA,NA,specialist,,
Microhyla butleri,1,Amphibians,Microhyla,LC,2022,NA,NA,NA,NA,1,NA,specialist,"""The most important prey items for M. butleri and
M. heymonsi were ants (Formicidae; IRI = 43.25% for M. butleri ... and termites (Rhinotermitidae; IRI = 35.73% for M. butleri)."" (Pham et al. 2022). ""results of this study support the conclusion that members of the genus Micrhyla are ant-specialists"" (Norval et al. 2014)",NA,NA,NA,NA,NA,NA,NA,,
Microhyla fissipes,1,Amphibians,Microhyla,LC,2022,NA,NA,NA,NA,1,NA,specialist," ""results of this study support the conclusion that members of the genus Microhyla are ant-specialists"" (Norval et al. 2014)",NA,NA,NA,NA,NA,NA,NA,,
Micromys minutus,1,Mammals,Micromys,LC,2019,NA,NA,NA,NA,NA,NA,NA,NA,NA,6,NA,NA,NA,NA,generalist,,
Micronycteris megalotis,1,Mammals,Micronycteris,LC,2015,NA,NA,NA,NA,NA,NA,NA,NA,NA,6.11,NA,NA,NA,NA,specialist,,
Micronycteris minuta,1,Mammals,Micronycteris,LC,2015,NA,NA,NA,NA,NA,NA,NA,NA,NA,6.5,NA,NA,NA,NA,specialist,,
Micrurus altirostris,1,Reptiles,Micrurus,LC,2019,NA,NA,NA,NA,NA,NA,NA,NA,NA,NA,NA,NA,NA,483.4,NA,,
Mimon bennettii,1,Mammals,Mimon,LC,2019,NA,NA,NA,NA,NA,NA,NA,NA,NA,25.2,NA,NA,NA,NA,generalist,,
Miniopterus magnater,1,Mammals,Miniopterus,LC,2021,NA,NA,NA,NA,NA,NA,NA,NA,NA,14.07,NA,NA,NA,NA,specialist,,
Miniopterus pusillus,1,Mammals,Miniopterus,LC,2021,NA,NA,NA,NA,NA,NA,NA,NA,NA,8.61,NA,NA,NA,NA,specialist,,
Mirounga leonina,1,Mammals,Mirounga,LC,2015,NA,NA,NA,NA,NA,NA,NA,NA,NA,1600000,NA,NA,NA,NA,specialist,,
Mixophyes carbinensis,1,Amphibians,Mixophyes,LC,2022,NA,NA,NA,NA,NA,NA,NA,,NA,NA,NA,NA,NA,NA,NA,,
Mixophyes carbinensis,1,Amphibians,Mixophyes,LC,2022,NA,NA,NA,NA,NA,NA,NA,,NA,NA,NA,NA,NA,NA,NA,,
Mixophyes coggeri,1,Amphibians,Mixophyes,LC,2022,NA,NA,NA,NA,NA,NA,NA,,NA,NA,NA,NA,NA,NA,NA,,
Mixophyes fasciolatus,1,Amphibians,Mixophyes,LC,2022,NA,NA,NA,NA,NA,NA,generalist,"""The dietary samples for the three Mixophyes species suggest that there was no particular dietary specialization. This is in keeping with the limited available information on Australian frogs which indicates that most species are dietary generalists and that larger species have varied and broad diets (Barker et al. 1995; Tyler 1994)."" (Lemchert & Shoulder 2007)",46.5,NA,NA,NA,NA,NA,NA,,
Mixophyes fleayi,1,Amphibians,Mixophyes,EN,2023,NA,NA,NA,NA,NA,NA,NA,but probably generalist?,38.5,NA,NA,NA,NA,NA,NA,,
Mixophyes fleayi,1,Amphibians,Mixophyes,EN,2023,NA,NA,NA,NA,NA,NA,Duplicated,,38.5,NA,NA,NA,NA,NA,NA,,
Mixophyes iteratus,1,Amphibians,Mixophyes,VU,2023,NA,NA,NA,NA,NA,NA,generalist,"""These observations suggest that M. iteratus are opportunistic, ambush predators with a broad diet"" (Madani 2021)",51.2,NA,NA,NA,NA,NA,NA,,
Mixophyes iteratus,1,Amphibians,Mixophyes,VU,2023,NA,NA,NA,NA,NA,NA,Duplicated,,51.2,NA,NA,NA,NA,NA,NA,,
Mixophyes schevilli,1,Amphibians,Mixophyes,LC,2022,NA,NA,NA,NA,NA,NA,NA,,31.85,NA,NA,NA,NA,NA,NA,,
Mochlus sundevallii,1,Reptiles,Mochlus,LC,2021,NA,NA,NA,NA,NA,NA,NA,NA,NA,NA,Carnivorous,"Invertebrates (e.g., Pienaar 1966, Jacobsen 1982),Ablepharus wahlbergi (Loveridge 1920), insects (Branch 2014)",generalist,NA,NA,,
Molossops temminckii,1,Mammals,Molossops,LC,2015,NA,NA,NA,NA,NA,NA,NA,NA,NA,5.9,NA,NA,NA,NA,specialist,,
Molossus currentium,1,Mammals,Molossus,LC,2016,NA,NA,NA,NA,NA,NA,NA,NA,NA,17.79,NA,NA,NA,NA,specialist,,
Molossus molossus,1,Mammals,Molossus,LC,2015,NA,NA,NA,NA,NA,NA,NA,NA,NA,13.58,NA,NA,NA,NA,specialist,,
Molossus rufus,1,Mammals,Molossus,LC,2015,NA,NA,NA,NA,NA,NA,NA,NA,NA,25,NA,NA,NA,NA,specialist,,
Molossus rufus,1,Mammals,Molossus,LC,2015,NA,NA,NA,NA,NA,NA,NA,NA,NA,25,NA,NA,NA,NA,specialist,,
Monodelphis americana,1,Mammals,Monodelphis,LC,2021,NA,NA,NA,NA,NA,NA,NA,NA,NA,19.5,NA,NA,NA,NA,generalist,,
Monodelphis dimidiata,1,Mammals,Monodelphis,LC,2016,NA,NA,NA,NA,NA,NA,NA,NA,NA,58,NA,NA,NA,NA,generalist,,
Monodelphis domestica,1,Mammals,Monodelphis,LC,2021,NA,NA,NA,NA,NA,NA,NA,NA,NA,71.4,NA,NA,NA,NA,generalist,,
Monodelphis kunsi,1,Mammals,Monodelphis,LC,2015,NA,NA,NA,NA,NA,NA,NA,NA,NA,11.3,NA,NA,NA,NA,generalist,,
Monopeltis infuscata,1,Reptiles,Monopeltis,LC,2020,NA,NA,NA,NA,NA,NA,NA,NA,NA,NA,NA,NA,NA,31.4,NA,,
Muntiacus reevesi,1,Mammals,Muntiacus,LC,2016,NA,NA,NA,NA,NA,NA,NA,NA,NA,13500,NA,NA,NA,NA,specialist,,
Muntiacus rooseveltorum,1,Mammals,Muntiacus,DD,2016,NA,NA,NA,NA,NA,NA,NA,NA,NA,10762.64,NA,NA,NA,NA,specialist,,
Muntiacus truongsonensis,1,Mammals,Muntiacus,DD,2016,NA,NA,NA,NA,NA,NA,NA,NA,NA,19506.63,NA,NA,NA,NA,specialist,,
Muntiacus vaginalis,1,Mammals,Muntiacus,LC,2016,NA,NA,NA,NA,NA,NA,NA,NA,NA,NA,NA,NA,NA,NA,NA,,
Muntiacus vuquangensis,1,Mammals,Muntiacus,CR,2016,NA,NA,NA,NA,NA,NA,NA,NA,NA,36690.82,NA,NA,NA,NA,specialist,,
Murina annamitica,1,Mammals,Murina,LC,2020,NA,NA,NA,NA,NA,NA,NA,NA,NA,NA,NA,NA,NA,NA,NA,,
Murina aurata,1,Mammals,Murina,DD,2020,NA,NA,NA,NA,NA,NA,NA,NA,NA,5.74,NA,NA,NA,NA,specialist,,
Murina cyclotis,1,Mammals,Murina,LC,2020,NA,NA,NA,NA,NA,NA,NA,NA,NA,9.28,NA,NA,NA,NA,specialist,,
Murina feae,1,Mammals,Murina,LC,2020,NA,NA,NA,NA,NA,NA,NA,NA,NA,NA,NA,NA,NA,NA,NA,,
Murina fionae,1,Mammals,Murina,LC,2020,NA,NA,NA,NA,NA,NA,NA,NA,NA,NA,NA,NA,NA,NA,NA,,
Murina leucogaster,1,Mammals,Murina,LC,2016,NA,NA,NA,NA,NA,NA,NA,NA,NA,7.55,NA,NA,NA,NA,specialist,,
Mus caroli,1,Mammals,Mus,LC,2016,NA,NA,NA,NA,NA,NA,NA,NA,NA,11.25,NA,NA,NA,NA,specialist,,
Mus cookii,1,Mammals,Mus,LC,2016,NA,NA,NA,NA,NA,NA,NA,NA,NA,20.47,NA,NA,NA,NA,specialist,,
Mus musculus,1,Mammals,Mus,LC,2021,NA,NA,NA,NA,NA,NA,NA,NA,NA,16.25,NA,NA,NA,NA,specialist,,
Mus pahari,1,Mammals,Mus,LC,2016,NA,NA,NA,NA,NA,NA,NA,NA,NA,25.73,NA,NA,NA,NA,specialist,,
Mustela eversmanii,1,Mammals,Mustela,LC,2016,NA,NA,NA,NA,NA,NA,NA,NA,NA,1684.21,NA,NA,NA,NA,specialist,,
Mustela kathiah,1,Mammals,Mustela,LC,2024,NA,NA,NA,NA,NA,NA,NA,NA,NA,208.08,NA,NA,NA,NA,specialist,,
Mustela sibirica,1,Mammals,Mustela,LC,2024,NA,NA,NA,NA,NA,NA,NA,NA,NA,405,NA,NA,NA,NA,specialist,,
Mustela strigidorsa,1,Mammals,Mustela,LC,2024,NA,NA,NA,NA,NA,NA,NA,NA,NA,1500,NA,NA,NA,NA,specialist,,
Myersiella microps,1,Amphibians,Myersiella,LC,2023,NA,NA,NA,NA,1,NA,generalist,"wikipedia says ants, from original article: ""The stomach of the allotype contains a number of ants and some plant debris; that of the Oximinspecimen, termites; those of the Demerara Falls and New River specimens, well digested remains of numerous small ants; that of the Itapiranga specimen, a small spider."" (Nelson & Lescure 1975)",NA,NA,NA,NA,NA,NA,NA,,
Myersiella microps,1,Amphibians,Myersiella,LC,2023,NA,NA,NA,NA,1,NA,Duplicated,,NA,NA,NA,NA,NA,NA,NA,,
Myocastor coypus,1,Mammals,Myocastor,LC,2016,NA,NA,NA,NA,NA,NA,NA,NA,NA,6937.45,NA,NA,NA,NA,specialist,,
Myospalax psilurus,1,Mammals,Myospalax,LC,2016,NA,NA,NA,NA,NA,NA,NA,NA,NA,259.21,NA,NA,NA,NA,specialist,,
Myotis albescens,1,Mammals,Myotis,LC,2016,NA,NA,NA,NA,NA,NA,NA,NA,NA,5.3,NA,NA,NA,NA,specialist,,
Myotis annectans,1,Mammals,Myotis,LC,2020,NA,NA,NA,NA,NA,NA,NA,NA,NA,9.8,NA,NA,NA,NA,specialist,,
Myotis chiloensis,1,Mammals,Myotis,LC,2016,NA,NA,NA,NA,NA,NA,NA,NA,NA,6.75,NA,NA,NA,NA,specialist,,
Myotis chinensis,1,Mammals,Myotis,LC,2019,NA,NA,NA,NA,NA,NA,NA,NA,NA,42,NA,NA,NA,NA,specialist,,
Myotis davidii,1,Mammals,Myotis,LC,2019,NA,NA,NA,NA,NA,NA,NA,NA,NA,7.74,NA,NA,NA,NA,specialist,,
Myotis dinellii,1,Mammals,Myotis,LC,2016,NA,NA,NA,NA,NA,NA,NA,NA,NA,NA,NA,NA,NA,NA,NA,,
Myotis fimbriatus,1,Mammals,Myotis,LC,2019,NA,NA,NA,NA,NA,NA,NA,NA,NA,7.74,NA,NA,NA,NA,specialist,,
Myotis horsfieldii,1,Mammals,Myotis,LC,2019,NA,NA,NA,NA,NA,NA,NA,NA,NA,6.26,NA,NA,NA,NA,specialist,,
Myotis indochinensis,1,Mammals,Myotis,DD,2019,NA,NA,NA,NA,NA,NA,NA,NA,NA,NA,NA,NA,NA,NA,NA,,
Myotis laniger,1,Mammals,Myotis,LC,2019,NA,NA,NA,NA,NA,NA,NA,NA,NA,7.74,NA,NA,NA,NA,specialist,,
Myotis levis,1,Mammals,Myotis,LC,2016,NA,NA,NA,NA,NA,NA,NA,NA,NA,5.5,NA,NA,NA,NA,specialist,,
Myotis muricola,1,Mammals,Myotis,LC,2019,NA,NA,NA,NA,NA,NA,NA,NA,NA,4.09,NA,NA,NA,NA,specialist,,
Myotis nigricans,1,Mammals,Myotis,LC,2019,NA,NA,NA,NA,NA,NA,NA,NA,NA,4.24,NA,NA,NA,NA,specialist,,
Myotis pequinius,1,Mammals,Myotis,LC,2019,NA,NA,NA,NA,NA,NA,NA,NA,NA,9.52,NA,NA,NA,NA,specialist,,
Myotis pilosus,1,Mammals,Myotis,VU,2019,NA,NA,NA,NA,NA,NA,NA,NA,NA,NA,NA,NA,NA,NA,NA,,
Myotis pilosus,1,Mammals,Myotis,VU,2019,NA,NA,NA,NA,NA,NA,NA,NA,NA,NA,NA,NA,NA,NA,NA,,
Myotis riparius,1,Mammals,Myotis,LC,2016,NA,NA,NA,NA,NA,NA,NA,NA,NA,5.55,NA,NA,NA,NA,specialist,,
Myotis rosseti,1,Mammals,Myotis,LC,2020,NA,NA,NA,NA,NA,NA,NA,NA,NA,3.29,NA,NA,NA,NA,specialist,,
Myotis ruber,1,Mammals,Myotis,NT,2019,NA,NA,NA,NA,NA,NA,NA,NA,NA,5,NA,NA,NA,NA,specialist,,
Myotis siligorensis,1,Mammals,Myotis,LC,2021,NA,NA,NA,NA,NA,NA,NA,NA,NA,2.7,NA,NA,NA,NA,specialist,,
Myriopholis longicauda,1,Reptiles,Myriopholis,LC,2021,NA,NA,NA,NA,NA,NA,NA,NA,NA,NA,NA,NA,NA,3.9,NA,,
Myrmecophaga tridactyla,1,Mammals,Myrmecophaga,VU,2025,NA,NA,NA,NA,NA,NA,NA,NA,NA,22333.15,NA,NA,NA,NA,specialist,,
Naja annulifera,1,Reptiles,Naja,LC,2021,NA,NA,NA,NA,NA,NA,NA,NA,NA,NA,NA,NA,NA,1557.4,NA,,
Naja mossambica,1,Reptiles,Naja,LC,2022,NA,NA,NA,NA,NA,NA,NA,NA,NA,NA,NA,NA,NA,669.7,NA,,
Nanorana yunnanensis,1,Amphibians,Nanorana,VU,2023,NA,NA,NA,NA,NA,NA,generalist,"includes coleoptera, insect larvae, mollusca, lepidoptera (Pham & Nguyen 2018) (article is in Thai? but abstract was translated)",NA,NA,NA,NA,NA,NA,NA,,
Nasua nasua,1,Mammals,Nasua,LC,2016,NA,NA,NA,NA,NA,NA,NA,NA,NA,3793.85,NA,NA,NA,NA,specialist,,
Natriciteres olivacea,1,Reptiles,Natriciteres,LC,2021,NA,NA,NA,NA,NA,NA,NA,NA,NA,NA,NA,NA,NA,37.1,NA,,
Necromys benefactus,1,Mammals,Necromys,LC,2016,NA,NA,NA,NA,NA,NA,NA,NA,NA,38,NA,NA,NA,NA,specialist,,
Necromys lasiurus,1,Mammals,Necromys,LC,2016,NA,NA,NA,NA,NA,NA,NA,NA,NA,39.93,NA,NA,NA,NA,specialist,,
Necromys obscurus,1,Mammals,Necromys,LC,2019,NA,NA,NA,NA,NA,NA,NA,NA,NA,40.69,NA,NA,NA,NA,specialist,,
Nectophrynoides asperginis,0,Amphibians,Nectophrynoides,EW,2015,NA,NA,NA,NA,NA,NA,generalist,"""spray toads are generalist feeders, with a total of 18 arthropod orders and probably hundreds of species represented in their diet"" (Channing et al. 2006)",NA,NA,NA,NA,NA,NA,NA,,
Necturus beyeri,1,Amphibians,Necturus,LC,2023,NA,NA,NA,NA,1,1,?,"seem to specialize in foraging on leaf litter beds. ""Adults (5-7 years of age) fed on larger prey, primarily mayfly larvae (Stenonema sp.) and caddisfly larvae. The most common caddisflies in the adult diet were Agarodes libalis, Molanna tryphena and Pycnopsyche  sp."" ""the decreased occurrence of N. beyeri in leaf litter beds during warmer months is due to the low availability of their invertebrate prey (primarily aquatic insects). We believe that N. beyeri burrow into sediments below leaf litter beds, where they estivate or perhaps utilize other prey, during this time (summer and early fall)"" (Bart et al. 1985)",NA,NA,NA,NA,NA,NA,NA,,
Neoeptesicus brasiliensis,1,Mammals,Neoeptesicus,LC,2016,NA,NA,NA,NA,NA,NA,NA,NA,NA,NA,NA,NA,NA,NA,NA,,
Neoeptesicus diminutus,1,Mammals,Neoeptesicus,LC,2016,NA,NA,NA,NA,NA,NA,NA,NA,NA,NA,NA,NA,NA,NA,NA,,
Neoeptesicus furinalis,1,Mammals,Neoeptesicus,LC,2016,NA,NA,NA,NA,NA,NA,NA,NA,NA,NA,NA,NA,NA,NA,NA,,
Neofelis nebulosa,1,Mammals,Neofelis,VU,2021,NA,NA,NA,NA,NA,NA,NA,NA,NA,19675.75,NA,NA,NA,NA,specialist,,
Neophocaena asiaeorientalis,1,Mammals,Neophocaena,EN,2017,NA,NA,NA,NA,NA,NA,NA,NA,NA,NA,NA,NA,NA,NA,NA,,
Nidirana pleuraden,1,Amphibians,Nidirana,LC,2020,NA,NA,NA,NA,NA,NA,,,NA,NA,NA,NA,NA,NA,NA,,
Ningaui ridei,1,Mammals,Ningaui,LC,2016,NA,NA,NA,NA,NA,NA,NA,NA,NA,8.5,NA,NA,NA,NA,specialist,,
Ningaui timealeyi,1,Mammals,Ningaui,LC,2016,NA,NA,NA,NA,NA,NA,NA,NA,NA,5.7,NA,NA,NA,NA,specialist,,
Niviventer confucianus,1,Mammals,Niviventer,LC,2016,NA,NA,NA,NA,NA,NA,NA,NA,NA,65,NA,NA,NA,NA,generalist,,
Niviventer fulvescens,1,Mammals,Niviventer,LC,2016,NA,NA,NA,NA,NA,NA,NA,NA,NA,82.55,NA,NA,NA,NA,generalist,,
Niviventer langbianis,1,Mammals,Niviventer,LC,2016,NA,NA,NA,NA,NA,NA,NA,NA,NA,69.8,NA,NA,NA,NA,generalist,,
Niviventer tenaster,1,Mammals,Niviventer,LC,2016,NA,NA,NA,NA,NA,NA,NA,NA,NA,103,NA,NA,NA,NA,generalist,,
Noctilio albiventris,1,Mammals,Noctilio,LC,2015,NA,NA,NA,NA,NA,NA,NA,NA,NA,30.85,NA,NA,NA,NA,specialist,,
Noctilio leporinus,1,Mammals,Noctilio,LC,2015,NA,NA,NA,NA,NA,NA,NA,NA,NA,58.32,NA,NA,NA,NA,specialist,,
Nomascus gabriellae,1,Mammals,Nomascus,EN,2020,NA,NA,NA,NA,NA,NA,NA,NA,NA,6850.16,NA,NA,NA,NA,specialist,,
Nomascus siki,1,Mammals,Nomascus,CR,2020,NA,NA,NA,NA,NA,NA,NA,NA,NA,6850.16,NA,NA,NA,NA,specialist,,
Notiomys edwardsii,1,Mammals,Notiomys,LC,2016,NA,NA,NA,NA,NA,NA,NA,NA,NA,21.3,NA,NA,NA,NA,specialist,,
Notomys alexis,1,Mammals,Notomys,LC,2016,NA,NA,NA,NA,NA,NA,NA,NA,NA,35,NA,NA,NA,NA,generalist,,
Notomys mitchellii,1,Mammals,Notomys,LC,2016,NA,NA,NA,NA,NA,NA,NA,NA,NA,52,NA,NA,NA,NA,generalist,,
Notophthalmus viridescens,1,Amphibians,Notophthalmus,LC,2022,NA,NA,NA,NA,1,1,,,3.9,NA,NA,NA,NA,NA,NA,,
Notoryctes caurinus,1,Mammals,Notoryctes,LC,2016,NA,NA,NA,NA,NA,NA,NA,NA,NA,34,NA,NA,NA,NA,specialist,,
Notoryctes typhlops,1,Mammals,Notoryctes,LC,2016,NA,NA,NA,NA,NA,NA,NA,NA,NA,55,NA,NA,NA,NA,specialist,,
Nototriton abscondens,1,Amphibians,Nototriton,LC,2020,NA,NA,NA,NA,NA,NA,,,NA,NA,NA,NA,NA,NA,NA,,
Nototriton gamezi,1,Amphibians,Nototriton,LC,2020,NA,NA,NA,NA,NA,NA,,,NA,NA,NA,NA,NA,NA,NA,,
Nototriton major,1,Amphibians,Nototriton,EN,2020,NA,NA,NA,NA,NA,NA,,,NA,NA,NA,NA,NA,NA,NA,,
Nototriton picadoi,1,Amphibians,Nototriton,LC,2020,NA,NA,NA,NA,NA,NA,,,NA,NA,NA,NA,NA,NA,NA,,
Nototriton richardi,1,Amphibians,Nototriton,LC,2020,NA,NA,NA,NA,NA,NA,,,NA,NA,NA,NA,NA,NA,NA,,
Nototriton tapanti,1,Amphibians,Nototriton,LC,2020,NA,NA,NA,NA,NA,NA,,,NA,NA,NA,NA,NA,NA,NA,,
Nucras holubi,1,Reptiles,Nucras,LC,2021,NA,NA,NA,NA,NA,NA,NA,NA,NA,NA,Carnivorous,"Arthropods (Edwards etAl. 2013, Edwards 2013)",generalist,3.2,NA,,
Nucras intertexta,1,Reptiles,Nucras,LC,2021,NA,NA,NA,NA,NA,NA,NA,NA,NA,NA,Carnivorous,"Arthropods (se van der Meer etAl. 2010, Edwards etAl. 2013, Edwards 2013)And lizards",generalist,19.1,NA,,
Nucras lalandii,1,Reptiles,Nucras,LC,2022,NA,NA,NA,NA,NA,NA,NA,NA,NA,NA,Carnivorous,"arthropods (van der Meer etAl. 2010, Edwards 2013), insects (Branch 2016)",generalist,38.9,NA,,
Nucras ornata,1,Reptiles,Nucras,LC,2021,NA,NA,NA,NA,NA,NA,NA,NA,NA,NA,Carnivorous,"Arthropods (van der Meer etAl. 2010, Loveridge 1953, Edwards 2013)",generalist,30.9,NA,,
Nyctalus plancyi,1,Mammals,Nyctalus,LC,2020,NA,NA,NA,NA,NA,NA,NA,NA,NA,26.44,NA,NA,NA,NA,specialist,,
Nyctereutes procyonoides,1,Mammals,Nyctereutes,LC,2016,NA,NA,NA,NA,NA,NA,NA,NA,NA,4040,NA,NA,NA,NA,generalist,,
Nycticebus bengalensis,1,Mammals,Nycticebus,EN,2020,NA,NA,NA,NA,NA,NA,NA,NA,NA,1137.36,NA,NA,NA,NA,generalist,,
Nyctimantis bokermanni,1,Amphibians,Nyctimantis,LC,2023,NA,NA,NA,NA,NA,NA,,,NA,NA,NA,NA,NA,NA,NA,,
Nyctinomops aurispinosus,1,Mammals,Nyctinomops,LC,2019,NA,NA,NA,NA,NA,NA,NA,NA,NA,17.95,NA,NA,NA,NA,specialist,,
Nyctinomops laticaudatus,1,Mammals,Nyctinomops,LC,2015,NA,NA,NA,NA,NA,NA,NA,NA,NA,12.22,NA,NA,NA,NA,specialist,,
Nyctinomops laticaudatus,1,Mammals,Nyctinomops,LC,2015,NA,NA,NA,NA,NA,NA,NA,NA,NA,12.22,NA,NA,NA,NA,specialist,,
Nyctinomops macrotis,1,Mammals,Nyctinomops,LC,2015,NA,NA,NA,NA,NA,NA,NA,NA,NA,18.4,NA,NA,NA,NA,specialist,,
Nyctophilus geoffroyi,1,Mammals,Nyctophilus,LC,2021,NA,NA,NA,NA,NA,NA,NA,NA,NA,7.28,NA,NA,NA,NA,specialist,,
Nyctophilus major,1,Mammals,Nyctophilus,LC,2020,NA,NA,NA,NA,NA,NA,NA,NA,NA,NA,NA,NA,NA,NA,NA,,
Octodon bridgesi,1,Mammals,Octodon,VU,2016,NA,NA,NA,NA,NA,NA,NA,NA,NA,150,NA,NA,NA,NA,specialist,,
Odontophrynus americanus,1,Amphibians,Odontophrynus,LC,2023,NA,NA,NA,NA,NA,NA,,,NA,NA,NA,NA,NA,NA,NA,,
Odorrana grahami,1,Amphibians,Odorrana,VU,2022,NA,NA,NA,NA,NA,NA,,,52.7,NA,NA,NA,NA,NA,NA,,
Odorrana yunnanensis,1,Amphibians,Odorrana,LC,2022,NA,NA,NA,NA,NA,NA,,,NA,NA,NA,NA,NA,NA,NA,,
Oecomys bicolor,1,Mammals,Oecomys,LC,2016,NA,NA,NA,NA,NA,NA,NA,NA,NA,34,NA,NA,NA,NA,specialist,,
Oecomys catherinae,1,Mammals,Oecomys,LC,2016,NA,NA,NA,NA,NA,NA,NA,NA,NA,67.41,NA,NA,NA,NA,specialist,,
Oecomys cleberi,1,Mammals,Oecomys,DD,2019,NA,NA,NA,NA,NA,NA,NA,NA,NA,73.4,NA,NA,NA,NA,specialist,,
Oedipina altura,1,Amphibians,Oedipina,DD,2020,NA,NA,NA,NA,NA,NA,,,NA,NA,NA,NA,NA,NA,NA,,
Oedipina collaris,1,Amphibians,Oedipina,DD,2020,NA,NA,NA,NA,NA,NA,,,NA,NA,NA,NA,NA,NA,NA,,
Oedipina cyclocauda,1,Amphibians,Oedipina,NT,2020,NA,NA,NA,NA,NA,NA,,,NA,NA,NA,NA,NA,NA,NA,,
Oedipina fortunensis,1,Amphibians,Oedipina,EN,2020,NA,NA,NA,NA,NA,NA,,,NA,NA,NA,NA,NA,NA,NA,,
Oedipina gracilis,1,Amphibians,Oedipina,EN,2020,NA,NA,NA,NA,NA,NA,,,NA,NA,NA,NA,NA,NA,NA,,
Oedipina grandis,1,Amphibians,Oedipina,EN,2020,NA,NA,NA,NA,NA,NA,,,NA,NA,NA,NA,NA,NA,NA,,
Oedipina poelzi,1,Amphibians,Oedipina,EN,2020,NA,NA,NA,NA,NA,NA,,,NA,NA,NA,NA,NA,NA,NA,,
Oedipina savagei,1,Amphibians,Oedipina,VU,2020,NA,NA,NA,NA,NA,NA,,,NA,NA,NA,NA,NA,NA,NA,,
Oedipina uniformis,1,Amphibians,Oedipina,LC,2020,NA,NA,NA,NA,NA,NA,,,NA,NA,NA,NA,NA,NA,NA,,
Oedipina uniformis,1,Amphibians,Oedipina,LC,2020,NA,NA,NA,NA,NA,NA,,,NA,NA,NA,NA,NA,NA,NA,,
Oligoryzomys delticola,1,Mammals,Oligoryzomys,LC,2016,NA,NA,NA,NA,NA,NA,NA,NA,NA,29.4,NA,NA,NA,NA,generalist,,
Oligoryzomys eliurus,1,Mammals,Oligoryzomys,LC,2016,NA,NA,NA,NA,NA,NA,NA,NA,NA,30,NA,NA,NA,NA,generalist,,
Oligoryzomys flavescens,1,Mammals,Oligoryzomys,LC,2016,NA,NA,NA,NA,NA,NA,NA,NA,NA,21.3,NA,NA,NA,NA,generalist,,
Oligoryzomys fornesi,1,Mammals,Oligoryzomys,LC,2016,NA,NA,NA,NA,NA,NA,NA,NA,NA,23.96,NA,NA,NA,NA,generalist,,
Oligoryzomys longicaudatus,1,Mammals,Oligoryzomys,LC,2016,NA,NA,NA,NA,NA,NA,NA,NA,NA,27,NA,NA,NA,NA,generalist,,
Oligoryzomys magellanicus,1,Mammals,Oligoryzomys,LC,2016,NA,NA,NA,NA,NA,NA,NA,NA,NA,25.2,NA,NA,NA,NA,generalist,,
Oligoryzomys nigripes,1,Mammals,Oligoryzomys,LC,2016,NA,NA,NA,NA,NA,NA,NA,NA,NA,20.5,NA,NA,NA,NA,generalist,,
Oligoryzomys rupestris,1,Mammals,Oligoryzomys,DD,2019,NA,NA,NA,NA,NA,NA,NA,NA,NA,NA,NA,NA,NA,NA,NA,,
Ololygon argyreornata,1,Amphibians,Ololygon,LC,2023,NA,NA,NA,NA,NA,NA,,,NA,NA,NA,NA,NA,NA,NA,,
Ololygon berthae,1,Amphibians,Ololygon,LC,2023,NA,NA,NA,NA,NA,NA,,,NA,NA,NA,NA,NA,NA,NA,,
Ololygon brieni,1,Amphibians,Ololygon,LC,2023,NA,NA,NA,NA,NA,NA,,,NA,NA,NA,NA,NA,NA,NA,,
Ololygon catharinae,1,Amphibians,Ololygon,LC,2023,NA,NA,NA,NA,NA,NA,,,NA,NA,NA,NA,NA,NA,NA,,
Ololygon flavoguttata,1,Amphibians,Ololygon,LC,2023,NA,NA,NA,NA,NA,NA,,,NA,NA,NA,NA,NA,NA,NA,,
Ololygon hiemalis,1,Amphibians,Ololygon,LC,2023,NA,NA,NA,NA,NA,NA,,,NA,NA,NA,NA,NA,NA,NA,,
Ololygon humilis,1,Amphibians,Ololygon,LC,2023,NA,NA,NA,NA,NA,NA,,,NA,NA,NA,NA,NA,NA,NA,,
Ololygon littoralis,1,Amphibians,Ololygon,LC,2023,NA,NA,NA,NA,NA,NA,,,NA,NA,NA,NA,NA,NA,NA,,
Ololygon obtriangulata,1,Amphibians,Ololygon,LC,2023,NA,NA,NA,NA,NA,NA,,,NA,NA,NA,NA,NA,NA,NA,,
Ololygon obtriangulata,1,Amphibians,Ololygon,LC,2023,NA,NA,NA,NA,NA,NA,,,NA,NA,NA,NA,NA,NA,NA,,
Ololygon perpusilla,1,Amphibians,Ololygon,LC,2023,NA,NA,NA,NA,NA,NA,,,NA,NA,NA,NA,NA,NA,NA,,
Ololygon perpusilla,1,Amphibians,Ololygon,LC,2023,NA,NA,NA,NA,NA,NA,,,NA,NA,NA,NA,NA,NA,NA,,
Ololygon rizibilis,1,Amphibians,Ololygon,LC,2023,NA,NA,NA,NA,NA,NA,,,NA,NA,NA,NA,NA,NA,NA,,
Ololygon trapicheiroi,1,Amphibians,Ololygon,LC,2023,NA,NA,NA,NA,NA,NA,,,NA,NA,NA,NA,NA,NA,NA,,
Ondatra zibethicus,1,Mammals,Ondatra,LC,2016,NA,NA,NA,NA,NA,NA,NA,NA,NA,1065.75,NA,NA,NA,NA,specialist,,
Oophaga pumilio,1,Amphibians,Oophaga,LC,2015,NA,NA,NA,NA,1,NA,,,NA,NA,NA,NA,NA,NA,NA,,
Oophaga speciosa,0,Amphibians,Oophaga,EX,2020,NA,NA,NA,NA,1,NA,,,NA,NA,NA,NA,NA,NA,NA,,
Ophiodes striatus,1,Reptiles,Ophiodes,LC,2019,NA,NA,NA,NA,NA,NA,NA,NA,NA,NA,Carnivorous,"arthropods (Carreira etAl. 2005, Travassos etAl. 2015),ArthropodsAnd reptiles (BarrosAnd Teixeira 2007)/ invertebratesAnd reptiles (Montechiaro etAl. 2011),AraneaeAnd Orthoptera (CaccialiAnd Scott 2015)",generalist,102.3,NA,,
Ophiodes vertebralis,1,Reptiles,Ophiodes,LC,2021,NA,NA,NA,NA,NA,NA,NA,NA,NA,NA,Omnivorous,"Omnivorous (ArthropodsAnd vegetable matter,And conspecifics, Cei 1993) /Arthropods (Carreira etAl. 2005)",generalist,33.9,NA,,
Orcinus orca,1,Mammals,Orcinus,DD,2017,NA,NA,NA,NA,NA,NA,NA,NA,NA,4300000,NA,NA,NA,NA,specialist,,
Osphranter robustus,1,Mammals,Osphranter,LC,2019,NA,NA,NA,NA,NA,NA,NA,NA,NA,NA,NA,NA,NA,NA,NA,,
Osphranter rufus,1,Mammals,Osphranter,LC,2016,NA,NA,NA,NA,NA,NA,NA,NA,NA,NA,NA,NA,NA,NA,NA,,
Otaria byronia,1,Mammals,Otaria,LC,2016,NA,NA,NA,NA,NA,NA,NA,NA,NA,NA,NA,NA,NA,NA,NA,,
Oxymycterus josei,1,Mammals,Oxymycterus,NT,2019,NA,NA,NA,NA,NA,NA,NA,NA,NA,60.57,NA,NA,NA,NA,specialist,,
Oxymycterus nasutus,1,Mammals,Oxymycterus,LC,2016,NA,NA,NA,NA,NA,NA,NA,NA,NA,68,NA,NA,NA,NA,specialist,,
Oxymycterus roberti,1,Mammals,Oxymycterus,LC,2016,NA,NA,NA,NA,NA,NA,NA,NA,NA,83.4,NA,NA,NA,NA,specialist,,
Oxymycterus rufus,1,Mammals,Oxymycterus,LC,2016,NA,NA,NA,NA,NA,NA,NA,NA,NA,75.4,NA,NA,NA,NA,specialist,,
Oxyrhopus rhombifer,1,Reptiles,Oxyrhopus,LC,2019,NA,NA,NA,NA,NA,NA,NA,NA,NA,NA,NA,NA,NA,129.1,NA,,
Ozimops lumsdenae,1,Mammals,Ozimops,LC,2021,NA,NA,NA,NA,NA,NA,NA,NA,NA,NA,NA,NA,NA,NA,NA,,
Ozimops petersi,1,Mammals,Ozimops,LC,2021,NA,NA,NA,NA,NA,NA,NA,NA,NA,NA,NA,NA,NA,NA,NA,,
Ozimops planiceps,1,Mammals,Ozimops,LC,2021,NA,NA,NA,NA,NA,NA,NA,NA,NA,NA,NA,NA,NA,NA,NA,,
Ozotoceros bezoarticus,1,Mammals,Ozotoceros,NT,2016,NA,NA,NA,NA,NA,NA,NA,NA,NA,40000,NA,NA,NA,NA,specialist,,
Pachydactylus affinis,1,Reptiles,Pachydactylus,LC,2022,NA,NA,NA,NA,NA,NA,NA,NA,NA,NA,NA,NA,NA,6.6,NA,,
Pachydactylus capensis,1,Reptiles,Pachydactylus,LC,2021,NA,NA,NA,NA,NA,NA,NA,NA,NA,NA,Carnivorous,"ArthropodsAnd 6% vertebrates (Pianka 1986), insects (Branch 2016)",generalist,6.6,NA,,
Pachydactylus punctatus,1,Reptiles,Pachydactylus,LC,2021,NA,NA,NA,NA,NA,NA,NA,NA,NA,NA,Carnivorous,Insects,generalist,1.7,NA,,
Pachydactylus vansoni,1,Reptiles,Pachydactylus,LC,2018,NA,NA,NA,NA,NA,NA,NA,NA,NA,NA,NA,NA,NA,4.5,NA,,
Paguma larvata,1,Mammals,Paguma,LC,2024,NA,NA,NA,NA,NA,NA,NA,NA,NA,4300,NA,NA,NA,NA,specialist,,
Panaspis wahlbergii,1,Reptiles,Panaspis,LC,2021,NA,NA,NA,NA,NA,NA,NA,NA,NA,NA,Carnivorous,"Arthropods (insects, Branch 2014, mainly termites: Broadley 2008)",specialist,5.1,NA,,
Panaspis wahlbergii,1,Reptiles,Panaspis,LC,2021,NA,NA,NA,NA,NA,NA,NA,NA,NA,NA,Carnivorous,"Arthropods (insects, Branch 2014, mainly termites: Broadley 2008)",specialist,5.1,NA,,
Panthera pardus,1,Mammals,Panthera,VU,2025,NA,NA,NA,NA,NA,NA,NA,NA,NA,52038.22,NA,NA,NA,NA,specialist,,
Panthera tigris,1,Mammals,Panthera,EN,2022,NA,NA,NA,NA,NA,NA,NA,NA,NA,162564,NA,NA,NA,NA,specialist,,
Papurana daemeli,1,Amphibians,Papurana,LC,2022,NA,NA,NA,NA,NA,NA,,,NA,NA,NA,NA,NA,NA,NA,,
Paradoxurus hermaphroditus,1,Mammals,Paradoxurus,LC,2024,NA,NA,NA,NA,NA,NA,NA,NA,NA,3156.66,NA,NA,NA,NA,generalist,,
Paraphimophis rusticus,1,Reptiles,Paraphimophis,LC,2019,NA,NA,NA,NA,NA,NA,NA,NA,NA,NA,NA,NA,NA,1406.8,NA,,
Paratelmatobius cardosoi,1,Amphibians,Paratelmatobius,LC,2023,NA,NA,NA,NA,NA,NA,,,NA,NA,NA,NA,NA,NA,NA,,
Paratelmatobius poecilogaster,1,Amphibians,Paratelmatobius,LC,2023,NA,NA,NA,NA,NA,NA,,,NA,NA,NA,NA,NA,NA,NA,,
Pardofelis marmorata,1,Mammals,Pardofelis,NT,2016,NA,NA,NA,NA,NA,NA,NA,NA,NA,2854.25,NA,NA,NA,NA,specialist,,
Pecari tajacu,1,Mammals,Pecari,LC,2011,NA,NA,NA,NA,NA,NA,NA,NA,NA,21266.69,NA,NA,NA,NA,specialist,,
Pedioplanis lineoocellata,1,Reptiles,Pedioplanis,LC,2021,NA,NA,NA,NA,NA,NA,NA,NA,NA,NA,Carnivorous,Arthropods (insects Branch 2016),generalist,7.1,NA,,
Pelomedusa galeata,1,Reptiles,Pelomedusa,LC,2018,NA,NA,NA,NA,NA,NA,NA,NA,NA,NA,NA,NA,NA,NA,NA,,
Peropteryx macrotis,1,Mammals,Peropteryx,LC,2015,NA,NA,NA,NA,NA,NA,NA,NA,NA,5.42,NA,NA,NA,NA,specialist,,
Petaurista elegans,1,Mammals,Petaurista,LC,2016,NA,NA,NA,NA,NA,NA,NA,NA,NA,997,NA,NA,NA,NA,generalist,,
Petaurista philippensis,1,Mammals,Petaurista,LC,2016,NA,NA,NA,NA,NA,NA,NA,NA,NA,1676,NA,NA,NA,NA,generalist,,
Petrogale lateralis,1,Mammals,Petrogale,VU,2016,NA,NA,NA,NA,NA,NA,NA,NA,NA,4625,NA,NA,NA,NA,specialist,,
Phantasmarana massarti,1,Amphibians,Phantasmarana,EN,2023,NA,NA,NA,NA,NA,NA,,,NA,NA,NA,NA,NA,NA,NA,,
Phasmahyla cochranae,1,Amphibians,Phasmahyla,LC,2023,NA,NA,NA,NA,NA,NA,,,NA,NA,NA,NA,NA,NA,NA,,
Phasmahyla cochranae,1,Amphibians,Phasmahyla,LC,2023,NA,NA,NA,NA,NA,NA,,,NA,NA,NA,NA,NA,NA,NA,,
Philodryas aestiva,1,Reptiles,Philodryas,LC,2019,NA,NA,NA,NA,NA,NA,NA,NA,NA,NA,NA,NA,NA,168.7,NA,,
Philodryas agassizii,1,Reptiles,Philodryas,LC,2021,NA,NA,NA,NA,NA,NA,NA,NA,NA,NA,Carnivorous,"Invertebrates, reptiles",generalist,29.1,NA,,
Philothamnus hoplogaster,1,Reptiles,Philothamnus,LC,2021,NA,NA,NA,NA,NA,NA,NA,NA,NA,NA,Carnivorous,"Amphibians, fishes. KB: ""Philothamnus angolensis and P._hoplogaster are the only dietary specialists feeding almost exclusively on anurans (97%) relative to lizards"" (Engelbrecht et al. 2025)",specialist,105.7,NA,,
Philothamnus hoplogaster,1,Reptiles,Philothamnus,LC,2021,NA,NA,NA,NA,NA,NA,NA,NA,NA,NA,Carnivorous,"Amphibians, fishes",specialist,105.7,NA,,
Philothamnus natalensis,1,Reptiles,Philothamnus,LC,2021,NA,NA,NA,NA,NA,NA,NA,NA,NA,NA,Carnivorous,"Amphibians, reptiles",generalist,228.2,NA,,
Philothamnus natalensis,1,Reptiles,Philothamnus,LC,2021,NA,NA,NA,NA,NA,NA,NA,NA,NA,NA,Carnivorous,"Amphibians, reptiles",generalist,228.2,NA,,
Philothamnus occidentalis,1,Reptiles,Philothamnus,LC,2022,NA,NA,NA,NA,NA,NA,NA,NA,NA,NA,NA,NA,NA,208.9,NA,,
Philothamnus semivariegatus,1,Reptiles,Philothamnus,LC,2021,NA,NA,NA,NA,NA,NA,NA,NA,NA,NA,Carnivorous,"Amphibians, reptiles",generalist,228.2,NA,,
Phocoena dioptrica,1,Mammals,Phocoena,LC,2018,NA,NA,NA,NA,NA,NA,NA,NA,NA,65000,NA,NA,NA,NA,specialist,,
Phocoena spinipinnis,1,Mammals,Phocoena,NT,2018,NA,NA,NA,NA,NA,NA,NA,NA,NA,60000,NA,NA,NA,NA,specialist,,
Phoniscus jagorii,1,Mammals,Phoniscus,LC,2019,NA,NA,NA,NA,NA,NA,NA,NA,NA,4.7,NA,NA,NA,NA,specialist,,
Phrynobatrachus acridoides,1,Amphibians,Phrynobatrachus,LC,2013,NA,NA,NA,NA,NA,NA,,,NA,NA,NA,NA,NA,NA,NA,,
Phrynobatrachus mababiensis,1,Amphibians,Phrynobatrachus,LC,2014,NA,NA,NA,NA,NA,NA,,,NA,NA,NA,NA,NA,NA,NA,,
Phrynobatrachus natalensis,1,Amphibians,Phrynobatrachus,LC,2013,NA,NA,NA,NA,NA,NA,generalist,"""He also had 26 termites, 20 ants, and one caterpillar in 10 specimens of Phrynobatrachus natalensis"" - https://www.tandfonline.com/doi/pdf/10.1080/21564574.2006.9635546?casa_token=NGg7dzIm5S0AAAAA:GwCN6sQxsE7_ybjubU3zm2DFi0guo88R_sCHHmIXBcP5SStIdFfV1azhjVdL67-Te_DGy5MnWq9Z",NA,NA,NA,NA,NA,NA,NA,,
Phrynomantis bifasciatus,1,Amphibians,Phrynomantis,LC,2013,NA,NA,NA,NA,1,NA,generalist,"""Ants and possibly termites form a large part of the diet in this genus (Passmore and Carruthers, 2005)."" from https://amphibiaweb.org/species/2084 , but this is a book and the best citation is probably ""Passmore, N. I., & Carruthers, V. C. (1979). South African Frogs: A Complete Guide. Witwatersrand University Press."" https://books.google.com/books/about/South_African_Frogs.html?id=_0FIAQAAIAAJ&utm",NA,NA,NA,NA,NA,NA,NA,,
Phrynomedusa appendiculata,1,Amphibians,Phrynomedusa,CR,2023,NA,NA,NA,NA,NA,NA,,can't find,NA,NA,NA,NA,NA,NA,NA,,
Phrynomedusa dryade,1,Amphibians,Phrynomedusa,LC,2023,NA,NA,NA,NA,NA,NA,,can't find,NA,NA,NA,NA,NA,NA,NA,,
Phrynomedusa fimbriata,0,Amphibians,Phrynomedusa,EX,2023,NA,NA,NA,NA,NA,NA,,can't find,NA,NA,NA,NA,NA,NA,NA,,
Phyllobates lugubris,1,Amphibians,Phyllobates,LC,2015,NA,NA,NA,NA,1,NA,specialist,primarily ants (doi.org/10.1111/j.1469-7998.1996.tb05487.x),NA,NA,NA,NA,NA,NA,NA,,
Phylloderma stenops,1,Mammals,Phylloderma,LC,2015,NA,NA,NA,NA,NA,NA,NA,NA,NA,53.68,NA,NA,NA,NA,specialist,,
Phyllomedusa burmeisteri,1,Amphibians,Phyllomedusa,LC,2023,NA,NA,NA,NA,NA,NA,generalist,https://doi.org/10.11606/issn.2316-9079.v1i2p93-95,NA,NA,NA,NA,NA,NA,NA,,
Phyllomedusa distincta,1,Amphibians,Phyllomedusa,LC,2023,NA,NA,NA,NA,NA,NA,,can't find,NA,NA,NA,NA,NA,NA,NA,,
Phyllomedusa trinitatis,1,Amphibians,Phyllomedusa,LC,2020,NA,NA,NA,NA,NA,NA,generalist,"""It feeds primarily on invertebrates such as field crickets"" https://sta.uwi.edu/fst/lifesciences/sites/default/files/lifesciences/documents/ogatt/Phyllomedusa_trinitatis%20-%20Leaf-nesting%20Frog.pdf",90,NA,NA,NA,NA,NA,NA,,
Phyllomys dasythrix,1,Mammals,Phyllomys,LC,2016,NA,NA,NA,NA,NA,NA,NA,NA,NA,260,NA,NA,NA,NA,specialist,,
Phyllostomus discolor,1,Mammals,Phyllostomus,LC,2015,NA,NA,NA,NA,NA,NA,NA,NA,NA,34.13,NA,NA,NA,NA,generalist,,
Phyllostomus elongatus,1,Mammals,Phyllostomus,LC,2015,NA,NA,NA,NA,NA,NA,NA,NA,NA,40.43,NA,NA,NA,NA,specialist,,
Phyllostomus hastatus,1,Mammals,Phyllostomus,LC,2015,NA,NA,NA,NA,NA,NA,NA,NA,NA,87.21,NA,NA,NA,NA,specialist,,
Phyllotis bonariensis,1,Mammals,Phyllotis,NT,2019,NA,NA,NA,NA,NA,NA,NA,NA,NA,42.5,NA,NA,NA,NA,specialist,,
Phyllotis xanthopygus,1,Mammals,Phyllotis,LC,2016,NA,NA,NA,NA,NA,NA,NA,NA,NA,56.3,NA,NA,NA,NA,specialist,,
Physalaemus atlanticus,1,Amphibians,Physalaemus,LC,2023,NA,NA,NA,NA,NA,NA,,can't find,NA,NA,NA,NA,NA,NA,NA,,
Physalaemus bokermanni,1,Amphibians,Physalaemus,LC,2023,NA,NA,NA,NA,NA,NA,,can't find,NA,NA,NA,NA,NA,NA,NA,,
Physalaemus cuvieri,1,Amphibians,Physalaemus,LC,2023,NA,NA,NA,NA,1,NA,generalist,"""The diet of the species comprised preys of Arthropoda (PO=94%), belonging to Insecta and Arachnida (Table 1)"" and Table 1 includes multiple insects and arachnids https://www.researchgate.net/profile/Peterson-Leivas-2/publication/324263030_Diet_and_parasites_of_the_anuran_Physalaemus_cuvieri_Fitzinger_1826_Leiuperidae_from_an_Atlantic_Forest_fragment/links/5b9b923ca6fdccd3cb547a09/Diet-and-parasites-of-the-anuran-Physalaemus-cuvieri-Fitzinger-1826-Leiuperidae-from-an-Atlantic-Forest-fragment.pdf",4.7,NA,NA,NA,NA,NA,NA,,
Physalaemus insperatus,1,Amphibians,Physalaemus,DD,2023,NA,NA,NA,NA,NA,NA,,,NA,NA,NA,NA,NA,NA,NA,,
Physalaemus lateristriga,1,Amphibians,Physalaemus,LC,2023,NA,NA,NA,NA,NA,NA,,,NA,NA,NA,NA,NA,NA,NA,,
Physalaemus maculiventris,1,Amphibians,Physalaemus,LC,2023,NA,NA,NA,NA,NA,NA,,,NA,NA,NA,NA,NA,NA,NA,,
Physalaemus moreirae,1,Amphibians,Physalaemus,LC,2023,NA,NA,NA,NA,NA,NA,,,NA,NA,NA,NA,NA,NA,NA,,
Physalaemus nanus,1,Amphibians,Physalaemus,LC,2023,NA,NA,NA,NA,NA,NA,,,NA,NA,NA,NA,NA,NA,NA,,
Physalaemus olfersii,1,Amphibians,Physalaemus,LC,2023,NA,NA,NA,NA,NA,NA,,,3.8,NA,NA,NA,NA,NA,NA,,
Physalaemus olfersii,1,Amphibians,Physalaemus,LC,2023,NA,NA,NA,NA,NA,NA,,,3.8,NA,NA,NA,NA,NA,NA,,
Physeter macrocephalus,1,Mammals,Physeter,VU,2025,NA,NA,NA,NA,NA,NA,NA,NA,NA,NA,NA,NA,NA,NA,NA,,
Pipa parva,1,Amphibians,Pipa,LC,2020,NA,NA,NA,NA,NA,NA,,,NA,NA,NA,NA,NA,NA,NA,,
Pipistrellus abramus,1,Mammals,Pipistrellus,LC,2019,NA,NA,NA,NA,NA,NA,NA,NA,NA,5.87,NA,NA,NA,NA,specialist,,
Pipistrellus coromandra,1,Mammals,Pipistrellus,LC,2019,NA,NA,NA,NA,NA,NA,NA,NA,NA,4.6,NA,NA,NA,NA,specialist,,
Pipistrellus javanicus,1,Mammals,Pipistrellus,LC,2019,NA,NA,NA,NA,NA,NA,NA,NA,NA,5.29,NA,NA,NA,NA,specialist,,
Pipistrellus paterculus,1,Mammals,Pipistrellus,LC,2019,NA,NA,NA,NA,NA,NA,NA,NA,NA,5.6,NA,NA,NA,NA,specialist,,
Pithecopus rohdei,1,Amphibians,Pithecopus,LC,2023,NA,NA,NA,NA,NA,NA,,,NA,NA,NA,NA,NA,NA,NA,,
Planigale kendricki,1,Mammals,Planigale,LC,2025,NA,NA,NA,NA,NA,NA,NA,NA,NA,NA,NA,NA,NA,NA,NA,,
Platyplectrum ornatum,1,Amphibians,Platyplectrum,LC,2022,NA,NA,NA,NA,1,NA,,,5.48,NA,NA,NA,NA,NA,NA,,
Platyrrhinus helleri,1,Mammals,Platyrrhinus,LC,2016,NA,NA,NA,NA,NA,NA,NA,NA,NA,13.5,NA,NA,NA,NA,specialist,,
Platyrrhinus lineatus,1,Mammals,Platyrrhinus,LC,2015,NA,NA,NA,NA,NA,NA,NA,NA,NA,24.36,NA,NA,NA,NA,specialist,,
Platysaurus intermedius,1,Reptiles,Platysaurus,LC,2021,NA,NA,NA,NA,NA,NA,NA,NA,NA,NA,Carnivorous,"insects / 17% plants (CooperAnd Vitt 2002) /Almost no plants,And most of those ingestedAccidentally, prior studies problematic (Murray 2014)",generalist,67.6,NA,,
Plectrohyla calvata,1,Amphibians,Plectrohyla,CR,2020,NA,NA,NA,NA,NA,NA,,,NA,NA,NA,NA,NA,NA,NA,,
Plectrohyla glandulosa,1,Amphibians,Plectrohyla,CR,2020,NA,NA,NA,NA,NA,NA,,,NA,NA,NA,NA,NA,NA,NA,,
Plectrohyla guatemalensis,1,Amphibians,Plectrohyla,NT,2020,NA,NA,NA,NA,NA,NA,,,NA,NA,NA,NA,NA,NA,NA,,
Plectrohyla matudai,1,Amphibians,Plectrohyla,LC,2016,NA,NA,NA,NA,NA,NA,,,NA,NA,NA,NA,NA,NA,NA,,
Plectrohyla quecchi,1,Amphibians,Plectrohyla,EN,2020,NA,NA,NA,NA,NA,NA,,,NA,NA,NA,NA,NA,NA,NA,,
Plectrohyla teuchestes,1,Amphibians,Plectrohyla,CR,2020,NA,NA,NA,NA,NA,NA,,,NA,NA,NA,NA,NA,NA,NA,,
Plethodon ainsworthi,0,Amphibians,Plethodon,EX,2023,NA,NA,NA,NA,NA,NA,,,NA,NA,NA,NA,NA,NA,NA,,
Plethodon glutinosus,1,Amphibians,Plethodon,LC,2023,NA,NA,NA,NA,NA,NA,,,65,NA,NA,NA,NA,NA,NA,,
Pleurodema brachyops,1,Amphibians,Pleurodema,LC,2023,NA,NA,NA,NA,NA,NA,,,NA,NA,NA,NA,NA,NA,NA,,
Pontoporia blainvillei,1,Mammals,Pontoporia,VU,2017,NA,NA,NA,NA,NA,NA,NA,NA,NA,40500,NA,NA,NA,NA,specialist,,
Potos flavus,1,Mammals,Potos,LC,2016,NA,NA,NA,NA,NA,NA,NA,NA,NA,3000,NA,NA,NA,NA,specialist,,
Priodontes maximus,1,Mammals,Priodontes,VU,2025,NA,NA,NA,NA,NA,NA,NA,NA,NA,45359.68,NA,NA,NA,NA,specialist,,
Prionailurus bengalensis,1,Mammals,Prionailurus,LC,2023,NA,NA,NA,NA,NA,NA,NA,NA,NA,3300,NA,NA,NA,NA,specialist,,
Prionodon pardicolor,1,Mammals,Prionodon,LC,2024,NA,NA,NA,NA,NA,NA,NA,NA,NA,512,NA,NA,NA,NA,specialist,,
Pristimantis altae,1,Amphibians,Pristimantis,LC,2020,NA,NA,NA,NA,NA,NA,generalist,"Mebert K., González-Pinzón M., Miranda M., Griffith E., Vesely M., Schmid P.L., Batista A. (2022). A new rainfrog of the genus Pristimantis (Anura, Brachycephaloidea) from central and eastern Panama.” ZooKeys 1081: 1–34. ",NA,NA,NA,NA,NA,NA,NA,,
Pristimantis altae,1,Amphibians,Pristimantis,LC,2020,NA,NA,NA,NA,NA,NA,,duplicated,NA,NA,NA,NA,NA,NA,NA,,
Pristimantis caryophyllaceus,1,Amphibians,Pristimantis,LC,2020,NA,NA,NA,NA,NA,NA,generalist,"Mebert K., González-Pinzón M., Miranda M., Griffith E., Vesely M., Schmid P.L., Batista A. (2022). A new rainfrog of the genus Pristimantis (Anura, Brachycephaloidea) from central and eastern Panama.” ZooKeys 1081: 1–34. ",NA,NA,NA,NA,NA,NA,NA,,
Pristimantis cerasinus,1,Amphibians,Pristimantis,LC,2020,NA,NA,NA,NA,NA,NA,generalist,"Mebert K., González-Pinzón M., Miranda M., Griffith E., Vesely M., Schmid P.L., Batista A. (2022). A new rainfrog of the genus Pristimantis (Anura, Brachycephaloidea) from central and eastern Panama.” ZooKeys 1081: 1–34. ",NA,NA,NA,NA,NA,NA,NA,,
Pristimantis cruentus,1,Amphibians,Pristimantis,LC,2015,NA,NA,NA,NA,NA,NA,generalist,"Mebert K., González-Pinzón M., Miranda M., Griffith E., Vesely M., Schmid P.L., Batista A. (2022). A new rainfrog of the genus Pristimantis (Anura, Brachycephaloidea) from central and eastern Panama.” ZooKeys 1081: 1–34. ",NA,NA,NA,NA,NA,NA,NA,,
Pristimantis gaigei,1,Amphibians,Pristimantis,LC,2020,NA,NA,NA,NA,NA,NA,generalist,https://doi.org/10.1080/01650521.2025.2560961,NA,NA,NA,NA,NA,NA,NA,,
Pristimantis museosus,1,Amphibians,Pristimantis,VU,2020,NA,NA,NA,NA,NA,NA,generalist,"Mebert K., González-Pinzón M., Miranda M., Griffith E., Vesely M., Schmid P.L., Batista A. (2022). A new rainfrog of the genus Pristimantis (Anura, Brachycephaloidea) from central and eastern Panama.” ZooKeys 1081: 1–34. ",NA,NA,NA,NA,NA,NA,NA,,
Pristimantis pardalis,1,Amphibians,Pristimantis,LC,2020,NA,NA,NA,NA,NA,NA,generalist,"Mebert K., González-Pinzón M., Miranda M., Griffith E., Vesely M., Schmid P.L., Batista A. (2022). A new rainfrog of the genus Pristimantis (Anura, Brachycephaloidea) from central and eastern Panama.” ZooKeys 1081: 1–34. ",NA,NA,NA,NA,NA,NA,NA,,
Pristimantis ridens,1,Amphibians,Pristimantis,LC,2020,NA,NA,NA,NA,NA,NA,generalist,"Mebert K., González-Pinzón M., Miranda M., Griffith E., Vesely M., Schmid P.L., Batista A. (2022). A new rainfrog of the genus Pristimantis (Anura, Brachycephaloidea) from central and eastern Panama.” ZooKeys 1081: 1–34. ",NA,NA,NA,NA,NA,NA,NA,,
Probreviceps loveridgei,1,Amphibians,Probreviceps,EN,2013,NA,NA,NA,NA,NA,NA,?,,NA,NA,NA,NA,NA,NA,NA,,
Proceratophrys boiei,1,Amphibians,Proceratophrys,LC,2023,NA,NA,NA,NA,1,NA,generalist,"Giaretta, A. A., Araújo, M. S., Medeiros, H. F. D., & Facure, K. G. (1998). Food habits and ontogenetic diet shifts of the litter dwelling frog Proceratophrys boiei (Wied). Revista brasileira de zoologia, 15, 385-388.",9.5,NA,NA,NA,NA,NA,NA,,
Proceratophrys melanopogon,1,Amphibians,Proceratophrys,LC,2023,NA,NA,NA,NA,NA,NA,generalist,"likely category given dietary information for species in the same genus: Almeida-Santos, M., COSTA SIQUEIRA, C. A. R. L. A., ALVES ANJOS, L. U. C. I. A. N. O., Van Sluys, M., & Duarte Rocha, C. F. (2017). Ecological aspects of the horned leaf-frog Proceratophrys mantiqueira (Odontophrynidae) in an Atlantic Rainforest area of southeastern Brazil. Salamandra, 53(3).",NA,NA,NA,NA,NA,NA,NA,,
Proceratophrys pombali,1,Amphibians,Proceratophrys,LC,2023,NA,NA,NA,NA,NA,NA,generalist,"likely category given dietary information for species in the same genus: Almeida-Santos, M., COSTA SIQUEIRA, C. A. R. L. A., ALVES ANJOS, L. U. C. I. A. N. O., Van Sluys, M., & Duarte Rocha, C. F. (2017). Ecological aspects of the horned leaf-frog Proceratophrys mantiqueira (Odontophrynidae) in an Atlantic Rainforest area of southeastern Brazil. Salamandra, 53(3).",NA,NA,NA,NA,NA,NA,NA,,
Proceratophrys subguttata,1,Amphibians,Proceratophrys,LC,2023,NA,NA,NA,NA,NA,NA,generalist,"likely category given dietary information for species in the same genus: Almeida-Santos, M., COSTA SIQUEIRA, C. A. R. L. A., ALVES ANJOS, L. U. C. I. A. N. O., Van Sluys, M., & Duarte Rocha, C. F. (2017). Ecological aspects of the horned leaf-frog Proceratophrys mantiqueira (Odontophrynidae) in an Atlantic Rainforest area of southeastern Brazil. Salamandra, 53(3).",NA,NA,NA,NA,NA,NA,NA,,
Procyon cancrivorus,1,Mammals,Procyon,LC,2016,NA,NA,NA,NA,NA,NA,NA,NA,NA,6949.92,NA,NA,NA,NA,specialist,,
Proechimys longicaudatus,1,Mammals,Proechimys,LC,2016,NA,NA,NA,NA,NA,NA,NA,NA,NA,205,NA,NA,NA,NA,specialist,,
Proechimys roberti,1,Mammals,Proechimys,LC,2016,NA,NA,NA,NA,NA,NA,NA,NA,NA,284.99,NA,NA,NA,NA,specialist,,
Promops nasutus,1,Mammals,Promops,LC,2015,NA,NA,NA,NA,NA,NA,NA,NA,NA,15.2,NA,NA,NA,NA,specialist,,
Prosymna bivittata,1,Reptiles,Prosymna,LC,2020,NA,NA,NA,NA,NA,NA,NA,NA,NA,NA,NA,NA,NA,7.8,NA,,
Prosymna sundevalli,1,Reptiles,Prosymna,LC,2022,NA,NA,NA,NA,NA,NA,NA,NA,NA,NA,NA,NA,NA,8.4,NA,,
Psammophis angolensis,1,Reptiles,Psammophis,LC,2021,NA,NA,NA,NA,NA,NA,NA,NA,NA,NA,NA,NA,NA,21.3,NA,,
Psammophis brevirostris,1,Reptiles,Psammophis,LC,2021,NA,NA,NA,NA,NA,NA,NA,NA,NA,NA,NA,NA,NA,251.4,NA,,
Psammophis crucifer,1,Reptiles,Psammophis,LC,2022,NA,NA,NA,NA,NA,NA,NA,NA,NA,NA,NA,NA,NA,86.5,NA,,
Psammophis jallae,1,Reptiles,Psammophis,LC,2020,NA,NA,NA,NA,NA,NA,NA,NA,NA,NA,NA,NA,NA,251.4,NA,,
Psammophis leightoni,1,Reptiles,Psammophis,LC,2021,NA,NA,NA,NA,NA,NA,NA,NA,NA,NA,NA,NA,NA,150.3,NA,,
Psammophis mossambicus,1,Reptiles,Psammophis,LC,2021,NA,NA,NA,NA,NA,NA,NA,NA,NA,NA,NA,NA,NA,789.1,NA,,
Psammophis subtaeniatus,1,Reptiles,Psammophis,LC,2021,NA,NA,NA,NA,NA,NA,NA,NA,NA,NA,NA,NA,NA,388.4,NA,,
Psammophylax rhombeatus,1,Reptiles,Psammophylax,LC,2022,NA,NA,NA,NA,NA,NA,NA,NA,NA,NA,NA,NA,NA,388.4,NA,,
Psammophylax tritaeniatus,1,Reptiles,Psammophylax,LC,2021,NA,NA,NA,NA,NA,NA,NA,NA,NA,NA,NA,NA,NA,122.5,NA,,
Pseudacris crucifer,1,Amphibians,Pseudacris,LC,2022,NA,NA,NA,NA,NA,NA,generalist,https://animaldiversity.org/accounts/Pseudacris_crucifer/,4,NA,NA,NA,NA,NA,NA,,
Pseudacris fouquettei,1,Amphibians,Pseudacris,LC,2021,NA,NA,NA,NA,1,NA,?,,NA,NA,NA,NA,NA,NA,NA,,
Pseudacris hypochondriaca,1,Amphibians,Pseudacris,LC,2022,NA,NA,NA,NA,NA,NA,?,,NA,NA,NA,NA,NA,NA,NA,,
Pseudacris maculata,1,Amphibians,Pseudacris,LC,2022,NA,NA,NA,NA,1,NA,generalist,"Ouellet, M., Fortin, C., & Grimard, M. J. (2009). Distribution and habitat use of the boreal chorus frog (Pseudacris maculata) at its extreme northeastern range limit. Herpetological Conservation and Biology, 4(2), 277-284.",NA,NA,NA,NA,NA,NA,NA,,
Pseudantechinus macdonnellensis,1,Mammals,Pseudantechinus,LC,2016,NA,NA,NA,NA,NA,NA,NA,NA,NA,32.5,NA,NA,NA,NA,specialist,,
Pseudantechinus roryi,1,Mammals,Pseudantechinus,LC,2016,NA,NA,NA,NA,NA,NA,NA,NA,NA,25.06,NA,NA,NA,NA,specialist,,
Pseudantechinus woolleyae,1,Mammals,Pseudantechinus,LC,2016,NA,NA,NA,NA,NA,NA,NA,NA,NA,40,NA,NA,NA,NA,specialist,,
Pseudaspis cana,1,Reptiles,Pseudaspis,LC,2021,NA,NA,NA,NA,NA,NA,NA,NA,NA,NA,NA,NA,NA,1776.5,NA,,
Pseudocordylus transvaalensis,1,Reptiles,Pseudocordylus,LC,2022,NA,NA,NA,NA,NA,NA,NA,NA,NA,NA,NA,NA,NA,117.5,NA,,
Pseudoeurycea exspectata,0,Amphibians,Pseudoeurycea,EX,2020,NA,NA,NA,NA,NA,NA,?,,NA,NA,NA,NA,NA,NA,NA,,
Pseudomys bolami,1,Mammals,Pseudomys,LC,2016,NA,NA,NA,NA,NA,NA,NA,NA,NA,15.5,NA,NA,NA,NA,specialist,,
Pseudomys chapmani,1,Mammals,Pseudomys,LC,2016,NA,NA,NA,NA,NA,NA,NA,NA,NA,12,NA,NA,NA,NA,specialist,,
Pseudomys desertor,1,Mammals,Pseudomys,LC,2016,NA,NA,NA,NA,NA,NA,NA,NA,NA,25,NA,NA,NA,NA,specialist,,
Pseudomys gouldii,1,Mammals,Pseudomys,VU,2024,NA,NA,NA,NA,NA,NA,NA,NA,NA,50,NA,NA,NA,NA,specialist,,
Pseudomys hermannsburgensis,1,Mammals,Pseudomys,LC,2016,NA,NA,NA,NA,NA,NA,NA,NA,NA,12,NA,NA,NA,NA,specialist,,
Pseudopaludicola saltica,1,Amphibians,Pseudopaludicola,LC,2023,NA,NA,NA,NA,NA,NA,?,,NA,NA,NA,NA,NA,NA,NA,,
Pseudophryne covacevichae,1,Amphibians,Pseudophryne,EN,2022,NA,NA,NA,NA,NA,NA,generalist,"McDonald, K.R., E. Bolitho, A. Dennis, N. Simpson & J.W. Winter 2000. Recovery plan for the Magnificent Broodfrog Pseudophryne covacevichae 2000-2004. Unpublished report to Environment Australia, Canberra. [State Recovery Plan; Status=Final; Refereed=?]",NA,NA,NA,NA,NA,NA,NA,,
Pseudophryne major,1,Amphibians,Pseudophryne,LC,2022,NA,NA,NA,NA,NA,NA,?,,1.21,NA,NA,NA,NA,NA,NA,,
Pseudophryne raveni,1,Amphibians,Pseudophryne,LC,2022,NA,NA,NA,NA,NA,NA,?,,NA,NA,NA,NA,NA,NA,NA,,
Pseudorca crassidens,1,Mammals,Pseudorca,NT,2018,NA,NA,NA,NA,NA,NA,NA,NA,NA,1360000,NA,NA,NA,NA,specialist,,
Pseudoryzomys simplex,1,Mammals,Pseudoryzomys,LC,2016,NA,NA,NA,NA,NA,NA,NA,NA,NA,51.25,NA,NA,NA,NA,generalist,,
Pseudotriton ruber,1,Amphibians,Pseudotriton,LC,2022,NA,NA,NA,NA,NA,NA,generalist,"Petranka, J. W. (1998). Salamanders of the United States and Canada. Smithsonian Institution Press, Washington D.C. and London. ",NA,NA,NA,NA,NA,NA,NA,,
Psomophis obtusus,1,Reptiles,Psomophis,LC,2019,NA,NA,NA,NA,NA,NA,NA,NA,NA,NA,NA,NA,NA,22.9,NA,,
Pteropus vampyrus,1,Mammals,Pteropus,EN,2022,NA,NA,NA,NA,NA,NA,NA,NA,NA,935.88,NA,NA,NA,NA,specialist,,
Ptychadena anchietae,1,Amphibians,Ptychadena,LC,2016,NA,NA,NA,NA,1,NA,generalist,"Mbije, N. E., & Kamungu, A. (2021). Rainy season food availability for anurans of Kimboza forest reserve, Tanzania. Asian Journal of Biology, 12(4), 15-25.",5.6,NA,NA,NA,NA,NA,NA,,
Ptychadena mossambica,1,Amphibians,Ptychadena,LC,2013,NA,NA,NA,NA,NA,NA,generalist,"Kabanze, J. M. (2024). Evaluation of species diversity and ecological functions of the anuran species in Kingwal swamp, a highland wetland of Kenya. Journal of the Kenya National Commission for UNESCO, 4(2), 1-22.",NA,NA,NA,NA,NA,NA,NA,,
Ptychadena nilotica,1,Amphibians,Ptychadena,LC,2016,NA,NA,NA,NA,NA,NA,generalist,"Kabanze, J. M. (2024). Evaluation of species diversity and ecological functions of the anuran species in Kingwal swamp, a highland wetland of Kenya. Journal of the Kenya National Commission for UNESCO, 4(2), 1-22.",NA,NA,NA,NA,NA,NA,NA,,
Ptychadena oxyrhynchus,1,Amphibians,Ptychadena,LC,2016,NA,NA,NA,NA,1,NA,?,,NA,NA,NA,NA,NA,NA,NA,,
Ptychadena porosissima,1,Amphibians,Ptychadena,LC,2013,NA,NA,NA,NA,NA,NA,?,,NA,NA,NA,NA,NA,NA,NA,,
Ptychadena schillukorum,1,Amphibians,Ptychadena,LC,2013,NA,NA,NA,NA,1,NA,?,,NA,NA,NA,NA,NA,NA,NA,,
Ptychadena taenioscelis,1,Amphibians,Ptychadena,LC,2013,NA,NA,NA,NA,1,NA,?,,NA,NA,NA,NA,NA,NA,NA,,
Ptychadena uzungwensis,1,Amphibians,Ptychadena,LC,2013,NA,NA,NA,NA,1,1,?,,NA,NA,NA,NA,NA,NA,NA,,
Ptychohyla hypomykter,1,Amphibians,Ptychohyla,VU,2020,NA,NA,NA,NA,NA,NA,?,,NA,NA,NA,NA,NA,NA,NA,,
Pudu puda,1,Mammals,Pudu,NT,2016,NA,NA,NA,NA,NA,NA,NA,NA,NA,9749.9,NA,NA,NA,NA,specialist,,
Puma concolor,1,Mammals,Puma,LC,2015,NA,NA,NA,NA,NA,NA,NA,NA,NA,51600.04,NA,NA,NA,NA,specialist,,
Pygathrix nemaeus,1,Mammals,Pygathrix,CR,2020,NA,NA,NA,NA,NA,NA,NA,NA,NA,8310,NA,NA,NA,NA,specialist,,
Pygathrix nigripes,1,Mammals,Pygathrix,CR,2021,NA,NA,NA,NA,NA,NA,NA,NA,NA,10333.32,NA,NA,NA,NA,specialist,,
Python natalensis,1,Reptiles,Python,LC,2021,NA,NA,NA,NA,NA,NA,NA,NA,NA,NA,NA,NA,NA,63629.3,NA,,
Pyxicephalus edulis,1,Amphibians,Pyxicephalus,LC,2016,NA,NA,NA,NA,1,1,generalist,"Engelbrecht, D. (2015). Notes on the breeding behaviour and ecology of Edible Bullfrogs Pyxicephalus edulis Peters, 1854 in the Limpopo Province, South Africa. Herpetology Notes, 8, 365-369.",NA,NA,NA,NA,NA,NA,NA,,
Rana chaochiaoensis,1,Amphibians,Rana,LC,2020,NA,NA,NA,NA,NA,NA,generalist,"Li, Q., Xiong, Z., Lu, B., Pu, Y., Li, Y., Zhang, Y., & Duan, Y. (2022). Trophic niche differentiation between invasive and native frog species in urban wetlands of Kunming, China. Global Ecology and Conservation, 40, e02318.",NA,NA,NA,NA,NA,NA,NA,,
Rattus andamanensis,1,Mammals,Rattus,LC,2016,NA,NA,NA,NA,NA,NA,NA,NA,NA,149.96,NA,NA,NA,NA,generalist,,
Rattus argentiventer,1,Mammals,Rattus,LC,2016,NA,NA,NA,NA,NA,NA,NA,NA,NA,133.13,NA,NA,NA,NA,generalist,,
Rattus exulans,1,Mammals,Rattus,LC,2016,NA,NA,NA,NA,NA,NA,NA,NA,NA,47.31,NA,NA,NA,NA,generalist,,
Rattus nitidus,1,Mammals,Rattus,LC,2016,NA,NA,NA,NA,NA,NA,NA,NA,NA,133.5,NA,NA,NA,NA,generalist,,
Rattus norvegicus,1,Mammals,Rattus,LC,2016,NA,NA,NA,NA,NA,NA,NA,NA,NA,338.33,NA,NA,NA,NA,generalist,,
Rattus rattus,1,Mammals,Rattus,LC,2021,NA,NA,NA,NA,NA,NA,NA,NA,NA,229.13,NA,NA,NA,NA,generalist,,
Rattus tanezumi,1,Mammals,Rattus,LC,2016,NA,NA,NA,NA,NA,NA,NA,NA,NA,134,NA,NA,NA,NA,generalist,,
Rattus villosissimus,1,Mammals,Rattus,LC,2016,NA,NA,NA,NA,NA,NA,NA,NA,NA,134,NA,NA,NA,NA,generalist,,
Ratufa bicolor,1,Mammals,Ratufa,NT,2016,NA,NA,NA,NA,NA,NA,NA,NA,NA,2050,NA,NA,NA,NA,generalist,,
Reithrodon auritus,1,Mammals,Reithrodon,LC,2016,NA,NA,NA,NA,NA,NA,NA,NA,NA,70.85,NA,NA,NA,NA,specialist,,
Reithrodon typicus,1,Mammals,Reithrodon,LC,2016,NA,NA,NA,NA,NA,NA,NA,NA,NA,70.85,NA,NA,NA,NA,specialist,,
Rhaebo haematiticus,1,Amphibians,Rhaebo,LC,2020,NA,NA,NA,NA,1,NA,Specialist,"Mostly ants. GONZÁLEZ-HERNÁNDEZ, A. D. R. I. A. N. A., POZOS, Á. F. S., & BALDERAS-VALDIVIA, C. J. (2015). Predation of Rhaebo haematiticus (Anura: Bufonidae) by Leptodeira septentrionalis (Serpentes: Dipsadidae) in Costa Rica. System, 87, 767-779.",NA,NA,NA,NA,NA,NA,NA,,
Rheobatrachus silus,0,Amphibians,Rheobatrachus,EX,2022,NA,NA,NA,NA,1,NA,,,11.62,NA,NA,NA,NA,NA,NA,,
Rheobatrachus vitellinus,0,Amphibians,Rheobatrachus,EX,2022,NA,NA,NA,NA,NA,NA,generalist,"Winter, J. and McDonald, K. (1986). ''Eungella, the land of cloud.'' Australian Natural History, 22(1), 39-43. ",21.38,NA,NA,NA,NA,NA,NA,,
Rhinella beebei,1,Amphibians,Rhinella,LC,2023,NA,NA,NA,NA,NA,NA,,,NA,NA,NA,NA,NA,NA,NA,,
Rhinella crucifer,1,Amphibians,Rhinella,LC,2023,NA,NA,NA,NA,NA,NA,generalist,"Teixeira, R. L., & Ferreira, R. B. (2009). Feeding pattern and use of reproductive habitat of the Striped toad Rhinella crucifer, Anura: Bufonidae, from Southeastern Brazil. Acta herpetologica: 4, 2, 2009, 125-134.",NA,NA,NA,NA,NA,NA,NA,,
Rhinella diptycha,1,Amphibians,Rhinella,LC,2023,NA,NA,NA,NA,NA,NA,generalist,"Silva-Alves, V. D., Canale, G. R., da Costa, T. M., Muniz, C. C., dos Santos Filho, M., & Silva, D. J. (2020). Record of the crabs Poppiana argentiniana (Rathbun, 1905) and Valdivia camerani (Nobili, 1896) in the diet of Rhinella diptycha (Cope, 1862)(Anura: Bufonidae), in the Pantanal Mato-Grossense, Brazil. Herpetology Notes, 13, 309-312.",NA,NA,NA,NA,NA,NA,NA,,
Rhinella henseli,1,Amphibians,Rhinella,LC,2023,NA,NA,NA,NA,NA,NA,,,NA,NA,NA,NA,NA,NA,NA,,
Rhinella hoogmoedi,1,Amphibians,Rhinella,LC,2023,NA,NA,NA,NA,1,NA,generalist,"de Mattos Brito, L. B., Aguiar, F., Moura-Neto, C., Zucco, C. A., & Cascon, P. (2013). Diet, activity patterns, microhabitat use and defensive strategies of Rhinella hoogmoedi Caramaschi & Pombal, 2006 from a humid forest in northeast Brazil. The Herpetological Journal, 23(1), 29-37.",60,NA,NA,NA,NA,NA,NA,,
Rhinella horribilis,1,Amphibians,Rhinella,LC,2023,NA,NA,NA,NA,NA,NA,,,NA,NA,NA,NA,NA,NA,NA,,
Rhinella icterica,1,Amphibians,Rhinella,LC,2023,NA,NA,NA,NA,1,NA,,,120,NA,NA,NA,NA,NA,NA,,
Rhinella marina,1,Amphibians,Rhinella,LC,2023,NA,NA,NA,NA,1,1,generalist,"Schuman, M. J., Snyder, S. L., Smoak, C. H., & Schmid, J. R. (2023). Faunal Diet of Adult Cane Toads, Rhinella marina, in the Urban Landscape of Southwest Florida. Animals, 13(18), 2898.",106.25,NA,NA,NA,NA,NA,NA,,
Rhinella ornata,1,Amphibians,Rhinella,LC,2023,NA,NA,NA,NA,NA,NA,,,12.1,NA,NA,NA,NA,NA,NA,,
Rhinella sternosignata,1,Amphibians,Rhinella,LC,2020,NA,NA,NA,NA,NA,NA,,,NA,NA,NA,NA,NA,NA,NA,,
Rhinolophus acuminatus,1,Mammals,Rhinolophus,LC,2019,NA,NA,NA,NA,NA,NA,NA,NA,NA,12.13,NA,NA,NA,NA,specialist,,
Rhinolophus affinis,1,Mammals,Rhinolophus,LC,2020,NA,NA,NA,NA,NA,NA,NA,NA,NA,13.63,NA,NA,NA,NA,specialist,,
Rhinolophus ferrumequinum,1,Mammals,Rhinolophus,LC,2016,NA,NA,NA,NA,NA,NA,NA,NA,NA,21.06,NA,NA,NA,NA,specialist,,
Rhinolophus luctus,1,Mammals,Rhinolophus,LC,2019,NA,NA,NA,NA,NA,NA,NA,NA,NA,33.45,NA,NA,NA,NA,specialist,,
Rhinolophus macrotis,1,Mammals,Rhinolophus,LC,2019,NA,NA,NA,NA,NA,NA,NA,NA,NA,6.15,NA,NA,NA,NA,specialist,,
Rhinolophus malayanus,1,Mammals,Rhinolophus,LC,2019,NA,NA,NA,NA,NA,NA,NA,NA,NA,6.7,NA,NA,NA,NA,specialist,,
Rhinolophus marshalli,1,Mammals,Rhinolophus,LC,2019,NA,NA,NA,NA,NA,NA,NA,NA,NA,5.02,NA,NA,NA,NA,specialist,,
Rhinolophus microglobosus,1,Mammals,Rhinolophus,LC,2017,NA,NA,NA,NA,NA,NA,NA,NA,NA,NA,NA,NA,NA,NA,NA,,
Rhinolophus paradoxolophus,1,Mammals,Rhinolophus,LC,2008,NA,NA,NA,NA,NA,NA,NA,NA,NA,8.24,NA,NA,NA,NA,specialist,,
Rhinolophus pearsonii,1,Mammals,Rhinolophus,LC,2019,NA,NA,NA,NA,NA,NA,NA,NA,NA,11.55,NA,NA,NA,NA,specialist,,
Rhinolophus pusillus,1,Mammals,Rhinolophus,LC,2019,NA,NA,NA,NA,NA,NA,NA,NA,NA,5.15,NA,NA,NA,NA,specialist,,
Rhinolophus shameli,1,Mammals,Rhinolophus,LC,2020,NA,NA,NA,NA,NA,NA,NA,NA,NA,9.61,NA,NA,NA,NA,specialist,,
Rhinolophus siamensis,1,Mammals,Rhinolophus,LC,2019,NA,NA,NA,NA,NA,NA,NA,NA,NA,10.62,NA,NA,NA,NA,specialist,,
Rhinolophus sinicus,1,Mammals,Rhinolophus,LC,2019,NA,NA,NA,NA,NA,NA,NA,NA,NA,10.62,NA,NA,NA,NA,specialist,,
Rhinolophus thomasi,1,Mammals,Rhinolophus,LC,2019,NA,NA,NA,NA,NA,NA,NA,NA,NA,8.3,NA,NA,NA,NA,specialist,,
Rhinophrynus dorsalis,1,Amphibians,Rhinophrynus,LC,2020,NA,NA,NA,NA,1,NA,,,90,NA,NA,NA,NA,NA,NA,,
Rhinotyphlops lalandei,1,Reptiles,Rhinotyphlops,LC,2021,NA,NA,NA,NA,NA,NA,NA,NA,NA,NA,NA,NA,NA,24.2,NA,,
Rhipidomys macrurus,1,Mammals,Rhipidomys,LC,2016,NA,NA,NA,NA,NA,NA,NA,NA,NA,79.72,NA,NA,NA,NA,generalist,,
Rhizomys pruinosus,1,Mammals,Rhizomys,LC,2016,NA,NA,NA,NA,NA,NA,NA,NA,NA,2450,NA,NA,NA,NA,generalist,,
Rhizomys sumatrensis,1,Mammals,Rhizomys,LC,2016,NA,NA,NA,NA,NA,NA,NA,NA,NA,1625,NA,NA,NA,NA,generalist,,
Rhynchonycteris naso,1,Mammals,Rhynchonycteris,LC,2016,NA,NA,NA,NA,NA,NA,NA,NA,NA,3.83,NA,NA,NA,NA,specialist,,
Rousettus amplexicaudatus,1,Mammals,Rousettus,LC,2019,NA,NA,NA,NA,NA,NA,NA,NA,NA,82.47,NA,NA,NA,NA,specialist,,
Rousettus leschenaultii,1,Mammals,Rousettus,NT,2021,NA,NA,NA,NA,NA,NA,NA,NA,NA,84.88,NA,NA,NA,NA,specialist,,
Rusa unicolor,1,Mammals,Rusa,VU,2015,NA,NA,NA,NA,NA,NA,NA,NA,NA,177522.9,NA,NA,NA,NA,specialist,,
Saccolaimus flaviventris,1,Mammals,Saccolaimus,LC,2021,NA,NA,NA,NA,NA,NA,NA,NA,NA,42.13,NA,NA,NA,NA,specialist,,
Saccopteryx bilineata,1,Mammals,Saccopteryx,LC,2015,NA,NA,NA,NA,NA,NA,NA,NA,NA,7.8,NA,NA,NA,NA,specialist,,
Saccopteryx leptura,1,Mammals,Saccopteryx,LC,2015,NA,NA,NA,NA,NA,NA,NA,NA,NA,4.72,NA,NA,NA,NA,specialist,,
Sachatamia albomaculata,1,Amphibians,Sachatamia,LC,2020,NA,NA,NA,NA,1,NA,,,NA,NA,NA,NA,NA,NA,NA,,
Sachatamia ilex,1,Amphibians,Sachatamia,LC,2020,NA,NA,NA,NA,NA,NA,,,NA,NA,NA,NA,NA,NA,NA,,
Sapajus libidinosus,1,Mammals,Sapajus,NT,2021,NA,NA,NA,NA,NA,NA,NA,NA,NA,NA,NA,NA,NA,NA,NA,,
Scaphiopus holbrookii,1,Amphibians,Scaphiopus,LC,2022,NA,NA,NA,NA,1,NA,,,NA,NA,NA,NA,NA,NA,NA,,
Scapteromys aquaticus,1,Mammals,Scapteromys,LC,2016,NA,NA,NA,NA,NA,NA,NA,NA,NA,146,NA,NA,NA,NA,specialist,,
Scapteromys tumidus,1,Mammals,Scapteromys,LC,2017,NA,NA,NA,NA,NA,NA,NA,NA,NA,146,NA,NA,NA,NA,specialist,,
Scaptochirus moschatus,1,Mammals,Scaptochirus,LC,2016,NA,NA,NA,NA,NA,NA,NA,NA,NA,90.51,NA,NA,NA,NA,specialist,,
Scarthyla vigilans,1,Amphibians,Scarthyla,LC,2021,NA,NA,NA,NA,1,NA,,,NA,NA,NA,NA,NA,NA,NA,,
Scelotes guentheri,0,Reptiles,Scelotes,EX,2022,NA,NA,NA,NA,NA,NA,NA,NA,NA,NA,NA,NA,NA,5.5,NA,,
Scelotes inornatus,1,Reptiles,Scelotes,CR,2022,NA,NA,NA,NA,NA,NA,NA,NA,NA,NA,NA,NA,NA,1.9,NA,,
Scelotes mirus,1,Reptiles,Scelotes,LC,2022,NA,NA,NA,NA,NA,NA,NA,NA,NA,NA,NA,NA,NA,12.9,NA,,
Scelotes mossambicus,1,Reptiles,Scelotes,LC,2022,NA,NA,NA,NA,NA,NA,NA,NA,NA,NA,NA,NA,NA,2.7,NA,,
Schismaderma carens,1,Amphibians,Schismaderma,LC,2013,NA,NA,NA,NA,NA,NA,,,NA,NA,NA,NA,NA,NA,NA,,
Scinax boulengeri,1,Amphibians,Scinax,LC,2020,NA,NA,NA,NA,1,NA,,,4.5,NA,NA,NA,NA,NA,NA,,
Scinax crospedospilus,1,Amphibians,Scinax,LC,2023,NA,NA,NA,NA,NA,NA,,,NA,NA,NA,NA,NA,NA,NA,,
Scinax elaeochroa,1,Amphibians,Scinax,LC,2020,NA,NA,NA,NA,NA,NA,,,NA,NA,NA,NA,NA,NA,NA,,
Scinax fuscomarginatus,1,Amphibians,Scinax,LC,2023,NA,NA,NA,NA,NA,NA,,,0.7,NA,NA,NA,NA,NA,NA,,
Scinax fuscovarius,1,Amphibians,Scinax,LC,2023,NA,NA,NA,NA,1,NA,,,17.6,NA,NA,NA,NA,NA,NA,,
Scinax granulatus,1,Amphibians,Scinax,LC,2023,NA,NA,NA,NA,1,NA,,,NA,NA,NA,NA,NA,NA,NA,,
Scinax hayii,1,Amphibians,Scinax,LC,2023,NA,NA,NA,NA,NA,NA,,,NA,NA,NA,NA,NA,NA,NA,,
Scinax imbegue,1,Amphibians,Scinax,LC,2023,NA,NA,NA,NA,NA,NA,,,NA,NA,NA,NA,NA,NA,NA,,
Scinax nasicus,1,Amphibians,Scinax,LC,2023,NA,NA,NA,NA,NA,NA,,,1.8,NA,NA,NA,NA,NA,NA,,
Scinax perereca,1,Amphibians,Scinax,LC,2023,NA,NA,NA,NA,NA,NA,,,NA,NA,NA,NA,NA,NA,NA,,
Scinax rostratus,1,Amphibians,Scinax,LC,2023,NA,NA,NA,NA,1,NA,,,7.4,NA,NA,NA,NA,NA,NA,,
Scinax ruber,1,Amphibians,Scinax,LC,2023,NA,NA,NA,NA,1,NA,,,4.5,NA,NA,NA,NA,NA,NA,,
Scinax squalirostris,1,Amphibians,Scinax,LC,2023,NA,NA,NA,NA,NA,NA,,,NA,NA,NA,NA,NA,NA,NA,,
Scinax staufferi,1,Amphibians,Scinax,LC,2020,NA,NA,NA,NA,NA,NA,,,29,NA,NA,NA,NA,NA,NA,,
Scinax tymbamirim,1,Amphibians,Scinax,LC,2023,NA,NA,NA,NA,NA,NA,,,NA,NA,NA,NA,NA,NA,NA,,
Scinax x-signatus,1,Amphibians,Scinax,LC,2023,NA,NA,NA,NA,NA,NA,,,NA,NA,NA,NA,NA,NA,NA,,
Sciurus aestuans,1,Mammals,Sciurus,LC,2016,NA,NA,NA,NA,NA,NA,NA,NA,NA,185,NA,NA,NA,NA,specialist,,
Sciurus vulgaris,1,Mammals,Sciurus,LC,2023,NA,NA,NA,NA,NA,NA,NA,NA,NA,333,NA,NA,NA,NA,specialist,,
Sclerophrys gutturalis,1,Amphibians,Sclerophrys,LC,2016,NA,NA,NA,NA,NA,NA,,,NA,NA,NA,NA,NA,NA,NA,,
Sclerophrys pusilla,1,Amphibians,Sclerophrys,LC,2016,NA,NA,NA,NA,NA,NA,,,NA,NA,NA,NA,NA,NA,NA,,
Scotomanes ornatus,1,Mammals,Scotomanes,LC,2021,NA,NA,NA,NA,NA,NA,NA,NA,NA,21.8,NA,NA,NA,NA,specialist,,
Scotophilus heathii,1,Mammals,Scotophilus,LC,2019,NA,NA,NA,NA,NA,NA,NA,NA,NA,36.13,NA,NA,NA,NA,specialist,,
Scotophilus kuhlii,1,Mammals,Scotophilus,LC,2019,NA,NA,NA,NA,NA,NA,NA,NA,NA,20.73,NA,NA,NA,NA,specialist,,
Scotorepens balstoni,1,Mammals,Scotorepens,LC,2021,NA,NA,NA,NA,NA,NA,NA,NA,NA,11.92,NA,NA,NA,NA,specialist,,
Scotorepens greyii,1,Mammals,Scotorepens,LC,2021,NA,NA,NA,NA,NA,NA,NA,NA,NA,10,NA,NA,NA,NA,specialist,,
Scythrophrys sawayae,1,Amphibians,Scythrophrys,LC,2023,NA,NA,NA,NA,NA,NA,,,NA,NA,NA,NA,NA,NA,NA,,
Setirostris eleryi,1,Mammals,Setirostris,NT,2021,NA,NA,NA,NA,NA,NA,NA,NA,NA,NA,NA,NA,NA,NA,NA,,
Silverstoneia flotator,1,Amphibians,Silverstoneia,LC,2015,NA,NA,NA,NA,NA,NA,,,NA,NA,NA,NA,NA,NA,NA,,
Silverstoneia nubicola,1,Amphibians,Silverstoneia,VU,2020,NA,NA,NA,NA,NA,NA,,,NA,NA,NA,NA,NA,NA,NA,,
Siphonops annulatus,1,Amphibians,Siphonops,LC,2023,NA,NA,NA,NA,1,NA,,,NA,NA,NA,NA,NA,NA,NA,,
Siphonops hardyi,1,Amphibians,Siphonops,LC,2023,NA,NA,NA,NA,NA,NA,,,NA,NA,NA,NA,NA,NA,NA,,
Siphonops paulensis,1,Amphibians,Siphonops,LC,2023,NA,NA,NA,NA,NA,NA,,,NA,NA,NA,NA,NA,NA,NA,,
Siren intermedia,1,Amphibians,Siren,LC,2022,NA,NA,NA,NA,1,1,,,NA,NA,NA,NA,NA,NA,NA,,
Smaug depressus,1,Reptiles,Smaug,LC,2022,NA,NA,NA,NA,NA,NA,NA,NA,NA,NA,NA,NA,NA,53.7,NA,,
Smaug vandami,1,Reptiles,Smaug,LC,2022,NA,NA,NA,NA,NA,NA,NA,NA,NA,NA,Carnivorous,"carnivorous (Aaron Bauer, pers. comm. December 2013)",NA,102.3,NA,,
Smilisca baudinii,1,Amphibians,Smilisca,LC,2021,NA,NA,NA,NA,NA,NA,,,NA,NA,NA,NA,NA,NA,NA,,
Smilisca phaeota,1,Amphibians,Smilisca,LC,2020,NA,NA,NA,NA,1,NA,,,NA,NA,NA,NA,NA,NA,NA,,
Smilisca sila,1,Amphibians,Smilisca,LC,2020,NA,NA,NA,NA,NA,NA,,,NA,NA,NA,NA,NA,NA,NA,,
Smilisca sordida,1,Amphibians,Smilisca,LC,2020,NA,NA,NA,NA,NA,NA,,,NA,NA,NA,NA,NA,NA,NA,,
Sminthopsis crassicaudata,1,Mammals,Sminthopsis,LC,2016,NA,NA,NA,NA,NA,NA,NA,NA,NA,15,NA,NA,NA,NA,specialist,,
Sminthopsis hirtipes,1,Mammals,Sminthopsis,LC,2016,NA,NA,NA,NA,NA,NA,NA,NA,NA,15,NA,NA,NA,NA,specialist,,
Sminthopsis macroura,1,Mammals,Sminthopsis,LC,2016,NA,NA,NA,NA,NA,NA,NA,NA,NA,20,NA,NA,NA,NA,specialist,,
Sminthopsis ooldea,1,Mammals,Sminthopsis,LC,2016,NA,NA,NA,NA,NA,NA,NA,NA,NA,11,NA,NA,NA,NA,specialist,,
Sminthopsis youngsoni,1,Mammals,Sminthopsis,LC,2016,NA,NA,NA,NA,NA,NA,NA,NA,NA,10.1,NA,NA,NA,NA,specialist,,
Spea bombifrons,1,Amphibians,Spea,LC,2022,NA,NA,NA,NA,1,NA,,,NA,NA,NA,NA,NA,NA,NA,,
Spea intermontana,1,Amphibians,Spea,LC,2022,NA,NA,NA,NA,1,NA,,,NA,NA,NA,NA,NA,NA,NA,,
Spelaeophryne methneri,1,Amphibians,Spelaeophryne,LC,2013,NA,NA,NA,NA,1,NA,,,NA,NA,NA,NA,NA,NA,NA,,
Speothos venaticus,1,Mammals,Speothos,NT,2011,NA,NA,NA,NA,NA,NA,NA,NA,NA,5999.98,NA,NA,NA,NA,specialist,,
Spermophilus dauricus,1,Mammals,Spermophilus,LC,2016,NA,NA,NA,NA,NA,NA,NA,NA,NA,161.3,NA,NA,NA,NA,generalist,,
Sphaenorhynchus caramaschii,1,Amphibians,Sphaenorhynchus,LC,2023,NA,NA,NA,NA,NA,NA,,,NA,NA,NA,NA,NA,NA,NA,,
Sphaenorhynchus platycephalus,1,Amphibians,Sphaenorhynchus,LC,2023,NA,NA,NA,NA,NA,NA,,,NA,NA,NA,NA,NA,NA,NA,,
Sphaenorhynchus surdus,1,Amphibians,Sphaenorhynchus,LC,2023,NA,NA,NA,NA,NA,NA,,,NA,NA,NA,NA,NA,NA,NA,,
Stenella attenuata,1,Mammals,Stenella,LC,2018,NA,NA,NA,NA,NA,NA,NA,NA,NA,57400,NA,NA,NA,NA,specialist,,
Stenella coeruleoalba,1,Mammals,Stenella,LC,2019,NA,NA,NA,NA,NA,NA,NA,NA,NA,135900,NA,NA,NA,NA,specialist,,
Stenella frontalis,1,Mammals,Stenella,LC,2018,NA,NA,NA,NA,NA,NA,NA,NA,NA,110000,NA,NA,NA,NA,specialist,,
Stenella longirostris,1,Mammals,Stenella,LC,2018,NA,NA,NA,NA,NA,NA,NA,NA,NA,50500,NA,NA,NA,NA,specialist,,
Steno bredanensis,1,Mammals,Steno,LC,2019,NA,NA,NA,NA,NA,NA,NA,NA,NA,130000,NA,NA,NA,NA,specialist,,
Stigmochelys pardalis,1,Reptiles,Stigmochelys,LC,2022,NA,NA,NA,NA,NA,NA,NA,NA,NA,NA,Herbivorous,Plants,generalist,54839,NA,,
Strabomantis bufoniformis,1,Amphibians,Strabomantis,EN,2020,NA,NA,NA,NA,NA,NA,,,NA,NA,NA,NA,NA,NA,NA,,
Sturnira lilium,1,Mammals,Sturnira,LC,2017,NA,NA,NA,NA,NA,NA,NA,NA,NA,19.1,NA,NA,NA,NA,specialist,,
Sturnira tildae,1,Mammals,Sturnira,LC,2016,NA,NA,NA,NA,NA,NA,NA,NA,NA,24.04,NA,NA,NA,NA,specialist,,
Suncus etruscus,1,Mammals,Suncus,LC,2017,NA,NA,NA,NA,NA,NA,NA,NA,NA,2.13,NA,NA,NA,NA,specialist,,
Suncus murinus,1,Mammals,Suncus,LC,2016,NA,NA,NA,NA,NA,NA,NA,NA,NA,60.71,NA,NA,NA,NA,specialist,,
Sus bucculentus,0,Mammals,Sus,EX,2016,NA,NA,NA,NA,NA,NA,NA,NA,NA,81648.19,NA,NA,NA,NA,specialist,,
Sus scrofa,1,Mammals,Sus,LC,2019,NA,NA,NA,NA,NA,NA,NA,NA,NA,96118.09,NA,NA,NA,NA,specialist,,
Tachyglossus aculeatus,1,Mammals,Tachyglossus,LC,2016,NA,NA,NA,NA,NA,NA,NA,NA,NA,3025,NA,NA,NA,NA,specialist,,
Tachymenis ocellata,1,Reptiles,Tachymenis,LC,2019,NA,NA,NA,NA,NA,NA,NA,NA,NA,NA,NA,NA,NA,35.3,NA,,
Tadarida brasiliensis,1,Mammals,Tadarida,LC,2015,NA,NA,NA,NA,NA,NA,NA,NA,NA,12.49,NA,NA,NA,NA,specialist,,
Tadarida latouchei,1,Mammals,Tadarida,EN,2020,NA,NA,NA,NA,NA,NA,NA,NA,NA,23.55,NA,NA,NA,NA,specialist,,
Tamandua tetradactyla,1,Mammals,Tamandua,LC,2025,NA,NA,NA,NA,NA,NA,NA,NA,NA,5515.06,NA,NA,NA,NA,specialist,,
Tamiops maritimus,1,Mammals,Tamiops,LC,2017,NA,NA,NA,NA,NA,NA,NA,NA,NA,70.33,NA,NA,NA,NA,generalist,,
Tamiops rodolphii,1,Mammals,Tamiops,LC,2017,NA,NA,NA,NA,NA,NA,NA,NA,NA,64.95,NA,NA,NA,NA,generalist,,
Taphozous georgianus,1,Mammals,Taphozous,LC,2021,NA,NA,NA,NA,NA,NA,NA,NA,NA,27.66,NA,NA,NA,NA,specialist,,
Taphozous hilli,1,Mammals,Taphozous,LC,2021,NA,NA,NA,NA,NA,NA,NA,NA,NA,22,NA,NA,NA,NA,specialist,,
Taphozous melanopogon,1,Mammals,Taphozous,LC,2019,NA,NA,NA,NA,NA,NA,NA,NA,NA,25.94,NA,NA,NA,NA,specialist,,
Taphozous theobaldi,1,Mammals,Taphozous,LC,2019,NA,NA,NA,NA,NA,NA,NA,NA,NA,39.8,NA,NA,NA,NA,specialist,,
Tapirus terrestris,1,Mammals,Tapirus,VU,2019,NA,NA,NA,NA,NA,NA,NA,NA,NA,207500.91,NA,NA,NA,NA,specialist,,
Tasmacetus shepherdi,1,Mammals,Tasmacetus,DD,2018,NA,NA,NA,NA,NA,NA,NA,NA,NA,2500000,NA,NA,NA,NA,specialist,,
Taudactylus acutirostris,0,Amphibians,Taudactylus,EX,2022,NA,NA,NA,NA,NA,NA,,,0.87,NA,NA,NA,NA,NA,NA,,
Taudactylus diurnus,0,Amphibians,Taudactylus,EX,2022,NA,NA,NA,NA,NA,NA,,,0.68,NA,NA,NA,NA,NA,NA,,
Taudactylus eungellensis,1,Amphibians,Taudactylus,EN,2022,NA,NA,NA,NA,NA,NA,,,0.73,NA,NA,NA,NA,NA,NA,,
Taudactylus liemi,1,Amphibians,Taudactylus,LC,2022,NA,NA,NA,NA,NA,NA,,,1.15,NA,NA,NA,NA,NA,NA,,
Taudactylus rheophilus,1,Amphibians,Taudactylus,CR,2022,NA,NA,NA,NA,NA,NA,,,1.08,NA,NA,NA,NA,NA,NA,,
Tayassu pecari,1,Mammals,Tayassu,VU,2025,NA,NA,NA,NA,NA,NA,NA,NA,NA,32233.69,NA,NA,NA,NA,generalist,,
Teius oculatus,1,Reptiles,Teius,LC,2019,NA,NA,NA,NA,NA,NA,NA,NA,NA,NA,Omnivorous,Arthropods / omnivorous (Cacciali etAl. 2016),generalist,52.5,NA,,
Telescopus semiannulatus,1,Reptiles,Telescopus,LC,2021,NA,NA,NA,NA,NA,NA,NA,NA,NA,NA,Carnivorous,"Birds, reptiles",generalist,132.7,NA,,
Teratohyla pulverata,1,Amphibians,Teratohyla,LC,2020,NA,NA,NA,NA,NA,NA,,,NA,NA,NA,NA,NA,NA,NA,,
Teratohyla spinosa,1,Amphibians,Teratohyla,LC,2020,NA,NA,NA,NA,NA,NA,,,NA,NA,NA,NA,NA,NA,NA,,
Tetradactylus africanus,1,Reptiles,Tetradactylus,LC,2022,NA,NA,NA,NA,NA,NA,NA,NA,NA,NA,Carnivorous,Insects,generalist,3.9,NA,,
Tetradactylus eastwoodae,0,Reptiles,Tetradactylus,EX,2022,NA,NA,NA,NA,NA,NA,NA,NA,NA,NA,NA,NA,NA,1.8,NA,,
Thalpomys cerradensis,1,Mammals,Thalpomys,LC,2017,NA,NA,NA,NA,NA,NA,NA,NA,NA,24,NA,NA,NA,NA,generalist,,
Thalpomys lasiotis,1,Mammals,Thalpomys,LC,2017,NA,NA,NA,NA,NA,NA,NA,NA,NA,24,NA,NA,NA,NA,generalist,,
Thelotornis capensis,1,Reptiles,Thelotornis,LC,2021,NA,NA,NA,NA,NA,NA,NA,NA,NA,NA,Carnivorous,"Amphibians, reptiles KB: ""The diet of T. c. capensis is diverse"" (Shine et al. 1996)",generalist,275.4,NA,,
Thelotornis capensis,1,Reptiles,Thelotornis,LC,2021,NA,NA,NA,NA,NA,NA,NA,NA,NA,NA,Carnivorous,"Amphibians, reptiles",generalist,275.4,NA,,
Thoropa miliaris,1,Amphibians,Thoropa,LC,2023,NA,NA,NA,NA,1,NA,,,7.5,NA,NA,NA,NA,NA,NA,,
Thoropa petropolitana,1,Amphibians,Thoropa,CR,2023,NA,NA,NA,NA,NA,NA,,,NA,NA,NA,NA,NA,NA,NA,,
Thoropa taophora,1,Amphibians,Thoropa,LC,2023,NA,NA,NA,NA,1,NA,,,NA,NA,NA,NA,NA,NA,NA,,
Thylamys citellus,1,Mammals,Thylamys,LC,2016,NA,NA,NA,NA,NA,NA,NA,NA,NA,NA,NA,NA,NA,NA,NA,,
Thylamys fenestrae,1,Mammals,Thylamys,NT,2016,NA,NA,NA,NA,NA,NA,NA,NA,NA,NA,NA,NA,NA,NA,NA,,
Thylamys karimii,1,Mammals,Thylamys,VU,2021,NA,NA,NA,NA,NA,NA,NA,NA,NA,24.41,NA,NA,NA,NA,specialist,,
Thylamys pallidior,1,Mammals,Thylamys,LC,2015,NA,NA,NA,NA,NA,NA,NA,NA,NA,14.9,NA,NA,NA,NA,specialist,,
Thylamys pulchellus,1,Mammals,Thylamys,LC,2016,NA,NA,NA,NA,NA,NA,NA,NA,NA,NA,NA,NA,NA,NA,NA,,
Thylamys velutinus,1,Mammals,Thylamys,NT,2021,NA,NA,NA,NA,NA,NA,NA,NA,NA,20.7,NA,NA,NA,NA,specialist,,
Tlalocohyla loquax,1,Amphibians,Tlalocohyla,LC,2020,NA,NA,NA,NA,NA,NA,,,NA,NA,NA,NA,NA,NA,NA,,
Tolypeutes matacus,1,Mammals,Tolypeutes,NT,2025,NA,NA,NA,NA,NA,NA,NA,NA,NA,1200,NA,NA,NA,NA,specialist,,
Trachops cirrhosus,1,Mammals,Trachops,LC,2015,NA,NA,NA,NA,NA,NA,NA,NA,NA,37.67,NA,NA,NA,NA,specialist,,
Trachycephalus dibernardoi,1,Amphibians,Trachycephalus,LC,2023,NA,NA,NA,NA,NA,NA,,,NA,NA,NA,NA,NA,NA,NA,,
Trachycephalus imitatrix,1,Amphibians,Trachycephalus,LC,2023,NA,NA,NA,NA,NA,NA,,,NA,NA,NA,NA,NA,NA,NA,,
Trachycephalus mesophaeus,1,Amphibians,Trachycephalus,LC,2023,NA,NA,NA,NA,NA,NA,,,NA,NA,NA,NA,NA,NA,NA,,
Trachycephalus typhonius,1,Amphibians,Trachycephalus,LC,2023,NA,NA,NA,NA,1,1,,,56.9,NA,NA,NA,NA,NA,NA,,
Trachycephalus vermiculatus,1,Amphibians,Trachycephalus,LC,2023,NA,NA,NA,NA,NA,NA,,,NA,NA,NA,NA,NA,NA,NA,,
Trachylepis capensis,1,Reptiles,Trachylepis,LC,2021,NA,NA,NA,NA,NA,NA,NA,NA,NA,NA,Carnivorous,"Invertebrates (insects, Branch 2016)",generalist,56.2,NA,,
Trachylepis damarana,1,Reptiles,Trachylepis,LC,2021,NA,NA,NA,NA,NA,NA,NA,NA,NA,NA,NA,NA,NA,6.2,NA,,
Trachylepis homalocephala,1,Reptiles,Trachylepis,LC,2022,NA,NA,NA,NA,NA,NA,NA,NA,NA,NA,Carnivorous,Insects,generalist,20,NA,,
Trachylepis margaritifer,1,Reptiles,Trachylepis,LC,2021,NA,NA,NA,NA,NA,NA,NA,NA,NA,NA,NA,NA,NA,NA,NA,,
Trachylepis punctatissima,1,Reptiles,Trachylepis,LC,2021,NA,NA,NA,NA,NA,NA,NA,NA,NA,NA,Carnivorous,"Arthropods (mainly),Also vegetable matterAnd carrion (Auerbach 1987)",generalist,26.9,NA,,
Trachylepis punctulata,1,Reptiles,Trachylepis,LC,2021,NA,NA,NA,NA,NA,NA,NA,NA,NA,NA,Carnivorous,Arthropods,generalist,4.2,NA,,
Trachylepis varia,1,Reptiles,Trachylepis,LC,2023,NA,NA,NA,NA,NA,NA,NA,NA,NA,NA,NA,NA,NA,7.1,NA,,
Trachypithecus crepusculus,1,Mammals,Trachypithecus,EN,2021,NA,NA,NA,NA,NA,NA,NA,NA,NA,NA,NA,NA,NA,NA,NA,,
Tragulus kanchil,1,Mammals,Tragulus,LC,2015,NA,NA,NA,NA,NA,NA,NA,NA,NA,3706.24,NA,NA,NA,NA,specialist,,
Trichosurus vulpecula,1,Mammals,Trichosurus,LC,2016,NA,NA,NA,NA,NA,NA,NA,NA,NA,2650,NA,NA,NA,NA,specialist,,
Triprion spinosus,1,Amphibians,Triprion,NT,2020,NA,NA,NA,NA,NA,NA,,,NA,NA,NA,NA,NA,NA,NA,,
Tscherskia triton,1,Mammals,Tscherskia,LC,2016,NA,NA,NA,NA,NA,NA,NA,NA,NA,380.19,NA,NA,NA,NA,specialist,,
Tupaia belangeri,1,Mammals,Tupaia,LC,2023,NA,NA,NA,NA,NA,NA,NA,NA,NA,200,NA,NA,NA,NA,specialist,,
Tursiops truncatus,1,Mammals,Tursiops,LC,2019,NA,NA,NA,NA,NA,NA,NA,NA,NA,175000,NA,NA,NA,NA,specialist,,
Tylonycteris pachypus,1,Mammals,Tylonycteris,LC,2020,NA,NA,NA,NA,NA,NA,NA,NA,NA,3.58,NA,NA,NA,NA,specialist,,
Tylonycteris robustula,1,Mammals,Tylonycteris,LC,2020,NA,NA,NA,NA,NA,NA,NA,NA,NA,7.62,NA,NA,NA,NA,specialist,,
Tympanoctomys barrerae,1,Mammals,Tympanoctomys,NT,2016,NA,NA,NA,NA,NA,NA,NA,NA,NA,70,NA,NA,NA,NA,specialist,,
Tympanoctomys kirchnerorum,1,Mammals,Tympanoctomys,DD,2016,NA,NA,NA,NA,NA,NA,NA,NA,NA,NA,NA,NA,NA,NA,NA,,
Uperoleia altissima,1,Amphibians,Uperoleia,LC,2022,NA,NA,NA,NA,NA,NA,,,0.93,NA,NA,NA,NA,NA,NA,,
Uperoleia fusca,1,Amphibians,Uperoleia,LC,2023,NA,NA,NA,NA,NA,NA,,,0.86,NA,NA,NA,NA,NA,NA,,
Uperoleia laevigata,1,Amphibians,Uperoleia,LC,2022,NA,NA,NA,NA,NA,NA,,,1.31,NA,NA,NA,NA,NA,NA,,
Uperoleia lithomoda,1,Amphibians,Uperoleia,LC,2022,NA,NA,NA,NA,NA,NA,,,1.28,NA,NA,NA,NA,NA,NA,,
Uperoleia mimula,1,Amphibians,Uperoleia,LC,2022,NA,NA,NA,NA,NA,NA,,,1.5,NA,NA,NA,NA,NA,NA,,
Uperoleia rugosa,1,Amphibians,Uperoleia,LC,2022,NA,NA,NA,NA,NA,NA,,,1.38,NA,NA,NA,NA,NA,NA,,
Uroderma bilobatum,1,Mammals,Uroderma,LC,2019,NA,NA,NA,NA,NA,NA,NA,NA,NA,16.69,NA,NA,NA,NA,specialist,,
Urostrophus undulatus,1,Reptiles,Urostrophus,DD,2021,NA,NA,NA,NA,NA,NA,NA,NA,NA,NA,NA,NA,NA,28.2,NA,,
Ursus thibetanus,1,Mammals,Ursus,VU,2020,NA,NA,NA,NA,NA,NA,NA,NA,NA,77500,NA,NA,NA,NA,generalist,,
Urva javanica,1,Mammals,Urva,LC,2016,NA,NA,NA,NA,NA,NA,NA,NA,NA,NA,NA,NA,NA,NA,NA,,
Urva urva,1,Mammals,Urva,LC,2024,NA,NA,NA,NA,NA,NA,NA,NA,NA,NA,NA,NA,NA,NA,NA,,
Vandeleuria oleracea,1,Mammals,Vandeleuria,LC,2017,NA,NA,NA,NA,NA,NA,NA,NA,NA,10,NA,NA,NA,NA,specialist,,
Varanus albigularis,1,Reptiles,Varanus,LC,2021,NA,NA,NA,NA,NA,NA,NA,NA,NA,NA,Carnivorous,"Vertebrates (snakes, lizards, tortoises, rodents, birds,AlexanderAnd Marais 2007)And invertebratesAnd eggsAnd carrion, insects tortoisesAnd lizards (Branch 2014, seeAlso Kenya ReptileAtlas (http://kenyareptileatlas.com/), mostly invertebrates (Broadley 2008), everything (Conradie 2012)",generalist,15135.6,NA,,
Varanus niloticus,1,Reptiles,Varanus,LC,2021,NA,NA,NA,NA,NA,NA,NA,NA,NA,NA,Carnivorous,"invertebrates (mostly mollusks, LososAnd Greene 1988), vertebrates (e.g., frogs, lizards, snakes, birdsAnd small mammals,AlexanderAnd Marais 2007, Reid 1986)And crocodyle eggs, seeAsloArbuckle 2009, Branch 2014",generalist,23988.3,NA,,
Vespadelus baverstocki,1,Mammals,Vespadelus,LC,2021,NA,NA,NA,NA,NA,NA,NA,NA,NA,4.8,NA,NA,NA,NA,specialist,,
Vespadelus finlaysoni,1,Mammals,Vespadelus,LC,2021,NA,NA,NA,NA,NA,NA,NA,NA,NA,4.64,NA,NA,NA,NA,specialist,,
Vespertilio sinensis,1,Mammals,Vespertilio,LC,2019,NA,NA,NA,NA,NA,NA,NA,NA,NA,24.3,NA,NA,NA,NA,specialist,,
Vitreorana antisthenesi,1,Amphibians,Vitreorana,VU,2022,NA,NA,NA,NA,NA,NA,,,NA,NA,NA,NA,NA,NA,NA,,
Vitreorana eurygnatha,1,Amphibians,Vitreorana,LC,2022,NA,NA,NA,NA,NA,NA,,,NA,NA,NA,NA,NA,NA,NA,,
Vitreorana uranoscopa,1,Amphibians,Vitreorana,LC,2022,NA,NA,NA,NA,NA,NA,,,NA,NA,NA,NA,NA,NA,NA,,
Viverra megaspila,1,Mammals,Viverra,EN,2016,NA,NA,NA,NA,NA,NA,NA,NA,NA,9250,NA,NA,NA,NA,generalist,,
Viverra zibetha,1,Mammals,Viverra,LC,2024,NA,NA,NA,NA,NA,NA,NA,NA,NA,9500,NA,NA,NA,NA,generalist,,
Viverricula indica,1,Mammals,Viverricula,LC,2024,NA,NA,NA,NA,NA,NA,NA,NA,NA,2908.43,NA,NA,NA,NA,generalist,,
Vulpes vulpes,1,Mammals,Vulpes,LC,2021,NA,NA,NA,NA,NA,NA,NA,NA,NA,5476.17,NA,NA,NA,NA,specialist,,
Wilfredomys oenax,1,Mammals,Wilfredomys,EN,2018,NA,NA,NA,NA,NA,NA,NA,NA,NA,46.8,NA,NA,NA,NA,specialist,,
Xanthonycticebus pygmaeus,1,Mammals,Xanthonycticebus,EN,2025,NA,NA,NA,NA,NA,NA,NA,NA,NA,NA,NA,NA,NA,NA,NA,,
Xenodon dorbignyi,1,Reptiles,Xenodon,LC,2019,NA,NA,NA,NA,NA,NA,NA,NA,NA,NA,NA,NA,NA,95.8,NA,,
Xenopus muelleri,1,Amphibians,Xenopus,LC,2017,NA,NA,NA,NA,1,1,,,NA,NA,NA,NA,NA,NA,NA,,
Zaedyus pichiy,1,Mammals,Zaedyus,NT,2025,NA,NA,NA,NA,NA,NA,NA,NA,NA,1380,NA,NA,NA,NA,specialist,,
Zhangixalus feae,1,Amphibians,Zhangixalus,LC,2017,NA,NA,NA,NA,NA,NA,,,NA,NA,NA,NA,NA,NA,NA,,
Ziphius cavirostris,1,Mammals,Ziphius,LC,2020,NA,NA,NA,NA,NA,NA,NA,NA,NA,4775000,NA,NA,NA,NA,specialist,,
Zygaspis quadrifrons,1,Reptiles,Zygaspis,LC,2021,NA,NA,NA,NA,NA,NA,NA,NA,NA,NA,Carnivorous,"insects (Kearney 2003, Pienaar 1966), especially termites (Branch etAl. 1998, Branch 2016), termitesAndAnts (Bernardo-Silva etAl. 2006)",specialist,8.5,NA,,
Zyzomys argurus,1,Mammals,Zyzomys,LC,2017,NA,NA,NA,NA,NA,NA,NA,NA,NA,36,NA,NA,NA,NA,specialist,,